"Notes","Census Region","Census Region Code","Year","Year Code","Single-Year Ages","Single-Year Ages Code",Deaths,Population,Crude Rate
,"Census Region 1: Northeast","CENS-R1","1999","1999","1 year","1",243,665859,36.5
,"Census Region 1: Northeast","CENS-R1","1999","1999","2 years","2",193,672522,28.7
,"Census Region 1: Northeast","CENS-R1","1999","1999","3 years","3",172,688810,25.0
,"Census Region 1: Northeast","CENS-R1","1999","1999","4 years","4",141,719600,19.6
,"Census Region 1: Northeast","CENS-R1","1999","1999","5 years","5",100,728894,13.7
,"Census Region 1: Northeast","CENS-R1","1999","1999","6 years","6",103,739339,13.9
,"Census Region 1: Northeast","CENS-R1","1999","1999","7 years","7",106,761064,13.9
,"Census Region 1: Northeast","CENS-R1","1999","1999","8 years","8",120,762651,15.7
,"Census Region 1: Northeast","CENS-R1","1999","1999","9 years","9",103,784767,13.1
,"Census Region 1: Northeast","CENS-R1","1999","1999","10 years","10",101,768145,13.1
,"Census Region 1: Northeast","CENS-R1","1999","1999","11 years","11",114,744135,15.3
,"Census Region 1: Northeast","CENS-R1","1999","1999","12 years","12",96,733585,13.1
,"Census Region 1: Northeast","CENS-R1","1999","1999","13 years","13",129,724447,17.8
,"Census Region 1: Northeast","CENS-R1","1999","1999","14 years","14",155,721448,21.5
,"Census Region 1: Northeast","CENS-R1","1999","1999","15 years","15",190,700817,27.1
,"Census Region 1: Northeast","CENS-R1","1999","1999","16 years","16",284,714545,39.7
,"Census Region 1: Northeast","CENS-R1","1999","1999","17 years","17",411,714460,57.5
,"Census Region 1: Northeast","CENS-R1","1999","1999","18 years","18",457,705600,64.8
,"Census Region 1: Northeast","CENS-R1","1999","1999","19 years","19",527,725389,72.7
,"Census Region 1: Northeast","CENS-R1","1999","1999","20 years","20",487,696123,70.0
,"Census Region 1: Northeast","CENS-R1","1999","1999","21 years","21",564,668260,84.4
,"Census Region 1: Northeast","CENS-R1","1999","1999","22 years","22",484,649228,74.6
,"Census Region 1: Northeast","CENS-R1","1999","1999","23 years","23",497,621281,80.0
,"Census Region 1: Northeast","CENS-R1","1999","1999","24 years","24",508,639213,79.5
,"Census Region 1: Northeast","CENS-R1","1999","1999","25 years","25",452,645330,70.0
,"Census Region 1: Northeast","CENS-R1","1999","1999","26 years","26",500,652386,76.6
,"Census Region 1: Northeast","CENS-R1","1999","1999","27 years","27",555,717157,77.4
,"Census Region 1: Northeast","CENS-R1","1999","1999","28 years","28",583,767775,75.9
,"Census Region 1: Northeast","CENS-R1","1999","1999","29 years","29",622,778810,79.9
,"Census Region 1: Northeast","CENS-R1","1999","1999","30 years","30",660,794243,83.1
,"Census Region 1: Northeast","CENS-R1","1999","1999","31 years","31",681,750525,90.7
,"Census Region 1: Northeast","CENS-R1","1999","1999","32 years","32",867,785032,110.4
,"Census Region 1: Northeast","CENS-R1","1999","1999","33 years","33",902,806408,111.9
,"Census Region 1: Northeast","CENS-R1","1999","1999","34 years","34",999,860936,116.0
,"Census Region 1: Northeast","CENS-R1","1999","1999","35 years","35",1075,901125,119.3
,"Census Region 1: Northeast","CENS-R1","1999","1999","36 years","36",1206,883377,136.5
,"Census Region 1: Northeast","CENS-R1","1999","1999","37 years","37",1291,890637,145.0
,"Census Region 1: Northeast","CENS-R1","1999","1999","38 years","38",1451,887440,163.5
,"Census Region 1: Northeast","CENS-R1","1999","1999","39 years","39",1500,900260,166.6
,"Census Region 1: Northeast","CENS-R1","1999","1999","40 years","40",1541,914985,168.4
,"Census Region 1: Northeast","CENS-R1","1999","1999","41 years","41",1820,876274,207.7
,"Census Region 1: Northeast","CENS-R1","1999","1999","42 years","42",1889,876674,215.5
,"Census Region 1: Northeast","CENS-R1","1999","1999","43 years","43",2001,843342,237.3
,"Census Region 1: Northeast","CENS-R1","1999","1999","44 years","44",2187,828082,264.1
,"Census Region 1: Northeast","CENS-R1","1999","1999","45 years","45",2257,819499,275.4
,"Census Region 1: Northeast","CENS-R1","1999","1999","46 years","46",2354,776158,303.3
,"Census Region 1: Northeast","CENS-R1","1999","1999","47 years","47",2476,767641,322.5
,"Census Region 1: Northeast","CENS-R1","1999","1999","48 years","48",2482,730233,339.9
,"Census Region 1: Northeast","CENS-R1","1999","1999","49 years","49",2685,734297,365.7
,"Census Region 1: Northeast","CENS-R1","1999","1999","50 years","50",2945,739613,398.2
,"Census Region 1: Northeast","CENS-R1","1999","1999","51 years","51",3173,715460,443.5
,"Census Region 1: Northeast","CENS-R1","1999","1999","52 years","52",3548,775080,457.8
,"Census Region 1: Northeast","CENS-R1","1999","1999","53 years","53",3046,563776,540.3
,"Census Region 1: Northeast","CENS-R1","1999","1999","54 years","54",3280,574325,571.1
,"Census Region 1: Northeast","CENS-R1","1999","1999","55 years","55",3584,565875,633.4
,"Census Region 1: Northeast","CENS-R1","1999","1999","56 years","56",4178,591101,706.8
,"Census Region 1: Northeast","CENS-R1","1999","1999","57 years","57",3864,518520,745.2
,"Census Region 1: Northeast","CENS-R1","1999","1999","58 years","58",3892,479960,810.9
,"Census Region 1: Northeast","CENS-R1","1999","1999","59 years","59",4164,454900,915.4
,"Census Region 1: Northeast","CENS-R1","1999","1999","60 years","60",4243,456294,929.9
,"Census Region 1: Northeast","CENS-R1","1999","1999","61 years","61",4606,431750,1066.8
,"Census Region 1: Northeast","CENS-R1","1999","1999","62 years","62",4936,413201,1194.6
,"Census Region 1: Northeast","CENS-R1","1999","1999","63 years","63",5379,410839,1309.3
,"Census Region 1: Northeast","CENS-R1","1999","1999","64 years","64",5847,408904,1429.9
,"Census Region 1: Northeast","CENS-R1","1999","1999","65 years","65",6030,379346,1589.6
,"Census Region 1: Northeast","CENS-R1","1999","1999","66 years","66",6382,378766,1684.9
,"Census Region 1: Northeast","CENS-R1","1999","1999","67 years","67",7074,386054,1832.4
,"Census Region 1: Northeast","CENS-R1","1999","1999","68 years","68",7856,390632,2011.1
,"Census Region 1: Northeast","CENS-R1","1999","1999","69 years","69",8853,390415,2267.6
,"Census Region 1: Northeast","CENS-R1","1999","1999","70 years","70",9363,387549,2416.0
,"Census Region 1: Northeast","CENS-R1","1999","1999","71 years","71",10068,382423,2632.7
,"Census Region 1: Northeast","CENS-R1","1999","1999","72 years","72",11021,370190,2977.1
,"Census Region 1: Northeast","CENS-R1","1999","1999","73 years","73",11426,362600,3151.1
,"Census Region 1: Northeast","CENS-R1","1999","1999","74 years","74",12337,362588,3402.5
,"Census Region 1: Northeast","CENS-R1","1999","1999","75 years","75",12848,347937,3692.6
,"Census Region 1: Northeast","CENS-R1","1999","1999","76 years","76",13264,326485,4062.7
,"Census Region 1: Northeast","CENS-R1","1999","1999","77 years","77",14249,319314,4462.4
,"Census Region 1: Northeast","CENS-R1","1999","1999","78 years","78",14591,299318,4874.7
,"Census Region 1: Northeast","CENS-R1","1999","1999","79 years","79",15132,272027,5562.7
,"Census Region 1: Northeast","CENS-R1","1999","1999","80 years","80",14821,259085,5720.5
,"Census Region 1: Northeast","CENS-R1","1999","1999","81 years","81",15510,227712,6811.2
,"Census Region 1: Northeast","CENS-R1","1999","1999","82 years","82",15883,215654,7365.0
,"Census Region 1: Northeast","CENS-R1","1999","1999","83 years","83",15648,193056,8105.4
,"Census Region 1: Northeast","CENS-R1","1999","1999","84 years","84",15900,175621,9053.6
,"Census Region 1: Northeast","CENS-R1","1999","1999","85 years","85",15765,Not Applicable,Not Applicable
,"Census Region 1: Northeast","CENS-R1","1999","1999","86 years","86",15349,Not Applicable,Not Applicable
,"Census Region 1: Northeast","CENS-R1","1999","1999","87 years","87",14351,Not Applicable,Not Applicable
,"Census Region 1: Northeast","CENS-R1","1999","1999","88 years","88",13540,Not Applicable,Not Applicable
,"Census Region 1: Northeast","CENS-R1","1999","1999","89 years","89",12866,Not Applicable,Not Applicable
,"Census Region 1: Northeast","CENS-R1","1999","1999","90 years","90",11625,Not Applicable,Not Applicable
,"Census Region 1: Northeast","CENS-R1","1999","1999","91 years","91",10947,Not Applicable,Not Applicable
,"Census Region 1: Northeast","CENS-R1","1999","1999","92 years","92",9506,Not Applicable,Not Applicable
,"Census Region 1: Northeast","CENS-R1","1999","1999","93 years","93",7970,Not Applicable,Not Applicable
,"Census Region 1: Northeast","CENS-R1","1999","1999","94 years","94",6834,Not Applicable,Not Applicable
,"Census Region 1: Northeast","CENS-R1","1999","1999","95 years","95",5716,Not Applicable,Not Applicable
,"Census Region 1: Northeast","CENS-R1","1999","1999","96 years","96",4583,Not Applicable,Not Applicable
,"Census Region 1: Northeast","CENS-R1","1999","1999","97 years","97",3481,Not Applicable,Not Applicable
,"Census Region 1: Northeast","CENS-R1","1999","1999","98 years","98",2702,Not Applicable,Not Applicable
,"Census Region 1: Northeast","CENS-R1","1999","1999","99 years","99",1994,Not Applicable,Not Applicable
,"Census Region 1: Northeast","CENS-R1","2000","2000","1 year","1",248,670560,37.0
,"Census Region 1: Northeast","CENS-R1","2000","2000","2 years","2",208,670231,31.0
,"Census Region 1: Northeast","CENS-R1","2000","2000","3 years","3",116,684476,16.9
,"Census Region 1: Northeast","CENS-R1","2000","2000","4 years","4",98,708261,13.8
,"Census Region 1: Northeast","CENS-R1","2000","2000","5 years","5",110,718945,15.3
,"Census Region 1: Northeast","CENS-R1","2000","2000","6 years","6",90,730495,12.3
,"Census Region 1: Northeast","CENS-R1","2000","2000","7 years","7",97,751046,12.9
,"Census Region 1: Northeast","CENS-R1","2000","2000","8 years","8",92,760858,12.1
,"Census Region 1: Northeast","CENS-R1","2000","2000","9 years","9",101,782557,12.9
,"Census Region 1: Northeast","CENS-R1","2000","2000","10 years","10",95,788385,12.0
,"Census Region 1: Northeast","CENS-R1","2000","2000","11 years","11",102,758734,13.4
,"Census Region 1: Northeast","CENS-R1","2000","2000","12 years","12",111,749698,14.8
,"Census Region 1: Northeast","CENS-R1","2000","2000","13 years","13",114,731729,15.6
,"Census Region 1: Northeast","CENS-R1","2000","2000","14 years","14",148,733421,20.2
,"Census Region 1: Northeast","CENS-R1","2000","2000","15 years","15",180,718790,25.0
,"Census Region 1: Northeast","CENS-R1","2000","2000","16 years","16",271,709354,38.2
,"Census Region 1: Northeast","CENS-R1","2000","2000","17 years","17",402,717857,56.0
,"Census Region 1: Northeast","CENS-R1","2000","2000","18 years","18",435,719952,60.4
,"Census Region 1: Northeast","CENS-R1","2000","2000","19 years","19",522,727545,71.7
,"Census Region 1: Northeast","CENS-R1","2000","2000","20 years","20",512,709117,72.2
,"Census Region 1: Northeast","CENS-R1","2000","2000","21 years","21",535,677741,78.9
,"Census Region 1: Northeast","CENS-R1","2000","2000","22 years","22",538,656873,81.9
,"Census Region 1: Northeast","CENS-R1","2000","2000","23 years","23",497,634634,78.3
,"Census Region 1: Northeast","CENS-R1","2000","2000","24 years","24",511,632046,80.8
,"Census Region 1: Northeast","CENS-R1","2000","2000","25 years","25",442,653766,67.6
,"Census Region 1: Northeast","CENS-R1","2000","2000","26 years","26",496,635601,78.0
,"Census Region 1: Northeast","CENS-R1","2000","2000","27 years","27",543,673260,80.7
,"Census Region 1: Northeast","CENS-R1","2000","2000","28 years","28",577,717249,80.4
,"Census Region 1: Northeast","CENS-R1","2000","2000","29 years","29",638,780178,81.8
,"Census Region 1: Northeast","CENS-R1","2000","2000","30 years","30",695,806267,86.2
,"Census Region 1: Northeast","CENS-R1","2000","2000","31 years","31",731,760972,96.1
,"Census Region 1: Northeast","CENS-R1","2000","2000","32 years","32",736,772675,95.3
,"Census Region 1: Northeast","CENS-R1","2000","2000","33 years","33",850,788393,107.8
,"Census Region 1: Northeast","CENS-R1","2000","2000","34 years","34",936,829488,112.8
,"Census Region 1: Northeast","CENS-R1","2000","2000","35 years","35",1089,888413,122.6
,"Census Region 1: Northeast","CENS-R1","2000","2000","36 years","36",1237,880339,140.5
,"Census Region 1: Northeast","CENS-R1","2000","2000","37 years","37",1277,875466,145.9
,"Census Region 1: Northeast","CENS-R1","2000","2000","38 years","38",1361,882714,154.2
,"Census Region 1: Northeast","CENS-R1","2000","2000","39 years","39",1503,898477,167.3
,"Census Region 1: Northeast","CENS-R1","2000","2000","40 years","40",1668,920398,181.2
,"Census Region 1: Northeast","CENS-R1","2000","2000","41 years","41",1762,878434,200.6
,"Census Region 1: Northeast","CENS-R1","2000","2000","42 years","42",1942,888906,218.5
,"Census Region 1: Northeast","CENS-R1","2000","2000","43 years","43",2066,856751,241.1
,"Census Region 1: Northeast","CENS-R1","2000","2000","44 years","44",2107,837984,251.4
,"Census Region 1: Northeast","CENS-R1","2000","2000","45 years","45",2285,842980,271.1
,"Census Region 1: Northeast","CENS-R1","2000","2000","46 years","46",2346,789222,297.3
,"Census Region 1: Northeast","CENS-R1","2000","2000","47 years","47",2524,780888,323.2
,"Census Region 1: Northeast","CENS-R1","2000","2000","48 years","48",2759,755040,365.4
,"Census Region 1: Northeast","CENS-R1","2000","2000","49 years","49",2773,733288,378.2
,"Census Region 1: Northeast","CENS-R1","2000","2000","50 years","50",2951,745759,395.7
,"Census Region 1: Northeast","CENS-R1","2000","2000","51 years","51",3199,709437,450.9
,"Census Region 1: Northeast","CENS-R1","2000","2000","52 years","52",3465,737144,470.1
,"Census Region 1: Northeast","CENS-R1","2000","2000","53 years","53",3670,728763,503.6
,"Census Region 1: Northeast","CENS-R1","2000","2000","54 years","54",3328,560782,593.5
,"Census Region 1: Northeast","CENS-R1","2000","2000","55 years","55",3513,560605,626.6
,"Census Region 1: Northeast","CENS-R1","2000","2000","56 years","56",3711,562560,659.7
,"Census Region 1: Northeast","CENS-R1","2000","2000","57 years","57",4298,583234,736.9
,"Census Region 1: Northeast","CENS-R1","2000","2000","58 years","58",4137,503478,821.7
,"Census Region 1: Northeast","CENS-R1","2000","2000","59 years","59",4165,466140,893.5
,"Census Region 1: Northeast","CENS-R1","2000","2000","60 years","60",4378,457656,956.6
,"Census Region 1: Northeast","CENS-R1","2000","2000","61 years","61",4800,437135,1098.1
,"Census Region 1: Northeast","CENS-R1","2000","2000","62 years","62",4987,429221,1161.9
,"Census Region 1: Northeast","CENS-R1","2000","2000","63 years","63",5262,405718,1297.0
,"Census Region 1: Northeast","CENS-R1","2000","2000","64 years","64",5492,401624,1367.4
,"Census Region 1: Northeast","CENS-R1","2000","2000","65 years","65",6029,400222,1506.4
,"Census Region 1: Northeast","CENS-R1","2000","2000","66 years","66",6199,369327,1678.5
,"Census Region 1: Northeast","CENS-R1","2000","2000","67 years","67",6960,380321,1830.0
,"Census Region 1: Northeast","CENS-R1","2000","2000","68 years","68",7550,378567,1994.4
,"Census Region 1: Northeast","CENS-R1","2000","2000","69 years","69",8114,385461,2105.0
,"Census Region 1: Northeast","CENS-R1","2000","2000","70 years","70",8880,387030,2294.4
,"Census Region 1: Northeast","CENS-R1","2000","2000","71 years","71",9663,371875,2598.5
,"Census Region 1: Northeast","CENS-R1","2000","2000","72 years","72",10581,377124,2805.7
,"Census Region 1: Northeast","CENS-R1","2000","2000","73 years","73",11052,363552,3040.0
,"Census Region 1: Northeast","CENS-R1","2000","2000","74 years","74",11945,354793,3366.8
,"Census Region 1: Northeast","CENS-R1","2000","2000","75 years","75",12914,351108,3678.1
,"Census Region 1: Northeast","CENS-R1","2000","2000","76 years","76",13470,330267,4078.5
,"Census Region 1: Northeast","CENS-R1","2000","2000","77 years","77",13867,311081,4457.7
,"Census Region 1: Northeast","CENS-R1","2000","2000","78 years","78",14846,304605,4873.9
,"Census Region 1: Northeast","CENS-R1","2000","2000","79 years","79",15270,284247,5372.1
,"Census Region 1: Northeast","CENS-R1","2000","2000","80 years","80",15763,262993,5993.7
,"Census Region 1: Northeast","CENS-R1","2000","2000","81 years","81",15119,232642,6498.8
,"Census Region 1: Northeast","CENS-R1","2000","2000","82 years","82",15914,217750,7308.4
,"Census Region 1: Northeast","CENS-R1","2000","2000","83 years","83",15824,194644,8129.7
,"Census Region 1: Northeast","CENS-R1","2000","2000","84 years","84",15743,176214,8934.0
,"Census Region 1: Northeast","CENS-R1","2000","2000","85 years","85",15942,Not Applicable,Not Applicable
,"Census Region 1: Northeast","CENS-R1","2000","2000","86 years","86",15533,Not Applicable,Not Applicable
,"Census Region 1: Northeast","CENS-R1","2000","2000","87 years","87",14889,Not Applicable,Not Applicable
,"Census Region 1: Northeast","CENS-R1","2000","2000","88 years","88",13737,Not Applicable,Not Applicable
,"Census Region 1: Northeast","CENS-R1","2000","2000","89 years","89",13186,Not Applicable,Not Applicable
,"Census Region 1: Northeast","CENS-R1","2000","2000","90 years","90",11957,Not Applicable,Not Applicable
,"Census Region 1: Northeast","CENS-R1","2000","2000","91 years","91",10938,Not Applicable,Not Applicable
,"Census Region 1: Northeast","CENS-R1","2000","2000","92 years","92",10037,Not Applicable,Not Applicable
,"Census Region 1: Northeast","CENS-R1","2000","2000","93 years","93",8470,Not Applicable,Not Applicable
,"Census Region 1: Northeast","CENS-R1","2000","2000","94 years","94",7088,Not Applicable,Not Applicable
,"Census Region 1: Northeast","CENS-R1","2000","2000","95 years","95",5885,Not Applicable,Not Applicable
,"Census Region 1: Northeast","CENS-R1","2000","2000","96 years","96",4662,Not Applicable,Not Applicable
,"Census Region 1: Northeast","CENS-R1","2000","2000","97 years","97",3631,Not Applicable,Not Applicable
,"Census Region 1: Northeast","CENS-R1","2000","2000","98 years","98",2697,Not Applicable,Not Applicable
,"Census Region 1: Northeast","CENS-R1","2000","2000","99 years","99",2029,Not Applicable,Not Applicable
,"Census Region 1: Northeast","CENS-R1","2001","2001","1 year","1",246,667374,36.9
,"Census Region 1: Northeast","CENS-R1","2001","2001","2 years","2",189,664170,28.5
,"Census Region 1: Northeast","CENS-R1","2001","2001","3 years","3",146,669450,21.8
,"Census Region 1: Northeast","CENS-R1","2001","2001","4 years","4",128,681304,18.8
,"Census Region 1: Northeast","CENS-R1","2001","2001","5 years","5",95,703666,13.5
,"Census Region 1: Northeast","CENS-R1","2001","2001","6 years","6",87,718631,12.1
,"Census Region 1: Northeast","CENS-R1","2001","2001","7 years","7",88,727048,12.1
,"Census Region 1: Northeast","CENS-R1","2001","2001","8 years","8",102,745790,13.7
,"Census Region 1: Northeast","CENS-R1","2001","2001","9 years","9",88,758066,11.6
,"Census Region 1: Northeast","CENS-R1","2001","2001","10 years","10",100,780672,12.8
,"Census Region 1: Northeast","CENS-R1","2001","2001","11 years","11",99,798101,12.4
,"Census Region 1: Northeast","CENS-R1","2001","2001","12 years","12",100,768245,13.0
,"Census Region 1: Northeast","CENS-R1","2001","2001","13 years","13",126,753617,16.7
,"Census Region 1: Northeast","CENS-R1","2001","2001","14 years","14",152,737662,20.6
,"Census Region 1: Northeast","CENS-R1","2001","2001","15 years","15",173,736615,23.5
,"Census Region 1: Northeast","CENS-R1","2001","2001","16 years","16",276,732490,37.7
,"Census Region 1: Northeast","CENS-R1","2001","2001","17 years","17",411,714953,57.5
,"Census Region 1: Northeast","CENS-R1","2001","2001","18 years","18",498,742428,67.1
,"Census Region 1: Northeast","CENS-R1","2001","2001","19 years","19",555,723743,76.7
,"Census Region 1: Northeast","CENS-R1","2001","2001","20 years","20",554,714097,77.6
,"Census Region 1: Northeast","CENS-R1","2001","2001","21 years","21",583,707815,82.4
,"Census Region 1: Northeast","CENS-R1","2001","2001","22 years","22",571,671449,85.0
,"Census Region 1: Northeast","CENS-R1","2001","2001","23 years","23",630,657632,95.8
,"Census Region 1: Northeast","CENS-R1","2001","2001","24 years","24",573,653830,87.6
,"Census Region 1: Northeast","CENS-R1","2001","2001","25 years","25",561,648672,86.5
,"Census Region 1: Northeast","CENS-R1","2001","2001","26 years","26",599,658869,90.9
,"Census Region 1: Northeast","CENS-R1","2001","2001","27 years","27",577,644742,89.5
,"Census Region 1: Northeast","CENS-R1","2001","2001","28 years","28",669,670575,99.8
,"Census Region 1: Northeast","CENS-R1","2001","2001","29 years","29",682,713171,95.6
,"Census Region 1: Northeast","CENS-R1","2001","2001","30 years","30",763,776178,98.3
,"Census Region 1: Northeast","CENS-R1","2001","2001","31 years","31",806,806420,99.9
,"Census Region 1: Northeast","CENS-R1","2001","2001","32 years","32",852,771384,110.5
,"Census Region 1: Northeast","CENS-R1","2001","2001","33 years","33",861,772615,111.4
,"Census Region 1: Northeast","CENS-R1","2001","2001","34 years","34",993,785930,126.3
,"Census Region 1: Northeast","CENS-R1","2001","2001","35 years","35",1095,821029,133.4
,"Census Region 1: Northeast","CENS-R1","2001","2001","36 years","36",1226,873162,140.4
,"Census Region 1: Northeast","CENS-R1","2001","2001","37 years","37",1439,880718,163.4
,"Census Region 1: Northeast","CENS-R1","2001","2001","38 years","38",1577,875594,180.1
,"Census Region 1: Northeast","CENS-R1","2001","2001","39 years","39",1621,878954,184.4
,"Census Region 1: Northeast","CENS-R1","2001","2001","40 years","40",1744,896098,194.6
,"Census Region 1: Northeast","CENS-R1","2001","2001","41 years","41",1882,915054,205.7
,"Census Region 1: Northeast","CENS-R1","2001","2001","42 years","42",1880,884176,212.6
,"Census Region 1: Northeast","CENS-R1","2001","2001","43 years","43",2154,881541,244.3
,"Census Region 1: Northeast","CENS-R1","2001","2001","44 years","44",2324,866442,268.2
,"Census Region 1: Northeast","CENS-R1","2001","2001","45 years","45",2339,833846,280.5
,"Census Region 1: Northeast","CENS-R1","2001","2001","46 years","46",2603,837910,310.7
,"Census Region 1: Northeast","CENS-R1","2001","2001","47 years","47",2674,798065,335.1
,"Census Region 1: Northeast","CENS-R1","2001","2001","48 years","48",2832,776856,364.5
,"Census Region 1: Northeast","CENS-R1","2001","2001","49 years","49",3034,753087,402.9
,"Census Region 1: Northeast","CENS-R1","2001","2001","50 years","50",3018,737596,409.2
,"Census Region 1: Northeast","CENS-R1","2001","2001","51 years","51",3121,739438,422.1
,"Census Region 1: Northeast","CENS-R1","2001","2001","52 years","52",3341,713169,468.5
,"Census Region 1: Northeast","CENS-R1","2001","2001","53 years","53",3692,717364,514.7
,"Census Region 1: Northeast","CENS-R1","2001","2001","54 years","54",4069,759670,535.6
,"Census Region 1: Northeast","CENS-R1","2001","2001","55 years","55",3499,563710,620.7
,"Census Region 1: Northeast","CENS-R1","2001","2001","56 years","56",3618,555913,650.8
,"Census Region 1: Northeast","CENS-R1","2001","2001","57 years","57",4021,551780,728.7
,"Census Region 1: Northeast","CENS-R1","2001","2001","58 years","58",4639,586971,790.3
,"Census Region 1: Northeast","CENS-R1","2001","2001","59 years","59",4415,504796,874.6
,"Census Region 1: Northeast","CENS-R1","2001","2001","60 years","60",4444,463735,958.3
,"Census Region 1: Northeast","CENS-R1","2001","2001","61 years","61",4554,454400,1002.2
,"Census Region 1: Northeast","CENS-R1","2001","2001","62 years","62",4929,431209,1143.1
,"Census Region 1: Northeast","CENS-R1","2001","2001","63 years","63",5227,425560,1228.3
,"Census Region 1: Northeast","CENS-R1","2001","2001","64 years","64",5513,400952,1375.0
,"Census Region 1: Northeast","CENS-R1","2001","2001","65 years","65",5836,393046,1484.8
,"Census Region 1: Northeast","CENS-R1","2001","2001","66 years","66",6139,394310,1556.9
,"Census Region 1: Northeast","CENS-R1","2001","2001","67 years","67",6474,364807,1774.6
,"Census Region 1: Northeast","CENS-R1","2001","2001","68 years","68",7025,369120,1903.2
,"Census Region 1: Northeast","CENS-R1","2001","2001","69 years","69",7950,370054,2148.3
,"Census Region 1: Northeast","CENS-R1","2001","2001","70 years","70",8366,370647,2257.1
,"Census Region 1: Northeast","CENS-R1","2001","2001","71 years","71",9280,378752,2450.2
,"Census Region 1: Northeast","CENS-R1","2001","2001","72 years","72",9965,361366,2757.6
,"Census Region 1: Northeast","CENS-R1","2001","2001","73 years","73",11027,363912,3030.1
,"Census Region 1: Northeast","CENS-R1","2001","2001","74 years","74",11567,352906,3277.6
,"Census Region 1: Northeast","CENS-R1","2001","2001","75 years","75",12514,339952,3681.1
,"Census Region 1: Northeast","CENS-R1","2001","2001","76 years","76",13156,337202,3901.5
,"Census Region 1: Northeast","CENS-R1","2001","2001","77 years","77",13583,318528,4264.3
,"Census Region 1: Northeast","CENS-R1","2001","2001","78 years","78",14220,299158,4753.3
,"Census Region 1: Northeast","CENS-R1","2001","2001","79 years","79",15062,285990,5266.6
,"Census Region 1: Northeast","CENS-R1","2001","2001","80 years","80",15605,271041,5757.4
,"Census Region 1: Northeast","CENS-R1","2001","2001","81 years","81",15870,251509,6309.9
,"Census Region 1: Northeast","CENS-R1","2001","2001","82 years","82",15342,215668,7113.7
,"Census Region 1: Northeast","CENS-R1","2001","2001","83 years","83",16094,205607,7827.6
,"Census Region 1: Northeast","CENS-R1","2001","2001","84 years","84",15658,178794,8757.6
,"Census Region 1: Northeast","CENS-R1","2001","2001","85 years","85",15663,Not Applicable,Not Applicable
,"Census Region 1: Northeast","CENS-R1","2001","2001","86 years","86",15592,Not Applicable,Not Applicable
,"Census Region 1: Northeast","CENS-R1","2001","2001","87 years","87",15020,Not Applicable,Not Applicable
,"Census Region 1: Northeast","CENS-R1","2001","2001","88 years","88",14193,Not Applicable,Not Applicable
,"Census Region 1: Northeast","CENS-R1","2001","2001","89 years","89",13380,Not Applicable,Not Applicable
,"Census Region 1: Northeast","CENS-R1","2001","2001","90 years","90",12103,Not Applicable,Not Applicable
,"Census Region 1: Northeast","CENS-R1","2001","2001","91 years","91",10977,Not Applicable,Not Applicable
,"Census Region 1: Northeast","CENS-R1","2001","2001","92 years","92",9890,Not Applicable,Not Applicable
,"Census Region 1: Northeast","CENS-R1","2001","2001","93 years","93",8882,Not Applicable,Not Applicable
,"Census Region 1: Northeast","CENS-R1","2001","2001","94 years","94",7084,Not Applicable,Not Applicable
,"Census Region 1: Northeast","CENS-R1","2001","2001","95 years","95",5996,Not Applicable,Not Applicable
,"Census Region 1: Northeast","CENS-R1","2001","2001","96 years","96",4756,Not Applicable,Not Applicable
,"Census Region 1: Northeast","CENS-R1","2001","2001","97 years","97",3666,Not Applicable,Not Applicable
,"Census Region 1: Northeast","CENS-R1","2001","2001","98 years","98",2790,Not Applicable,Not Applicable
,"Census Region 1: Northeast","CENS-R1","2001","2001","99 years","99",2009,Not Applicable,Not Applicable
,"Census Region 1: Northeast","CENS-R1","2002","2002","1 year","1",242,677149,35.7
,"Census Region 1: Northeast","CENS-R1","2002","2002","2 years","2",172,665945,25.8
,"Census Region 1: Northeast","CENS-R1","2002","2002","3 years","3",128,662960,19.3
,"Census Region 1: Northeast","CENS-R1","2002","2002","4 years","4",106,670464,15.8
,"Census Region 1: Northeast","CENS-R1","2002","2002","5 years","5",103,682562,15.1
,"Census Region 1: Northeast","CENS-R1","2002","2002","6 years","6",93,702556,13.2
,"Census Region 1: Northeast","CENS-R1","2002","2002","7 years","7",79,718859,11.0
,"Census Region 1: Northeast","CENS-R1","2002","2002","8 years","8",84,727125,11.6
,"Census Region 1: Northeast","CENS-R1","2002","2002","9 years","9",84,746455,11.3
,"Census Region 1: Northeast","CENS-R1","2002","2002","10 years","10",98,766037,12.8
,"Census Region 1: Northeast","CENS-R1","2002","2002","11 years","11",104,781493,13.3
,"Census Region 1: Northeast","CENS-R1","2002","2002","12 years","12",120,801789,15.0
,"Census Region 1: Northeast","CENS-R1","2002","2002","13 years","13",137,770445,17.8
,"Census Region 1: Northeast","CENS-R1","2002","2002","14 years","14",154,755055,20.4
,"Census Region 1: Northeast","CENS-R1","2002","2002","15 years","15",169,743103,22.7
,"Census Region 1: Northeast","CENS-R1","2002","2002","16 years","16",322,742656,43.4
,"Census Region 1: Northeast","CENS-R1","2002","2002","17 years","17",378,736744,51.3
,"Census Region 1: Northeast","CENS-R1","2002","2002","18 years","18",485,739002,65.6
,"Census Region 1: Northeast","CENS-R1","2002","2002","19 years","19",532,742616,71.6
,"Census Region 1: Northeast","CENS-R1","2002","2002","20 years","20",592,715390,82.8
,"Census Region 1: Northeast","CENS-R1","2002","2002","21 years","21",585,707958,82.6
,"Census Region 1: Northeast","CENS-R1","2002","2002","22 years","22",559,695584,80.4
,"Census Region 1: Northeast","CENS-R1","2002","2002","23 years","23",567,670698,84.5
,"Census Region 1: Northeast","CENS-R1","2002","2002","24 years","24",561,667829,84.0
,"Census Region 1: Northeast","CENS-R1","2002","2002","25 years","25",502,672497,74.6
,"Census Region 1: Northeast","CENS-R1","2002","2002","26 years","26",558,652207,85.6
,"Census Region 1: Northeast","CENS-R1","2002","2002","27 years","27",522,664218,78.6
,"Census Region 1: Northeast","CENS-R1","2002","2002","28 years","28",574,651642,88.1
,"Census Region 1: Northeast","CENS-R1","2002","2002","29 years","29",568,673715,84.3
,"Census Region 1: Northeast","CENS-R1","2002","2002","30 years","30",676,720877,93.8
,"Census Region 1: Northeast","CENS-R1","2002","2002","31 years","31",688,772105,89.1
,"Census Region 1: Northeast","CENS-R1","2002","2002","32 years","32",747,808861,92.4
,"Census Region 1: Northeast","CENS-R1","2002","2002","33 years","33",784,769827,101.8
,"Census Region 1: Northeast","CENS-R1","2002","2002","34 years","34",857,773737,110.8
,"Census Region 1: Northeast","CENS-R1","2002","2002","35 years","35",933,789052,118.2
,"Census Region 1: Northeast","CENS-R1","2002","2002","36 years","36",1149,819483,140.2
,"Census Region 1: Northeast","CENS-R1","2002","2002","37 years","37",1249,870678,143.5
,"Census Region 1: Northeast","CENS-R1","2002","2002","38 years","38",1404,880229,159.5
,"Census Region 1: Northeast","CENS-R1","2002","2002","39 years","39",1487,873832,170.2
,"Census Region 1: Northeast","CENS-R1","2002","2002","40 years","40",1667,877366,190.0
,"Census Region 1: Northeast","CENS-R1","2002","2002","41 years","41",1787,894484,199.8
,"Census Region 1: Northeast","CENS-R1","2002","2002","42 years","42",1956,912730,214.3
,"Census Region 1: Northeast","CENS-R1","2002","2002","43 years","43",2076,882143,235.3
,"Census Region 1: Northeast","CENS-R1","2002","2002","44 years","44",2310,877810,263.2
,"Census Region 1: Northeast","CENS-R1","2002","2002","45 years","45",2301,862328,266.8
,"Census Region 1: Northeast","CENS-R1","2002","2002","46 years","46",2508,830786,301.9
,"Census Region 1: Northeast","CENS-R1","2002","2002","47 years","47",2687,835021,321.8
,"Census Region 1: Northeast","CENS-R1","2002","2002","48 years","48",2792,793558,351.8
,"Census Region 1: Northeast","CENS-R1","2002","2002","49 years","49",2881,773490,372.5
,"Census Region 1: Northeast","CENS-R1","2002","2002","50 years","50",3110,747924,415.8
,"Census Region 1: Northeast","CENS-R1","2002","2002","51 years","51",3229,735070,439.3
,"Census Region 1: Northeast","CENS-R1","2002","2002","52 years","52",3356,734736,456.8
,"Census Region 1: Northeast","CENS-R1","2002","2002","53 years","53",3625,709138,511.2
,"Census Region 1: Northeast","CENS-R1","2002","2002","54 years","54",3862,712296,542.2
,"Census Region 1: Northeast","CENS-R1","2002","2002","55 years","55",4311,752085,573.2
,"Census Region 1: Northeast","CENS-R1","2002","2002","56 years","56",3691,559331,659.9
,"Census Region 1: Northeast","CENS-R1","2002","2002","57 years","57",3997,549650,727.2
,"Census Region 1: Northeast","CENS-R1","2002","2002","58 years","58",4258,545366,780.8
,"Census Region 1: Northeast","CENS-R1","2002","2002","59 years","59",4878,579460,841.8
,"Census Region 1: Northeast","CENS-R1","2002","2002","60 years","60",4702,497204,945.7
,"Census Region 1: Northeast","CENS-R1","2002","2002","61 years","61",4565,458016,996.7
,"Census Region 1: Northeast","CENS-R1","2002","2002","62 years","62",4944,446927,1106.2
,"Census Region 1: Northeast","CENS-R1","2002","2002","63 years","63",5152,423689,1216.0
,"Census Region 1: Northeast","CENS-R1","2002","2002","64 years","64",5477,417977,1310.4
,"Census Region 1: Northeast","CENS-R1","2002","2002","65 years","65",5724,393986,1452.8
,"Census Region 1: Northeast","CENS-R1","2002","2002","66 years","66",5969,385536,1548.2
,"Census Region 1: Northeast","CENS-R1","2002","2002","67 years","67",6508,387522,1679.4
,"Census Region 1: Northeast","CENS-R1","2002","2002","68 years","68",6844,357653,1913.6
,"Census Region 1: Northeast","CENS-R1","2002","2002","69 years","69",7616,360679,2111.6
,"Census Region 1: Northeast","CENS-R1","2002","2002","70 years","70",8112,360888,2247.8
,"Census Region 1: Northeast","CENS-R1","2002","2002","71 years","71",9038,362154,2495.6
,"Census Region 1: Northeast","CENS-R1","2002","2002","72 years","72",9598,368620,2603.8
,"Census Region 1: Northeast","CENS-R1","2002","2002","73 years","73",10431,351548,2967.2
,"Census Region 1: Northeast","CENS-R1","2002","2002","74 years","74",11427,351853,3247.7
,"Census Region 1: Northeast","CENS-R1","2002","2002","75 years","75",12241,339520,3605.4
,"Census Region 1: Northeast","CENS-R1","2002","2002","76 years","76",12699,328586,3864.7
,"Census Region 1: Northeast","CENS-R1","2002","2002","77 years","77",13615,323466,4209.1
,"Census Region 1: Northeast","CENS-R1","2002","2002","78 years","78",14258,304477,4682.8
,"Census Region 1: Northeast","CENS-R1","2002","2002","79 years","79",14694,284752,5160.3
,"Census Region 1: Northeast","CENS-R1","2002","2002","80 years","80",15429,269782,5719.1
,"Census Region 1: Northeast","CENS-R1","2002","2002","81 years","81",16109,255624,6301.8
,"Census Region 1: Northeast","CENS-R1","2002","2002","82 years","82",16194,235589,6873.8
,"Census Region 1: Northeast","CENS-R1","2002","2002","83 years","83",15431,199750,7725.2
,"Census Region 1: Northeast","CENS-R1","2002","2002","84 years","84",16111,189152,8517.5
,"Census Region 1: Northeast","CENS-R1","2002","2002","85 years","85",15766,Not Applicable,Not Applicable
,"Census Region 1: Northeast","CENS-R1","2002","2002","86 years","86",15775,Not Applicable,Not Applicable
,"Census Region 1: Northeast","CENS-R1","2002","2002","87 years","87",15227,Not Applicable,Not Applicable
,"Census Region 1: Northeast","CENS-R1","2002","2002","88 years","88",14478,Not Applicable,Not Applicable
,"Census Region 1: Northeast","CENS-R1","2002","2002","89 years","89",13757,Not Applicable,Not Applicable
,"Census Region 1: Northeast","CENS-R1","2002","2002","90 years","90",12372,Not Applicable,Not Applicable
,"Census Region 1: Northeast","CENS-R1","2002","2002","91 years","91",11414,Not Applicable,Not Applicable
,"Census Region 1: Northeast","CENS-R1","2002","2002","92 years","92",10270,Not Applicable,Not Applicable
,"Census Region 1: Northeast","CENS-R1","2002","2002","93 years","93",8736,Not Applicable,Not Applicable
,"Census Region 1: Northeast","CENS-R1","2002","2002","94 years","94",7740,Not Applicable,Not Applicable
,"Census Region 1: Northeast","CENS-R1","2002","2002","95 years","95",6034,Not Applicable,Not Applicable
,"Census Region 1: Northeast","CENS-R1","2002","2002","96 years","96",4810,Not Applicable,Not Applicable
,"Census Region 1: Northeast","CENS-R1","2002","2002","97 years","97",3820,Not Applicable,Not Applicable
,"Census Region 1: Northeast","CENS-R1","2002","2002","98 years","98",2896,Not Applicable,Not Applicable
,"Census Region 1: Northeast","CENS-R1","2002","2002","99 years","99",2221,Not Applicable,Not Applicable
,"Census Region 1: Northeast","CENS-R1","2003","2003","1 year","1",220,662947,33.2
,"Census Region 1: Northeast","CENS-R1","2003","2003","2 years","2",181,674806,26.8
,"Census Region 1: Northeast","CENS-R1","2003","2003","3 years","3",114,664861,17.1
,"Census Region 1: Northeast","CENS-R1","2003","2003","4 years","4",105,663881,15.8
,"Census Region 1: Northeast","CENS-R1","2003","2003","5 years","5",87,671713,13.0
,"Census Region 1: Northeast","CENS-R1","2003","2003","6 years","6",80,680060,11.8
,"Census Region 1: Northeast","CENS-R1","2003","2003","7 years","7",102,702140,14.5
,"Census Region 1: Northeast","CENS-R1","2003","2003","8 years","8",81,718845,11.3
,"Census Region 1: Northeast","CENS-R1","2003","2003","9 years","9",81,727068,11.1
,"Census Region 1: Northeast","CENS-R1","2003","2003","10 years","10",101,757230,13.3
,"Census Region 1: Northeast","CENS-R1","2003","2003","11 years","11",92,764877,12.0
,"Census Region 1: Northeast","CENS-R1","2003","2003","12 years","12",96,784934,12.2
,"Census Region 1: Northeast","CENS-R1","2003","2003","13 years","13",131,802742,16.3
,"Census Region 1: Northeast","CENS-R1","2003","2003","14 years","14",139,770300,18.0
,"Census Region 1: Northeast","CENS-R1","2003","2003","15 years","15",179,760362,23.5
,"Census Region 1: Northeast","CENS-R1","2003","2003","16 years","16",292,748951,39.0
,"Census Region 1: Northeast","CENS-R1","2003","2003","17 years","17",397,745704,53.2
,"Census Region 1: Northeast","CENS-R1","2003","2003","18 years","18",490,759201,64.5
,"Census Region 1: Northeast","CENS-R1","2003","2003","19 years","19",531,740112,71.7
,"Census Region 1: Northeast","CENS-R1","2003","2003","20 years","20",571,735117,77.7
,"Census Region 1: Northeast","CENS-R1","2003","2003","21 years","21",607,710636,85.4
,"Census Region 1: Northeast","CENS-R1","2003","2003","22 years","22",643,695239,92.5
,"Census Region 1: Northeast","CENS-R1","2003","2003","23 years","23",577,694583,83.1
,"Census Region 1: Northeast","CENS-R1","2003","2003","24 years","24",569,680349,83.6
,"Census Region 1: Northeast","CENS-R1","2003","2003","25 years","25",568,685112,82.9
,"Census Region 1: Northeast","CENS-R1","2003","2003","26 years","26",539,673257,80.1
,"Census Region 1: Northeast","CENS-R1","2003","2003","27 years","27",562,656785,85.6
,"Census Region 1: Northeast","CENS-R1","2003","2003","28 years","28",512,670553,76.4
,"Census Region 1: Northeast","CENS-R1","2003","2003","29 years","29",595,652316,91.2
,"Census Region 1: Northeast","CENS-R1","2003","2003","30 years","30",598,682510,87.6
,"Census Region 1: Northeast","CENS-R1","2003","2003","31 years","31",627,713746,87.8
,"Census Region 1: Northeast","CENS-R1","2003","2003","32 years","32",715,774228,92.4
,"Census Region 1: Northeast","CENS-R1","2003","2003","33 years","33",811,805590,100.7
,"Census Region 1: Northeast","CENS-R1","2003","2003","34 years","34",842,770479,109.3
,"Census Region 1: Northeast","CENS-R1","2003","2003","35 years","35",922,777882,118.5
,"Census Region 1: Northeast","CENS-R1","2003","2003","36 years","36",1014,786340,129.0
,"Census Region 1: Northeast","CENS-R1","2003","2003","37 years","37",1109,815790,135.9
,"Census Region 1: Northeast","CENS-R1","2003","2003","38 years","38",1276,869401,146.8
,"Census Region 1: Northeast","CENS-R1","2003","2003","39 years","39",1384,878399,157.6
,"Census Region 1: Northeast","CENS-R1","2003","2003","40 years","40",1538,871653,176.4
,"Census Region 1: Northeast","CENS-R1","2003","2003","41 years","41",1667,876421,190.2
,"Census Region 1: Northeast","CENS-R1","2003","2003","42 years","42",1911,891350,214.4
,"Census Region 1: Northeast","CENS-R1","2003","2003","43 years","43",2019,910400,221.8
,"Census Region 1: Northeast","CENS-R1","2003","2003","44 years","44",2230,877708,254.1
,"Census Region 1: Northeast","CENS-R1","2003","2003","45 years","45",2350,872717,269.3
,"Census Region 1: Northeast","CENS-R1","2003","2003","46 years","46",2556,859510,297.4
,"Census Region 1: Northeast","CENS-R1","2003","2003","47 years","47",2720,827847,328.6
,"Census Region 1: Northeast","CENS-R1","2003","2003","48 years","48",2907,829634,350.4
,"Census Region 1: Northeast","CENS-R1","2003","2003","49 years","49",2969,790215,375.7
,"Census Region 1: Northeast","CENS-R1","2003","2003","50 years","50",3115,767264,406.0
,"Census Region 1: Northeast","CENS-R1","2003","2003","51 years","51",3204,746453,429.2
,"Census Region 1: Northeast","CENS-R1","2003","2003","52 years","52",3318,729567,454.8
,"Census Region 1: Northeast","CENS-R1","2003","2003","53 years","53",3583,731288,490.0
,"Census Region 1: Northeast","CENS-R1","2003","2003","54 years","54",3781,704775,536.5
,"Census Region 1: Northeast","CENS-R1","2003","2003","55 years","55",4143,703399,589.0
,"Census Region 1: Northeast","CENS-R1","2003","2003","56 years","56",4529,747501,605.9
,"Census Region 1: Northeast","CENS-R1","2003","2003","57 years","57",3902,552741,705.9
,"Census Region 1: Northeast","CENS-R1","2003","2003","58 years","58",4106,544126,754.6
,"Census Region 1: Northeast","CENS-R1","2003","2003","59 years","59",4553,537381,847.3
,"Census Region 1: Northeast","CENS-R1","2003","2003","60 years","60",5185,569672,910.2
,"Census Region 1: Northeast","CENS-R1","2003","2003","61 years","61",5077,492496,1030.9
,"Census Region 1: Northeast","CENS-R1","2003","2003","62 years","62",4876,450253,1082.9
,"Census Region 1: Northeast","CENS-R1","2003","2003","63 years","63",5006,439074,1140.1
,"Census Region 1: Northeast","CENS-R1","2003","2003","64 years","64",5537,415865,1331.4
,"Census Region 1: Northeast","CENS-R1","2003","2003","65 years","65",5765,410683,1403.8
,"Census Region 1: Northeast","CENS-R1","2003","2003","66 years","66",5828,385809,1510.6
,"Census Region 1: Northeast","CENS-R1","2003","2003","67 years","67",6399,378109,1692.4
,"Census Region 1: Northeast","CENS-R1","2003","2003","68 years","68",6706,379443,1767.3
,"Census Region 1: Northeast","CENS-R1","2003","2003","69 years","69",7124,349039,2041.0
,"Census Region 1: Northeast","CENS-R1","2003","2003","70 years","70",7802,350723,2224.5
,"Census Region 1: Northeast","CENS-R1","2003","2003","71 years","71",8322,352581,2360.3
,"Census Region 1: Northeast","CENS-R1","2003","2003","72 years","72",9264,351363,2636.6
,"Census Region 1: Northeast","CENS-R1","2003","2003","73 years","73",10179,358342,2840.6
,"Census Region 1: Northeast","CENS-R1","2003","2003","74 years","74",10742,339119,3167.6
,"Census Region 1: Northeast","CENS-R1","2003","2003","75 years","75",11872,337484,3517.8
,"Census Region 1: Northeast","CENS-R1","2003","2003","76 years","76",12611,328286,3841.5
,"Census Region 1: Northeast","CENS-R1","2003","2003","77 years","77",13062,314569,4152.3
,"Census Region 1: Northeast","CENS-R1","2003","2003","78 years","78",13915,309132,4501.3
,"Census Region 1: Northeast","CENS-R1","2003","2003","79 years","79",14582,289659,5034.2
,"Census Region 1: Northeast","CENS-R1","2003","2003","80 years","80",15019,268104,5601.9
,"Census Region 1: Northeast","CENS-R1","2003","2003","81 years","81",15745,254802,6179.3
,"Census Region 1: Northeast","CENS-R1","2003","2003","82 years","82",16197,238794,6782.8
,"Census Region 1: Northeast","CENS-R1","2003","2003","83 years","83",16322,219098,7449.6
,"Census Region 1: Northeast","CENS-R1","2003","2003","84 years","84",15695,183344,8560.4
,"Census Region 1: Northeast","CENS-R1","2003","2003","85 years","85",15842,Not Applicable,Not Applicable
,"Census Region 1: Northeast","CENS-R1","2003","2003","86 years","86",15653,Not Applicable,Not Applicable
,"Census Region 1: Northeast","CENS-R1","2003","2003","87 years","87",14946,Not Applicable,Not Applicable
,"Census Region 1: Northeast","CENS-R1","2003","2003","88 years","88",14697,Not Applicable,Not Applicable
,"Census Region 1: Northeast","CENS-R1","2003","2003","89 years","89",13876,Not Applicable,Not Applicable
,"Census Region 1: Northeast","CENS-R1","2003","2003","90 years","90",12673,Not Applicable,Not Applicable
,"Census Region 1: Northeast","CENS-R1","2003","2003","91 years","91",11551,Not Applicable,Not Applicable
,"Census Region 1: Northeast","CENS-R1","2003","2003","92 years","92",10233,Not Applicable,Not Applicable
,"Census Region 1: Northeast","CENS-R1","2003","2003","93 years","93",8773,Not Applicable,Not Applicable
,"Census Region 1: Northeast","CENS-R1","2003","2003","94 years","94",7418,Not Applicable,Not Applicable
,"Census Region 1: Northeast","CENS-R1","2003","2003","95 years","95",6386,Not Applicable,Not Applicable
,"Census Region 1: Northeast","CENS-R1","2003","2003","96 years","96",5064,Not Applicable,Not Applicable
,"Census Region 1: Northeast","CENS-R1","2003","2003","97 years","97",3686,Not Applicable,Not Applicable
,"Census Region 1: Northeast","CENS-R1","2003","2003","98 years","98",2877,Not Applicable,Not Applicable
,"Census Region 1: Northeast","CENS-R1","2003","2003","99 years","99",2128,Not Applicable,Not Applicable
,"Census Region 1: Northeast","CENS-R1","2004","2004","1 year","1",225,662163,34.0
,"Census Region 1: Northeast","CENS-R1","2004","2004","2 years","2",155,659600,23.5
,"Census Region 1: Northeast","CENS-R1","2004","2004","3 years","3",109,672536,16.2
,"Census Region 1: Northeast","CENS-R1","2004","2004","4 years","4",104,665690,15.6
,"Census Region 1: Northeast","CENS-R1","2004","2004","5 years","5",83,664560,12.5
,"Census Region 1: Northeast","CENS-R1","2004","2004","6 years","6",85,667711,12.7
,"Census Region 1: Northeast","CENS-R1","2004","2004","7 years","7",72,678749,10.6
,"Census Region 1: Northeast","CENS-R1","2004","2004","8 years","8",84,700949,12.0
,"Census Region 1: Northeast","CENS-R1","2004","2004","9 years","9",83,718089,11.6
,"Census Region 1: Northeast","CENS-R1","2004","2004","10 years","10",92,740002,12.4
,"Census Region 1: Northeast","CENS-R1","2004","2004","11 years","11",80,753262,10.6
,"Census Region 1: Northeast","CENS-R1","2004","2004","12 years","12",111,767668,14.5
,"Census Region 1: Northeast","CENS-R1","2004","2004","13 years","13",117,783584,14.9
,"Census Region 1: Northeast","CENS-R1","2004","2004","14 years","14",157,800182,19.6
,"Census Region 1: Northeast","CENS-R1","2004","2004","15 years","15",212,775568,27.3
,"Census Region 1: Northeast","CENS-R1","2004","2004","16 years","16",308,765464,40.2
,"Census Region 1: Northeast","CENS-R1","2004","2004","17 years","17",382,750899,50.9
,"Census Region 1: Northeast","CENS-R1","2004","2004","18 years","18",522,764695,68.3
,"Census Region 1: Northeast","CENS-R1","2004","2004","19 years","19",494,758164,65.2
,"Census Region 1: Northeast","CENS-R1","2004","2004","20 years","20",525,727784,72.1
,"Census Region 1: Northeast","CENS-R1","2004","2004","21 years","21",597,727661,82.0
,"Census Region 1: Northeast","CENS-R1","2004","2004","22 years","22",586,694821,84.3
,"Census Region 1: Northeast","CENS-R1","2004","2004","23 years","23",577,689956,83.6
,"Census Region 1: Northeast","CENS-R1","2004","2004","24 years","24",571,701662,81.4
,"Census Region 1: Northeast","CENS-R1","2004","2004","25 years","25",561,692918,81.0
,"Census Region 1: Northeast","CENS-R1","2004","2004","26 years","26",544,680600,79.9
,"Census Region 1: Northeast","CENS-R1","2004","2004","27 years","27",575,675030,85.2
,"Census Region 1: Northeast","CENS-R1","2004","2004","28 years","28",488,661050,73.8
,"Census Region 1: Northeast","CENS-R1","2004","2004","29 years","29",600,667635,89.9
,"Census Region 1: Northeast","CENS-R1","2004","2004","30 years","30",541,660726,81.9
,"Census Region 1: Northeast","CENS-R1","2004","2004","31 years","31",568,670717,84.7
,"Census Region 1: Northeast","CENS-R1","2004","2004","32 years","32",642,714461,89.9
,"Census Region 1: Northeast","CENS-R1","2004","2004","33 years","33",728,768397,94.7
,"Census Region 1: Northeast","CENS-R1","2004","2004","34 years","34",813,805347,101.0
,"Census Region 1: Northeast","CENS-R1","2004","2004","35 years","35",927,774553,119.7
,"Census Region 1: Northeast","CENS-R1","2004","2004","36 years","36",925,773150,119.6
,"Census Region 1: Northeast","CENS-R1","2004","2004","37 years","37",1020,780679,130.7
,"Census Region 1: Northeast","CENS-R1","2004","2004","38 years","38",1212,813224,149.0
,"Census Region 1: Northeast","CENS-R1","2004","2004","39 years","39",1315,865795,151.9
,"Census Region 1: Northeast","CENS-R1","2004","2004","40 years","40",1491,875263,170.3
,"Census Region 1: Northeast","CENS-R1","2004","2004","41 years","41",1617,870143,185.8
,"Census Region 1: Northeast","CENS-R1","2004","2004","42 years","42",1794,872443,205.6
,"Census Region 1: Northeast","CENS-R1","2004","2004","43 years","43",1963,888071,221.0
,"Census Region 1: Northeast","CENS-R1","2004","2004","44 years","44",2135,904328,236.1
,"Census Region 1: Northeast","CENS-R1","2004","2004","45 years","45",2321,871344,266.4
,"Census Region 1: Northeast","CENS-R1","2004","2004","46 years","46",2510,869942,288.5
,"Census Region 1: Northeast","CENS-R1","2004","2004","47 years","47",2644,856234,308.8
,"Census Region 1: Northeast","CENS-R1","2004","2004","48 years","48",2777,821417,338.1
,"Census Region 1: Northeast","CENS-R1","2004","2004","49 years","49",2964,826548,358.6
,"Census Region 1: Northeast","CENS-R1","2004","2004","50 years","50",3113,782502,397.8
,"Census Region 1: Northeast","CENS-R1","2004","2004","51 years","51",3215,767138,419.1
,"Census Region 1: Northeast","CENS-R1","2004","2004","52 years","52",3381,740049,456.9
,"Census Region 1: Northeast","CENS-R1","2004","2004","53 years","53",3592,726054,494.7
,"Census Region 1: Northeast","CENS-R1","2004","2004","54 years","54",3731,726868,513.3
,"Census Region 1: Northeast","CENS-R1","2004","2004","55 years","55",3891,694569,560.2
,"Census Region 1: Northeast","CENS-R1","2004","2004","56 years","56",4306,698051,616.9
,"Census Region 1: Northeast","CENS-R1","2004","2004","57 years","57",4777,739223,646.2
,"Census Region 1: Northeast","CENS-R1","2004","2004","58 years","58",4206,546248,770.0
,"Census Region 1: Northeast","CENS-R1","2004","2004","59 years","59",4234,535745,790.3
,"Census Region 1: Northeast","CENS-R1","2004","2004","60 years","60",4648,526051,883.6
,"Census Region 1: Northeast","CENS-R1","2004","2004","61 years","61",5318,565450,940.5
,"Census Region 1: Northeast","CENS-R1","2004","2004","62 years","62",5120,483732,1058.4
,"Census Region 1: Northeast","CENS-R1","2004","2004","63 years","63",5190,441184,1176.4
,"Census Region 1: Northeast","CENS-R1","2004","2004","64 years","64",5279,430988,1224.9
,"Census Region 1: Northeast","CENS-R1","2004","2004","65 years","65",5491,407843,1346.4
,"Census Region 1: Northeast","CENS-R1","2004","2004","66 years","66",5782,401276,1440.9
,"Census Region 1: Northeast","CENS-R1","2004","2004","67 years","67",6245,378104,1651.7
,"Census Region 1: Northeast","CENS-R1","2004","2004","68 years","68",6596,369823,1783.6
,"Census Region 1: Northeast","CENS-R1","2004","2004","69 years","69",6853,370524,1849.5
,"Census Region 1: Northeast","CENS-R1","2004","2004","70 years","70",7297,338798,2153.8
,"Census Region 1: Northeast","CENS-R1","2004","2004","71 years","71",7974,343125,2323.9
,"Census Region 1: Northeast","CENS-R1","2004","2004","72 years","72",8585,341993,2510.3
,"Census Region 1: Northeast","CENS-R1","2004","2004","73 years","73",9465,341681,2770.1
,"Census Region 1: Northeast","CENS-R1","2004","2004","74 years","74",10289,345503,2978.0
,"Census Region 1: Northeast","CENS-R1","2004","2004","75 years","75",10990,324612,3385.6
,"Census Region 1: Northeast","CENS-R1","2004","2004","76 years","76",11943,327126,3650.9
,"Census Region 1: Northeast","CENS-R1","2004","2004","77 years","77",12541,313976,3994.3
,"Census Region 1: Northeast","CENS-R1","2004","2004","78 years","78",13404,300505,4460.5
,"Census Region 1: Northeast","CENS-R1","2004","2004","79 years","79",14117,294443,4794.5
,"Census Region 1: Northeast","CENS-R1","2004","2004","80 years","80",14900,272496,5468.0
,"Census Region 1: Northeast","CENS-R1","2004","2004","81 years","81",15061,253759,5935.2
,"Census Region 1: Northeast","CENS-R1","2004","2004","82 years","82",15898,238082,6677.5
,"Census Region 1: Northeast","CENS-R1","2004","2004","83 years","83",16404,221951,7390.8
,"Census Region 1: Northeast","CENS-R1","2004","2004","84 years","84",16225,201264,8061.6
,"Census Region 1: Northeast","CENS-R1","2004","2004","85 years","85",15461,Not Applicable,Not Applicable
,"Census Region 1: Northeast","CENS-R1","2004","2004","86 years","86",15755,Not Applicable,Not Applicable
,"Census Region 1: Northeast","CENS-R1","2004","2004","87 years","87",15157,Not Applicable,Not Applicable
,"Census Region 1: Northeast","CENS-R1","2004","2004","88 years","88",14357,Not Applicable,Not Applicable
,"Census Region 1: Northeast","CENS-R1","2004","2004","89 years","89",13931,Not Applicable,Not Applicable
,"Census Region 1: Northeast","CENS-R1","2004","2004","90 years","90",12512,Not Applicable,Not Applicable
,"Census Region 1: Northeast","CENS-R1","2004","2004","91 years","91",11351,Not Applicable,Not Applicable
,"Census Region 1: Northeast","CENS-R1","2004","2004","92 years","92",9835,Not Applicable,Not Applicable
,"Census Region 1: Northeast","CENS-R1","2004","2004","93 years","93",8734,Not Applicable,Not Applicable
,"Census Region 1: Northeast","CENS-R1","2004","2004","94 years","94",7562,Not Applicable,Not Applicable
,"Census Region 1: Northeast","CENS-R1","2004","2004","95 years","95",6161,Not Applicable,Not Applicable
,"Census Region 1: Northeast","CENS-R1","2004","2004","96 years","96",4942,Not Applicable,Not Applicable
,"Census Region 1: Northeast","CENS-R1","2004","2004","97 years","97",3868,Not Applicable,Not Applicable
,"Census Region 1: Northeast","CENS-R1","2004","2004","98 years","98",2746,Not Applicable,Not Applicable
,"Census Region 1: Northeast","CENS-R1","2004","2004","99 years","99",2109,Not Applicable,Not Applicable
,"Census Region 1: Northeast","CENS-R1","2005","2005","1 year","1",232,657716,35.3
,"Census Region 1: Northeast","CENS-R1","2005","2005","2 years","2",169,658004,25.7
,"Census Region 1: Northeast","CENS-R1","2005","2005","3 years","3",114,657025,17.4
,"Census Region 1: Northeast","CENS-R1","2005","2005","4 years","4",80,673363,11.9
,"Census Region 1: Northeast","CENS-R1","2005","2005","5 years","5",99,666407,14.9
,"Census Region 1: Northeast","CENS-R1","2005","2005","6 years","6",86,658997,13.1
,"Census Region 1: Northeast","CENS-R1","2005","2005","7 years","7",83,665626,12.5
,"Census Region 1: Northeast","CENS-R1","2005","2005","8 years","8",60,676944,8.9
,"Census Region 1: Northeast","CENS-R1","2005","2005","9 years","9",69,699373,9.9
,"Census Region 1: Northeast","CENS-R1","2005","2005","10 years","10",86,733595,11.7
,"Census Region 1: Northeast","CENS-R1","2005","2005","11 years","11",106,734468,14.4
,"Census Region 1: Northeast","CENS-R1","2005","2005","12 years","12",88,755306,11.7
,"Census Region 1: Northeast","CENS-R1","2005","2005","13 years","13",113,765225,14.8
,"Census Region 1: Northeast","CENS-R1","2005","2005","14 years","14",144,779804,18.5
,"Census Region 1: Northeast","CENS-R1","2005","2005","15 years","15",203,805683,25.2
,"Census Region 1: Northeast","CENS-R1","2005","2005","16 years","16",291,780216,37.3
,"Census Region 1: Northeast","CENS-R1","2005","2005","17 years","17",385,766419,50.2
,"Census Region 1: Northeast","CENS-R1","2005","2005","18 years","18",464,768400,60.4
,"Census Region 1: Northeast","CENS-R1","2005","2005","19 years","19",552,765625,72.1
,"Census Region 1: Northeast","CENS-R1","2005","2005","20 years","20",566,746782,75.8
,"Census Region 1: Northeast","CENS-R1","2005","2005","21 years","21",655,721064,90.8
,"Census Region 1: Northeast","CENS-R1","2005","2005","22 years","22",620,716127,86.6
,"Census Region 1: Northeast","CENS-R1","2005","2005","23 years","23",667,691445,96.5
,"Census Region 1: Northeast","CENS-R1","2005","2005","24 years","24",634,697391,90.9
,"Census Region 1: Northeast","CENS-R1","2005","2005","25 years","25",581,715064,81.3
,"Census Region 1: Northeast","CENS-R1","2005","2005","26 years","26",596,687300,86.7
,"Census Region 1: Northeast","CENS-R1","2005","2005","27 years","27",563,681342,82.6
,"Census Region 1: Northeast","CENS-R1","2005","2005","28 years","28",555,679807,81.6
,"Census Region 1: Northeast","CENS-R1","2005","2005","29 years","29",529,657149,80.5
,"Census Region 1: Northeast","CENS-R1","2005","2005","30 years","30",555,678522,81.8
,"Census Region 1: Northeast","CENS-R1","2005","2005","31 years","31",581,645963,89.9
,"Census Region 1: Northeast","CENS-R1","2005","2005","32 years","32",607,672075,90.3
,"Census Region 1: Northeast","CENS-R1","2005","2005","33 years","33",728,707869,102.8
,"Census Region 1: Northeast","CENS-R1","2005","2005","34 years","34",804,767737,104.7
,"Census Region 1: Northeast","CENS-R1","2005","2005","35 years","35",819,810787,101.0
,"Census Region 1: Northeast","CENS-R1","2005","2005","36 years","36",895,768315,116.5
,"Census Region 1: Northeast","CENS-R1","2005","2005","37 years","37",1000,766404,130.5
,"Census Region 1: Northeast","CENS-R1","2005","2005","38 years","38",1111,777597,142.9
,"Census Region 1: Northeast","CENS-R1","2005","2005","39 years","39",1246,809050,154.0
,"Census Region 1: Northeast","CENS-R1","2005","2005","40 years","40",1441,861098,167.3
,"Census Region 1: Northeast","CENS-R1","2005","2005","41 years","41",1550,873072,177.5
,"Census Region 1: Northeast","CENS-R1","2005","2005","42 years","42",1848,864812,213.7
,"Census Region 1: Northeast","CENS-R1","2005","2005","43 years","43",1876,868648,216.0
,"Census Region 1: Northeast","CENS-R1","2005","2005","44 years","44",2108,880184,239.5
,"Census Region 1: Northeast","CENS-R1","2005","2005","45 years","45",2283,896424,254.7
,"Census Region 1: Northeast","CENS-R1","2005","2005","46 years","46",2428,867836,279.8
,"Census Region 1: Northeast","CENS-R1","2005","2005","47 years","47",2586,866388,298.5
,"Census Region 1: Northeast","CENS-R1","2005","2005","48 years","48",2767,848483,326.1
,"Census Region 1: Northeast","CENS-R1","2005","2005","49 years","49",2965,817501,362.7
,"Census Region 1: Northeast","CENS-R1","2005","2005","50 years","50",3162,817190,386.9
,"Census Region 1: Northeast","CENS-R1","2005","2005","51 years","51",3401,782809,434.5
,"Census Region 1: Northeast","CENS-R1","2005","2005","52 years","52",3525,759661,464.0
,"Census Region 1: Northeast","CENS-R1","2005","2005","53 years","53",3726,736414,506.0
,"Census Region 1: Northeast","CENS-R1","2005","2005","54 years","54",3840,721054,532.6
,"Census Region 1: Northeast","CENS-R1","2005","2005","55 years","55",3999,715347,559.0
,"Census Region 1: Northeast","CENS-R1","2005","2005","56 years","56",4098,689738,594.1
,"Census Region 1: Northeast","CENS-R1","2005","2005","57 years","57",4594,687589,668.1
,"Census Region 1: Northeast","CENS-R1","2005","2005","58 years","58",5125,731727,700.4
,"Census Region 1: Northeast","CENS-R1","2005","2005","59 years","59",4325,536933,805.5
,"Census Region 1: Northeast","CENS-R1","2005","2005","60 years","60",4400,523804,840.0
,"Census Region 1: Northeast","CENS-R1","2005","2005","61 years","61",4886,521628,936.7
,"Census Region 1: Northeast","CENS-R1","2005","2005","62 years","62",5742,555111,1034.4
,"Census Region 1: Northeast","CENS-R1","2005","2005","63 years","63",5360,473322,1132.4
,"Census Region 1: Northeast","CENS-R1","2005","2005","64 years","64",5352,432277,1238.1
,"Census Region 1: Northeast","CENS-R1","2005","2005","65 years","65",5426,422269,1285.0
,"Census Region 1: Northeast","CENS-R1","2005","2005","66 years","66",5824,397101,1466.6
,"Census Region 1: Northeast","CENS-R1","2005","2005","67 years","67",6100,392720,1553.3
,"Census Region 1: Northeast","CENS-R1","2005","2005","68 years","68",6359,368867,1723.9
,"Census Region 1: Northeast","CENS-R1","2005","2005","69 years","69",6668,359943,1852.5
,"Census Region 1: Northeast","CENS-R1","2005","2005","70 years","70",7338,358792,2045.2
,"Census Region 1: Northeast","CENS-R1","2005","2005","71 years","71",7769,330975,2347.3
,"Census Region 1: Northeast","CENS-R1","2005","2005","72 years","72",8327,331574,2511.4
,"Census Region 1: Northeast","CENS-R1","2005","2005","73 years","73",9102,332396,2738.3
,"Census Region 1: Northeast","CENS-R1","2005","2005","74 years","74",9863,328757,3000.1
,"Census Region 1: Northeast","CENS-R1","2005","2005","75 years","75",10418,329823,3158.7
,"Census Region 1: Northeast","CENS-R1","2005","2005","76 years","76",11234,314936,3567.1
,"Census Region 1: Northeast","CENS-R1","2005","2005","77 years","77",12465,312634,3987.1
,"Census Region 1: Northeast","CENS-R1","2005","2005","78 years","78",13206,299602,4407.8
,"Census Region 1: Northeast","CENS-R1","2005","2005","79 years","79",13940,285476,4883.1
,"Census Region 1: Northeast","CENS-R1","2005","2005","80 years","80",14483,276625,5235.6
,"Census Region 1: Northeast","CENS-R1","2005","2005","81 years","81",15268,258299,5911.0
,"Census Region 1: Northeast","CENS-R1","2005","2005","82 years","82",15653,237084,6602.3
,"Census Region 1: Northeast","CENS-R1","2005","2005","83 years","83",15895,221415,7178.8
,"Census Region 1: Northeast","CENS-R1","2005","2005","84 years","84",16484,203379,8105.1
,"Census Region 1: Northeast","CENS-R1","2005","2005","85 years","85",16472,Not Applicable,Not Applicable
,"Census Region 1: Northeast","CENS-R1","2005","2005","86 years","86",15219,Not Applicable,Not Applicable
,"Census Region 1: Northeast","CENS-R1","2005","2005","87 years","87",15623,Not Applicable,Not Applicable
,"Census Region 1: Northeast","CENS-R1","2005","2005","88 years","88",14888,Not Applicable,Not Applicable
,"Census Region 1: Northeast","CENS-R1","2005","2005","89 years","89",13872,Not Applicable,Not Applicable
,"Census Region 1: Northeast","CENS-R1","2005","2005","90 years","90",13328,Not Applicable,Not Applicable
,"Census Region 1: Northeast","CENS-R1","2005","2005","91 years","91",12188,Not Applicable,Not Applicable
,"Census Region 1: Northeast","CENS-R1","2005","2005","92 years","92",10723,Not Applicable,Not Applicable
,"Census Region 1: Northeast","CENS-R1","2005","2005","93 years","93",9178,Not Applicable,Not Applicable
,"Census Region 1: Northeast","CENS-R1","2005","2005","94 years","94",7676,Not Applicable,Not Applicable
,"Census Region 1: Northeast","CENS-R1","2005","2005","95 years","95",6588,Not Applicable,Not Applicable
,"Census Region 1: Northeast","CENS-R1","2005","2005","96 years","96",5107,Not Applicable,Not Applicable
,"Census Region 1: Northeast","CENS-R1","2005","2005","97 years","97",4148,Not Applicable,Not Applicable
,"Census Region 1: Northeast","CENS-R1","2005","2005","98 years","98",2957,Not Applicable,Not Applicable
,"Census Region 1: Northeast","CENS-R1","2005","2005","99 years","99",2085,Not Applicable,Not Applicable
,"Census Region 1: Northeast","CENS-R1","2006","2006","1 year","1",217,638511,34.0
,"Census Region 1: Northeast","CENS-R1","2006","2006","2 years","2",153,653955,23.4
,"Census Region 1: Northeast","CENS-R1","2006","2006","3 years","3",104,656855,15.8
,"Census Region 1: Northeast","CENS-R1","2006","2006","4 years","4",95,659637,14.4
,"Census Region 1: Northeast","CENS-R1","2006","2006","5 years","5",78,675746,11.5
,"Census Region 1: Northeast","CENS-R1","2006","2006","6 years","6",78,661254,11.8
,"Census Region 1: Northeast","CENS-R1","2006","2006","7 years","7",58,658756,8.8
,"Census Region 1: Northeast","CENS-R1","2006","2006","8 years","8",71,665013,10.7
,"Census Region 1: Northeast","CENS-R1","2006","2006","9 years","9",69,676412,10.2
,"Census Region 1: Northeast","CENS-R1","2006","2006","10 years","10",68,718695,9.5
,"Census Region 1: Northeast","CENS-R1","2006","2006","11 years","11",72,727489,9.9
,"Census Region 1: Northeast","CENS-R1","2006","2006","12 years","12",79,737903,10.7
,"Census Region 1: Northeast","CENS-R1","2006","2006","13 years","13",104,753558,13.8
,"Census Region 1: Northeast","CENS-R1","2006","2006","14 years","14",131,761166,17.2
,"Census Region 1: Northeast","CENS-R1","2006","2006","15 years","15",179,786822,22.7
,"Census Region 1: Northeast","CENS-R1","2006","2006","16 years","16",265,811459,32.7
,"Census Region 1: Northeast","CENS-R1","2006","2006","17 years","17",371,780810,47.5
,"Census Region 1: Northeast","CENS-R1","2006","2006","18 years","18",498,783376,63.6
,"Census Region 1: Northeast","CENS-R1","2006","2006","19 years","19",558,770781,72.4
,"Census Region 1: Northeast","CENS-R1","2006","2006","20 years","20",547,753523,72.6
,"Census Region 1: Northeast","CENS-R1","2006","2006","21 years","21",642,741147,86.6
,"Census Region 1: Northeast","CENS-R1","2006","2006","22 years","22",637,706525,90.2
,"Census Region 1: Northeast","CENS-R1","2006","2006","23 years","23",613,712920,86.0
,"Census Region 1: Northeast","CENS-R1","2006","2006","24 years","24",676,699486,96.6
,"Census Region 1: Northeast","CENS-R1","2006","2006","25 years","25",631,709967,88.9
,"Census Region 1: Northeast","CENS-R1","2006","2006","26 years","26",604,707936,85.3
,"Census Region 1: Northeast","CENS-R1","2006","2006","27 years","27",652,687853,94.8
,"Census Region 1: Northeast","CENS-R1","2006","2006","28 years","28",576,686467,83.9
,"Census Region 1: Northeast","CENS-R1","2006","2006","29 years","29",615,673367,91.3
,"Census Region 1: Northeast","CENS-R1","2006","2006","30 years","30",588,669493,87.8
,"Census Region 1: Northeast","CENS-R1","2006","2006","31 years","31",590,661403,89.2
,"Census Region 1: Northeast","CENS-R1","2006","2006","32 years","32",618,648228,95.3
,"Census Region 1: Northeast","CENS-R1","2006","2006","33 years","33",631,665838,94.8
,"Census Region 1: Northeast","CENS-R1","2006","2006","34 years","34",705,708554,99.5
,"Census Region 1: Northeast","CENS-R1","2006","2006","35 years","35",879,774840,113.4
,"Census Region 1: Northeast","CENS-R1","2006","2006","36 years","36",949,804446,118.0
,"Census Region 1: Northeast","CENS-R1","2006","2006","37 years","37",929,761819,121.9
,"Census Region 1: Northeast","CENS-R1","2006","2006","38 years","38",1049,764535,137.2
,"Census Region 1: Northeast","CENS-R1","2006","2006","39 years","39",1182,774508,152.6
,"Census Region 1: Northeast","CENS-R1","2006","2006","40 years","40",1334,804282,165.9
,"Census Region 1: Northeast","CENS-R1","2006","2006","41 years","41",1489,860358,173.1
,"Census Region 1: Northeast","CENS-R1","2006","2006","42 years","42",1718,868804,197.7
,"Census Region 1: Northeast","CENS-R1","2006","2006","43 years","43",1891,862078,219.4
,"Census Region 1: Northeast","CENS-R1","2006","2006","44 years","44",2033,861548,236.0
,"Census Region 1: Northeast","CENS-R1","2006","2006","45 years","45",2236,872685,256.2
,"Census Region 1: Northeast","CENS-R1","2006","2006","46 years","46",2388,893994,267.1
,"Census Region 1: Northeast","CENS-R1","2006","2006","47 years","47",2598,865171,300.3
,"Census Region 1: Northeast","CENS-R1","2006","2006","48 years","48",2804,858882,326.5
,"Census Region 1: Northeast","CENS-R1","2006","2006","49 years","49",3090,845894,365.3
,"Census Region 1: Northeast","CENS-R1","2006","2006","50 years","50",3206,808127,396.7
,"Census Region 1: Northeast","CENS-R1","2006","2006","51 years","51",3334,819830,406.7
,"Census Region 1: Northeast","CENS-R1","2006","2006","52 years","52",3558,775412,458.9
,"Census Region 1: Northeast","CENS-R1","2006","2006","53 years","53",3684,757873,486.1
,"Census Region 1: Northeast","CENS-R1","2006","2006","54 years","54",3878,732630,529.3
,"Census Region 1: Northeast","CENS-R1","2006","2006","55 years","55",4037,709271,569.2
,"Census Region 1: Northeast","CENS-R1","2006","2006","56 years","56",3999,712712,561.1
,"Census Region 1: Northeast","CENS-R1","2006","2006","57 years","57",4387,680719,644.5
,"Census Region 1: Northeast","CENS-R1","2006","2006","58 years","58",4891,679782,719.5
,"Census Region 1: Northeast","CENS-R1","2006","2006","59 years","59",5298,721619,734.2
,"Census Region 1: Northeast","CENS-R1","2006","2006","60 years","60",4551,524638,867.5
,"Census Region 1: Northeast","CENS-R1","2006","2006","61 years","61",4699,522050,900.1
,"Census Region 1: Northeast","CENS-R1","2006","2006","62 years","62",5201,511346,1017.1
,"Census Region 1: Northeast","CENS-R1","2006","2006","63 years","63",6029,543567,1109.2
,"Census Region 1: Northeast","CENS-R1","2006","2006","64 years","64",5723,465067,1230.6
,"Census Region 1: Northeast","CENS-R1","2006","2006","65 years","65",5504,423481,1299.7
,"Census Region 1: Northeast","CENS-R1","2006","2006","66 years","66",5569,411172,1354.4
,"Census Region 1: Northeast","CENS-R1","2006","2006","67 years","67",5957,388426,1533.6
,"Census Region 1: Northeast","CENS-R1","2006","2006","68 years","68",6308,383519,1644.8
,"Census Region 1: Northeast","CENS-R1","2006","2006","69 years","69",6623,358890,1845.4
,"Census Region 1: Northeast","CENS-R1","2006","2006","70 years","70",7019,347972,2017.1
,"Census Region 1: Northeast","CENS-R1","2006","2006","71 years","71",7509,351461,2136.5
,"Census Region 1: Northeast","CENS-R1","2006","2006","72 years","72",7602,319660,2378.2
,"Census Region 1: Northeast","CENS-R1","2006","2006","73 years","73",8660,322443,2685.7
,"Census Region 1: Northeast","CENS-R1","2006","2006","74 years","74",9142,319838,2858.3
,"Census Region 1: Northeast","CENS-R1","2006","2006","75 years","75",9947,313576,3172.1
,"Census Region 1: Northeast","CENS-R1","2006","2006","76 years","76",10909,321248,3395.8
,"Census Region 1: Northeast","CENS-R1","2006","2006","77 years","77",11497,300841,3821.6
,"Census Region 1: Northeast","CENS-R1","2006","2006","78 years","78",12507,299207,4180.0
,"Census Region 1: Northeast","CENS-R1","2006","2006","79 years","79",13384,285340,4690.5
,"Census Region 1: Northeast","CENS-R1","2006","2006","80 years","80",13948,268305,5198.6
,"Census Region 1: Northeast","CENS-R1","2006","2006","81 years","81",14451,263233,5489.8
,"Census Region 1: Northeast","CENS-R1","2006","2006","82 years","82",15308,241774,6331.5
,"Census Region 1: Northeast","CENS-R1","2006","2006","83 years","83",15339,221429,6927.3
,"Census Region 1: Northeast","CENS-R1","2006","2006","84 years","84",15825,203401,7780.2
,"Census Region 1: Northeast","CENS-R1","2006","2006","85 years","85",16163,Not Applicable,Not Applicable
,"Census Region 1: Northeast","CENS-R1","2006","2006","86 years","86",15956,Not Applicable,Not Applicable
,"Census Region 1: Northeast","CENS-R1","2006","2006","87 years","87",14729,Not Applicable,Not Applicable
,"Census Region 1: Northeast","CENS-R1","2006","2006","88 years","88",14538,Not Applicable,Not Applicable
,"Census Region 1: Northeast","CENS-R1","2006","2006","89 years","89",13764,Not Applicable,Not Applicable
,"Census Region 1: Northeast","CENS-R1","2006","2006","90 years","90",12589,Not Applicable,Not Applicable
,"Census Region 1: Northeast","CENS-R1","2006","2006","91 years","91",11817,Not Applicable,Not Applicable
,"Census Region 1: Northeast","CENS-R1","2006","2006","92 years","92",10526,Not Applicable,Not Applicable
,"Census Region 1: Northeast","CENS-R1","2006","2006","93 years","93",9049,Not Applicable,Not Applicable
,"Census Region 1: Northeast","CENS-R1","2006","2006","94 years","94",7661,Not Applicable,Not Applicable
,"Census Region 1: Northeast","CENS-R1","2006","2006","95 years","95",6372,Not Applicable,Not Applicable
,"Census Region 1: Northeast","CENS-R1","2006","2006","96 years","96",5207,Not Applicable,Not Applicable
,"Census Region 1: Northeast","CENS-R1","2006","2006","97 years","97",3877,Not Applicable,Not Applicable
,"Census Region 1: Northeast","CENS-R1","2006","2006","98 years","98",3065,Not Applicable,Not Applicable
,"Census Region 1: Northeast","CENS-R1","2006","2006","99 years","99",2048,Not Applicable,Not Applicable
,"Census Region 1: Northeast","CENS-R1","2007","2007","1 year","1",213,637644,33.4
,"Census Region 1: Northeast","CENS-R1","2007","2007","2 years","2",149,635707,23.4
,"Census Region 1: Northeast","CENS-R1","2007","2007","3 years","3",125,653498,19.1
,"Census Region 1: Northeast","CENS-R1","2007","2007","4 years","4",104,660932,15.7
,"Census Region 1: Northeast","CENS-R1","2007","2007","5 years","5",76,663177,11.5
,"Census Region 1: Northeast","CENS-R1","2007","2007","6 years","6",100,670243,14.9
,"Census Region 1: Northeast","CENS-R1","2007","2007","7 years","7",77,661148,11.6
,"Census Region 1: Northeast","CENS-R1","2007","2007","8 years","8",55,658433,8.4
,"Census Region 1: Northeast","CENS-R1","2007","2007","9 years","9",63,665020,9.5
,"Census Region 1: Northeast","CENS-R1","2007","2007","10 years","10",81,699090,11.6
,"Census Region 1: Northeast","CENS-R1","2007","2007","11 years","11",70,712239,9.8
,"Census Region 1: Northeast","CENS-R1","2007","2007","12 years","12",91,731824,12.4
,"Census Region 1: Northeast","CENS-R1","2007","2007","13 years","13",113,736063,15.4
,"Census Region 1: Northeast","CENS-R1","2007","2007","14 years","14",125,749241,16.7
,"Census Region 1: Northeast","CENS-R1","2007","2007","15 years","15",169,769563,22.0
,"Census Region 1: Northeast","CENS-R1","2007","2007","16 years","16",252,793184,31.8
,"Census Region 1: Northeast","CENS-R1","2007","2007","17 years","17",361,812058,44.5
,"Census Region 1: Northeast","CENS-R1","2007","2007","18 years","18",491,796546,61.6
,"Census Region 1: Northeast","CENS-R1","2007","2007","19 years","19",514,784822,65.5
,"Census Region 1: Northeast","CENS-R1","2007","2007","20 years","20",507,756536,67.0
,"Census Region 1: Northeast","CENS-R1","2007","2007","21 years","21",627,746924,83.9
,"Census Region 1: Northeast","CENS-R1","2007","2007","22 years","22",593,728111,81.4
,"Census Region 1: Northeast","CENS-R1","2007","2007","23 years","23",543,701944,77.4
,"Census Region 1: Northeast","CENS-R1","2007","2007","24 years","24",612,721901,84.8
,"Census Region 1: Northeast","CENS-R1","2007","2007","25 years","25",589,713094,82.6
,"Census Region 1: Northeast","CENS-R1","2007","2007","26 years","26",601,703732,85.4
,"Census Region 1: Northeast","CENS-R1","2007","2007","27 years","27",563,710766,79.2
,"Census Region 1: Northeast","CENS-R1","2007","2007","28 years","28",610,695618,87.7
,"Census Region 1: Northeast","CENS-R1","2007","2007","29 years","29",562,679904,82.7
,"Census Region 1: Northeast","CENS-R1","2007","2007","30 years","30",551,688549,80.0
,"Census Region 1: Northeast","CENS-R1","2007","2007","31 years","31",561,650144,86.3
,"Census Region 1: Northeast","CENS-R1","2007","2007","32 years","32",602,665098,90.5
,"Census Region 1: Northeast","CENS-R1","2007","2007","33 years","33",613,642243,95.4
,"Census Region 1: Northeast","CENS-R1","2007","2007","34 years","34",688,667520,103.1
,"Census Region 1: Northeast","CENS-R1","2007","2007","35 years","35",760,717774,105.9
,"Census Region 1: Northeast","CENS-R1","2007","2007","36 years","36",881,768260,114.7
,"Census Region 1: Northeast","CENS-R1","2007","2007","37 years","37",946,797824,118.6
,"Census Region 1: Northeast","CENS-R1","2007","2007","38 years","38",1009,759951,132.8
,"Census Region 1: Northeast","CENS-R1","2007","2007","39 years","39",1122,761839,147.3
,"Census Region 1: Northeast","CENS-R1","2007","2007","40 years","40",1250,770315,162.3
,"Census Region 1: Northeast","CENS-R1","2007","2007","41 years","41",1372,804168,170.6
,"Census Region 1: Northeast","CENS-R1","2007","2007","42 years","42",1556,856274,181.7
,"Census Region 1: Northeast","CENS-R1","2007","2007","43 years","43",1747,866683,201.6
,"Census Region 1: Northeast","CENS-R1","2007","2007","44 years","44",1930,854737,225.8
,"Census Region 1: Northeast","CENS-R1","2007","2007","45 years","45",2128,854239,249.1
,"Census Region 1: Northeast","CENS-R1","2007","2007","46 years","46",2377,871259,272.8
,"Census Region 1: Northeast","CENS-R1","2007","2007","47 years","47",2489,892268,279.0
,"Census Region 1: Northeast","CENS-R1","2007","2007","48 years","48",2719,857643,317.0
,"Census Region 1: Northeast","CENS-R1","2007","2007","49 years","49",2932,856806,342.2
,"Census Region 1: Northeast","CENS-R1","2007","2007","50 years","50",3081,835871,368.6
,"Census Region 1: Northeast","CENS-R1","2007","2007","51 years","51",3323,812171,409.2
,"Census Region 1: Northeast","CENS-R1","2007","2007","52 years","52",3519,812208,433.3
,"Census Region 1: Northeast","CENS-R1","2007","2007","53 years","53",3732,774026,482.2
,"Census Region 1: Northeast","CENS-R1","2007","2007","54 years","54",3732,754930,494.4
,"Census Region 1: Northeast","CENS-R1","2007","2007","55 years","55",4096,720782,568.3
,"Census Region 1: Northeast","CENS-R1","2007","2007","56 years","56",4118,707152,582.3
,"Census Region 1: Northeast","CENS-R1","2007","2007","57 years","57",4502,703572,639.9
,"Census Region 1: Northeast","CENS-R1","2007","2007","58 years","58",4729,674200,701.4
,"Census Region 1: Northeast","CENS-R1","2007","2007","59 years","59",5056,668988,755.8
,"Census Region 1: Northeast","CENS-R1","2007","2007","60 years","60",5644,706465,798.9
,"Census Region 1: Northeast","CENS-R1","2007","2007","61 years","61",4712,524333,898.7
,"Census Region 1: Northeast","CENS-R1","2007","2007","62 years","62",4788,513285,932.8
,"Census Region 1: Northeast","CENS-R1","2007","2007","63 years","63",5475,499840,1095.4
,"Census Region 1: Northeast","CENS-R1","2007","2007","64 years","64",6144,535581,1147.2
,"Census Region 1: Northeast","CENS-R1","2007","2007","65 years","65",5818,458201,1269.7
,"Census Region 1: Northeast","CENS-R1","2007","2007","66 years","66",5576,413547,1348.3
,"Census Region 1: Northeast","CENS-R1","2007","2007","67 years","67",5931,404212,1467.3
,"Census Region 1: Northeast","CENS-R1","2007","2007","68 years","68",6282,380433,1651.3
,"Census Region 1: Northeast","CENS-R1","2007","2007","69 years","69",6665,374660,1778.9
,"Census Region 1: Northeast","CENS-R1","2007","2007","70 years","70",6836,348070,1964.0
,"Census Region 1: Northeast","CENS-R1","2007","2007","71 years","71",7149,342636,2086.5
,"Census Region 1: Northeast","CENS-R1","2007","2007","72 years","72",7778,340695,2283.0
,"Census Region 1: Northeast","CENS-R1","2007","2007","73 years","73",8005,312214,2563.9
,"Census Region 1: Northeast","CENS-R1","2007","2007","74 years","74",8757,310879,2816.9
,"Census Region 1: Northeast","CENS-R1","2007","2007","75 years","75",9609,305296,3147.4
,"Census Region 1: Northeast","CENS-R1","2007","2007","76 years","76",10391,307094,3383.7
,"Census Region 1: Northeast","CENS-R1","2007","2007","77 years","77",11305,307979,3670.7
,"Census Region 1: Northeast","CENS-R1","2007","2007","78 years","78",12060,288366,4182.2
,"Census Region 1: Northeast","CENS-R1","2007","2007","79 years","79",13003,285963,4547.1
,"Census Region 1: Northeast","CENS-R1","2007","2007","80 years","80",13669,268479,5091.3
,"Census Region 1: Northeast","CENS-R1","2007","2007","81 years","81",14250,256185,5562.4
,"Census Region 1: Northeast","CENS-R1","2007","2007","82 years","82",15076,247349,6095.0
,"Census Region 1: Northeast","CENS-R1","2007","2007","83 years","83",15520,226718,6845.5
,"Census Region 1: Northeast","CENS-R1","2007","2007","84 years","84",15721,204118,7701.9
,"Census Region 1: Northeast","CENS-R1","2007","2007","85 years","85",16167,Not Applicable,Not Applicable
,"Census Region 1: Northeast","CENS-R1","2007","2007","86 years","86",16365,Not Applicable,Not Applicable
,"Census Region 1: Northeast","CENS-R1","2007","2007","87 years","87",15654,Not Applicable,Not Applicable
,"Census Region 1: Northeast","CENS-R1","2007","2007","88 years","88",14286,Not Applicable,Not Applicable
,"Census Region 1: Northeast","CENS-R1","2007","2007","89 years","89",14057,Not Applicable,Not Applicable
,"Census Region 1: Northeast","CENS-R1","2007","2007","90 years","90",12809,Not Applicable,Not Applicable
,"Census Region 1: Northeast","CENS-R1","2007","2007","91 years","91",11740,Not Applicable,Not Applicable
,"Census Region 1: Northeast","CENS-R1","2007","2007","92 years","92",10540,Not Applicable,Not Applicable
,"Census Region 1: Northeast","CENS-R1","2007","2007","93 years","93",9139,Not Applicable,Not Applicable
,"Census Region 1: Northeast","CENS-R1","2007","2007","94 years","94",8024,Not Applicable,Not Applicable
,"Census Region 1: Northeast","CENS-R1","2007","2007","95 years","95",6658,Not Applicable,Not Applicable
,"Census Region 1: Northeast","CENS-R1","2007","2007","96 years","96",5152,Not Applicable,Not Applicable
,"Census Region 1: Northeast","CENS-R1","2007","2007","97 years","97",4071,Not Applicable,Not Applicable
,"Census Region 1: Northeast","CENS-R1","2007","2007","98 years","98",2965,Not Applicable,Not Applicable
,"Census Region 1: Northeast","CENS-R1","2007","2007","99 years","99",2230,Not Applicable,Not Applicable
,"Census Region 1: Northeast","CENS-R1","2008","2008","1 year","1",235,650384,36.1
,"Census Region 1: Northeast","CENS-R1","2008","2008","2 years","2",140,638668,21.9
,"Census Region 1: Northeast","CENS-R1","2008","2008","3 years","3",115,637585,18.0
,"Census Region 1: Northeast","CENS-R1","2008","2008","4 years","4",97,660529,14.7
,"Census Region 1: Northeast","CENS-R1","2008","2008","5 years","5",80,666968,12.0
,"Census Region 1: Northeast","CENS-R1","2008","2008","6 years","6",70,658463,10.6
,"Census Region 1: Northeast","CENS-R1","2008","2008","7 years","7",58,672685,8.6
,"Census Region 1: Northeast","CENS-R1","2008","2008","8 years","8",72,663228,10.9
,"Census Region 1: Northeast","CENS-R1","2008","2008","9 years","9",49,660568,7.4
,"Census Region 1: Northeast","CENS-R1","2008","2008","10 years","10",77,692467,11.1
,"Census Region 1: Northeast","CENS-R1","2008","2008","11 years","11",66,693431,9.5
,"Census Region 1: Northeast","CENS-R1","2008","2008","12 years","12",80,718224,11.1
,"Census Region 1: Northeast","CENS-R1","2008","2008","13 years","13",95,731001,13.0
,"Census Region 1: Northeast","CENS-R1","2008","2008","14 years","14",135,732649,18.4
,"Census Region 1: Northeast","CENS-R1","2008","2008","15 years","15",162,760001,21.3
,"Census Region 1: Northeast","CENS-R1","2008","2008","16 years","16",240,777273,30.9
,"Census Region 1: Northeast","CENS-R1","2008","2008","17 years","17",316,794779,39.8
,"Census Region 1: Northeast","CENS-R1","2008","2008","18 years","18",414,827887,50.0
,"Census Region 1: Northeast","CENS-R1","2008","2008","19 years","19",506,799888,63.3
,"Census Region 1: Northeast","CENS-R1","2008","2008","20 years","20",497,771474,64.4
,"Census Region 1: Northeast","CENS-R1","2008","2008","21 years","21",610,752318,81.1
,"Census Region 1: Northeast","CENS-R1","2008","2008","22 years","22",592,736210,80.4
,"Census Region 1: Northeast","CENS-R1","2008","2008","23 years","23",564,726318,77.7
,"Census Region 1: Northeast","CENS-R1","2008","2008","24 years","24",571,711158,80.3
,"Census Region 1: Northeast","CENS-R1","2008","2008","25 years","25",602,736802,81.7
,"Census Region 1: Northeast","CENS-R1","2008","2008","26 years","26",581,706899,82.2
,"Census Region 1: Northeast","CENS-R1","2008","2008","27 years","27",592,708202,83.6
,"Census Region 1: Northeast","CENS-R1","2008","2008","28 years","28",591,721053,82.0
,"Census Region 1: Northeast","CENS-R1","2008","2008","29 years","29",602,689635,87.3
,"Census Region 1: Northeast","CENS-R1","2008","2008","30 years","30",610,698864,87.3
,"Census Region 1: Northeast","CENS-R1","2008","2008","31 years","31",586,667482,87.8
,"Census Region 1: Northeast","CENS-R1","2008","2008","32 years","32",601,656557,91.5
,"Census Region 1: Northeast","CENS-R1","2008","2008","33 years","33",608,659617,92.2
,"Census Region 1: Northeast","CENS-R1","2008","2008","34 years","34",609,645933,94.3
,"Census Region 1: Northeast","CENS-R1","2008","2008","35 years","35",724,679568,106.5
,"Census Region 1: Northeast","CENS-R1","2008","2008","36 years","36",783,712966,109.8
,"Census Region 1: Northeast","CENS-R1","2008","2008","37 years","37",972,762545,127.5
,"Census Region 1: Northeast","CENS-R1","2008","2008","38 years","38",995,798165,124.7
,"Census Region 1: Northeast","CENS-R1","2008","2008","39 years","39",1040,759033,137.0
,"Census Region 1: Northeast","CENS-R1","2008","2008","40 years","40",1103,759221,145.3
,"Census Region 1: Northeast","CENS-R1","2008","2008","41 years","41",1318,771781,170.8
,"Census Region 1: Northeast","CENS-R1","2008","2008","42 years","42",1473,801893,183.7
,"Census Region 1: Northeast","CENS-R1","2008","2008","43 years","43",1658,856025,193.7
,"Census Region 1: Northeast","CENS-R1","2008","2008","44 years","44",1937,860618,225.1
,"Census Region 1: Northeast","CENS-R1","2008","2008","45 years","45",2045,848060,241.1
,"Census Region 1: Northeast","CENS-R1","2008","2008","46 years","46",2228,854879,260.6
,"Census Region 1: Northeast","CENS-R1","2008","2008","47 years","47",2496,871001,286.6
,"Census Region 1: Northeast","CENS-R1","2008","2008","48 years","48",2731,885453,308.4
,"Census Region 1: Northeast","CENS-R1","2008","2008","49 years","49",2981,857674,347.6
,"Census Region 1: Northeast","CENS-R1","2008","2008","50 years","50",3144,847459,371.0
,"Census Region 1: Northeast","CENS-R1","2008","2008","51 years","51",3324,843146,394.2
,"Census Region 1: Northeast","CENS-R1","2008","2008","52 years","52",3596,805550,446.4
,"Census Region 1: Northeast","CENS-R1","2008","2008","53 years","53",3662,813423,450.2
,"Census Region 1: Northeast","CENS-R1","2008","2008","54 years","54",3849,772917,498.0
,"Census Region 1: Northeast","CENS-R1","2008","2008","55 years","55",4146,743525,557.6
,"Census Region 1: Northeast","CENS-R1","2008","2008","56 years","56",4252,720959,589.8
,"Census Region 1: Northeast","CENS-R1","2008","2008","57 years","57",4292,699374,613.7
,"Census Region 1: Northeast","CENS-R1","2008","2008","58 years","58",4728,698752,676.6
,"Census Region 1: Northeast","CENS-R1","2008","2008","59 years","59",4952,664490,745.2
,"Census Region 1: Northeast","CENS-R1","2008","2008","60 years","60",5375,653450,822.6
,"Census Region 1: Northeast","CENS-R1","2008","2008","61 years","61",5941,710877,835.7
,"Census Region 1: Northeast","CENS-R1","2008","2008","62 years","62",5022,516831,971.7
,"Census Region 1: Northeast","CENS-R1","2008","2008","63 years","63",5128,503342,1018.8
,"Census Region 1: Northeast","CENS-R1","2008","2008","64 years","64",5817,492134,1182.0
,"Census Region 1: Northeast","CENS-R1","2008","2008","65 years","65",6486,527903,1228.6
,"Census Region 1: Northeast","CENS-R1","2008","2008","66 years","66",6047,447469,1351.4
,"Census Region 1: Northeast","CENS-R1","2008","2008","67 years","67",5967,406333,1468.5
,"Census Region 1: Northeast","CENS-R1","2008","2008","68 years","68",6201,395814,1566.6
,"Census Region 1: Northeast","CENS-R1","2008","2008","69 years","69",6623,371243,1784.0
,"Census Region 1: Northeast","CENS-R1","2008","2008","70 years","70",7024,362649,1936.9
,"Census Region 1: Northeast","CENS-R1","2008","2008","71 years","71",7082,343049,2064.4
,"Census Region 1: Northeast","CENS-R1","2008","2008","72 years","72",7908,331210,2387.6
,"Census Region 1: Northeast","CENS-R1","2008","2008","73 years","73",8225,332868,2470.9
,"Census Region 1: Northeast","CENS-R1","2008","2008","74 years","74",8395,300571,2793.0
,"Census Region 1: Northeast","CENS-R1","2008","2008","75 years","75",9168,295813,3099.3
,"Census Region 1: Northeast","CENS-R1","2008","2008","76 years","76",10056,299540,3357.1
,"Census Region 1: Northeast","CENS-R1","2008","2008","77 years","77",10949,293696,3728.0
,"Census Region 1: Northeast","CENS-R1","2008","2008","78 years","78",11827,295112,4007.6
,"Census Region 1: Northeast","CENS-R1","2008","2008","79 years","79",12793,275348,4646.1
,"Census Region 1: Northeast","CENS-R1","2008","2008","80 years","80",13402,268638,4988.9
,"Census Region 1: Northeast","CENS-R1","2008","2008","81 years","81",14251,256610,5553.6
,"Census Region 1: Northeast","CENS-R1","2008","2008","82 years","82",14801,240295,6159.5
,"Census Region 1: Northeast","CENS-R1","2008","2008","83 years","83",15793,232052,6805.8
,"Census Region 1: Northeast","CENS-R1","2008","2008","84 years","84",15961,208467,7656.4
,"Census Region 1: Northeast","CENS-R1","2008","2008","85 years","85",15991,Not Applicable,Not Applicable
,"Census Region 1: Northeast","CENS-R1","2008","2008","86 years","86",16436,Not Applicable,Not Applicable
,"Census Region 1: Northeast","CENS-R1","2008","2008","87 years","87",16133,Not Applicable,Not Applicable
,"Census Region 1: Northeast","CENS-R1","2008","2008","88 years","88",15499,Not Applicable,Not Applicable
,"Census Region 1: Northeast","CENS-R1","2008","2008","89 years","89",14182,Not Applicable,Not Applicable
,"Census Region 1: Northeast","CENS-R1","2008","2008","90 years","90",13630,Not Applicable,Not Applicable
,"Census Region 1: Northeast","CENS-R1","2008","2008","91 years","91",12196,Not Applicable,Not Applicable
,"Census Region 1: Northeast","CENS-R1","2008","2008","92 years","92",10926,Not Applicable,Not Applicable
,"Census Region 1: Northeast","CENS-R1","2008","2008","93 years","93",9784,Not Applicable,Not Applicable
,"Census Region 1: Northeast","CENS-R1","2008","2008","94 years","94",8234,Not Applicable,Not Applicable
,"Census Region 1: Northeast","CENS-R1","2008","2008","95 years","95",6958,Not Applicable,Not Applicable
,"Census Region 1: Northeast","CENS-R1","2008","2008","96 years","96",5402,Not Applicable,Not Applicable
,"Census Region 1: Northeast","CENS-R1","2008","2008","97 years","97",4186,Not Applicable,Not Applicable
,"Census Region 1: Northeast","CENS-R1","2008","2008","98 years","98",3191,Not Applicable,Not Applicable
,"Census Region 1: Northeast","CENS-R1","2008","2008","99 years","99",2302,Not Applicable,Not Applicable
,"Census Region 1: Northeast","CENS-R1","2009","2009","1 year","1",186,645919,28.8
,"Census Region 1: Northeast","CENS-R1","2009","2009","2 years","2",127,652282,19.5
,"Census Region 1: Northeast","CENS-R1","2009","2009","3 years","3",115,643733,17.9
,"Census Region 1: Northeast","CENS-R1","2009","2009","4 years","4",84,646728,13.0
,"Census Region 1: Northeast","CENS-R1","2009","2009","5 years","5",73,668632,10.9
,"Census Region 1: Northeast","CENS-R1","2009","2009","6 years","6",68,663035,10.3
,"Census Region 1: Northeast","CENS-R1","2009","2009","7 years","7",64,661952,9.7
,"Census Region 1: Northeast","CENS-R1","2009","2009","8 years","8",60,676160,8.9
,"Census Region 1: Northeast","CENS-R1","2009","2009","9 years","9",80,666482,12.0
,"Census Region 1: Northeast","CENS-R1","2009","2009","10 years","10",66,692256,9.5
,"Census Region 1: Northeast","CENS-R1","2009","2009","11 years","11",65,686767,9.5
,"Census Region 1: Northeast","CENS-R1","2009","2009","12 years","12",81,701026,11.6
,"Census Region 1: Northeast","CENS-R1","2009","2009","13 years","13",93,718155,12.9
,"Census Region 1: Northeast","CENS-R1","2009","2009","14 years","14",116,727749,15.9
,"Census Region 1: Northeast","CENS-R1","2009","2009","15 years","15",155,744721,20.8
,"Census Region 1: Northeast","CENS-R1","2009","2009","16 years","16",226,768553,29.4
,"Census Region 1: Northeast","CENS-R1","2009","2009","17 years","17",303,779198,38.9
,"Census Region 1: Northeast","CENS-R1","2009","2009","18 years","18",394,810815,48.6
,"Census Region 1: Northeast","CENS-R1","2009","2009","19 years","19",489,831473,58.8
,"Census Region 1: Northeast","CENS-R1","2009","2009","20 years","20",499,785769,63.5
,"Census Region 1: Northeast","CENS-R1","2009","2009","21 years","21",573,768159,74.6
,"Census Region 1: Northeast","CENS-R1","2009","2009","22 years","22",534,742212,71.9
,"Census Region 1: Northeast","CENS-R1","2009","2009","23 years","23",576,733392,78.5
,"Census Region 1: Northeast","CENS-R1","2009","2009","24 years","24",617,736223,83.8
,"Census Region 1: Northeast","CENS-R1","2009","2009","25 years","25",573,723567,79.2
,"Census Region 1: Northeast","CENS-R1","2009","2009","26 years","26",590,728595,81.0
,"Census Region 1: Northeast","CENS-R1","2009","2009","27 years","27",576,711793,80.9
,"Census Region 1: Northeast","CENS-R1","2009","2009","28 years","28",636,719583,88.4
,"Census Region 1: Northeast","CENS-R1","2009","2009","29 years","29",636,713877,89.1
,"Census Region 1: Northeast","CENS-R1","2009","2009","30 years","30",610,711369,85.8
,"Census Region 1: Northeast","CENS-R1","2009","2009","31 years","31",576,674238,85.4
,"Census Region 1: Northeast","CENS-R1","2009","2009","32 years","32",642,674393,95.2
,"Census Region 1: Northeast","CENS-R1","2009","2009","33 years","33",626,651148,96.1
,"Census Region 1: Northeast","CENS-R1","2009","2009","34 years","34",618,664779,93.0
,"Census Region 1: Northeast","CENS-R1","2009","2009","35 years","35",638,659746,96.7
,"Census Region 1: Northeast","CENS-R1","2009","2009","36 years","36",716,674998,106.1
,"Census Region 1: Northeast","CENS-R1","2009","2009","37 years","37",870,708174,122.9
,"Census Region 1: Northeast","CENS-R1","2009","2009","38 years","38",928,763768,121.5
,"Census Region 1: Northeast","CENS-R1","2009","2009","39 years","39",1054,797714,132.1
,"Census Region 1: Northeast","CENS-R1","2009","2009","40 years","40",1213,756527,160.3
,"Census Region 1: Northeast","CENS-R1","2009","2009","41 years","41",1267,761908,166.3
,"Census Region 1: Northeast","CENS-R1","2009","2009","42 years","42",1449,770451,188.1
,"Census Region 1: Northeast","CENS-R1","2009","2009","43 years","43",1569,802287,195.6
,"Census Region 1: Northeast","CENS-R1","2009","2009","44 years","44",1824,849792,214.6
,"Census Region 1: Northeast","CENS-R1","2009","2009","45 years","45",2053,854456,240.3
,"Census Region 1: Northeast","CENS-R1","2009","2009","46 years","46",2258,849536,265.8
,"Census Region 1: Northeast","CENS-R1","2009","2009","47 years","47",2397,855803,280.1
,"Census Region 1: Northeast","CENS-R1","2009","2009","48 years","48",2714,864477,313.9
,"Census Region 1: Northeast","CENS-R1","2009","2009","49 years","49",2950,886590,332.7
,"Census Region 1: Northeast","CENS-R1","2009","2009","50 years","50",3203,847964,377.7
,"Census Region 1: Northeast","CENS-R1","2009","2009","51 years","51",3370,857296,393.1
,"Census Region 1: Northeast","CENS-R1","2009","2009","52 years","52",3641,836394,435.3
,"Census Region 1: Northeast","CENS-R1","2009","2009","53 years","53",3721,807900,460.6
,"Census Region 1: Northeast","CENS-R1","2009","2009","54 years","54",3972,813492,488.3
,"Census Region 1: Northeast","CENS-R1","2009","2009","55 years","55",4189,761199,550.3
,"Census Region 1: Northeast","CENS-R1","2009","2009","56 years","56",4343,745111,582.9
,"Census Region 1: Northeast","CENS-R1","2009","2009","57 years","57",4555,713387,638.5
,"Census Region 1: Northeast","CENS-R1","2009","2009","58 years","58",4574,695479,657.7
,"Census Region 1: Northeast","CENS-R1","2009","2009","59 years","59",4818,689633,698.6
,"Census Region 1: Northeast","CENS-R1","2009","2009","60 years","60",5198,649098,800.8
,"Census Region 1: Northeast","CENS-R1","2009","2009","61 years","61",5614,658716,852.3
,"Census Region 1: Northeast","CENS-R1","2009","2009","62 years","62",6209,702787,883.5
,"Census Region 1: Northeast","CENS-R1","2009","2009","63 years","63",5448,507185,1074.2
,"Census Region 1: Northeast","CENS-R1","2009","2009","64 years","64",5387,496383,1085.3
,"Census Region 1: Northeast","CENS-R1","2009","2009","65 years","65",5914,485914,1217.1
,"Census Region 1: Northeast","CENS-R1","2009","2009","66 years","66",6670,516630,1291.1
,"Census Region 1: Northeast","CENS-R1","2009","2009","67 years","67",6413,441307,1453.2
,"Census Region 1: Northeast","CENS-R1","2009","2009","68 years","68",6295,398971,1577.8
,"Census Region 1: Northeast","CENS-R1","2009","2009","69 years","69",6452,387383,1665.5
,"Census Region 1: Northeast","CENS-R1","2009","2009","70 years","70",6899,359651,1918.2
,"Census Region 1: Northeast","CENS-R1","2009","2009","71 years","71",7138,358646,1990.3
,"Census Region 1: Northeast","CENS-R1","2009","2009","72 years","72",7433,332209,2237.4
,"Census Region 1: Northeast","CENS-R1","2009","2009","73 years","73",7789,324577,2399.7
,"Census Region 1: Northeast","CENS-R1","2009","2009","74 years","74",8350,321143,2600.1
,"Census Region 1: Northeast","CENS-R1","2009","2009","75 years","75",8677,285919,3034.8
,"Census Region 1: Northeast","CENS-R1","2009","2009","76 years","76",9577,291368,3286.9
,"Census Region 1: Northeast","CENS-R1","2009","2009","77 years","77",10257,287056,3573.2
,"Census Region 1: Northeast","CENS-R1","2009","2009","78 years","78",11425,281936,4052.3
,"Census Region 1: Northeast","CENS-R1","2009","2009","79 years","79",12006,282443,4250.8
,"Census Region 1: Northeast","CENS-R1","2009","2009","80 years","80",12620,258745,4877.4
,"Census Region 1: Northeast","CENS-R1","2009","2009","81 years","81",13683,257609,5311.5
,"Census Region 1: Northeast","CENS-R1","2009","2009","82 years","82",14510,240966,6021.6
,"Census Region 1: Northeast","CENS-R1","2009","2009","83 years","83",14801,225979,6549.7
,"Census Region 1: Northeast","CENS-R1","2009","2009","84 years","84",15527,213676,7266.6
,"Census Region 1: Northeast","CENS-R1","2009","2009","85 years","85",15711,Not Applicable,Not Applicable
,"Census Region 1: Northeast","CENS-R1","2009","2009","86 years","86",15653,Not Applicable,Not Applicable
,"Census Region 1: Northeast","CENS-R1","2009","2009","87 years","87",15741,Not Applicable,Not Applicable
,"Census Region 1: Northeast","CENS-R1","2009","2009","88 years","88",15560,Not Applicable,Not Applicable
,"Census Region 1: Northeast","CENS-R1","2009","2009","89 years","89",14586,Not Applicable,Not Applicable
,"Census Region 1: Northeast","CENS-R1","2009","2009","90 years","90",12965,Not Applicable,Not Applicable
,"Census Region 1: Northeast","CENS-R1","2009","2009","91 years","91",11965,Not Applicable,Not Applicable
,"Census Region 1: Northeast","CENS-R1","2009","2009","92 years","92",10860,Not Applicable,Not Applicable
,"Census Region 1: Northeast","CENS-R1","2009","2009","93 years","93",9619,Not Applicable,Not Applicable
,"Census Region 1: Northeast","CENS-R1","2009","2009","94 years","94",8305,Not Applicable,Not Applicable
,"Census Region 1: Northeast","CENS-R1","2009","2009","95 years","95",6771,Not Applicable,Not Applicable
,"Census Region 1: Northeast","CENS-R1","2009","2009","96 years","96",5431,Not Applicable,Not Applicable
,"Census Region 1: Northeast","CENS-R1","2009","2009","97 years","97",4250,Not Applicable,Not Applicable
,"Census Region 1: Northeast","CENS-R1","2009","2009","98 years","98",3097,Not Applicable,Not Applicable
,"Census Region 1: Northeast","CENS-R1","2009","2009","99 years","99",2344,Not Applicable,Not Applicable
,"Census Region 1: Northeast","CENS-R1","2010","2010","1 year","1",203,632649,32.1
,"Census Region 1: Northeast","CENS-R1","2010","2010","2 years","2",128,650871,19.7
,"Census Region 1: Northeast","CENS-R1","2010","2010","3 years","3",89,656541,13.6
,"Census Region 1: Northeast","CENS-R1","2010","2010","4 years","4",78,653283,11.9
,"Census Region 1: Northeast","CENS-R1","2010","2010","5 years","5",54,657894,8.2
,"Census Region 1: Northeast","CENS-R1","2010","2010","6 years","6",60,666099,9.0
,"Census Region 1: Northeast","CENS-R1","2010","2010","7 years","7",54,663609,8.1
,"Census Region 1: Northeast","CENS-R1","2010","2010","8 years","8",67,667843,10.0
,"Census Region 1: Northeast","CENS-R1","2010","2010","9 years","9",48,682119,7.0
,"Census Region 1: Northeast","CENS-R1","2010","2010","10 years","10",63,693932,9.1
,"Census Region 1: Northeast","CENS-R1","2010","2010","11 years","11",82,690074,11.9
,"Census Region 1: Northeast","CENS-R1","2010","2010","12 years","12",79,693594,11.4
,"Census Region 1: Northeast","CENS-R1","2010","2010","13 years","13",76,703728,10.8
,"Census Region 1: Northeast","CENS-R1","2010","2010","14 years","14",111,719586,15.4
,"Census Region 1: Northeast","CENS-R1","2010","2010","15 years","15",144,739868,19.5
,"Census Region 1: Northeast","CENS-R1","2010","2010","16 years","16",225,756338,29.7
,"Census Region 1: Northeast","CENS-R1","2010","2010","17 years","17",277,774209,35.8
,"Census Region 1: Northeast","CENS-R1","2010","2010","18 years","18",420,798773,52.6
,"Census Region 1: Northeast","CENS-R1","2010","2010","19 years","19",488,821833,59.4
,"Census Region 1: Northeast","CENS-R1","2010","2010","20 years","20",540,809141,66.7
,"Census Region 1: Northeast","CENS-R1","2010","2010","21 years","21",613,776860,78.9
,"Census Region 1: Northeast","CENS-R1","2010","2010","22 years","22",562,756210,74.3
,"Census Region 1: Northeast","CENS-R1","2010","2010","23 years","23",605,735076,82.3
,"Census Region 1: Northeast","CENS-R1","2010","2010","24 years","24",632,742808,85.1
,"Census Region 1: Northeast","CENS-R1","2010","2010","25 years","25",624,739851,84.3
,"Census Region 1: Northeast","CENS-R1","2010","2010","26 years","26",596,714762,83.4
,"Census Region 1: Northeast","CENS-R1","2010","2010","27 years","27",587,727650,80.7
,"Census Region 1: Northeast","CENS-R1","2010","2010","28 years","28",585,719301,81.3
,"Census Region 1: Northeast","CENS-R1","2010","2010","29 years","29",616,715991,86.0
,"Census Region 1: Northeast","CENS-R1","2010","2010","30 years","30",619,733669,84.4
,"Census Region 1: Northeast","CENS-R1","2010","2010","31 years","31",582,679327,85.7
,"Census Region 1: Northeast","CENS-R1","2010","2010","32 years","32",630,682485,92.3
,"Census Region 1: Northeast","CENS-R1","2010","2010","33 years","33",604,660690,91.4
,"Census Region 1: Northeast","CENS-R1","2010","2010","34 years","34",587,657729,89.2
,"Census Region 1: Northeast","CENS-R1","2010","2010","35 years","35",692,680962,101.6
,"Census Region 1: Northeast","CENS-R1","2010","2010","36 years","36",731,652562,112.0
,"Census Region 1: Northeast","CENS-R1","2010","2010","37 years","37",721,679004,106.2
,"Census Region 1: Northeast","CENS-R1","2010","2010","38 years","38",861,720150,119.6
,"Census Region 1: Northeast","CENS-R1","2010","2010","39 years","39",971,776853,125.0
,"Census Region 1: Northeast","CENS-R1","2010","2010","40 years","40",1127,795726,141.6
,"Census Region 1: Northeast","CENS-R1","2010","2010","41 years","41",1228,754675,162.7
,"Census Region 1: Northeast","CENS-R1","2010","2010","42 years","42",1250,761952,164.1
,"Census Region 1: Northeast","CENS-R1","2010","2010","43 years","43",1480,775414,190.9
,"Census Region 1: Northeast","CENS-R1","2010","2010","44 years","44",1691,804045,210.3
,"Census Region 1: Northeast","CENS-R1","2010","2010","45 years","45",1865,856103,217.8
,"Census Region 1: Northeast","CENS-R1","2010","2010","46 years","46",2158,852462,253.1
,"Census Region 1: Northeast","CENS-R1","2010","2010","47 years","47",2427,850239,285.4
,"Census Region 1: Northeast","CENS-R1","2010","2010","48 years","48",2537,852024,297.8
,"Census Region 1: Northeast","CENS-R1","2010","2010","49 years","49",2962,867513,341.4
,"Census Region 1: Northeast","CENS-R1","2010","2010","50 years","50",3085,880328,350.4
,"Census Region 1: Northeast","CENS-R1","2010","2010","51 years","51",3270,849998,384.7
,"Census Region 1: Northeast","CENS-R1","2010","2010","52 years","52",3566,852970,418.1
,"Census Region 1: Northeast","CENS-R1","2010","2010","53 years","53",3816,826172,461.9
,"Census Region 1: Northeast","CENS-R1","2010","2010","54 years","54",3918,808003,484.9
,"Census Region 1: Northeast","CENS-R1","2010","2010","55 years","55",4123,799592,515.6
,"Census Region 1: Northeast","CENS-R1","2010","2010","56 years","56",4433,752241,589.3
,"Census Region 1: Northeast","CENS-R1","2010","2010","57 years","57",4489,735838,610.1
,"Census Region 1: Northeast","CENS-R1","2010","2010","58 years","58",4879,707779,689.3
,"Census Region 1: Northeast","CENS-R1","2010","2010","59 years","59",4867,677711,718.2
,"Census Region 1: Northeast","CENS-R1","2010","2010","60 years","60",5211,674239,772.9
,"Census Region 1: Northeast","CENS-R1","2010","2010","61 years","61",5325,649557,819.8
,"Census Region 1: Northeast","CENS-R1","2010","2010","62 years","62",6077,667004,911.1
,"Census Region 1: Northeast","CENS-R1","2010","2010","63 years","63",6464,654357,987.8
,"Census Region 1: Northeast","CENS-R1","2010","2010","64 years","64",5601,491586,1139.4
,"Census Region 1: Northeast","CENS-R1","2010","2010","65 years","65",5704,490415,1163.1
,"Census Region 1: Northeast","CENS-R1","2010","2010","66 years","66",6369,483680,1316.8
,"Census Region 1: Northeast","CENS-R1","2010","2010","67 years","67",6885,498133,1382.2
,"Census Region 1: Northeast","CENS-R1","2010","2010","68 years","68",6734,425456,1582.8
,"Census Region 1: Northeast","CENS-R1","2010","2010","69 years","69",6608,387623,1704.7
,"Census Region 1: Northeast","CENS-R1","2010","2010","70 years","70",6741,372213,1811.1
,"Census Region 1: Northeast","CENS-R1","2010","2010","71 years","71",7243,355994,2034.6
,"Census Region 1: Northeast","CENS-R1","2010","2010","72 years","72",7620,344424,2212.4
,"Census Region 1: Northeast","CENS-R1","2010","2010","73 years","73",7664,323396,2369.8
,"Census Region 1: Northeast","CENS-R1","2010","2010","74 years","74",8380,314474,2664.8
,"Census Region 1: Northeast","CENS-R1","2010","2010","75 years","75",8822,304410,2898.1
,"Census Region 1: Northeast","CENS-R1","2010","2010","76 years","76",8995,280767,3203.7
,"Census Region 1: Northeast","CENS-R1","2010","2010","77 years","77",10064,282153,3566.9
,"Census Region 1: Northeast","CENS-R1","2010","2010","78 years","78",10714,276309,3877.5
,"Census Region 1: Northeast","CENS-R1","2010","2010","79 years","79",11589,274332,4224.4
,"Census Region 1: Northeast","CENS-R1","2010","2010","80 years","80",12246,264655,4627.2
,"Census Region 1: Northeast","CENS-R1","2010","2010","81 years","81",13216,249219,5303.0
,"Census Region 1: Northeast","CENS-R1","2010","2010","82 years","82",14168,243103,5828.0
,"Census Region 1: Northeast","CENS-R1","2010","2010","83 years","83",14699,225509,6518.1
,"Census Region 1: Northeast","CENS-R1","2010","2010","84 years","84",15360,208866,7354.0
,"Census Region 1: Northeast","CENS-R1","2010","2010","85 years","85",15997,Not Applicable,Not Applicable
,"Census Region 1: Northeast","CENS-R1","2010","2010","86 years","86",15886,Not Applicable,Not Applicable
,"Census Region 1: Northeast","CENS-R1","2010","2010","87 years","87",15768,Not Applicable,Not Applicable
,"Census Region 1: Northeast","CENS-R1","2010","2010","88 years","88",15876,Not Applicable,Not Applicable
,"Census Region 1: Northeast","CENS-R1","2010","2010","89 years","89",15057,Not Applicable,Not Applicable
,"Census Region 1: Northeast","CENS-R1","2010","2010","90 years","90",14232,Not Applicable,Not Applicable
,"Census Region 1: Northeast","CENS-R1","2010","2010","91 years","91",12024,Not Applicable,Not Applicable
,"Census Region 1: Northeast","CENS-R1","2010","2010","92 years","92",11452,Not Applicable,Not Applicable
,"Census Region 1: Northeast","CENS-R1","2010","2010","93 years","93",9906,Not Applicable,Not Applicable
,"Census Region 1: Northeast","CENS-R1","2010","2010","94 years","94",8425,Not Applicable,Not Applicable
,"Census Region 1: Northeast","CENS-R1","2010","2010","95 years","95",7106,Not Applicable,Not Applicable
,"Census Region 1: Northeast","CENS-R1","2010","2010","96 years","96",5746,Not Applicable,Not Applicable
,"Census Region 1: Northeast","CENS-R1","2010","2010","97 years","97",4423,Not Applicable,Not Applicable
,"Census Region 1: Northeast","CENS-R1","2010","2010","98 years","98",3361,Not Applicable,Not Applicable
,"Census Region 1: Northeast","CENS-R1","2010","2010","99 years","99",2483,Not Applicable,Not Applicable
,"Census Region 1: Northeast","CENS-R1","2011","2011","1 year","1",194,632536,30.7
,"Census Region 1: Northeast","CENS-R1","2011","2011","2 years","2",120,629274,19.1
,"Census Region 1: Northeast","CENS-R1","2011","2011","3 years","3",111,649467,17.1
,"Census Region 1: Northeast","CENS-R1","2011","2011","4 years","4",80,654224,12.2
,"Census Region 1: Northeast","CENS-R1","2011","2011","5 years","5",62,654855,9.5
,"Census Region 1: Northeast","CENS-R1","2011","2011","6 years","6",83,658123,12.6
,"Census Region 1: Northeast","CENS-R1","2011","2011","7 years","7",71,665895,10.7
,"Census Region 1: Northeast","CENS-R1","2011","2011","8 years","8",77,665311,11.6
,"Census Region 1: Northeast","CENS-R1","2011","2011","9 years","9",71,663928,10.7
,"Census Region 1: Northeast","CENS-R1","2011","2011","10 years","10",57,677966,8.4
,"Census Region 1: Northeast","CENS-R1","2011","2011","11 years","11",65,696277,9.3
,"Census Region 1: Northeast","CENS-R1","2011","2011","12 years","12",82,690138,11.9
,"Census Region 1: Northeast","CENS-R1","2011","2011","13 years","13",79,695146,11.4
,"Census Region 1: Northeast","CENS-R1","2011","2011","14 years","14",120,704518,17.0
,"Census Region 1: Northeast","CENS-R1","2011","2011","15 years","15",130,716658,18.1
,"Census Region 1: Northeast","CENS-R1","2011","2011","16 years","16",209,738443,28.3
,"Census Region 1: Northeast","CENS-R1","2011","2011","17 years","17",285,757144,37.6
,"Census Region 1: Northeast","CENS-R1","2011","2011","18 years","18",406,803198,50.5
,"Census Region 1: Northeast","CENS-R1","2011","2011","19 years","19",433,802664,53.9
,"Census Region 1: Northeast","CENS-R1","2011","2011","20 years","20",500,807970,61.9
,"Census Region 1: Northeast","CENS-R1","2011","2011","21 years","21",646,801202,80.6
,"Census Region 1: Northeast","CENS-R1","2011","2011","22 years","22",659,756100,87.2
,"Census Region 1: Northeast","CENS-R1","2011","2011","23 years","23",628,749205,83.8
,"Census Region 1: Northeast","CENS-R1","2011","2011","24 years","24",631,744080,84.8
,"Census Region 1: Northeast","CENS-R1","2011","2011","25 years","25",622,757595,82.1
,"Census Region 1: Northeast","CENS-R1","2011","2011","26 years","26",658,746879,88.1
,"Census Region 1: Northeast","CENS-R1","2011","2011","27 years","27",589,719885,81.8
,"Census Region 1: Northeast","CENS-R1","2011","2011","28 years","28",663,728110,91.1
,"Census Region 1: Northeast","CENS-R1","2011","2011","29 years","29",709,726814,97.5
,"Census Region 1: Northeast","CENS-R1","2011","2011","30 years","30",639,714658,89.4
,"Census Region 1: Northeast","CENS-R1","2011","2011","31 years","31",699,738085,94.7
,"Census Region 1: Northeast","CENS-R1","2011","2011","32 years","32",716,692349,103.4
,"Census Region 1: Northeast","CENS-R1","2011","2011","33 years","33",667,679616,98.1
,"Census Region 1: Northeast","CENS-R1","2011","2011","34 years","34",705,669440,105.3
,"Census Region 1: Northeast","CENS-R1","2011","2011","35 years","35",666,654588,101.7
,"Census Region 1: Northeast","CENS-R1","2011","2011","36 years","36",750,679286,110.4
,"Census Region 1: Northeast","CENS-R1","2011","2011","37 years","37",761,656266,116.0
,"Census Region 1: Northeast","CENS-R1","2011","2011","38 years","38",801,671147,119.3
,"Census Region 1: Northeast","CENS-R1","2011","2011","39 years","39",979,711765,137.5
,"Census Region 1: Northeast","CENS-R1","2011","2011","40 years","40",1147,767384,149.5
,"Census Region 1: Northeast","CENS-R1","2011","2011","41 years","41",1224,795169,153.9
,"Census Region 1: Northeast","CENS-R1","2011","2011","42 years","42",1335,761369,175.3
,"Census Region 1: Northeast","CENS-R1","2011","2011","43 years","43",1446,761158,190.0
,"Census Region 1: Northeast","CENS-R1","2011","2011","44 years","44",1603,770680,208.0
,"Census Region 1: Northeast","CENS-R1","2011","2011","45 years","45",1807,794688,227.4
,"Census Region 1: Northeast","CENS-R1","2011","2011","46 years","46",2111,838879,251.6
,"Census Region 1: Northeast","CENS-R1","2011","2011","47 years","47",2343,849919,275.7
,"Census Region 1: Northeast","CENS-R1","2011","2011","48 years","48",2521,846602,297.8
,"Census Region 1: Northeast","CENS-R1","2011","2011","49 years","49",2747,846124,324.7
,"Census Region 1: Northeast","CENS-R1","2011","2011","50 years","50",3127,861949,362.8
,"Census Region 1: Northeast","CENS-R1","2011","2011","51 years","51",3328,871891,381.7
,"Census Region 1: Northeast","CENS-R1","2011","2011","52 years","52",3644,850086,428.7
,"Census Region 1: Northeast","CENS-R1","2011","2011","53 years","53",3766,843664,446.4
,"Census Region 1: Northeast","CENS-R1","2011","2011","54 years","54",4081,830967,491.1
,"Census Region 1: Northeast","CENS-R1","2011","2011","55 years","55",4229,800521,528.3
,"Census Region 1: Northeast","CENS-R1","2011","2011","56 years","56",4575,793411,576.6
,"Census Region 1: Northeast","CENS-R1","2011","2011","57 years","57",4715,755014,624.5
,"Census Region 1: Northeast","CENS-R1","2011","2011","58 years","58",4861,730037,665.9
,"Census Region 1: Northeast","CENS-R1","2011","2011","59 years","59",5167,701324,736.7
,"Census Region 1: Northeast","CENS-R1","2011","2011","60 years","60",5188,679381,763.6
,"Census Region 1: Northeast","CENS-R1","2011","2011","61 years","61",5472,663956,824.2
,"Census Region 1: Northeast","CENS-R1","2011","2011","62 years","62",5814,644625,901.9
,"Census Region 1: Northeast","CENS-R1","2011","2011","63 years","63",6273,643045,975.5
,"Census Region 1: Northeast","CENS-R1","2011","2011","64 years","64",7141,674965,1058.0
,"Census Region 1: Northeast","CENS-R1","2011","2011","65 years","65",5840,491462,1188.3
,"Census Region 1: Northeast","CENS-R1","2011","2011","66 years","66",6043,479900,1259.2
,"Census Region 1: Northeast","CENS-R1","2011","2011","67 years","67",6561,470045,1395.8
,"Census Region 1: Northeast","CENS-R1","2011","2011","68 years","68",7464,495709,1505.7
,"Census Region 1: Northeast","CENS-R1","2011","2011","69 years","69",6992,422344,1655.5
,"Census Region 1: Northeast","CENS-R1","2011","2011","70 years","70",7032,382885,1836.6
,"Census Region 1: Northeast","CENS-R1","2011","2011","71 years","71",7345,366537,2003.9
,"Census Region 1: Northeast","CENS-R1","2011","2011","72 years","72",7515,347529,2162.4
,"Census Region 1: Northeast","CENS-R1","2011","2011","73 years","73",7928,338401,2342.8
,"Census Region 1: Northeast","CENS-R1","2011","2011","74 years","74",8266,316419,2612.4
,"Census Region 1: Northeast","CENS-R1","2011","2011","75 years","75",8637,304503,2836.4
,"Census Region 1: Northeast","CENS-R1","2011","2011","76 years","76",9476,296014,3201.2
,"Census Region 1: Northeast","CENS-R1","2011","2011","77 years","77",9614,272265,3531.1
,"Census Region 1: Northeast","CENS-R1","2011","2011","78 years","78",10517,269220,3906.5
,"Census Region 1: Northeast","CENS-R1","2011","2011","79 years","79",11400,264232,4314.4
,"Census Region 1: Northeast","CENS-R1","2011","2011","80 years","80",12384,257810,4803.5
,"Census Region 1: Northeast","CENS-R1","2011","2011","81 years","81",13331,253008,5269.0
,"Census Region 1: Northeast","CENS-R1","2011","2011","82 years","82",13950,234666,5944.6
,"Census Region 1: Northeast","CENS-R1","2011","2011","83 years","83",15135,226949,6668.9
,"Census Region 1: Northeast","CENS-R1","2011","2011","84 years","84",15546,210769,7375.8
,"Census Region 1: Northeast","CENS-R1","2011","2011","85 years","85",15719,Not Applicable,Not Applicable
,"Census Region 1: Northeast","CENS-R1","2011","2011","86 years","86",16259,Not Applicable,Not Applicable
,"Census Region 1: Northeast","CENS-R1","2011","2011","87 years","87",16446,Not Applicable,Not Applicable
,"Census Region 1: Northeast","CENS-R1","2011","2011","88 years","88",15718,Not Applicable,Not Applicable
,"Census Region 1: Northeast","CENS-R1","2011","2011","89 years","89",15730,Not Applicable,Not Applicable
,"Census Region 1: Northeast","CENS-R1","2011","2011","90 years","90",14944,Not Applicable,Not Applicable
,"Census Region 1: Northeast","CENS-R1","2011","2011","91 years","91",13621,Not Applicable,Not Applicable
,"Census Region 1: Northeast","CENS-R1","2011","2011","92 years","92",11644,Not Applicable,Not Applicable
,"Census Region 1: Northeast","CENS-R1","2011","2011","93 years","93",10456,Not Applicable,Not Applicable
,"Census Region 1: Northeast","CENS-R1","2011","2011","94 years","94",9005,Not Applicable,Not Applicable
,"Census Region 1: Northeast","CENS-R1","2011","2011","95 years","95",7456,Not Applicable,Not Applicable
,"Census Region 1: Northeast","CENS-R1","2011","2011","96 years","96",6167,Not Applicable,Not Applicable
,"Census Region 1: Northeast","CENS-R1","2011","2011","97 years","97",4805,Not Applicable,Not Applicable
,"Census Region 1: Northeast","CENS-R1","2011","2011","98 years","98",3554,Not Applicable,Not Applicable
,"Census Region 1: Northeast","CENS-R1","2011","2011","99 years","99",2683,Not Applicable,Not Applicable
,"Census Region 1: Northeast","CENS-R1","2012","2012","1 year","1",200,645873,31.0
,"Census Region 1: Northeast","CENS-R1","2012","2012","2 years","2",132,633956,20.8
,"Census Region 1: Northeast","CENS-R1","2012","2012","3 years","3",101,630362,16.0
,"Census Region 1: Northeast","CENS-R1","2012","2012","4 years","4",95,650195,14.6
,"Census Region 1: Northeast","CENS-R1","2012","2012","5 years","5",78,655036,11.9
,"Census Region 1: Northeast","CENS-R1","2012","2012","6 years","6",85,655875,13.0
,"Census Region 1: Northeast","CENS-R1","2012","2012","7 years","7",57,659910,8.6
,"Census Region 1: Northeast","CENS-R1","2012","2012","8 years","8",53,668589,7.9
,"Census Region 1: Northeast","CENS-R1","2012","2012","9 years","9",69,666954,10.3
,"Census Region 1: Northeast","CENS-R1","2012","2012","10 years","10",54,665784,8.1
,"Census Region 1: Northeast","CENS-R1","2012","2012","11 years","11",59,679742,8.7
,"Census Region 1: Northeast","CENS-R1","2012","2012","12 years","12",69,698014,9.9
,"Census Region 1: Northeast","CENS-R1","2012","2012","13 years","13",93,692928,13.4
,"Census Region 1: Northeast","CENS-R1","2012","2012","14 years","14",114,698251,16.3
,"Census Region 1: Northeast","CENS-R1","2012","2012","15 years","15",133,708064,18.8
,"Census Region 1: Northeast","CENS-R1","2012","2012","16 years","16",186,720634,25.8
,"Census Region 1: Northeast","CENS-R1","2012","2012","17 years","17",258,743303,34.7
,"Census Region 1: Northeast","CENS-R1","2012","2012","18 years","18",359,795668,45.1
,"Census Region 1: Northeast","CENS-R1","2012","2012","19 years","19",453,814084,55.6
,"Census Region 1: Northeast","CENS-R1","2012","2012","20 years","20",529,796282,66.4
,"Census Region 1: Northeast","CENS-R1","2012","2012","21 years","21",574,793595,72.3
,"Census Region 1: Northeast","CENS-R1","2012","2012","22 years","22",648,782358,82.8
,"Census Region 1: Northeast","CENS-R1","2012","2012","23 years","23",627,752133,83.4
,"Census Region 1: Northeast","CENS-R1","2012","2012","24 years","24",640,763364,83.8
,"Census Region 1: Northeast","CENS-R1","2012","2012","25 years","25",615,758460,81.1
,"Census Region 1: Northeast","CENS-R1","2012","2012","26 years","26",635,757468,83.8
,"Census Region 1: Northeast","CENS-R1","2012","2012","27 years","27",650,758817,85.7
,"Census Region 1: Northeast","CENS-R1","2012","2012","28 years","28",667,725888,91.9
,"Census Region 1: Northeast","CENS-R1","2012","2012","29 years","29",688,732553,93.9
,"Census Region 1: Northeast","CENS-R1","2012","2012","30 years","30",671,729798,91.9
,"Census Region 1: Northeast","CENS-R1","2012","2012","31 years","31",689,716742,96.1
,"Census Region 1: Northeast","CENS-R1","2012","2012","32 years","32",682,739262,92.3
,"Census Region 1: Northeast","CENS-R1","2012","2012","33 years","33",685,693512,98.8
,"Census Region 1: Northeast","CENS-R1","2012","2012","34 years","34",715,680947,105.0
,"Census Region 1: Northeast","CENS-R1","2012","2012","35 years","35",694,671403,103.4
,"Census Region 1: Northeast","CENS-R1","2012","2012","36 years","36",725,655877,110.5
,"Census Region 1: Northeast","CENS-R1","2012","2012","37 years","37",775,680033,114.0
,"Census Region 1: Northeast","CENS-R1","2012","2012","38 years","38",849,656604,129.3
,"Census Region 1: Northeast","CENS-R1","2012","2012","39 years","39",922,672491,137.1
,"Census Region 1: Northeast","CENS-R1","2012","2012","40 years","40",1024,712037,143.8
,"Census Region 1: Northeast","CENS-R1","2012","2012","41 years","41",1179,767422,153.6
,"Census Region 1: Northeast","CENS-R1","2012","2012","42 years","42",1295,795002,162.9
,"Census Region 1: Northeast","CENS-R1","2012","2012","43 years","43",1388,761049,182.4
,"Census Region 1: Northeast","CENS-R1","2012","2012","44 years","44",1516,760642,199.3
,"Census Region 1: Northeast","CENS-R1","2012","2012","45 years","45",1728,769887,224.4
,"Census Region 1: Northeast","CENS-R1","2012","2012","46 years","46",2045,793337,257.8
,"Census Region 1: Northeast","CENS-R1","2012","2012","47 years","47",2216,836625,264.9
,"Census Region 1: Northeast","CENS-R1","2012","2012","48 years","48",2415,847890,284.8
,"Census Region 1: Northeast","CENS-R1","2012","2012","49 years","49",2646,843693,313.6
,"Census Region 1: Northeast","CENS-R1","2012","2012","50 years","50",2992,842982,354.9
,"Census Region 1: Northeast","CENS-R1","2012","2012","51 years","51",3322,858415,387.0
,"Census Region 1: Northeast","CENS-R1","2012","2012","52 years","52",3485,867551,401.7
,"Census Region 1: Northeast","CENS-R1","2012","2012","53 years","53",3745,845693,442.8
,"Census Region 1: Northeast","CENS-R1","2012","2012","54 years","54",4102,838584,489.2
,"Census Region 1: Northeast","CENS-R1","2012","2012","55 years","55",4304,825513,521.4
,"Census Region 1: Northeast","CENS-R1","2012","2012","56 years","56",4578,795131,575.8
,"Census Region 1: Northeast","CENS-R1","2012","2012","57 years","57",4746,787536,602.6
,"Census Region 1: Northeast","CENS-R1","2012","2012","58 years","58",5018,748761,670.2
,"Census Region 1: Northeast","CENS-R1","2012","2012","59 years","59",5116,723114,707.5
,"Census Region 1: Northeast","CENS-R1","2012","2012","60 years","60",5387,693767,776.5
,"Census Region 1: Northeast","CENS-R1","2012","2012","61 years","61",5589,671200,832.7
,"Census Region 1: Northeast","CENS-R1","2012","2012","62 years","62",5864,655498,894.6
,"Census Region 1: Northeast","CENS-R1","2012","2012","63 years","63",6016,635520,946.6
,"Census Region 1: Northeast","CENS-R1","2012","2012","64 years","64",6607,632377,1044.8
,"Census Region 1: Northeast","CENS-R1","2012","2012","65 years","65",7202,663909,1084.8
,"Census Region 1: Northeast","CENS-R1","2012","2012","66 years","66",6124,482800,1268.4
,"Census Region 1: Northeast","CENS-R1","2012","2012","67 years","67",6443,471259,1367.2
,"Census Region 1: Northeast","CENS-R1","2012","2012","68 years","68",6999,460779,1518.9
,"Census Region 1: Northeast","CENS-R1","2012","2012","69 years","69",7723,485848,1589.6
,"Census Region 1: Northeast","CENS-R1","2012","2012","70 years","70",7489,413495,1811.1
,"Census Region 1: Northeast","CENS-R1","2012","2012","71 years","71",7323,374455,1955.6
,"Census Region 1: Northeast","CENS-R1","2012","2012","72 years","72",7483,357812,2091.3
,"Census Region 1: Northeast","CENS-R1","2012","2012","73 years","73",7876,338688,2325.4
,"Census Region 1: Northeast","CENS-R1","2012","2012","74 years","74",8309,329440,2522.2
,"Census Region 1: Northeast","CENS-R1","2012","2012","75 years","75",8652,306741,2820.6
,"Census Region 1: Northeast","CENS-R1","2012","2012","76 years","76",9310,294426,3162.1
,"Census Region 1: Northeast","CENS-R1","2012","2012","77 years","77",9823,286329,3430.7
,"Census Region 1: Northeast","CENS-R1","2012","2012","78 years","78",9949,262027,3796.9
,"Census Region 1: Northeast","CENS-R1","2012","2012","79 years","79",10762,258084,4170.0
,"Census Region 1: Northeast","CENS-R1","2012","2012","80 years","80",11731,252038,4654.5
,"Census Region 1: Northeast","CENS-R1","2012","2012","81 years","81",12624,245284,5146.7
,"Census Region 1: Northeast","CENS-R1","2012","2012","82 years","82",13984,239399,5841.3
,"Census Region 1: Northeast","CENS-R1","2012","2012","83 years","83",14267,220391,6473.5
,"Census Region 1: Northeast","CENS-R1","2012","2012","84 years","84",15006,211452,7096.6
,"Census Region 1: Northeast","CENS-R1","2012","2012","85 years","85",15480,Not Applicable,Not Applicable
,"Census Region 1: Northeast","CENS-R1","2012","2012","86 years","86",15896,Not Applicable,Not Applicable
,"Census Region 1: Northeast","CENS-R1","2012","2012","87 years","87",16144,Not Applicable,Not Applicable
,"Census Region 1: Northeast","CENS-R1","2012","2012","88 years","88",16129,Not Applicable,Not Applicable
,"Census Region 1: Northeast","CENS-R1","2012","2012","89 years","89",15389,Not Applicable,Not Applicable
,"Census Region 1: Northeast","CENS-R1","2012","2012","90 years","90",15161,Not Applicable,Not Applicable
,"Census Region 1: Northeast","CENS-R1","2012","2012","91 years","91",13804,Not Applicable,Not Applicable
,"Census Region 1: Northeast","CENS-R1","2012","2012","92 years","92",12213,Not Applicable,Not Applicable
,"Census Region 1: Northeast","CENS-R1","2012","2012","93 years","93",10387,Not Applicable,Not Applicable
,"Census Region 1: Northeast","CENS-R1","2012","2012","94 years","94",9286,Not Applicable,Not Applicable
,"Census Region 1: Northeast","CENS-R1","2012","2012","95 years","95",7681,Not Applicable,Not Applicable
,"Census Region 1: Northeast","CENS-R1","2012","2012","96 years","96",6103,Not Applicable,Not Applicable
,"Census Region 1: Northeast","CENS-R1","2012","2012","97 years","97",4923,Not Applicable,Not Applicable
,"Census Region 1: Northeast","CENS-R1","2012","2012","98 years","98",3690,Not Applicable,Not Applicable
,"Census Region 1: Northeast","CENS-R1","2012","2012","99 years","99",2664,Not Applicable,Not Applicable
,"Census Region 1: Northeast","CENS-R1","2013","2013","1 year","1",199,641381,31.0
,"Census Region 1: Northeast","CENS-R1","2013","2013","2 years","2",118,648152,18.2
,"Census Region 1: Northeast","CENS-R1","2013","2013","3 years","3",98,634775,15.4
,"Census Region 1: Northeast","CENS-R1","2013","2013","4 years","4",78,631317,12.4
,"Census Region 1: Northeast","CENS-R1","2013","2013","5 years","5",70,650039,10.8
,"Census Region 1: Northeast","CENS-R1","2013","2013","6 years","6",65,654703,9.9
,"Census Region 1: Northeast","CENS-R1","2013","2013","7 years","7",63,655152,9.6
,"Census Region 1: Northeast","CENS-R1","2013","2013","8 years","8",63,659049,9.6
,"Census Region 1: Northeast","CENS-R1","2013","2013","9 years","9",66,668047,9.9
,"Census Region 1: Northeast","CENS-R1","2013","2013","10 years","10",63,667095,9.4
,"Census Region 1: Northeast","CENS-R1","2013","2013","11 years","11",50,667236,7.5
,"Census Region 1: Northeast","CENS-R1","2013","2013","12 years","12",74,682482,10.8
,"Census Region 1: Northeast","CENS-R1","2013","2013","13 years","13",75,698958,10.7
,"Census Region 1: Northeast","CENS-R1","2013","2013","14 years","14",109,694201,15.7
,"Census Region 1: Northeast","CENS-R1","2013","2013","15 years","15",134,700034,19.1
,"Census Region 1: Northeast","CENS-R1","2013","2013","16 years","16",147,710281,20.7
,"Census Region 1: Northeast","CENS-R1","2013","2013","17 years","17",258,723025,35.7
,"Census Region 1: Northeast","CENS-R1","2013","2013","18 years","18",370,779106,47.5
,"Census Region 1: Northeast","CENS-R1","2013","2013","19 years","19",420,800156,52.5
,"Census Region 1: Northeast","CENS-R1","2013","2013","20 years","20",493,801428,61.5
,"Census Region 1: Northeast","CENS-R1","2013","2013","21 years","21",577,789577,73.1
,"Census Region 1: Northeast","CENS-R1","2013","2013","22 years","22",613,772197,79.4
,"Census Region 1: Northeast","CENS-R1","2013","2013","23 years","23",650,773154,84.1
,"Census Region 1: Northeast","CENS-R1","2013","2013","24 years","24",644,763925,84.3
,"Census Region 1: Northeast","CENS-R1","2013","2013","25 years","25",628,768317,81.7
,"Census Region 1: Northeast","CENS-R1","2013","2013","26 years","26",674,765959,88.0
,"Census Region 1: Northeast","CENS-R1","2013","2013","27 years","27",684,766346,89.3
,"Census Region 1: Northeast","CENS-R1","2013","2013","28 years","28",672,764401,87.9
,"Census Region 1: Northeast","CENS-R1","2013","2013","29 years","29",640,731277,87.5
,"Census Region 1: Northeast","CENS-R1","2013","2013","30 years","30",725,736712,98.4
,"Census Region 1: Northeast","CENS-R1","2013","2013","31 years","31",750,732242,102.4
,"Census Region 1: Northeast","CENS-R1","2013","2013","32 years","32",728,718742,101.3
,"Census Region 1: Northeast","CENS-R1","2013","2013","33 years","33",716,738621,96.9
,"Census Region 1: Northeast","CENS-R1","2013","2013","34 years","34",760,694959,109.4
,"Census Region 1: Northeast","CENS-R1","2013","2013","35 years","35",781,681290,114.6
,"Census Region 1: Northeast","CENS-R1","2013","2013","36 years","36",750,672498,111.5
,"Census Region 1: Northeast","CENS-R1","2013","2013","37 years","37",791,653956,121.0
,"Census Region 1: Northeast","CENS-R1","2013","2013","38 years","38",835,678875,123.0
,"Census Region 1: Northeast","CENS-R1","2013","2013","39 years","39",875,658506,132.9
,"Census Region 1: Northeast","CENS-R1","2013","2013","40 years","40",968,671912,144.1
,"Census Region 1: Northeast","CENS-R1","2013","2013","41 years","41",1114,710171,156.9
,"Census Region 1: Northeast","CENS-R1","2013","2013","42 years","42",1361,764561,178.0
,"Census Region 1: Northeast","CENS-R1","2013","2013","43 years","43",1459,790377,184.6
,"Census Region 1: Northeast","CENS-R1","2013","2013","44 years","44",1560,758606,205.6
,"Census Region 1: Northeast","CENS-R1","2013","2013","45 years","45",1641,755774,217.1
,"Census Region 1: Northeast","CENS-R1","2013","2013","46 years","46",1850,766093,241.5
,"Census Region 1: Northeast","CENS-R1","2013","2013","47 years","47",2092,788781,265.2
,"Census Region 1: Northeast","CENS-R1","2013","2013","48 years","48",2402,835533,287.5
,"Census Region 1: Northeast","CENS-R1","2013","2013","49 years","49",2713,847046,320.3
,"Census Region 1: Northeast","CENS-R1","2013","2013","50 years","50",3010,841863,357.5
,"Census Region 1: Northeast","CENS-R1","2013","2013","51 years","51",3268,839991,389.1
,"Census Region 1: Northeast","CENS-R1","2013","2013","52 years","52",3622,853153,424.5
,"Census Region 1: Northeast","CENS-R1","2013","2013","53 years","53",3819,862307,442.9
,"Census Region 1: Northeast","CENS-R1","2013","2013","54 years","54",4059,839360,483.6
,"Census Region 1: Northeast","CENS-R1","2013","2013","55 years","55",4386,833815,526.0
,"Census Region 1: Northeast","CENS-R1","2013","2013","56 years","56",4692,820783,571.6
,"Census Region 1: Northeast","CENS-R1","2013","2013","57 years","57",4815,789047,610.2
,"Census Region 1: Northeast","CENS-R1","2013","2013","58 years","58",5174,781104,662.4
,"Census Region 1: Northeast","CENS-R1","2013","2013","59 years","59",5133,743490,690.4
,"Census Region 1: Northeast","CENS-R1","2013","2013","60 years","60",5602,715262,783.2
,"Census Region 1: Northeast","CENS-R1","2013","2013","61 years","61",5733,686222,835.4
,"Census Region 1: Northeast","CENS-R1","2013","2013","62 years","62",5860,662224,884.9
,"Census Region 1: Northeast","CENS-R1","2013","2013","63 years","63",6200,645700,960.2
,"Census Region 1: Northeast","CENS-R1","2013","2013","64 years","64",6509,625497,1040.6
,"Census Region 1: Northeast","CENS-R1","2013","2013","65 years","65",6927,619825,1117.6
,"Census Region 1: Northeast","CENS-R1","2013","2013","66 years","66",7765,652349,1190.3
,"Census Region 1: Northeast","CENS-R1","2013","2013","67 years","67",6638,474383,1399.3
,"Census Region 1: Northeast","CENS-R1","2013","2013","68 years","68",6878,462220,1488.0
,"Census Region 1: Northeast","CENS-R1","2013","2013","69 years","69",7332,450746,1626.6
,"Census Region 1: Northeast","CENS-R1","2013","2013","70 years","70",8338,473364,1761.4
,"Census Region 1: Northeast","CENS-R1","2013","2013","71 years","71",8053,407323,1977.1
,"Census Region 1: Northeast","CENS-R1","2013","2013","72 years","72",7689,366534,2097.8
,"Census Region 1: Northeast","CENS-R1","2013","2013","73 years","73",8046,347760,2313.7
,"Census Region 1: Northeast","CENS-R1","2013","2013","74 years","74",8496,329464,2578.7
,"Census Region 1: Northeast","CENS-R1","2013","2013","75 years","75",8699,318757,2729.0
,"Census Region 1: Northeast","CENS-R1","2013","2013","76 years","76",9124,296397,3078.3
,"Census Region 1: Northeast","CENS-R1","2013","2013","77 years","77",9912,284745,3481.0
,"Census Region 1: Northeast","CENS-R1","2013","2013","78 years","78",10429,275115,3790.8
,"Census Region 1: Northeast","CENS-R1","2013","2013","79 years","79",10721,249866,4290.7
,"Census Region 1: Northeast","CENS-R1","2013","2013","80 years","80",11324,245544,4611.8
,"Census Region 1: Northeast","CENS-R1","2013","2013","81 years","81",12424,239133,5195.4
,"Census Region 1: Northeast","CENS-R1","2013","2013","82 years","82",13801,231467,5962.4
,"Census Region 1: Northeast","CENS-R1","2013","2013","83 years","83",14258,224036,6364.2
,"Census Region 1: Northeast","CENS-R1","2013","2013","84 years","84",14928,204813,7288.6
,"Census Region 1: Northeast","CENS-R1","2013","2013","85 years","85",15675,Not Applicable,Not Applicable
,"Census Region 1: Northeast","CENS-R1","2013","2013","86 years","86",15845,Not Applicable,Not Applicable
,"Census Region 1: Northeast","CENS-R1","2013","2013","87 years","87",16267,Not Applicable,Not Applicable
,"Census Region 1: Northeast","CENS-R1","2013","2013","88 years","88",16216,Not Applicable,Not Applicable
,"Census Region 1: Northeast","CENS-R1","2013","2013","89 years","89",15996,Not Applicable,Not Applicable
,"Census Region 1: Northeast","CENS-R1","2013","2013","90 years","90",15156,Not Applicable,Not Applicable
,"Census Region 1: Northeast","CENS-R1","2013","2013","91 years","91",14240,Not Applicable,Not Applicable
,"Census Region 1: Northeast","CENS-R1","2013","2013","92 years","92",12987,Not Applicable,Not Applicable
,"Census Region 1: Northeast","CENS-R1","2013","2013","93 years","93",11387,Not Applicable,Not Applicable
,"Census Region 1: Northeast","CENS-R1","2013","2013","94 years","94",9201,Not Applicable,Not Applicable
,"Census Region 1: Northeast","CENS-R1","2013","2013","95 years","95",7989,Not Applicable,Not Applicable
,"Census Region 1: Northeast","CENS-R1","2013","2013","96 years","96",6313,Not Applicable,Not Applicable
,"Census Region 1: Northeast","CENS-R1","2013","2013","97 years","97",4965,Not Applicable,Not Applicable
,"Census Region 1: Northeast","CENS-R1","2013","2013","98 years","98",3966,Not Applicable,Not Applicable
,"Census Region 1: Northeast","CENS-R1","2013","2013","99 years","99",2904,Not Applicable,Not Applicable
,"Census Region 1: Northeast","CENS-R1","2014","2014","1 year","1",183,640184,28.6
,"Census Region 1: Northeast","CENS-R1","2014","2014","2 years","2",125,639844,19.5
,"Census Region 1: Northeast","CENS-R1","2014","2014","3 years","3",96,649314,14.8
,"Census Region 1: Northeast","CENS-R1","2014","2014","4 years","4",91,634890,14.3
,"Census Region 1: Northeast","CENS-R1","2014","2014","5 years","5",65,630864,10.3
,"Census Region 1: Northeast","CENS-R1","2014","2014","6 years","6",54,650092,8.3
,"Census Region 1: Northeast","CENS-R1","2014","2014","7 years","7",60,654864,9.2
,"Census Region 1: Northeast","CENS-R1","2014","2014","8 years","8",67,655469,10.2
,"Census Region 1: Northeast","CENS-R1","2014","2014","9 years","9",66,659811,10.0
,"Census Region 1: Northeast","CENS-R1","2014","2014","10 years","10",66,669363,9.9
,"Census Region 1: Northeast","CENS-R1","2014","2014","11 years","11",54,669033,8.1
,"Census Region 1: Northeast","CENS-R1","2014","2014","12 years","12",65,669237,9.7
,"Census Region 1: Northeast","CENS-R1","2014","2014","13 years","13",90,684996,13.1
,"Census Region 1: Northeast","CENS-R1","2014","2014","14 years","14",106,701851,15.1
,"Census Region 1: Northeast","CENS-R1","2014","2014","15 years","15",116,698462,16.6
,"Census Region 1: Northeast","CENS-R1","2014","2014","16 years","16",161,705755,22.8
,"Census Region 1: Northeast","CENS-R1","2014","2014","17 years","17",242,716214,33.8
,"Census Region 1: Northeast","CENS-R1","2014","2014","18 years","18",318,764438,41.6
,"Census Region 1: Northeast","CENS-R1","2014","2014","19 years","19",384,789809,48.6
,"Census Region 1: Northeast","CENS-R1","2014","2014","20 years","20",463,794507,58.3
,"Census Region 1: Northeast","CENS-R1","2014","2014","21 years","21",562,795295,70.7
,"Census Region 1: Northeast","CENS-R1","2014","2014","22 years","22",645,772664,83.5
,"Census Region 1: Northeast","CENS-R1","2014","2014","23 years","23",616,767818,80.2
,"Census Region 1: Northeast","CENS-R1","2014","2014","24 years","24",696,788841,88.2
,"Census Region 1: Northeast","CENS-R1","2014","2014","25 years","25",658,774927,84.9
,"Census Region 1: Northeast","CENS-R1","2014","2014","26 years","26",712,776417,91.7
,"Census Region 1: Northeast","CENS-R1","2014","2014","27 years","27",667,772981,86.3
,"Census Region 1: Northeast","CENS-R1","2014","2014","28 years","28",725,768568,94.3
,"Census Region 1: Northeast","CENS-R1","2014","2014","29 years","29",727,766712,94.8
,"Census Region 1: Northeast","CENS-R1","2014","2014","30 years","30",693,733454,94.5
,"Census Region 1: Northeast","CENS-R1","2014","2014","31 years","31",755,738605,102.2
,"Census Region 1: Northeast","CENS-R1","2014","2014","32 years","32",783,733520,106.7
,"Census Region 1: Northeast","CENS-R1","2014","2014","33 years","33",837,719813,116.3
,"Census Region 1: Northeast","CENS-R1","2014","2014","34 years","34",790,739968,106.8
,"Census Region 1: Northeast","CENS-R1","2014","2014","35 years","35",817,696188,117.4
,"Census Region 1: Northeast","CENS-R1","2014","2014","36 years","36",854,681904,125.2
,"Census Region 1: Northeast","CENS-R1","2014","2014","37 years","37",842,672896,125.1
,"Census Region 1: Northeast","CENS-R1","2014","2014","38 years","38",816,654571,124.7
,"Census Region 1: Northeast","CENS-R1","2014","2014","39 years","39",866,681015,127.2
,"Census Region 1: Northeast","CENS-R1","2014","2014","40 years","40",940,659257,142.6
,"Census Region 1: Northeast","CENS-R1","2014","2014","41 years","41",1023,672556,152.1
,"Census Region 1: Northeast","CENS-R1","2014","2014","42 years","42",1230,710375,173.1
,"Census Region 1: Northeast","CENS-R1","2014","2014","43 years","43",1439,763733,188.4
,"Census Region 1: Northeast","CENS-R1","2014","2014","44 years","44",1540,789813,195.0
,"Census Region 1: Northeast","CENS-R1","2014","2014","45 years","45",1717,757947,226.5
,"Census Region 1: Northeast","CENS-R1","2014","2014","46 years","46",1725,754594,228.6
,"Census Region 1: Northeast","CENS-R1","2014","2014","47 years","47",2048,764649,267.8
,"Census Region 1: Northeast","CENS-R1","2014","2014","48 years","48",2365,787338,300.4
,"Census Region 1: Northeast","CENS-R1","2014","2014","49 years","49",2664,833341,319.7
,"Census Region 1: Northeast","CENS-R1","2014","2014","50 years","50",2956,844390,350.1
,"Census Region 1: Northeast","CENS-R1","2014","2014","51 years","51",3216,838384,383.6
,"Census Region 1: Northeast","CENS-R1","2014","2014","52 years","52",3404,835417,407.5
,"Census Region 1: Northeast","CENS-R1","2014","2014","53 years","53",3794,848396,447.2
,"Census Region 1: Northeast","CENS-R1","2014","2014","54 years","54",4095,856951,477.9
,"Census Region 1: Northeast","CENS-R1","2014","2014","55 years","55",4373,833704,524.5
,"Census Region 1: Northeast","CENS-R1","2014","2014","56 years","56",4724,827963,570.6
,"Census Region 1: Northeast","CENS-R1","2014","2014","57 years","57",4989,813590,613.2
,"Census Region 1: Northeast","CENS-R1","2014","2014","58 years","58",5204,781773,665.7
,"Census Region 1: Northeast","CENS-R1","2014","2014","59 years","59",5401,773420,698.3
,"Census Region 1: Northeast","CENS-R1","2014","2014","60 years","60",5651,735432,768.4
,"Census Region 1: Northeast","CENS-R1","2014","2014","61 years","61",5937,706255,840.6
,"Census Region 1: Northeast","CENS-R1","2014","2014","62 years","62",6173,676272,912.8
,"Census Region 1: Northeast","CENS-R1","2014","2014","63 years","63",6251,652779,957.6
,"Census Region 1: Northeast","CENS-R1","2014","2014","64 years","64",6543,635565,1029.5
,"Census Region 1: Northeast","CENS-R1","2014","2014","65 years","65",7139,613054,1164.5
,"Census Region 1: Northeast","CENS-R1","2014","2014","66 years","66",7430,605695,1226.7
,"Census Region 1: Northeast","CENS-R1","2014","2014","67 years","67",8086,638274,1266.9
,"Census Region 1: Northeast","CENS-R1","2014","2014","68 years","68",6923,463835,1492.6
,"Census Region 1: Northeast","CENS-R1","2014","2014","69 years","69",7194,452055,1591.4
,"Census Region 1: Northeast","CENS-R1","2014","2014","70 years","70",7834,439503,1782.5
,"Census Region 1: Northeast","CENS-R1","2014","2014","71 years","71",8821,461070,1913.2
,"Census Region 1: Northeast","CENS-R1","2014","2014","72 years","72",8327,397060,2097.2
,"Census Region 1: Northeast","CENS-R1","2014","2014","73 years","73",8250,356845,2311.9
,"Census Region 1: Northeast","CENS-R1","2014","2014","74 years","74",8258,338188,2441.8
,"Census Region 1: Northeast","CENS-R1","2014","2014","75 years","75",8812,319469,2758.3
,"Census Region 1: Northeast","CENS-R1","2014","2014","76 years","76",9139,308501,2962.4
,"Census Region 1: Northeast","CENS-R1","2014","2014","77 years","77",9747,286360,3403.8
,"Census Region 1: Northeast","CENS-R1","2014","2014","78 years","78",10243,273611,3743.6
,"Census Region 1: Northeast","CENS-R1","2014","2014","79 years","79",10626,263668,4030.1
,"Census Region 1: Northeast","CENS-R1","2014","2014","80 years","80",11121,238579,4661.3
,"Census Region 1: Northeast","CENS-R1","2014","2014","81 years","81",12106,233417,5186.4
,"Census Region 1: Northeast","CENS-R1","2014","2014","82 years","82",12762,225960,5647.9
,"Census Region 1: Northeast","CENS-R1","2014","2014","83 years","83",13769,217096,6342.4
,"Census Region 1: Northeast","CENS-R1","2014","2014","84 years","84",14686,208592,7040.5
,"Census Region 1: Northeast","CENS-R1","2014","2014","85 years","85",15026,Not Applicable,Not Applicable
,"Census Region 1: Northeast","CENS-R1","2014","2014","86 years","86",15440,Not Applicable,Not Applicable
,"Census Region 1: Northeast","CENS-R1","2014","2014","87 years","87",16025,Not Applicable,Not Applicable
,"Census Region 1: Northeast","CENS-R1","2014","2014","88 years","88",15763,Not Applicable,Not Applicable
,"Census Region 1: Northeast","CENS-R1","2014","2014","89 years","89",15705,Not Applicable,Not Applicable
,"Census Region 1: Northeast","CENS-R1","2014","2014","90 years","90",15052,Not Applicable,Not Applicable
,"Census Region 1: Northeast","CENS-R1","2014","2014","91 years","91",13999,Not Applicable,Not Applicable
,"Census Region 1: Northeast","CENS-R1","2014","2014","92 years","92",13199,Not Applicable,Not Applicable
,"Census Region 1: Northeast","CENS-R1","2014","2014","93 years","93",11829,Not Applicable,Not Applicable
,"Census Region 1: Northeast","CENS-R1","2014","2014","94 years","94",9881,Not Applicable,Not Applicable
,"Census Region 1: Northeast","CENS-R1","2014","2014","95 years","95",7767,Not Applicable,Not Applicable
,"Census Region 1: Northeast","CENS-R1","2014","2014","96 years","96",6816,Not Applicable,Not Applicable
,"Census Region 1: Northeast","CENS-R1","2014","2014","97 years","97",5026,Not Applicable,Not Applicable
,"Census Region 1: Northeast","CENS-R1","2014","2014","98 years","98",3977,Not Applicable,Not Applicable
,"Census Region 1: Northeast","CENS-R1","2014","2014","99 years","99",2913,Not Applicable,Not Applicable
,"Census Region 1: Northeast","CENS-R1","2015","2015","1 year","1",183,634717,28.8
,"Census Region 1: Northeast","CENS-R1","2015","2015","2 years","2",134,639184,21.0
,"Census Region 1: Northeast","CENS-R1","2015","2015","3 years","3",96,640132,15.0
,"Census Region 1: Northeast","CENS-R1","2015","2015","4 years","4",78,648074,12.0
,"Census Region 1: Northeast","CENS-R1","2015","2015","5 years","5",55,638911,8.6
,"Census Region 1: Northeast","CENS-R1","2015","2015","6 years","6",66,630653,10.5
,"Census Region 1: Northeast","CENS-R1","2015","2015","7 years","7",54,650009,8.3
,"Census Region 1: Northeast","CENS-R1","2015","2015","8 years","8",62,655049,9.5
,"Census Region 1: Northeast","CENS-R1","2015","2015","9 years","9",52,655492,7.9
,"Census Region 1: Northeast","CENS-R1","2015","2015","10 years","10",53,660006,8.0
,"Census Region 1: Northeast","CENS-R1","2015","2015","11 years","11",61,670178,9.1
,"Census Region 1: Northeast","CENS-R1","2015","2015","12 years","12",48,669608,7.2
,"Census Region 1: Northeast","CENS-R1","2015","2015","13 years","13",102,670567,15.2
,"Census Region 1: Northeast","CENS-R1","2015","2015","14 years","14",106,686630,15.4
,"Census Region 1: Northeast","CENS-R1","2015","2015","15 years","15",126,704543,17.9
,"Census Region 1: Northeast","CENS-R1","2015","2015","16 years","16",179,701922,25.5
,"Census Region 1: Northeast","CENS-R1","2015","2015","17 years","17",230,710396,32.4
,"Census Region 1: Northeast","CENS-R1","2015","2015","18 years","18",346,756236,45.8
,"Census Region 1: Northeast","CENS-R1","2015","2015","19 years","19",397,773331,51.3
,"Census Region 1: Northeast","CENS-R1","2015","2015","20 years","20",462,781353,59.1
,"Census Region 1: Northeast","CENS-R1","2015","2015","21 years","21",590,782491,75.4
,"Census Region 1: Northeast","CENS-R1","2015","2015","22 years","22",634,774736,81.8
,"Census Region 1: Northeast","CENS-R1","2015","2015","23 years","23",697,766051,91.0
,"Census Region 1: Northeast","CENS-R1","2015","2015","24 years","24",737,781418,94.3
,"Census Region 1: Northeast","CENS-R1","2015","2015","25 years","25",749,799934,93.6
,"Census Region 1: Northeast","CENS-R1","2015","2015","26 years","26",803,782423,102.6
,"Census Region 1: Northeast","CENS-R1","2015","2015","27 years","27",787,782228,100.6
,"Census Region 1: Northeast","CENS-R1","2015","2015","28 years","28",776,774911,100.1
,"Census Region 1: Northeast","CENS-R1","2015","2015","29 years","29",831,770913,107.8
,"Census Region 1: Northeast","CENS-R1","2015","2015","30 years","30",782,769227,101.7
,"Census Region 1: Northeast","CENS-R1","2015","2015","31 years","31",845,734772,115.0
,"Census Region 1: Northeast","CENS-R1","2015","2015","32 years","32",889,739560,120.2
,"Census Region 1: Northeast","CENS-R1","2015","2015","33 years","33",908,733743,123.7
,"Census Region 1: Northeast","CENS-R1","2015","2015","34 years","34",916,719582,127.3
,"Census Region 1: Northeast","CENS-R1","2015","2015","35 years","35",878,740133,118.6
,"Census Region 1: Northeast","CENS-R1","2015","2015","36 years","36",970,695590,139.4
,"Census Region 1: Northeast","CENS-R1","2015","2015","37 years","37",956,681364,140.3
,"Census Region 1: Northeast","CENS-R1","2015","2015","38 years","38",978,672889,145.3
,"Census Region 1: Northeast","CENS-R1","2015","2015","39 years","39",944,655098,144.1
,"Census Region 1: Northeast","CENS-R1","2015","2015","40 years","40",1020,680536,149.9
,"Census Region 1: Northeast","CENS-R1","2015","2015","41 years","41",1060,658599,160.9
,"Census Region 1: Northeast","CENS-R1","2015","2015","42 years","42",1156,671900,172.0
,"Census Region 1: Northeast","CENS-R1","2015","2015","43 years","43",1319,708975,186.0
,"Census Region 1: Northeast","CENS-R1","2015","2015","44 years","44",1503,761826,197.3
,"Census Region 1: Northeast","CENS-R1","2015","2015","45 years","45",1662,788095,210.9
,"Census Region 1: Northeast","CENS-R1","2015","2015","46 years","46",1856,755525,245.7
,"Census Region 1: Northeast","CENS-R1","2015","2015","47 years","47",2007,751761,267.0
,"Census Region 1: Northeast","CENS-R1","2015","2015","48 years","48",2181,761917,286.3
,"Census Region 1: Northeast","CENS-R1","2015","2015","49 years","49",2530,783367,323.0
,"Census Region 1: Northeast","CENS-R1","2015","2015","50 years","50",2883,829163,347.7
,"Census Region 1: Northeast","CENS-R1","2015","2015","51 years","51",3179,839405,378.7
,"Census Region 1: Northeast","CENS-R1","2015","2015","52 years","52",3477,832434,417.7
,"Census Region 1: Northeast","CENS-R1","2015","2015","53 years","53",3754,829552,452.5
,"Census Region 1: Northeast","CENS-R1","2015","2015","54 years","54",4209,841842,500.0
,"Census Region 1: Northeast","CENS-R1","2015","2015","55 years","55",4493,850006,528.6
,"Census Region 1: Northeast","CENS-R1","2015","2015","56 years","56",4657,826510,563.5
,"Census Region 1: Northeast","CENS-R1","2015","2015","57 years","57",5092,819818,621.1
,"Census Region 1: Northeast","CENS-R1","2015","2015","58 years","58",5236,805828,649.8
,"Census Region 1: Northeast","CENS-R1","2015","2015","59 years","59",5530,773427,715.0
,"Census Region 1: Northeast","CENS-R1","2015","2015","60 years","60",5713,764961,746.8
,"Census Region 1: Northeast","CENS-R1","2015","2015","61 years","61",5955,725824,820.4
,"Census Region 1: Northeast","CENS-R1","2015","2015","62 years","62",6298,695627,905.4
,"Census Region 1: Northeast","CENS-R1","2015","2015","63 years","63",6633,666118,995.8
,"Census Region 1: Northeast","CENS-R1","2015","2015","64 years","64",6699,641385,1044.5
,"Census Region 1: Northeast","CENS-R1","2015","2015","65 years","65",6940,623409,1113.2
,"Census Region 1: Northeast","CENS-R1","2015","2015","66 years","66",7386,599889,1231.2
,"Census Region 1: Northeast","CENS-R1","2015","2015","67 years","67",7853,592604,1325.2
,"Census Region 1: Northeast","CENS-R1","2015","2015","68 years","68",8766,625352,1401.8
,"Census Region 1: Northeast","CENS-R1","2015","2015","69 years","69",7425,453210,1638.3
,"Census Region 1: Northeast","CENS-R1","2015","2015","70 years","70",7603,441650,1721.5
,"Census Region 1: Northeast","CENS-R1","2015","2015","71 years","71",8335,428506,1945.1
,"Census Region 1: Northeast","CENS-R1","2015","2015","72 years","72",9363,449640,2082.3
,"Census Region 1: Northeast","CENS-R1","2015","2015","73 years","73",9017,386674,2331.9
,"Census Region 1: Northeast","CENS-R1","2015","2015","74 years","74",8712,347061,2510.2
,"Census Region 1: Northeast","CENS-R1","2015","2015","75 years","75",9125,328010,2781.9
,"Census Region 1: Northeast","CENS-R1","2015","2015","76 years","76",9590,309099,3102.6
,"Census Region 1: Northeast","CENS-R1","2015","2015","77 years","77",10105,298045,3390.4
,"Census Region 1: Northeast","CENS-R1","2015","2015","78 years","78",10430,275196,3790.0
,"Census Region 1: Northeast","CENS-R1","2015","2015","79 years","79",10911,262078,4163.3
,"Census Region 1: Northeast","CENS-R1","2015","2015","80 years","80",11854,251456,4714.1
,"Census Region 1: Northeast","CENS-R1","2015","2015","81 years","81",11669,226791,5145.3
,"Census Region 1: Northeast","CENS-R1","2015","2015","82 years","82",12851,220415,5830.4
,"Census Region 1: Northeast","CENS-R1","2015","2015","83 years","83",13648,211493,6453.2
,"Census Region 1: Northeast","CENS-R1","2015","2015","84 years","84",14480,201779,7176.2
,"Census Region 1: Northeast","CENS-R1","2015","2015","85 years","85",15118,Not Applicable,Not Applicable
,"Census Region 1: Northeast","CENS-R1","2015","2015","86 years","86",15510,Not Applicable,Not Applicable
,"Census Region 1: Northeast","CENS-R1","2015","2015","87 years","87",16510,Not Applicable,Not Applicable
,"Census Region 1: Northeast","CENS-R1","2015","2015","88 years","88",16281,Not Applicable,Not Applicable
,"Census Region 1: Northeast","CENS-R1","2015","2015","89 years","89",15972,Not Applicable,Not Applicable
,"Census Region 1: Northeast","CENS-R1","2015","2015","90 years","90",15832,Not Applicable,Not Applicable
,"Census Region 1: Northeast","CENS-R1","2015","2015","91 years","91",14665,Not Applicable,Not Applicable
,"Census Region 1: Northeast","CENS-R1","2015","2015","92 years","92",13751,Not Applicable,Not Applicable
,"Census Region 1: Northeast","CENS-R1","2015","2015","93 years","93",12353,Not Applicable,Not Applicable
,"Census Region 1: Northeast","CENS-R1","2015","2015","94 years","94",10705,Not Applicable,Not Applicable
,"Census Region 1: Northeast","CENS-R1","2015","2015","95 years","95",8822,Not Applicable,Not Applicable
,"Census Region 1: Northeast","CENS-R1","2015","2015","96 years","96",6715,Not Applicable,Not Applicable
,"Census Region 1: Northeast","CENS-R1","2015","2015","97 years","97",5569,Not Applicable,Not Applicable
,"Census Region 1: Northeast","CENS-R1","2015","2015","98 years","98",4206,Not Applicable,Not Applicable
,"Census Region 1: Northeast","CENS-R1","2015","2015","99 years","99",3047,Not Applicable,Not Applicable
,"Census Region 1: Northeast","CENS-R1","2016","2016","1 year","1",168,628764,26.7
,"Census Region 1: Northeast","CENS-R1","2016","2016","2 years","2",123,629868,19.5
,"Census Region 1: Northeast","CENS-R1","2016","2016","3 years","3",100,633243,15.8
,"Census Region 1: Northeast","CENS-R1","2016","2016","4 years","4",90,635953,14.2
,"Census Region 1: Northeast","CENS-R1","2016","2016","5 years","5",59,645088,9.1
,"Census Region 1: Northeast","CENS-R1","2016","2016","6 years","6",64,639976,10.0
,"Census Region 1: Northeast","CENS-R1","2016","2016","7 years","7",65,631317,10.3
,"Census Region 1: Northeast","CENS-R1","2016","2016","8 years","8",69,651053,10.6
,"Census Region 1: Northeast","CENS-R1","2016","2016","9 years","9",69,655799,10.5
,"Census Region 1: Northeast","CENS-R1","2016","2016","10 years","10",69,656649,10.5
,"Census Region 1: Northeast","CENS-R1","2016","2016","11 years","11",53,661200,8.0
,"Census Region 1: Northeast","CENS-R1","2016","2016","12 years","12",69,671251,10.3
,"Census Region 1: Northeast","CENS-R1","2016","2016","13 years","13",95,670357,14.2
,"Census Region 1: Northeast","CENS-R1","2016","2016","14 years","14",112,671600,16.7
,"Census Region 1: Northeast","CENS-R1","2016","2016","15 years","15",115,689066,16.7
,"Census Region 1: Northeast","CENS-R1","2016","2016","16 years","16",190,708707,26.8
,"Census Region 1: Northeast","CENS-R1","2016","2016","17 years","17",241,707192,34.1
,"Census Region 1: Northeast","CENS-R1","2016","2016","18 years","18",319,748870,42.6
,"Census Region 1: Northeast","CENS-R1","2016","2016","19 years","19",448,763460,58.7
,"Census Region 1: Northeast","CENS-R1","2016","2016","20 years","20",526,762824,69.0
,"Census Region 1: Northeast","CENS-R1","2016","2016","21 years","21",621,768109,80.8
,"Census Region 1: Northeast","CENS-R1","2016","2016","22 years","22",692,761605,90.9
,"Census Region 1: Northeast","CENS-R1","2016","2016","23 years","23",737,770093,95.7
,"Census Region 1: Northeast","CENS-R1","2016","2016","24 years","24",844,780624,108.1
,"Census Region 1: Northeast","CENS-R1","2016","2016","25 years","25",888,791983,112.1
,"Census Region 1: Northeast","CENS-R1","2016","2016","26 years","26",948,805720,117.7
,"Census Region 1: Northeast","CENS-R1","2016","2016","27 years","27",931,784186,118.7
,"Census Region 1: Northeast","CENS-R1","2016","2016","28 years","28",947,779365,121.5
,"Census Region 1: Northeast","CENS-R1","2016","2016","29 years","29",918,771931,118.9
,"Census Region 1: Northeast","CENS-R1","2016","2016","30 years","30",1012,767524,131.9
,"Census Region 1: Northeast","CENS-R1","2016","2016","31 years","31",1064,764909,139.1
,"Census Region 1: Northeast","CENS-R1","2016","2016","32 years","32",987,730067,135.2
,"Census Region 1: Northeast","CENS-R1","2016","2016","33 years","33",1029,734090,140.2
,"Census Region 1: Northeast","CENS-R1","2016","2016","34 years","34",1116,728537,153.2
,"Census Region 1: Northeast","CENS-R1","2016","2016","35 years","35",1091,714416,152.7
,"Census Region 1: Northeast","CENS-R1","2016","2016","36 years","36",1076,735207,146.4
,"Census Region 1: Northeast","CENS-R1","2016","2016","37 years","37",1118,690271,162.0
,"Census Region 1: Northeast","CENS-R1","2016","2016","38 years","38",1107,676463,163.6
,"Census Region 1: Northeast","CENS-R1","2016","2016","39 years","39",1157,669236,172.9
,"Census Region 1: Northeast","CENS-R1","2016","2016","40 years","40",1088,650386,167.3
,"Census Region 1: Northeast","CENS-R1","2016","2016","41 years","41",1197,675888,177.1
,"Census Region 1: Northeast","CENS-R1","2016","2016","42 years","42",1224,653552,187.3
,"Census Region 1: Northeast","CENS-R1","2016","2016","43 years","43",1317,665880,197.8
,"Census Region 1: Northeast","CENS-R1","2016","2016","44 years","44",1558,702042,221.9
,"Census Region 1: Northeast","CENS-R1","2016","2016","45 years","45",1735,754093,230.1
,"Census Region 1: Northeast","CENS-R1","2016","2016","46 years","46",1881,780120,241.1
,"Census Region 1: Northeast","CENS-R1","2016","2016","47 years","47",2047,747708,273.8
,"Census Region 1: Northeast","CENS-R1","2016","2016","48 years","48",2149,744383,288.7
,"Census Region 1: Northeast","CENS-R1","2016","2016","49 years","49",2412,753635,320.0
,"Census Region 1: Northeast","CENS-R1","2016","2016","50 years","50",2828,775102,364.9
,"Census Region 1: Northeast","CENS-R1","2016","2016","51 years","51",3164,820043,385.8
,"Census Region 1: Northeast","CENS-R1","2016","2016","52 years","52",3572,829836,430.4
,"Census Region 1: Northeast","CENS-R1","2016","2016","53 years","53",3775,823099,458.6
,"Census Region 1: Northeast","CENS-R1","2016","2016","54 years","54",4063,819577,495.7
,"Census Region 1: Northeast","CENS-R1","2016","2016","55 years","55",4436,831368,533.6
,"Census Region 1: Northeast","CENS-R1","2016","2016","56 years","56",4823,839065,574.8
,"Census Region 1: Northeast","CENS-R1","2016","2016","57 years","57",5200,815102,638.0
,"Census Region 1: Northeast","CENS-R1","2016","2016","58 years","58",5409,808737,668.8
,"Census Region 1: Northeast","CENS-R1","2016","2016","59 years","59",5793,794104,729.5
,"Census Region 1: Northeast","CENS-R1","2016","2016","60 years","60",5877,761745,771.5
,"Census Region 1: Northeast","CENS-R1","2016","2016","61 years","61",6103,752053,811.5
,"Census Region 1: Northeast","CENS-R1","2016","2016","62 years","62",6459,712453,906.6
,"Census Region 1: Northeast","CENS-R1","2016","2016","63 years","63",6516,682317,955.0
,"Census Region 1: Northeast","CENS-R1","2016","2016","64 years","64",6948,652417,1065.0
,"Census Region 1: Northeast","CENS-R1","2016","2016","65 years","65",7257,627364,1156.7
,"Census Region 1: Northeast","CENS-R1","2016","2016","66 years","66",7291,608556,1198.1
,"Census Region 1: Northeast","CENS-R1","2016","2016","67 years","67",7754,586143,1322.9
,"Census Region 1: Northeast","CENS-R1","2016","2016","68 years","68",8402,578033,1453.6
,"Census Region 1: Northeast","CENS-R1","2016","2016","69 years","69",9368,611200,1532.7
,"Census Region 1: Northeast","CENS-R1","2016","2016","70 years","70",7729,442347,1747.3
,"Census Region 1: Northeast","CENS-R1","2016","2016","71 years","71",8056,430720,1870.4
,"Census Region 1: Northeast","CENS-R1","2016","2016","72 years","72",8895,417497,2130.6
,"Census Region 1: Northeast","CENS-R1","2016","2016","73 years","73",9847,437683,2249.8
,"Census Region 1: Northeast","CENS-R1","2016","2016","74 years","74",9446,376229,2510.7
,"Census Region 1: Northeast","CENS-R1","2016","2016","75 years","75",9390,336469,2790.7
,"Census Region 1: Northeast","CENS-R1","2016","2016","76 years","76",9417,317370,2967.2
,"Census Region 1: Northeast","CENS-R1","2016","2016","77 years","77",10087,298432,3380.0
,"Census Region 1: Northeast","CENS-R1","2016","2016","78 years","78",10395,286566,3627.4
,"Census Region 1: Northeast","CENS-R1","2016","2016","79 years","79",10753,263673,4078.2
,"Census Region 1: Northeast","CENS-R1","2016","2016","80 years","80",11374,250210,4545.8
,"Census Region 1: Northeast","CENS-R1","2016","2016","81 years","81",11989,239364,5008.7
,"Census Region 1: Northeast","CENS-R1","2016","2016","82 years","82",12139,214468,5660.1
,"Census Region 1: Northeast","CENS-R1","2016","2016","83 years","83",13161,207187,6352.2
,"Census Region 1: Northeast","CENS-R1","2016","2016","84 years","84",13774,197504,6974.0
,"Census Region 1: Northeast","CENS-R1","2016","2016","85 years","85",14533,Not Applicable,Not Applicable
,"Census Region 1: Northeast","CENS-R1","2016","2016","86 years","86",14933,Not Applicable,Not Applicable
,"Census Region 1: Northeast","CENS-R1","2016","2016","87 years","87",15542,Not Applicable,Not Applicable
,"Census Region 1: Northeast","CENS-R1","2016","2016","88 years","88",15879,Not Applicable,Not Applicable
,"Census Region 1: Northeast","CENS-R1","2016","2016","89 years","89",15716,Not Applicable,Not Applicable
,"Census Region 1: Northeast","CENS-R1","2016","2016","90 years","90",15227,Not Applicable,Not Applicable
,"Census Region 1: Northeast","CENS-R1","2016","2016","91 years","91",14643,Not Applicable,Not Applicable
,"Census Region 1: Northeast","CENS-R1","2016","2016","92 years","92",13390,Not Applicable,Not Applicable
,"Census Region 1: Northeast","CENS-R1","2016","2016","93 years","93",11941,Not Applicable,Not Applicable
,"Census Region 1: Northeast","CENS-R1","2016","2016","94 years","94",10529,Not Applicable,Not Applicable
,"Census Region 1: Northeast","CENS-R1","2016","2016","95 years","95",8784,Not Applicable,Not Applicable
,"Census Region 1: Northeast","CENS-R1","2016","2016","96 years","96",7326,Not Applicable,Not Applicable
,"Census Region 1: Northeast","CENS-R1","2016","2016","97 years","97",5397,Not Applicable,Not Applicable
,"Census Region 1: Northeast","CENS-R1","2016","2016","98 years","98",4298,Not Applicable,Not Applicable
,"Census Region 1: Northeast","CENS-R1","2016","2016","99 years","99",3067,Not Applicable,Not Applicable
,"Census Region 1: Northeast","CENS-R1","2017","2017","1 year","1",153,626969,24.4
,"Census Region 1: Northeast","CENS-R1","2017","2017","2 years","2",129,635834,20.3
,"Census Region 1: Northeast","CENS-R1","2017","2017","3 years","3",81,632132,12.8
,"Census Region 1: Northeast","CENS-R1","2017","2017","4 years","4",68,634262,10.7
,"Census Region 1: Northeast","CENS-R1","2017","2017","5 years","5",66,635969,10.4
,"Census Region 1: Northeast","CENS-R1","2017","2017","6 years","6",65,644909,10.1
,"Census Region 1: Northeast","CENS-R1","2017","2017","7 years","7",64,637317,10.0
,"Census Region 1: Northeast","CENS-R1","2017","2017","8 years","8",64,631463,10.1
,"Census Region 1: Northeast","CENS-R1","2017","2017","9 years","9",47,650191,7.2
,"Census Region 1: Northeast","CENS-R1","2017","2017","10 years","10",63,655172,9.6
,"Census Region 1: Northeast","CENS-R1","2017","2017","11 years","11",63,655848,9.6
,"Census Region 1: Northeast","CENS-R1","2017","2017","12 years","12",70,661400,10.6
,"Census Region 1: Northeast","CENS-R1","2017","2017","13 years","13",87,670545,13.0
,"Census Region 1: Northeast","CENS-R1","2017","2017","14 years","14",105,672816,15.6
,"Census Region 1: Northeast","CENS-R1","2017","2017","15 years","15",149,673328,22.1
,"Census Region 1: Northeast","CENS-R1","2017","2017","16 years","16",192,693262,27.7
,"Census Region 1: Northeast","CENS-R1","2017","2017","17 years","17",214,712514,30.0
,"Census Region 1: Northeast","CENS-R1","2017","2017","18 years","18",323,746499,43.3
,"Census Region 1: Northeast","CENS-R1","2017","2017","19 years","19",426,758879,56.1
,"Census Region 1: Northeast","CENS-R1","2017","2017","20 years","20",510,755593,67.5
,"Census Region 1: Northeast","CENS-R1","2017","2017","21 years","21",544,754021,72.1
,"Census Region 1: Northeast","CENS-R1","2017","2017","22 years","22",660,751989,87.8
,"Census Region 1: Northeast","CENS-R1","2017","2017","23 years","23",724,758896,95.4
,"Census Region 1: Northeast","CENS-R1","2017","2017","24 years","24",792,780154,101.5
,"Census Region 1: Northeast","CENS-R1","2017","2017","25 years","25",873,788169,110.8
,"Census Region 1: Northeast","CENS-R1","2017","2017","26 years","26",906,800673,113.2
,"Census Region 1: Northeast","CENS-R1","2017","2017","27 years","27",986,815896,120.8
,"Census Region 1: Northeast","CENS-R1","2017","2017","28 years","28",1047,792982,132.0
,"Census Region 1: Northeast","CENS-R1","2017","2017","29 years","29",1013,785697,128.9
,"Census Region 1: Northeast","CENS-R1","2017","2017","30 years","30",1003,772930,129.8
,"Census Region 1: Northeast","CENS-R1","2017","2017","31 years","31",1056,769262,137.3
,"Census Region 1: Northeast","CENS-R1","2017","2017","32 years","32",1071,764019,140.2
,"Census Region 1: Northeast","CENS-R1","2017","2017","33 years","33",1098,730574,150.3
,"Census Region 1: Northeast","CENS-R1","2017","2017","34 years","34",1139,734466,155.1
,"Census Region 1: Northeast","CENS-R1","2017","2017","35 years","35",1152,730133,157.8
,"Census Region 1: Northeast","CENS-R1","2017","2017","36 years","36",1146,716525,159.9
,"Census Region 1: Northeast","CENS-R1","2017","2017","37 years","37",1190,731439,162.7
,"Census Region 1: Northeast","CENS-R1","2017","2017","38 years","38",1144,689410,165.9
,"Census Region 1: Northeast","CENS-R1","2017","2017","39 years","39",1226,676099,181.3
,"Census Region 1: Northeast","CENS-R1","2017","2017","40 years","40",1257,667194,188.4
,"Census Region 1: Northeast","CENS-R1","2017","2017","41 years","41",1209,650911,185.7
,"Census Region 1: Northeast","CENS-R1","2017","2017","42 years","42",1235,673918,183.3
,"Census Region 1: Northeast","CENS-R1","2017","2017","43 years","43",1286,653322,196.8
,"Census Region 1: Northeast","CENS-R1","2017","2017","44 years","44",1423,665762,213.7
,"Census Region 1: Northeast","CENS-R1","2017","2017","45 years","45",1640,702591,233.4
,"Census Region 1: Northeast","CENS-R1","2017","2017","46 years","46",1909,753697,253.3
,"Census Region 1: Northeast","CENS-R1","2017","2017","47 years","47",2122,776508,273.3
,"Census Region 1: Northeast","CENS-R1","2017","2017","48 years","48",2169,745671,290.9
,"Census Region 1: Northeast","CENS-R1","2017","2017","49 years","49",2349,741199,316.9
,"Census Region 1: Northeast","CENS-R1","2017","2017","50 years","50",2777,751586,369.5
,"Census Region 1: Northeast","CENS-R1","2017","2017","51 years","51",3018,771821,391.0
,"Census Region 1: Northeast","CENS-R1","2017","2017","52 years","52",3441,815798,421.8
,"Census Region 1: Northeast","CENS-R1","2017","2017","53 years","53",3666,824587,444.6
,"Census Region 1: Northeast","CENS-R1","2017","2017","54 years","54",4088,818721,499.3
,"Census Region 1: Northeast","CENS-R1","2017","2017","55 years","55",4455,813370,547.7
,"Census Region 1: Northeast","CENS-R1","2017","2017","56 years","56",4588,825085,556.1
,"Census Region 1: Northeast","CENS-R1","2017","2017","57 years","57",5066,831348,609.4
,"Census Region 1: Northeast","CENS-R1","2017","2017","58 years","58",5392,807795,667.5
,"Census Region 1: Northeast","CENS-R1","2017","2017","59 years","59",5835,801539,728.0
,"Census Region 1: Northeast","CENS-R1","2017","2017","60 years","60",6158,785853,783.6
,"Census Region 1: Northeast","CENS-R1","2017","2017","61 years","61",6227,753224,826.7
,"Census Region 1: Northeast","CENS-R1","2017","2017","62 years","62",6605,742818,889.2
,"Census Region 1: Northeast","CENS-R1","2017","2017","63 years","63",6797,703390,966.3
,"Census Region 1: Northeast","CENS-R1","2017","2017","64 years","64",6970,672496,1036.4
,"Census Region 1: Northeast","CENS-R1","2017","2017","65 years","65",7249,642670,1128.0
,"Census Region 1: Northeast","CENS-R1","2017","2017","66 years","66",7420,618076,1200.5
,"Census Region 1: Northeast","CENS-R1","2017","2017","67 years","67",7605,600317,1266.8
,"Census Region 1: Northeast","CENS-R1","2017","2017","68 years","68",8109,579395,1399.6
,"Census Region 1: Northeast","CENS-R1","2017","2017","69 years","69",8862,573524,1545.2
,"Census Region 1: Northeast","CENS-R1","2017","2017","70 years","70",10048,597212,1682.5
,"Census Region 1: Northeast","CENS-R1","2017","2017","71 years","71",8276,436763,1894.8
,"Census Region 1: Northeast","CENS-R1","2017","2017","72 years","72",8624,424905,2029.6
,"Census Region 1: Northeast","CENS-R1","2017","2017","73 years","73",9320,411661,2264.0
,"Census Region 1: Northeast","CENS-R1","2017","2017","74 years","74",10606,428494,2475.2
,"Census Region 1: Northeast","CENS-R1","2017","2017","75 years","75",9893,368274,2686.3
,"Census Region 1: Northeast","CENS-R1","2017","2017","76 years","76",9790,329034,2975.4
,"Census Region 1: Northeast","CENS-R1","2017","2017","77 years","77",10120,309970,3264.8
,"Census Region 1: Northeast","CENS-R1","2017","2017","78 years","78",10672,290128,3678.4
,"Census Region 1: Northeast","CENS-R1","2017","2017","79 years","79",11052,278238,3972.1
,"Census Region 1: Northeast","CENS-R1","2017","2017","80 years","80",11632,255052,4560.6
,"Census Region 1: Northeast","CENS-R1","2017","2017","81 years","81",11965,241409,4956.3
,"Census Region 1: Northeast","CENS-R1","2017","2017","82 years","82",12733,229242,5554.4
,"Census Region 1: Northeast","CENS-R1","2017","2017","83 years","83",12889,204034,6317.1
,"Census Region 1: Northeast","CENS-R1","2017","2017","84 years","84",13765,196396,7008.8
,"Census Region 1: Northeast","CENS-R1","2017","2017","85 years","85",14420,Not Applicable,Not Applicable
,"Census Region 1: Northeast","CENS-R1","2017","2017","86 years","86",15307,Not Applicable,Not Applicable
,"Census Region 1: Northeast","CENS-R1","2017","2017","87 years","87",15774,Not Applicable,Not Applicable
,"Census Region 1: Northeast","CENS-R1","2017","2017","88 years","88",15620,Not Applicable,Not Applicable
,"Census Region 1: Northeast","CENS-R1","2017","2017","89 years","89",16031,Not Applicable,Not Applicable
,"Census Region 1: Northeast","CENS-R1","2017","2017","90 years","90",15567,Not Applicable,Not Applicable
,"Census Region 1: Northeast","CENS-R1","2017","2017","91 years","91",14704,Not Applicable,Not Applicable
,"Census Region 1: Northeast","CENS-R1","2017","2017","92 years","92",13979,Not Applicable,Not Applicable
,"Census Region 1: Northeast","CENS-R1","2017","2017","93 years","93",12325,Not Applicable,Not Applicable
,"Census Region 1: Northeast","CENS-R1","2017","2017","94 years","94",10881,Not Applicable,Not Applicable
,"Census Region 1: Northeast","CENS-R1","2017","2017","95 years","95",9533,Not Applicable,Not Applicable
,"Census Region 1: Northeast","CENS-R1","2017","2017","96 years","96",7667,Not Applicable,Not Applicable
,"Census Region 1: Northeast","CENS-R1","2017","2017","97 years","97",6038,Not Applicable,Not Applicable
,"Census Region 1: Northeast","CENS-R1","2017","2017","98 years","98",4431,Not Applicable,Not Applicable
,"Census Region 1: Northeast","CENS-R1","2017","2017","99 years","99",3325,Not Applicable,Not Applicable
,"Census Region 1: Northeast","CENS-R1","2018","2018","1 year","1",178,617454,28.8
,"Census Region 1: Northeast","CENS-R1","2018","2018","2 years","2",120,627858,19.1
,"Census Region 1: Northeast","CENS-R1","2018","2018","3 years","3",93,632737,14.7
,"Census Region 1: Northeast","CENS-R1","2018","2018","4 years","4",64,629301,10.2
,"Census Region 1: Northeast","CENS-R1","2018","2018","5 years","5",66,631182,10.5
,"Census Region 1: Northeast","CENS-R1","2018","2018","6 years","6",65,632561,10.3
,"Census Region 1: Northeast","CENS-R1","2018","2018","7 years","7",66,641176,10.3
,"Census Region 1: Northeast","CENS-R1","2018","2018","8 years","8",65,634078,10.3
,"Census Region 1: Northeast","CENS-R1","2018","2018","9 years","9",67,628594,10.7
,"Census Region 1: Northeast","CENS-R1","2018","2018","10 years","10",71,647851,11.0
,"Census Region 1: Northeast","CENS-R1","2018","2018","11 years","11",69,652499,10.6
,"Census Region 1: Northeast","CENS-R1","2018","2018","12 years","12",85,652585,13.0
,"Census Region 1: Northeast","CENS-R1","2018","2018","13 years","13",80,659072,12.1
,"Census Region 1: Northeast","CENS-R1","2018","2018","14 years","14",110,668680,16.5
,"Census Region 1: Northeast","CENS-R1","2018","2018","15 years","15",130,671784,19.4
,"Census Region 1: Northeast","CENS-R1","2018","2018","16 years","16",167,672508,24.8
,"Census Region 1: Northeast","CENS-R1","2018","2018","17 years","17",219,692139,31.6
,"Census Region 1: Northeast","CENS-R1","2018","2018","18 years","18",304,745421,40.8
,"Census Region 1: Northeast","CENS-R1","2018","2018","19 years","19",340,748098,45.4
,"Census Region 1: Northeast","CENS-R1","2018","2018","20 years","20",449,741822,60.5
,"Census Region 1: Northeast","CENS-R1","2018","2018","21 years","21",479,735068,65.2
,"Census Region 1: Northeast","CENS-R1","2018","2018","22 years","22",581,724129,80.2
,"Census Region 1: Northeast","CENS-R1","2018","2018","23 years","23",607,733617,82.7
,"Census Region 1: Northeast","CENS-R1","2018","2018","24 years","24",722,758479,95.2
,"Census Region 1: Northeast","CENS-R1","2018","2018","25 years","25",770,775890,99.2
,"Census Region 1: Northeast","CENS-R1","2018","2018","26 years","26",872,783359,111.3
,"Census Region 1: Northeast","CENS-R1","2018","2018","27 years","27",927,796994,116.3
,"Census Region 1: Northeast","CENS-R1","2018","2018","28 years","28",987,808515,122.1
,"Census Region 1: Northeast","CENS-R1","2018","2018","29 years","29",978,785790,124.5
,"Census Region 1: Northeast","CENS-R1","2018","2018","30 years","30",1038,776499,133.7
,"Census Region 1: Northeast","CENS-R1","2018","2018","31 years","31",983,763050,128.8
,"Census Region 1: Northeast","CENS-R1","2018","2018","32 years","32",1052,758740,138.7
,"Census Region 1: Northeast","CENS-R1","2018","2018","33 years","33",1069,753586,141.9
,"Census Region 1: Northeast","CENS-R1","2018","2018","34 years","34",1044,721355,144.7
,"Census Region 1: Northeast","CENS-R1","2018","2018","35 years","35",1104,724908,152.3
,"Census Region 1: Northeast","CENS-R1","2018","2018","36 years","36",1112,720570,154.3
,"Census Region 1: Northeast","CENS-R1","2018","2018","37 years","37",1119,706583,158.4
,"Census Region 1: Northeast","CENS-R1","2018","2018","38 years","38",1180,721870,163.5
,"Census Region 1: Northeast","CENS-R1","2018","2018","39 years","39",1242,681361,182.3
,"Census Region 1: Northeast","CENS-R1","2018","2018","40 years","40",1152,667857,172.5
,"Census Region 1: Northeast","CENS-R1","2018","2018","41 years","41",1273,658564,193.3
,"Census Region 1: Northeast","CENS-R1","2018","2018","42 years","42",1231,642646,191.6
,"Census Region 1: Northeast","CENS-R1","2018","2018","43 years","43",1321,665834,198.4
,"Census Region 1: Northeast","CENS-R1","2018","2018","44 years","44",1430,645348,221.6
,"Census Region 1: Northeast","CENS-R1","2018","2018","45 years","45",1566,657289,238.3
,"Census Region 1: Northeast","CENS-R1","2018","2018","46 years","46",1783,694162,256.9
,"Census Region 1: Northeast","CENS-R1","2018","2018","47 years","47",1979,744066,266.0
,"Census Region 1: Northeast","CENS-R1","2018","2018","48 years","48",2174,766958,283.5
,"Census Region 1: Northeast","CENS-R1","2018","2018","49 years","49",2268,736494,307.9
,"Census Region 1: Northeast","CENS-R1","2018","2018","50 years","50",2519,731644,344.3
,"Census Region 1: Northeast","CENS-R1","2018","2018","51 years","51",2797,741327,377.3
,"Census Region 1: Northeast","CENS-R1","2018","2018","52 years","52",3165,761006,415.9
,"Census Region 1: Northeast","CENS-R1","2018","2018","53 years","53",3465,804689,430.6
,"Census Region 1: Northeast","CENS-R1","2018","2018","54 years","54",3925,813135,482.7
,"Census Region 1: Northeast","CENS-R1","2018","2018","55 years","55",4285,807173,530.9
,"Census Region 1: Northeast","CENS-R1","2018","2018","56 years","56",4708,800837,587.9
,"Census Region 1: Northeast","CENS-R1","2018","2018","57 years","57",5171,812209,636.7
,"Census Region 1: Northeast","CENS-R1","2018","2018","58 years","58",5407,818536,660.6
,"Census Region 1: Northeast","CENS-R1","2018","2018","59 years","59",5748,794191,723.8
,"Census Region 1: Northeast","CENS-R1","2018","2018","60 years","60",6064,787612,769.9
,"Census Region 1: Northeast","CENS-R1","2018","2018","61 years","61",6302,771285,817.1
,"Census Region 1: Northeast","CENS-R1","2018","2018","62 years","62",6687,737934,906.2
,"Census Region 1: Northeast","CENS-R1","2018","2018","63 years","63",7121,727150,979.3
,"Census Region 1: Northeast","CENS-R1","2018","2018","64 years","64",7071,687945,1027.8
,"Census Region 1: Northeast","CENS-R1","2018","2018","65 years","65",7469,657827,1135.4
,"Census Region 1: Northeast","CENS-R1","2018","2018","66 years","66",7647,626968,1219.7
,"Census Region 1: Northeast","CENS-R1","2018","2018","67 years","67",7843,603305,1300.0
,"Census Region 1: Northeast","CENS-R1","2018","2018","68 years","68",7933,585595,1354.7
,"Census Region 1: Northeast","CENS-R1","2018","2018","69 years","69",8575,564419,1519.3
,"Census Region 1: Northeast","CENS-R1","2018","2018","70 years","70",9288,558213,1663.9
,"Census Region 1: Northeast","CENS-R1","2018","2018","71 years","71",10380,580940,1786.8
,"Census Region 1: Northeast","CENS-R1","2018","2018","72 years","72",8933,424350,2105.1
,"Census Region 1: Northeast","CENS-R1","2018","2018","73 years","73",9110,412471,2208.6
,"Census Region 1: Northeast","CENS-R1","2018","2018","74 years","74",10112,399067,2533.9
,"Census Region 1: Northeast","CENS-R1","2018","2018","75 years","75",11226,414282,2709.7
,"Census Region 1: Northeast","CENS-R1","2018","2018","76 years","76",10578,355378,2976.5
,"Census Region 1: Northeast","CENS-R1","2018","2018","77 years","77",10668,316900,3366.4
,"Census Region 1: Northeast","CENS-R1","2018","2018","78 years","78",10568,297544,3551.7
,"Census Region 1: Northeast","CENS-R1","2018","2018","79 years","79",11325,277714,4077.9
,"Census Region 1: Northeast","CENS-R1","2018","2018","80 years","80",11573,265251,4363.0
,"Census Region 1: Northeast","CENS-R1","2018","2018","81 years","81",12159,242536,5013.3
,"Census Region 1: Northeast","CENS-R1","2018","2018","82 years","82",12736,228218,5580.6
,"Census Region 1: Northeast","CENS-R1","2018","2018","83 years","83",13137,215038,6109.2
,"Census Region 1: Northeast","CENS-R1","2018","2018","84 years","84",13333,190243,7008.4
,"Census Region 1: Northeast","CENS-R1","2018","2018","85 years","85",14149,Not Applicable,Not Applicable
,"Census Region 1: Northeast","CENS-R1","2018","2018","86 years","86",14865,Not Applicable,Not Applicable
,"Census Region 1: Northeast","CENS-R1","2018","2018","87 years","87",15445,Not Applicable,Not Applicable
,"Census Region 1: Northeast","CENS-R1","2018","2018","88 years","88",15868,Not Applicable,Not Applicable
,"Census Region 1: Northeast","CENS-R1","2018","2018","89 years","89",15634,Not Applicable,Not Applicable
,"Census Region 1: Northeast","CENS-R1","2018","2018","90 years","90",15503,Not Applicable,Not Applicable
,"Census Region 1: Northeast","CENS-R1","2018","2018","91 years","91",14931,Not Applicable,Not Applicable
,"Census Region 1: Northeast","CENS-R1","2018","2018","92 years","92",13597,Not Applicable,Not Applicable
,"Census Region 1: Northeast","CENS-R1","2018","2018","93 years","93",12496,Not Applicable,Not Applicable
,"Census Region 1: Northeast","CENS-R1","2018","2018","94 years","94",11365,Not Applicable,Not Applicable
,"Census Region 1: Northeast","CENS-R1","2018","2018","95 years","95",9600,Not Applicable,Not Applicable
,"Census Region 1: Northeast","CENS-R1","2018","2018","96 years","96",8037,Not Applicable,Not Applicable
,"Census Region 1: Northeast","CENS-R1","2018","2018","97 years","97",6396,Not Applicable,Not Applicable
,"Census Region 1: Northeast","CENS-R1","2018","2018","98 years","98",4753,Not Applicable,Not Applicable
,"Census Region 1: Northeast","CENS-R1","2018","2018","99 years","99",3267,Not Applicable,Not Applicable
,"Census Region 1: Northeast","CENS-R1","2019","2019","1 year","1",158,610465,25.9
,"Census Region 1: Northeast","CENS-R1","2019","2019","2 years","2",107,617964,17.3
,"Census Region 1: Northeast","CENS-R1","2019","2019","3 years","3",84,626268,13.4
,"Census Region 1: Northeast","CENS-R1","2019","2019","4 years","4",81,631011,12.8
,"Census Region 1: Northeast","CENS-R1","2019","2019","5 years","5",86,627874,13.7
,"Census Region 1: Northeast","CENS-R1","2019","2019","6 years","6",60,629467,9.5
,"Census Region 1: Northeast","CENS-R1","2019","2019","7 years","7",62,631177,9.8
,"Census Region 1: Northeast","CENS-R1","2019","2019","8 years","8",62,640027,9.7
,"Census Region 1: Northeast","CENS-R1","2019","2019","9 years","9",65,633004,10.3
,"Census Region 1: Northeast","CENS-R1","2019","2019","10 years","10",57,627608,9.1
,"Census Region 1: Northeast","CENS-R1","2019","2019","11 years","11",82,646474,12.7
,"Census Region 1: Northeast","CENS-R1","2019","2019","12 years","12",77,651417,11.8
,"Census Region 1: Northeast","CENS-R1","2019","2019","13 years","13",87,652476,13.3
,"Census Region 1: Northeast","CENS-R1","2019","2019","14 years","14",96,659287,14.6
,"Census Region 1: Northeast","CENS-R1","2019","2019","15 years","15",132,669462,19.7
,"Census Region 1: Northeast","CENS-R1","2019","2019","16 years","16",131,673007,19.5
,"Census Region 1: Northeast","CENS-R1","2019","2019","17 years","17",187,673636,27.8
,"Census Region 1: Northeast","CENS-R1","2019","2019","18 years","18",320,728218,43.9
,"Census Region 1: Northeast","CENS-R1","2019","2019","19 years","19",330,750449,44.0
,"Census Region 1: Northeast","CENS-R1","2019","2019","20 years","20",410,734703,55.8
,"Census Region 1: Northeast","CENS-R1","2019","2019","21 years","21",503,725471,69.3
,"Census Region 1: Northeast","CENS-R1","2019","2019","22 years","22",537,709504,75.7
,"Census Region 1: Northeast","CENS-R1","2019","2019","23 years","23",579,711015,81.4
,"Census Region 1: Northeast","CENS-R1","2019","2019","24 years","24",614,737785,83.2
,"Census Region 1: Northeast","CENS-R1","2019","2019","25 years","25",690,759502,90.8
,"Census Region 1: Northeast","CENS-R1","2019","2019","26 years","26",804,775123,103.7
,"Census Region 1: Northeast","CENS-R1","2019","2019","27 years","27",861,783575,109.9
,"Census Region 1: Northeast","CENS-R1","2019","2019","28 years","28",933,794231,117.5
,"Census Region 1: Northeast","CENS-R1","2019","2019","29 years","29",956,805283,118.7
,"Census Region 1: Northeast","CENS-R1","2019","2019","30 years","30",1025,781869,131.1
,"Census Region 1: Northeast","CENS-R1","2019","2019","31 years","31",1002,771314,129.9
,"Census Region 1: Northeast","CENS-R1","2019","2019","32 years","32",1039,757844,137.1
,"Census Region 1: Northeast","CENS-R1","2019","2019","33 years","33",1082,752931,143.7
,"Census Region 1: Northeast","CENS-R1","2019","2019","34 years","34",1053,748121,140.8
,"Census Region 1: Northeast","CENS-R1","2019","2019","35 years","35",1110,717203,154.8
,"Census Region 1: Northeast","CENS-R1","2019","2019","36 years","36",1126,719972,156.4
,"Census Region 1: Northeast","CENS-R1","2019","2019","37 years","37",1176,715435,164.4
,"Census Region 1: Northeast","CENS-R1","2019","2019","38 years","38",1230,701246,175.4
,"Census Region 1: Northeast","CENS-R1","2019","2019","39 years","39",1219,717291,169.9
,"Census Region 1: Northeast","CENS-R1","2019","2019","40 years","40",1283,676473,189.7
,"Census Region 1: Northeast","CENS-R1","2019","2019","41 years","41",1276,663061,192.4
,"Census Region 1: Northeast","CENS-R1","2019","2019","42 years","42",1296,654213,198.1
,"Census Region 1: Northeast","CENS-R1","2019","2019","43 years","43",1306,638304,204.6
,"Census Region 1: Northeast","CENS-R1","2019","2019","44 years","44",1344,660886,203.4
,"Census Region 1: Northeast","CENS-R1","2019","2019","45 years","45",1463,640820,228.3
,"Census Region 1: Northeast","CENS-R1","2019","2019","46 years","46",1641,652470,251.5
,"Census Region 1: Northeast","CENS-R1","2019","2019","47 years","47",1805,688344,262.2
,"Census Region 1: Northeast","CENS-R1","2019","2019","48 years","48",2109,738310,285.7
,"Census Region 1: Northeast","CENS-R1","2019","2019","49 years","49",2397,760629,315.1
,"Census Region 1: Northeast","CENS-R1","2019","2019","50 years","50",2474,730071,338.9
,"Census Region 1: Northeast","CENS-R1","2019","2019","51 years","51",2816,724679,388.6
,"Census Region 1: Northeast","CENS-R1","2019","2019","52 years","52",3048,733636,415.5
,"Census Region 1: Northeast","CENS-R1","2019","2019","53 years","53",3354,753616,445.1
,"Census Region 1: Northeast","CENS-R1","2019","2019","54 years","54",3853,795853,484.1
,"Census Region 1: Northeast","CENS-R1","2019","2019","55 years","55",4290,803644,533.8
,"Census Region 1: Northeast","CENS-R1","2019","2019","56 years","56",4452,796981,558.6
,"Census Region 1: Northeast","CENS-R1","2019","2019","57 years","57",4910,790203,621.4
,"Census Region 1: Northeast","CENS-R1","2019","2019","58 years","58",5308,802055,661.8
,"Census Region 1: Northeast","CENS-R1","2019","2019","59 years","59",5677,807446,703.1
,"Census Region 1: Northeast","CENS-R1","2019","2019","60 years","60",6085,782127,778.0
,"Census Region 1: Northeast","CENS-R1","2019","2019","61 years","61",6630,774944,855.5
,"Census Region 1: Northeast","CENS-R1","2019","2019","62 years","62",6891,758237,908.8
,"Census Region 1: Northeast","CENS-R1","2019","2019","63 years","63",7058,724356,974.4
,"Census Region 1: Northeast","CENS-R1","2019","2019","64 years","64",7289,713202,1022.0
,"Census Region 1: Northeast","CENS-R1","2019","2019","65 years","65",7538,674953,1116.8
,"Census Region 1: Northeast","CENS-R1","2019","2019","66 years","66",7700,644109,1195.4
,"Census Region 1: Northeast","CENS-R1","2019","2019","67 years","67",8121,614518,1321.5
,"Census Region 1: Northeast","CENS-R1","2019","2019","68 years","68",8183,590771,1385.1
,"Census Region 1: Northeast","CENS-R1","2019","2019","69 years","69",8507,573635,1483.0
,"Census Region 1: Northeast","CENS-R1","2019","2019","70 years","70",9195,552165,1665.3
,"Census Region 1: Northeast","CENS-R1","2019","2019","71 years","71",9851,545162,1807.0
,"Census Region 1: Northeast","CENS-R1","2019","2019","72 years","72",10917,566718,1926.4
,"Census Region 1: Northeast","CENS-R1","2019","2019","73 years","73",9235,413006,2236.0
,"Census Region 1: Northeast","CENS-R1","2019","2019","74 years","74",9631,401081,2401.3
,"Census Region 1: Northeast","CENS-R1","2019","2019","75 years","75",10351,386575,2677.6
,"Census Region 1: Northeast","CENS-R1","2019","2019","76 years","76",11887,400702,2966.5
,"Census Region 1: Northeast","CENS-R1","2019","2019","77 years","77",10969,343676,3191.7
,"Census Region 1: Northeast","CENS-R1","2019","2019","78 years","78",10640,305446,3483.4
,"Census Region 1: Northeast","CENS-R1","2019","2019","79 years","79",11138,285893,3895.9
,"Census Region 1: Northeast","CENS-R1","2019","2019","80 years","80",11677,265748,4394.0
,"Census Region 1: Northeast","CENS-R1","2019","2019","81 years","81",12296,253282,4854.7
,"Census Region 1: Northeast","CENS-R1","2019","2019","82 years","82",12630,230094,5489.1
,"Census Region 1: Northeast","CENS-R1","2019","2019","83 years","83",13115,214937,6101.8
,"Census Region 1: Northeast","CENS-R1","2019","2019","84 years","84",13542,201302,6727.2
,"Census Region 1: Northeast","CENS-R1","2019","2019","85 years","85",13549,Not Applicable,Not Applicable
,"Census Region 1: Northeast","CENS-R1","2019","2019","86 years","86",14410,Not Applicable,Not Applicable
,"Census Region 1: Northeast","CENS-R1","2019","2019","87 years","87",14874,Not Applicable,Not Applicable
,"Census Region 1: Northeast","CENS-R1","2019","2019","88 years","88",15091,Not Applicable,Not Applicable
,"Census Region 1: Northeast","CENS-R1","2019","2019","89 years","89",15548,Not Applicable,Not Applicable
,"Census Region 1: Northeast","CENS-R1","2019","2019","90 years","90",14828,Not Applicable,Not Applicable
,"Census Region 1: Northeast","CENS-R1","2019","2019","91 years","91",14650,Not Applicable,Not Applicable
,"Census Region 1: Northeast","CENS-R1","2019","2019","92 years","92",13779,Not Applicable,Not Applicable
,"Census Region 1: Northeast","CENS-R1","2019","2019","93 years","93",12360,Not Applicable,Not Applicable
,"Census Region 1: Northeast","CENS-R1","2019","2019","94 years","94",11177,Not Applicable,Not Applicable
,"Census Region 1: Northeast","CENS-R1","2019","2019","95 years","95",9529,Not Applicable,Not Applicable
,"Census Region 1: Northeast","CENS-R1","2019","2019","96 years","96",8006,Not Applicable,Not Applicable
,"Census Region 1: Northeast","CENS-R1","2019","2019","97 years","97",6371,Not Applicable,Not Applicable
,"Census Region 1: Northeast","CENS-R1","2019","2019","98 years","98",4908,Not Applicable,Not Applicable
,"Census Region 1: Northeast","CENS-R1","2019","2019","99 years","99",3504,Not Applicable,Not Applicable
,"Census Region 1: Northeast","CENS-R1","2020","2020","1 year","1",169,601407,28.1
,"Census Region 1: Northeast","CENS-R1","2020","2020","2 years","2",91,612570,14.9
,"Census Region 1: Northeast","CENS-R1","2020","2020","3 years","3",79,615324,12.8
,"Census Region 1: Northeast","CENS-R1","2020","2020","4 years","4",80,625323,12.8
,"Census Region 1: Northeast","CENS-R1","2020","2020","5 years","5",58,629274,9.2
,"Census Region 1: Northeast","CENS-R1","2020","2020","6 years","6",49,626747,7.8
,"Census Region 1: Northeast","CENS-R1","2020","2020","7 years","7",60,629034,9.5
,"Census Region 1: Northeast","CENS-R1","2020","2020","8 years","8",51,630823,8.1
,"Census Region 1: Northeast","CENS-R1","2020","2020","9 years","9",45,639932,7.0
,"Census Region 1: Northeast","CENS-R1","2020","2020","10 years","10",48,632794,7.6
,"Census Region 1: Northeast","CENS-R1","2020","2020","11 years","11",57,627143,9.1
,"Census Region 1: Northeast","CENS-R1","2020","2020","12 years","12",67,645996,10.4
,"Census Region 1: Northeast","CENS-R1","2020","2020","13 years","13",78,651077,12.0
,"Census Region 1: Northeast","CENS-R1","2020","2020","14 years","14",112,652471,17.2
,"Census Region 1: Northeast","CENS-R1","2020","2020","15 years","15",132,659496,20.0
,"Census Region 1: Northeast","CENS-R1","2020","2020","16 years","16",173,670103,25.8
,"Census Region 1: Northeast","CENS-R1","2020","2020","17 years","17",237,674273,35.1
,"Census Region 1: Northeast","CENS-R1","2020","2020","18 years","18",373,708616,52.6
,"Census Region 1: Northeast","CENS-R1","2020","2020","19 years","19",426,732592,58.1
,"Census Region 1: Northeast","CENS-R1","2020","2020","20 years","20",447,736513,60.7
,"Census Region 1: Northeast","CENS-R1","2020","2020","21 years","21",563,718266,78.4
,"Census Region 1: Northeast","CENS-R1","2020","2020","22 years","22",600,700680,85.6
,"Census Region 1: Northeast","CENS-R1","2020","2020","23 years","23",662,696211,95.1
,"Census Region 1: Northeast","CENS-R1","2020","2020","24 years","24",708,717994,98.6
,"Census Region 1: Northeast","CENS-R1","2020","2020","25 years","25",806,741752,108.7
,"Census Region 1: Northeast","CENS-R1","2020","2020","26 years","26",878,761169,115.3
,"Census Region 1: Northeast","CENS-R1","2020","2020","27 years","27",958,776064,123.4
,"Census Region 1: Northeast","CENS-R1","2020","2020","28 years","28",1015,781924,129.8
,"Census Region 1: Northeast","CENS-R1","2020","2020","29 years","29",1137,793190,143.3
,"Census Region 1: Northeast","CENS-R1","2020","2020","30 years","30",1183,803129,147.3
,"Census Region 1: Northeast","CENS-R1","2020","2020","31 years","31",1269,779333,162.8
,"Census Region 1: Northeast","CENS-R1","2020","2020","32 years","32",1258,767818,163.8
,"Census Region 1: Northeast","CENS-R1","2020","2020","33 years","33",1238,754440,164.1
,"Census Region 1: Northeast","CENS-R1","2020","2020","34 years","34",1285,749534,171.4
,"Census Region 1: Northeast","CENS-R1","2020","2020","35 years","35",1407,745158,188.8
,"Census Region 1: Northeast","CENS-R1","2020","2020","36 years","36",1416,713290,198.5
,"Census Region 1: Northeast","CENS-R1","2020","2020","37 years","37",1482,715914,207.0
,"Census Region 1: Northeast","CENS-R1","2020","2020","38 years","38",1579,711593,221.9
,"Census Region 1: Northeast","CENS-R1","2020","2020","39 years","39",1587,698335,227.3
,"Census Region 1: Northeast","CENS-R1","2020","2020","40 years","40",1668,712959,234.0
,"Census Region 1: Northeast","CENS-R1","2020","2020","41 years","41",1578,672090,234.8
,"Census Region 1: Northeast","CENS-R1","2020","2020","42 years","42",1609,659451,244.0
,"Census Region 1: Northeast","CENS-R1","2020","2020","43 years","43",1722,650047,264.9
,"Census Region 1: Northeast","CENS-R1","2020","2020","44 years","44",1744,634049,275.1
,"Census Region 1: Northeast","CENS-R1","2020","2020","45 years","45",1836,656436,279.7
,"Census Region 1: Northeast","CENS-R1","2020","2020","46 years","46",2010,636158,316.0
,"Census Region 1: Northeast","CENS-R1","2020","2020","47 years","47",2210,647764,341.2
,"Census Region 1: Northeast","CENS-R1","2020","2020","48 years","48",2543,683594,372.0
,"Census Region 1: Northeast","CENS-R1","2020","2020","49 years","49",2961,732607,404.2
,"Census Region 1: Northeast","CENS-R1","2020","2020","50 years","50",3166,754571,419.6
,"Census Region 1: Northeast","CENS-R1","2020","2020","51 years","51",3355,723645,463.6
,"Census Region 1: Northeast","CENS-R1","2020","2020","52 years","52",3611,717807,503.1
,"Census Region 1: Northeast","CENS-R1","2020","2020","53 years","53",4039,726870,555.7
,"Census Region 1: Northeast","CENS-R1","2020","2020","54 years","54",4437,746101,594.7
,"Census Region 1: Northeast","CENS-R1","2020","2020","55 years","55",5058,787247,642.5
,"Census Region 1: Northeast","CENS-R1","2020","2020","56 years","56",5563,794188,700.5
,"Census Region 1: Northeast","CENS-R1","2020","2020","57 years","57",5916,787191,751.5
,"Census Region 1: Northeast","CENS-R1","2020","2020","58 years","58",6370,780190,816.5
,"Census Region 1: Northeast","CENS-R1","2020","2020","59 years","59",6988,791185,883.2
,"Census Region 1: Northeast","CENS-R1","2020","2020","60 years","60",7472,796025,938.7
,"Census Region 1: Northeast","CENS-R1","2020","2020","61 years","61",8024,769896,1042.2
,"Census Region 1: Northeast","CENS-R1","2020","2020","62 years","62",8485,761828,1113.8
,"Census Region 1: Northeast","CENS-R1","2020","2020","63 years","63",8877,744187,1192.8
,"Census Region 1: Northeast","CENS-R1","2020","2020","64 years","64",9007,710172,1268.3
,"Census Region 1: Northeast","CENS-R1","2020","2020","65 years","65",9490,699757,1356.2
,"Census Region 1: Northeast","CENS-R1","2020","2020","66 years","66",9677,660271,1465.6
,"Census Region 1: Northeast","CENS-R1","2020","2020","67 years","67",10083,630421,1599.4
,"Census Region 1: Northeast","CENS-R1","2020","2020","68 years","68",10487,601301,1744.1
,"Census Region 1: Northeast","CENS-R1","2020","2020","69 years","69",10657,577593,1845.1
,"Census Region 1: Northeast","CENS-R1","2020","2020","70 years","70",11090,560242,1979.5
,"Census Region 1: Northeast","CENS-R1","2020","2020","71 years","71",11880,538949,2204.3
,"Census Region 1: Northeast","CENS-R1","2020","2020","72 years","72",12832,531594,2413.9
,"Census Region 1: Northeast","CENS-R1","2020","2020","73 years","73",14098,551593,2555.9
,"Census Region 1: Northeast","CENS-R1","2020","2020","74 years","74",12225,401513,3044.7
,"Census Region 1: Northeast","CENS-R1","2020","2020","75 years","75",12201,388678,3139.1
,"Census Region 1: Northeast","CENS-R1","2020","2020","76 years","76",13373,373112,3584.2
,"Census Region 1: Northeast","CENS-R1","2020","2020","77 years","77",15208,386586,3933.9
,"Census Region 1: Northeast","CENS-R1","2020","2020","78 years","78",14610,330527,4420.2
,"Census Region 1: Northeast","CENS-R1","2020","2020","79 years","79",14089,292541,4816.1
,"Census Region 1: Northeast","CENS-R1","2020","2020","80 years","80",14340,272589,5260.7
,"Census Region 1: Northeast","CENS-R1","2020","2020","81 years","81",15028,252468,5952.4
,"Census Region 1: Northeast","CENS-R1","2020","2020","82 years","82",15350,238982,6423.1
,"Census Region 1: Northeast","CENS-R1","2020","2020","83 years","83",15826,215504,7343.7
,"Census Region 1: Northeast","CENS-R1","2020","2020","84 years","84",16279,200446,8121.4
,"Census Region 1: Northeast","CENS-R1","2020","2020","85 years","85",17002,Not Applicable,Not Applicable
,"Census Region 1: Northeast","CENS-R1","2020","2020","86 years","86",16665,Not Applicable,Not Applicable
,"Census Region 1: Northeast","CENS-R1","2020","2020","87 years","87",17292,Not Applicable,Not Applicable
,"Census Region 1: Northeast","CENS-R1","2020","2020","88 years","88",17689,Not Applicable,Not Applicable
,"Census Region 1: Northeast","CENS-R1","2020","2020","89 years","89",18105,Not Applicable,Not Applicable
,"Census Region 1: Northeast","CENS-R1","2020","2020","90 years","90",17867,Not Applicable,Not Applicable
,"Census Region 1: Northeast","CENS-R1","2020","2020","91 years","91",17106,Not Applicable,Not Applicable
,"Census Region 1: Northeast","CENS-R1","2020","2020","92 years","92",16222,Not Applicable,Not Applicable
,"Census Region 1: Northeast","CENS-R1","2020","2020","93 years","93",14741,Not Applicable,Not Applicable
,"Census Region 1: Northeast","CENS-R1","2020","2020","94 years","94",13130,Not Applicable,Not Applicable
,"Census Region 1: Northeast","CENS-R1","2020","2020","95 years","95",11422,Not Applicable,Not Applicable
,"Census Region 1: Northeast","CENS-R1","2020","2020","96 years","96",9478,Not Applicable,Not Applicable
,"Census Region 1: Northeast","CENS-R1","2020","2020","97 years","97",7448,Not Applicable,Not Applicable
,"Census Region 1: Northeast","CENS-R1","2020","2020","98 years","98",5921,Not Applicable,Not Applicable
,"Census Region 1: Northeast","CENS-R1","2020","2020","99 years","99",4375,Not Applicable,Not Applicable
,"Census Region 2: Midwest","CENS-R2","1999","1999","1 year","1",460,859951,53.5
,"Census Region 2: Midwest","CENS-R2","1999","1999","2 years","2",308,864644,35.6
,"Census Region 2: Midwest","CENS-R2","1999","1999","3 years","3",257,867846,29.6
,"Census Region 2: Midwest","CENS-R2","1999","1999","4 years","4",205,898050,22.8
,"Census Region 2: Midwest","CENS-R2","1999","1999","5 years","5",168,909817,18.5
,"Census Region 2: Midwest","CENS-R2","1999","1999","6 years","6",165,920623,17.9
,"Census Region 2: Midwest","CENS-R2","1999","1999","7 years","7",149,944677,15.8
,"Census Region 2: Midwest","CENS-R2","1999","1999","8 years","8",155,949819,16.3
,"Census Region 2: Midwest","CENS-R2","1999","1999","9 years","9",148,982021,15.1
,"Census Region 2: Midwest","CENS-R2","1999","1999","10 years","10",154,964059,16.0
,"Census Region 2: Midwest","CENS-R2","1999","1999","11 years","11",156,936129,16.7
,"Census Region 2: Midwest","CENS-R2","1999","1999","12 years","12",179,938250,19.1
,"Census Region 2: Midwest","CENS-R2","1999","1999","13 years","13",176,942406,18.7
,"Census Region 2: Midwest","CENS-R2","1999","1999","14 years","14",250,953067,26.2
,"Census Region 2: Midwest","CENS-R2","1999","1999","15 years","15",395,936887,42.2
,"Census Region 2: Midwest","CENS-R2","1999","1999","16 years","16",602,952053,63.2
,"Census Region 2: Midwest","CENS-R2","1999","1999","17 years","17",706,958973,73.6
,"Census Region 2: Midwest","CENS-R2","1999","1999","18 years","18",792,949073,83.4
,"Census Region 2: Midwest","CENS-R2","1999","1999","19 years","19",856,975425,87.8
,"Census Region 2: Midwest","CENS-R2","1999","1999","20 years","20",780,921272,84.7
,"Census Region 2: Midwest","CENS-R2","1999","1999","21 years","21",802,871974,92.0
,"Census Region 2: Midwest","CENS-R2","1999","1999","22 years","22",759,841539,90.2
,"Census Region 2: Midwest","CENS-R2","1999","1999","23 years","23",722,802360,90.0
,"Census Region 2: Midwest","CENS-R2","1999","1999","24 years","24",736,811425,90.7
,"Census Region 2: Midwest","CENS-R2","1999","1999","25 years","25",683,809120,84.4
,"Census Region 2: Midwest","CENS-R2","1999","1999","26 years","26",728,803888,90.6
,"Census Region 2: Midwest","CENS-R2","1999","1999","27 years","27",783,867396,90.3
,"Census Region 2: Midwest","CENS-R2","1999","1999","28 years","28",783,917670,85.3
,"Census Region 2: Midwest","CENS-R2","1999","1999","29 years","29",852,915070,93.1
,"Census Region 2: Midwest","CENS-R2","1999","1999","30 years","30",823,908507,90.6
,"Census Region 2: Midwest","CENS-R2","1999","1999","31 years","31",883,861407,102.5
,"Census Region 2: Midwest","CENS-R2","1999","1999","32 years","32",973,884359,110.0
,"Census Region 2: Midwest","CENS-R2","1999","1999","33 years","33",1042,894067,116.5
,"Census Region 2: Midwest","CENS-R2","1999","1999","34 years","34",1173,962576,121.9
,"Census Region 2: Midwest","CENS-R2","1999","1999","35 years","35",1308,1022261,128.0
,"Census Region 2: Midwest","CENS-R2","1999","1999","36 years","36",1402,1014994,138.1
,"Census Region 2: Midwest","CENS-R2","1999","1999","37 years","37",1483,1039817,142.6
,"Census Region 2: Midwest","CENS-R2","1999","1999","38 years","38",1732,1026489,168.7
,"Census Region 2: Midwest","CENS-R2","1999","1999","39 years","39",1821,1064940,171.0
,"Census Region 2: Midwest","CENS-R2","1999","1999","40 years","40",1949,1073145,181.6
,"Census Region 2: Midwest","CENS-R2","1999","1999","41 years","41",2092,1036573,201.8
,"Census Region 2: Midwest","CENS-R2","1999","1999","42 years","42",2194,1049012,209.1
,"Census Region 2: Midwest","CENS-R2","1999","1999","43 years","43",2440,992548,245.8
,"Census Region 2: Midwest","CENS-R2","1999","1999","44 years","44",2597,992729,261.6
,"Census Region 2: Midwest","CENS-R2","1999","1999","45 years","45",2662,988415,269.3
,"Census Region 2: Midwest","CENS-R2","1999","1999","46 years","46",2865,929618,308.2
,"Census Region 2: Midwest","CENS-R2","1999","1999","47 years","47",2999,920960,325.6
,"Census Region 2: Midwest","CENS-R2","1999","1999","48 years","48",3078,864586,356.0
,"Census Region 2: Midwest","CENS-R2","1999","1999","49 years","49",3436,876233,392.1
,"Census Region 2: Midwest","CENS-R2","1999","1999","50 years","50",3421,863025,396.4
,"Census Region 2: Midwest","CENS-R2","1999","1999","51 years","51",3720,827726,449.4
,"Census Region 2: Midwest","CENS-R2","1999","1999","52 years","52",4041,886433,455.9
,"Census Region 2: Midwest","CENS-R2","1999","1999","53 years","53",3590,625989,573.5
,"Census Region 2: Midwest","CENS-R2","1999","1999","54 years","54",3808,649151,586.6
,"Census Region 2: Midwest","CENS-R2","1999","1999","55 years","55",4303,649017,663.0
,"Census Region 2: Midwest","CENS-R2","1999","1999","56 years","56",4840,674992,717.0
,"Census Region 2: Midwest","CENS-R2","1999","1999","57 years","57",4691,595385,787.9
,"Census Region 2: Midwest","CENS-R2","1999","1999","58 years","58",4856,555608,874.0
,"Census Region 2: Midwest","CENS-R2","1999","1999","59 years","59",5146,534145,963.4
,"Census Region 2: Midwest","CENS-R2","1999","1999","60 years","60",5632,532742,1057.2
,"Census Region 2: Midwest","CENS-R2","1999","1999","61 years","61",5785,507185,1140.6
,"Census Region 2: Midwest","CENS-R2","1999","1999","62 years","62",6062,479583,1264.0
,"Census Region 2: Midwest","CENS-R2","1999","1999","63 years","63",6541,472695,1383.8
,"Census Region 2: Midwest","CENS-R2","1999","1999","64 years","64",7251,476908,1520.4
,"Census Region 2: Midwest","CENS-R2","1999","1999","65 years","65",7457,436278,1709.2
,"Census Region 2: Midwest","CENS-R2","1999","1999","66 years","66",8087,432329,1870.6
,"Census Region 2: Midwest","CENS-R2","1999","1999","67 years","67",8672,438161,1979.2
,"Census Region 2: Midwest","CENS-R2","1999","1999","68 years","68",9655,442540,2181.7
,"Census Region 2: Midwest","CENS-R2","1999","1999","69 years","69",10203,440483,2316.3
,"Census Region 2: Midwest","CENS-R2","1999","1999","70 years","70",10771,433209,2486.3
,"Census Region 2: Midwest","CENS-R2","1999","1999","71 years","71",12247,427758,2863.1
,"Census Region 2: Midwest","CENS-R2","1999","1999","72 years","72",12966,411971,3147.3
,"Census Region 2: Midwest","CENS-R2","1999","1999","73 years","73",13710,404518,3389.2
,"Census Region 2: Midwest","CENS-R2","1999","1999","74 years","74",14656,401607,3649.3
,"Census Region 2: Midwest","CENS-R2","1999","1999","75 years","75",15350,384912,3987.9
,"Census Region 2: Midwest","CENS-R2","1999","1999","76 years","76",15671,362896,4318.3
,"Census Region 2: Midwest","CENS-R2","1999","1999","77 years","77",16706,354719,4709.6
,"Census Region 2: Midwest","CENS-R2","1999","1999","78 years","78",17217,334302,5150.1
,"Census Region 2: Midwest","CENS-R2","1999","1999","79 years","79",17090,298573,5723.9
,"Census Region 2: Midwest","CENS-R2","1999","1999","80 years","80",17264,281161,6140.3
,"Census Region 2: Midwest","CENS-R2","1999","1999","81 years","81",18219,255321,7135.7
,"Census Region 2: Midwest","CENS-R2","1999","1999","82 years","82",17914,239208,7488.9
,"Census Region 2: Midwest","CENS-R2","1999","1999","83 years","83",18488,217479,8501.1
,"Census Region 2: Midwest","CENS-R2","1999","1999","84 years","84",18262,200084,9127.2
,"Census Region 2: Midwest","CENS-R2","1999","1999","85 years","85",18423,Not Applicable,Not Applicable
,"Census Region 2: Midwest","CENS-R2","1999","1999","86 years","86",17684,Not Applicable,Not Applicable
,"Census Region 2: Midwest","CENS-R2","1999","1999","87 years","87",16992,Not Applicable,Not Applicable
,"Census Region 2: Midwest","CENS-R2","1999","1999","88 years","88",16113,Not Applicable,Not Applicable
,"Census Region 2: Midwest","CENS-R2","1999","1999","89 years","89",14973,Not Applicable,Not Applicable
,"Census Region 2: Midwest","CENS-R2","1999","1999","90 years","90",13789,Not Applicable,Not Applicable
,"Census Region 2: Midwest","CENS-R2","1999","1999","91 years","91",13018,Not Applicable,Not Applicable
,"Census Region 2: Midwest","CENS-R2","1999","1999","92 years","92",11216,Not Applicable,Not Applicable
,"Census Region 2: Midwest","CENS-R2","1999","1999","93 years","93",9707,Not Applicable,Not Applicable
,"Census Region 2: Midwest","CENS-R2","1999","1999","94 years","94",8377,Not Applicable,Not Applicable
,"Census Region 2: Midwest","CENS-R2","1999","1999","95 years","95",7033,Not Applicable,Not Applicable
,"Census Region 2: Midwest","CENS-R2","1999","1999","96 years","96",5699,Not Applicable,Not Applicable
,"Census Region 2: Midwest","CENS-R2","1999","1999","97 years","97",4379,Not Applicable,Not Applicable
,"Census Region 2: Midwest","CENS-R2","1999","1999","98 years","98",3260,Not Applicable,Not Applicable
,"Census Region 2: Midwest","CENS-R2","1999","1999","99 years","99",2476,Not Applicable,Not Applicable
,"Census Region 2: Midwest","CENS-R2","2000","2000","1 year","1",443,868904,51.0
,"Census Region 2: Midwest","CENS-R2","2000","2000","2 years","2",290,862784,33.6
,"Census Region 2: Midwest","CENS-R2","2000","2000","3 years","3",229,868434,26.4
,"Census Region 2: Midwest","CENS-R2","2000","2000","4 years","4",164,893440,18.4
,"Census Region 2: Midwest","CENS-R2","2000","2000","5 years","5",176,902221,19.5
,"Census Region 2: Midwest","CENS-R2","2000","2000","6 years","6",168,915896,18.3
,"Census Region 2: Midwest","CENS-R2","2000","2000","7 years","7",165,938062,17.6
,"Census Region 2: Midwest","CENS-R2","2000","2000","8 years","8",136,955261,14.2
,"Census Region 2: Midwest","CENS-R2","2000","2000","9 years","9",149,976584,15.3
,"Census Region 2: Midwest","CENS-R2","2000","2000","10 years","10",172,981790,17.5
,"Census Region 2: Midwest","CENS-R2","2000","2000","11 years","11",149,948252,15.7
,"Census Region 2: Midwest","CENS-R2","2000","2000","12 years","12",177,945122,18.7
,"Census Region 2: Midwest","CENS-R2","2000","2000","13 years","13",215,934353,23.0
,"Census Region 2: Midwest","CENS-R2","2000","2000","14 years","14",258,954394,27.0
,"Census Region 2: Midwest","CENS-R2","2000","2000","15 years","15",390,951858,41.0
,"Census Region 2: Midwest","CENS-R2","2000","2000","16 years","16",546,936635,58.3
,"Census Region 2: Midwest","CENS-R2","2000","2000","17 years","17",651,954069,68.2
,"Census Region 2: Midwest","CENS-R2","2000","2000","18 years","18",799,953149,83.8
,"Census Region 2: Midwest","CENS-R2","2000","2000","19 years","19",849,970889,87.4
,"Census Region 2: Midwest","CENS-R2","2000","2000","20 years","20",821,946948,86.7
,"Census Region 2: Midwest","CENS-R2","2000","2000","21 years","21",830,887437,93.5
,"Census Region 2: Midwest","CENS-R2","2000","2000","22 years","22",775,854076,90.7
,"Census Region 2: Midwest","CENS-R2","2000","2000","23 years","23",732,821462,89.1
,"Census Region 2: Midwest","CENS-R2","2000","2000","24 years","24",715,806157,88.7
,"Census Region 2: Midwest","CENS-R2","2000","2000","25 years","25",714,824436,86.6
,"Census Region 2: Midwest","CENS-R2","2000","2000","26 years","26",617,790932,78.0
,"Census Region 2: Midwest","CENS-R2","2000","2000","27 years","27",699,826895,84.5
,"Census Region 2: Midwest","CENS-R2","2000","2000","28 years","28",791,876475,90.2
,"Census Region 2: Midwest","CENS-R2","2000","2000","29 years","29",881,934470,94.3
,"Census Region 2: Midwest","CENS-R2","2000","2000","30 years","30",812,933611,87.0
,"Census Region 2: Midwest","CENS-R2","2000","2000","31 years","31",852,878194,97.0
,"Census Region 2: Midwest","CENS-R2","2000","2000","32 years","32",893,871712,102.4
,"Census Region 2: Midwest","CENS-R2","2000","2000","33 years","33",990,888012,111.5
,"Census Region 2: Midwest","CENS-R2","2000","2000","34 years","34",1064,921252,115.5
,"Census Region 2: Midwest","CENS-R2","2000","2000","35 years","35",1214,994905,122.0
,"Census Region 2: Midwest","CENS-R2","2000","2000","36 years","36",1267,1003745,126.2
,"Census Region 2: Midwest","CENS-R2","2000","2000","37 years","37",1543,1012683,152.4
,"Census Region 2: Midwest","CENS-R2","2000","2000","38 years","38",1666,1032462,161.4
,"Census Region 2: Midwest","CENS-R2","2000","2000","39 years","39",1818,1052482,172.7
,"Census Region 2: Midwest","CENS-R2","2000","2000","40 years","40",2007,1075295,186.6
,"Census Region 2: Midwest","CENS-R2","2000","2000","41 years","41",2121,1031716,205.6
,"Census Region 2: Midwest","CENS-R2","2000","2000","42 years","42",2239,1053393,212.6
,"Census Region 2: Midwest","CENS-R2","2000","2000","43 years","43",2513,1021379,246.0
,"Census Region 2: Midwest","CENS-R2","2000","2000","44 years","44",2609,1000249,260.8
,"Census Region 2: Midwest","CENS-R2","2000","2000","45 years","45",2849,1004798,283.5
,"Census Region 2: Midwest","CENS-R2","2000","2000","46 years","46",2915,948622,307.3
,"Census Region 2: Midwest","CENS-R2","2000","2000","47 years","47",3044,931879,326.7
,"Census Region 2: Midwest","CENS-R2","2000","2000","48 years","48",3295,911818,361.4
,"Census Region 2: Midwest","CENS-R2","2000","2000","49 years","49",3366,870466,386.7
,"Census Region 2: Midwest","CENS-R2","2000","2000","50 years","50",3649,872215,418.4
,"Census Region 2: Midwest","CENS-R2","2000","2000","51 years","51",3629,830657,436.9
,"Census Region 2: Midwest","CENS-R2","2000","2000","52 years","52",4104,847314,484.4
,"Census Region 2: Midwest","CENS-R2","2000","2000","53 years","53",4410,828513,532.3
,"Census Region 2: Midwest","CENS-R2","2000","2000","54 years","54",3779,627920,601.8
,"Census Region 2: Midwest","CENS-R2","2000","2000","55 years","55",3990,634990,628.4
,"Census Region 2: Midwest","CENS-R2","2000","2000","56 years","56",4425,643441,687.7
,"Census Region 2: Midwest","CENS-R2","2000","2000","57 years","57",5076,659038,770.2
,"Census Region 2: Midwest","CENS-R2","2000","2000","58 years","58",4966,588246,844.2
,"Census Region 2: Midwest","CENS-R2","2000","2000","59 years","59",5061,544760,929.0
,"Census Region 2: Midwest","CENS-R2","2000","2000","60 years","60",5215,525994,991.5
,"Census Region 2: Midwest","CENS-R2","2000","2000","61 years","61",5667,513633,1103.3
,"Census Region 2: Midwest","CENS-R2","2000","2000","62 years","62",6285,498021,1262.0
,"Census Region 2: Midwest","CENS-R2","2000","2000","63 years","63",6490,471525,1376.4
,"Census Region 2: Midwest","CENS-R2","2000","2000","64 years","64",7150,467769,1528.5
,"Census Region 2: Midwest","CENS-R2","2000","2000","65 years","65",7475,461395,1620.1
,"Census Region 2: Midwest","CENS-R2","2000","2000","66 years","66",7756,422292,1836.6
,"Census Region 2: Midwest","CENS-R2","2000","2000","67 years","67",8395,431880,1943.8
,"Census Region 2: Midwest","CENS-R2","2000","2000","68 years","68",8953,428979,2087.0
,"Census Region 2: Midwest","CENS-R2","2000","2000","69 years","69",9861,435914,2262.1
,"Census Region 2: Midwest","CENS-R2","2000","2000","70 years","70",10877,432429,2515.3
,"Census Region 2: Midwest","CENS-R2","2000","2000","71 years","71",11595,416235,2785.7
,"Census Region 2: Midwest","CENS-R2","2000","2000","72 years","72",12578,420347,2992.3
,"Census Region 2: Midwest","CENS-R2","2000","2000","73 years","73",13224,405681,3259.7
,"Census Region 2: Midwest","CENS-R2","2000","2000","74 years","74",14084,392558,3587.8
,"Census Region 2: Midwest","CENS-R2","2000","2000","75 years","75",14996,386722,3877.7
,"Census Region 2: Midwest","CENS-R2","2000","2000","76 years","76",15430,365460,4222.1
,"Census Region 2: Midwest","CENS-R2","2000","2000","77 years","77",16042,343809,4666.0
,"Census Region 2: Midwest","CENS-R2","2000","2000","78 years","78",16955,338919,5002.7
,"Census Region 2: Midwest","CENS-R2","2000","2000","79 years","79",17553,310268,5657.4
,"Census Region 2: Midwest","CENS-R2","2000","2000","80 years","80",17589,283623,6201.5
,"Census Region 2: Midwest","CENS-R2","2000","2000","81 years","81",17276,260361,6635.4
,"Census Region 2: Midwest","CENS-R2","2000","2000","82 years","82",18158,240275,7557.2
,"Census Region 2: Midwest","CENS-R2","2000","2000","83 years","83",18022,218079,8264.0
,"Census Region 2: Midwest","CENS-R2","2000","2000","84 years","84",18042,199554,9041.2
,"Census Region 2: Midwest","CENS-R2","2000","2000","85 years","85",18430,Not Applicable,Not Applicable
,"Census Region 2: Midwest","CENS-R2","2000","2000","86 years","86",17745,Not Applicable,Not Applicable
,"Census Region 2: Midwest","CENS-R2","2000","2000","87 years","87",17207,Not Applicable,Not Applicable
,"Census Region 2: Midwest","CENS-R2","2000","2000","88 years","88",15936,Not Applicable,Not Applicable
,"Census Region 2: Midwest","CENS-R2","2000","2000","89 years","89",14932,Not Applicable,Not Applicable
,"Census Region 2: Midwest","CENS-R2","2000","2000","90 years","90",13674,Not Applicable,Not Applicable
,"Census Region 2: Midwest","CENS-R2","2000","2000","91 years","91",12646,Not Applicable,Not Applicable
,"Census Region 2: Midwest","CENS-R2","2000","2000","92 years","92",11628,Not Applicable,Not Applicable
,"Census Region 2: Midwest","CENS-R2","2000","2000","93 years","93",10030,Not Applicable,Not Applicable
,"Census Region 2: Midwest","CENS-R2","2000","2000","94 years","94",8363,Not Applicable,Not Applicable
,"Census Region 2: Midwest","CENS-R2","2000","2000","95 years","95",6992,Not Applicable,Not Applicable
,"Census Region 2: Midwest","CENS-R2","2000","2000","96 years","96",5654,Not Applicable,Not Applicable
,"Census Region 2: Midwest","CENS-R2","2000","2000","97 years","97",4436,Not Applicable,Not Applicable
,"Census Region 2: Midwest","CENS-R2","2000","2000","98 years","98",3387,Not Applicable,Not Applicable
,"Census Region 2: Midwest","CENS-R2","2000","2000","99 years","99",2404,Not Applicable,Not Applicable
,"Census Region 2: Midwest","CENS-R2","2001","2001","1 year","1",457,867583,52.7
,"Census Region 2: Midwest","CENS-R2","2001","2001","2 years","2",267,862954,30.9
,"Census Region 2: Midwest","CENS-R2","2001","2001","3 years","3",217,864747,25.1
,"Census Region 2: Midwest","CENS-R2","2001","2001","4 years","4",185,866385,21.4
,"Census Region 2: Midwest","CENS-R2","2001","2001","5 years","5",159,889790,17.9
,"Census Region 2: Midwest","CENS-R2","2001","2001","6 years","6",137,903976,15.2
,"Census Region 2: Midwest","CENS-R2","2001","2001","7 years","7",124,913040,13.6
,"Census Region 2: Midwest","CENS-R2","2001","2001","8 years","8",135,932635,14.5
,"Census Region 2: Midwest","CENS-R2","2001","2001","9 years","9",136,952430,14.3
,"Census Region 2: Midwest","CENS-R2","2001","2001","10 years","10",158,974685,16.2
,"Census Region 2: Midwest","CENS-R2","2001","2001","11 years","11",137,993131,13.8
,"Census Region 2: Midwest","CENS-R2","2001","2001","12 years","12",159,959884,16.6
,"Census Region 2: Midwest","CENS-R2","2001","2001","13 years","13",190,949143,20.0
,"Census Region 2: Midwest","CENS-R2","2001","2001","14 years","14",267,941423,28.4
,"Census Region 2: Midwest","CENS-R2","2001","2001","15 years","15",355,956824,37.1
,"Census Region 2: Midwest","CENS-R2","2001","2001","16 years","16",527,967168,54.5
,"Census Region 2: Midwest","CENS-R2","2001","2001","17 years","17",661,941827,70.2
,"Census Region 2: Midwest","CENS-R2","2001","2001","18 years","18",747,955575,78.2
,"Census Region 2: Midwest","CENS-R2","2001","2001","19 years","19",850,979538,86.8
,"Census Region 2: Midwest","CENS-R2","2001","2001","20 years","20",805,962517,83.6
,"Census Region 2: Midwest","CENS-R2","2001","2001","21 years","21",937,948364,98.8
,"Census Region 2: Midwest","CENS-R2","2001","2001","22 years","22",841,882919,95.3
,"Census Region 2: Midwest","CENS-R2","2001","2001","23 years","23",747,838406,89.1
,"Census Region 2: Midwest","CENS-R2","2001","2001","24 years","24",751,821477,91.4
,"Census Region 2: Midwest","CENS-R2","2001","2001","25 years","25",658,792718,83.0
,"Census Region 2: Midwest","CENS-R2","2001","2001","26 years","26",706,822760,85.8
,"Census Region 2: Midwest","CENS-R2","2001","2001","27 years","27",703,794002,88.5
,"Census Region 2: Midwest","CENS-R2","2001","2001","28 years","28",712,813381,87.5
,"Census Region 2: Midwest","CENS-R2","2001","2001","29 years","29",788,861351,91.5
,"Census Region 2: Midwest","CENS-R2","2001","2001","30 years","30",910,922273,98.7
,"Census Region 2: Midwest","CENS-R2","2001","2001","31 years","31",919,932441,98.6
,"Census Region 2: Midwest","CENS-R2","2001","2001","32 years","32",918,890563,103.1
,"Census Region 2: Midwest","CENS-R2","2001","2001","33 years","33",1000,871726,114.7
,"Census Region 2: Midwest","CENS-R2","2001","2001","34 years","34",1038,885108,117.3
,"Census Region 2: Midwest","CENS-R2","2001","2001","35 years","35",1121,908942,123.3
,"Census Region 2: Midwest","CENS-R2","2001","2001","36 years","36",1344,975713,137.7
,"Census Region 2: Midwest","CENS-R2","2001","2001","37 years","37",1536,1003426,153.1
,"Census Region 2: Midwest","CENS-R2","2001","2001","38 years","38",1604,1011929,158.5
,"Census Region 2: Midwest","CENS-R2","2001","2001","39 years","39",1858,1027658,180.8
,"Census Region 2: Midwest","CENS-R2","2001","2001","40 years","40",2003,1049352,190.9
,"Census Region 2: Midwest","CENS-R2","2001","2001","41 years","41",2097,1066603,196.6
,"Census Region 2: Midwest","CENS-R2","2001","2001","42 years","42",2259,1037487,217.7
,"Census Region 2: Midwest","CENS-R2","2001","2001","43 years","43",2529,1044630,242.1
,"Census Region 2: Midwest","CENS-R2","2001","2001","44 years","44",2651,1032828,256.7
,"Census Region 2: Midwest","CENS-R2","2001","2001","45 years","45",2880,994268,289.7
,"Census Region 2: Midwest","CENS-R2","2001","2001","46 years","46",3050,997339,305.8
,"Census Region 2: Midwest","CENS-R2","2001","2001","47 years","47",3329,959579,346.9
,"Census Region 2: Midwest","CENS-R2","2001","2001","48 years","48",3128,927479,337.3
,"Census Region 2: Midwest","CENS-R2","2001","2001","49 years","49",3474,909391,382.0
,"Census Region 2: Midwest","CENS-R2","2001","2001","50 years","50",3673,877443,418.6
,"Census Region 2: Midwest","CENS-R2","2001","2001","51 years","51",3832,864487,443.3
,"Census Region 2: Midwest","CENS-R2","2001","2001","52 years","52",4017,834815,481.2
,"Census Region 2: Midwest","CENS-R2","2001","2001","53 years","53",4364,823273,530.1
,"Census Region 2: Midwest","CENS-R2","2001","2001","54 years","54",4703,865993,543.1
,"Census Region 2: Midwest","CENS-R2","2001","2001","55 years","55",4068,632710,642.9
,"Census Region 2: Midwest","CENS-R2","2001","2001","56 years","56",4300,629565,683.0
,"Census Region 2: Midwest","CENS-R2","2001","2001","57 years","57",4838,630983,766.7
,"Census Region 2: Midwest","CENS-R2","2001","2001","58 years","58",5454,664149,821.2
,"Census Region 2: Midwest","CENS-R2","2001","2001","59 years","59",5470,590848,925.8
,"Census Region 2: Midwest","CENS-R2","2001","2001","60 years","60",5534,542749,1019.6
,"Census Region 2: Midwest","CENS-R2","2001","2001","61 years","61",5746,523367,1097.9
,"Census Region 2: Midwest","CENS-R2","2001","2001","62 years","62",6052,507436,1192.7
,"Census Region 2: Midwest","CENS-R2","2001","2001","63 years","63",6487,494382,1312.1
,"Census Region 2: Midwest","CENS-R2","2001","2001","64 years","64",6795,466578,1456.3
,"Census Region 2: Midwest","CENS-R2","2001","2001","65 years","65",7100,458232,1549.4
,"Census Region 2: Midwest","CENS-R2","2001","2001","66 years","66",7675,454452,1688.8
,"Census Region 2: Midwest","CENS-R2","2001","2001","67 years","67",8088,416818,1940.4
,"Census Region 2: Midwest","CENS-R2","2001","2001","68 years","68",8688,419609,2070.5
,"Census Region 2: Midwest","CENS-R2","2001","2001","69 years","69",9436,419037,2251.8
,"Census Region 2: Midwest","CENS-R2","2001","2001","70 years","70",10466,418698,2499.7
,"Census Region 2: Midwest","CENS-R2","2001","2001","71 years","71",11286,423142,2667.2
,"Census Region 2: Midwest","CENS-R2","2001","2001","72 years","72",11788,403520,2921.3
,"Census Region 2: Midwest","CENS-R2","2001","2001","73 years","73",13057,405297,3221.6
,"Census Region 2: Midwest","CENS-R2","2001","2001","74 years","74",13736,394220,3484.3
,"Census Region 2: Midwest","CENS-R2","2001","2001","75 years","75",14258,376498,3787.0
,"Census Region 2: Midwest","CENS-R2","2001","2001","76 years","76",15597,370964,4204.5
,"Census Region 2: Midwest","CENS-R2","2001","2001","77 years","77",15995,352484,4537.8
,"Census Region 2: Midwest","CENS-R2","2001","2001","78 years","78",16467,330755,4978.6
,"Census Region 2: Midwest","CENS-R2","2001","2001","79 years","79",17669,318079,5554.9
,"Census Region 2: Midwest","CENS-R2","2001","2001","80 years","80",17909,296356,6043.1
,"Census Region 2: Midwest","CENS-R2","2001","2001","81 years","81",17800,271518,6555.7
,"Census Region 2: Midwest","CENS-R2","2001","2001","82 years","82",17736,241058,7357.6
,"Census Region 2: Midwest","CENS-R2","2001","2001","83 years","83",18237,227652,8010.9
,"Census Region 2: Midwest","CENS-R2","2001","2001","84 years","84",17899,200168,8942.0
,"Census Region 2: Midwest","CENS-R2","2001","2001","85 years","85",18108,Not Applicable,Not Applicable
,"Census Region 2: Midwest","CENS-R2","2001","2001","86 years","86",17843,Not Applicable,Not Applicable
,"Census Region 2: Midwest","CENS-R2","2001","2001","87 years","87",17270,Not Applicable,Not Applicable
,"Census Region 2: Midwest","CENS-R2","2001","2001","88 years","88",16405,Not Applicable,Not Applicable
,"Census Region 2: Midwest","CENS-R2","2001","2001","89 years","89",15288,Not Applicable,Not Applicable
,"Census Region 2: Midwest","CENS-R2","2001","2001","90 years","90",13913,Not Applicable,Not Applicable
,"Census Region 2: Midwest","CENS-R2","2001","2001","91 years","91",12755,Not Applicable,Not Applicable
,"Census Region 2: Midwest","CENS-R2","2001","2001","92 years","92",11120,Not Applicable,Not Applicable
,"Census Region 2: Midwest","CENS-R2","2001","2001","93 years","93",10061,Not Applicable,Not Applicable
,"Census Region 2: Midwest","CENS-R2","2001","2001","94 years","94",8424,Not Applicable,Not Applicable
,"Census Region 2: Midwest","CENS-R2","2001","2001","95 years","95",7026,Not Applicable,Not Applicable
,"Census Region 2: Midwest","CENS-R2","2001","2001","96 years","96",5686,Not Applicable,Not Applicable
,"Census Region 2: Midwest","CENS-R2","2001","2001","97 years","97",4391,Not Applicable,Not Applicable
,"Census Region 2: Midwest","CENS-R2","2001","2001","98 years","98",3390,Not Applicable,Not Applicable
,"Census Region 2: Midwest","CENS-R2","2001","2001","99 years","99",2356,Not Applicable,Not Applicable
,"Census Region 2: Midwest","CENS-R2","2002","2002","1 year","1",464,884640,52.5
,"Census Region 2: Midwest","CENS-R2","2002","2002","2 years","2",259,867531,29.9
,"Census Region 2: Midwest","CENS-R2","2002","2002","3 years","3",204,862321,23.7
,"Census Region 2: Midwest","CENS-R2","2002","2002","4 years","4",165,866112,19.1
,"Census Region 2: Midwest","CENS-R2","2002","2002","5 years","5",155,868774,17.8
,"Census Region 2: Midwest","CENS-R2","2002","2002","6 years","6",125,890465,14.0
,"Census Region 2: Midwest","CENS-R2","2002","2002","7 years","7",129,903984,14.3
,"Census Region 2: Midwest","CENS-R2","2002","2002","8 years","8",154,914408,16.8
,"Census Region 2: Midwest","CENS-R2","2002","2002","9 years","9",127,934342,13.6
,"Census Region 2: Midwest","CENS-R2","2002","2002","10 years","10",145,962050,15.1
,"Census Region 2: Midwest","CENS-R2","2002","2002","11 years","11",164,974829,16.8
,"Census Region 2: Midwest","CENS-R2","2002","2002","12 years","12",176,998006,17.6
,"Census Region 2: Midwest","CENS-R2","2002","2002","13 years","13",209,962014,21.7
,"Census Region 2: Midwest","CENS-R2","2002","2002","14 years","14",240,950049,25.3
,"Census Region 2: Midwest","CENS-R2","2002","2002","15 years","15",353,946247,37.3
,"Census Region 2: Midwest","CENS-R2","2002","2002","16 years","16",554,960831,57.7
,"Census Region 2: Midwest","CENS-R2","2002","2002","17 years","17",649,969688,66.9
,"Census Region 2: Midwest","CENS-R2","2002","2002","18 years","18",749,941400,79.6
,"Census Region 2: Midwest","CENS-R2","2002","2002","19 years","19",794,969954,81.9
,"Census Region 2: Midwest","CENS-R2","2002","2002","20 years","20",801,973920,82.2
,"Census Region 2: Midwest","CENS-R2","2002","2002","21 years","21",926,953773,97.1
,"Census Region 2: Midwest","CENS-R2","2002","2002","22 years","22",854,933121,91.5
,"Census Region 2: Midwest","CENS-R2","2002","2002","23 years","23",806,866074,93.1
,"Census Region 2: Midwest","CENS-R2","2002","2002","24 years","24",812,828931,98.0
,"Census Region 2: Midwest","CENS-R2","2002","2002","25 years","25",750,813397,92.2
,"Census Region 2: Midwest","CENS-R2","2002","2002","26 years","26",735,790307,93.0
,"Census Region 2: Midwest","CENS-R2","2002","2002","27 years","27",719,822838,87.4
,"Census Region 2: Midwest","CENS-R2","2002","2002","28 years","28",734,790435,92.9
,"Census Region 2: Midwest","CENS-R2","2002","2002","29 years","29",817,811290,100.7
,"Census Region 2: Midwest","CENS-R2","2002","2002","30 years","30",851,864968,98.4
,"Census Region 2: Midwest","CENS-R2","2002","2002","31 years","31",931,919561,101.2
,"Census Region 2: Midwest","CENS-R2","2002","2002","32 years","32",948,935454,101.3
,"Census Region 2: Midwest","CENS-R2","2002","2002","33 years","33",1045,890525,117.3
,"Census Region 2: Midwest","CENS-R2","2002","2002","34 years","34",999,871051,114.7
,"Census Region 2: Midwest","CENS-R2","2002","2002","35 years","35",1096,883446,124.1
,"Census Region 2: Midwest","CENS-R2","2002","2002","36 years","36",1222,908276,134.5
,"Census Region 2: Midwest","CENS-R2","2002","2002","37 years","37",1380,972754,141.9
,"Census Region 2: Midwest","CENS-R2","2002","2002","38 years","38",1563,1001557,156.1
,"Census Region 2: Midwest","CENS-R2","2002","2002","39 years","39",1808,1010570,178.9
,"Census Region 2: Midwest","CENS-R2","2002","2002","40 years","40",2069,1024037,202.0
,"Census Region 2: Midwest","CENS-R2","2002","2002","41 years","41",2160,1046567,206.4
,"Census Region 2: Midwest","CENS-R2","2002","2002","42 years","42",2391,1063593,224.8
,"Census Region 2: Midwest","CENS-R2","2002","2002","43 years","43",2592,1035071,250.4
,"Census Region 2: Midwest","CENS-R2","2002","2002","44 years","44",2727,1039239,262.4
,"Census Region 2: Midwest","CENS-R2","2002","2002","45 years","45",3006,1027061,292.7
,"Census Region 2: Midwest","CENS-R2","2002","2002","46 years","46",3073,990551,310.2
,"Census Region 2: Midwest","CENS-R2","2002","2002","47 years","47",3350,993607,337.2
,"Census Region 2: Midwest","CENS-R2","2002","2002","48 years","48",3557,954506,372.7
,"Census Region 2: Midwest","CENS-R2","2002","2002","49 years","49",3634,923694,393.4
,"Census Region 2: Midwest","CENS-R2","2002","2002","50 years","50",3812,902520,422.4
,"Census Region 2: Midwest","CENS-R2","2002","2002","51 years","51",4047,874212,462.9
,"Census Region 2: Midwest","CENS-R2","2002","2002","52 years","52",4110,858760,478.6
,"Census Region 2: Midwest","CENS-R2","2002","2002","53 years","53",4522,829636,545.1
,"Census Region 2: Midwest","CENS-R2","2002","2002","54 years","54",4795,817848,586.3
,"Census Region 2: Midwest","CENS-R2","2002","2002","55 years","55",5148,857724,600.2
,"Census Region 2: Midwest","CENS-R2","2002","2002","56 years","56",4378,627992,697.1
,"Census Region 2: Midwest","CENS-R2","2002","2002","57 years","57",4746,623166,761.6
,"Census Region 2: Midwest","CENS-R2","2002","2002","58 years","58",5187,624943,830.0
,"Census Region 2: Midwest","CENS-R2","2002","2002","59 years","59",5898,656719,898.1
,"Census Region 2: Midwest","CENS-R2","2002","2002","60 years","60",5784,581899,994.0
,"Census Region 2: Midwest","CENS-R2","2002","2002","61 years","61",5929,536925,1104.3
,"Census Region 2: Midwest","CENS-R2","2002","2002","62 years","62",6178,515787,1197.8
,"Census Region 2: Midwest","CENS-R2","2002","2002","63 years","63",6470,499110,1296.3
,"Census Region 2: Midwest","CENS-R2","2002","2002","64 years","64",6942,486480,1427.0
,"Census Region 2: Midwest","CENS-R2","2002","2002","65 years","65",7151,458283,1560.4
,"Census Region 2: Midwest","CENS-R2","2002","2002","66 years","66",7574,449696,1684.2
,"Census Region 2: Midwest","CENS-R2","2002","2002","67 years","67",8242,445163,1851.5
,"Census Region 2: Midwest","CENS-R2","2002","2002","68 years","68",8372,408101,2051.5
,"Census Region 2: Midwest","CENS-R2","2002","2002","69 years","69",9058,410363,2207.3
,"Census Region 2: Midwest","CENS-R2","2002","2002","70 years","70",9914,407695,2431.7
,"Census Region 2: Midwest","CENS-R2","2002","2002","71 years","71",11010,409039,2691.7
,"Census Region 2: Midwest","CENS-R2","2002","2002","72 years","72",11798,410900,2871.3
,"Census Region 2: Midwest","CENS-R2","2002","2002","73 years","73",12486,391554,3188.8
,"Census Region 2: Midwest","CENS-R2","2002","2002","74 years","74",13513,392053,3446.7
,"Census Region 2: Midwest","CENS-R2","2002","2002","75 years","75",14581,379649,3840.7
,"Census Region 2: Midwest","CENS-R2","2002","2002","76 years","76",14910,362797,4109.7
,"Census Region 2: Midwest","CENS-R2","2002","2002","77 years","77",16012,355118,4508.9
,"Census Region 2: Midwest","CENS-R2","2002","2002","78 years","78",16517,336563,4907.6
,"Census Region 2: Midwest","CENS-R2","2002","2002","79 years","79",17193,314754,5462.4
,"Census Region 2: Midwest","CENS-R2","2002","2002","80 years","80",18138,299896,6048.1
,"Census Region 2: Midwest","CENS-R2","2002","2002","81 years","81",18423,279359,6594.7
,"Census Region 2: Midwest","CENS-R2","2002","2002","82 years","82",18545,253098,7327.2
,"Census Region 2: Midwest","CENS-R2","2002","2002","83 years","83",17881,224094,7979.2
,"Census Region 2: Midwest","CENS-R2","2002","2002","84 years","84",18644,209073,8917.5
,"Census Region 2: Midwest","CENS-R2","2002","2002","85 years","85",18020,Not Applicable,Not Applicable
,"Census Region 2: Midwest","CENS-R2","2002","2002","86 years","86",18301,Not Applicable,Not Applicable
,"Census Region 2: Midwest","CENS-R2","2002","2002","87 years","87",17690,Not Applicable,Not Applicable
,"Census Region 2: Midwest","CENS-R2","2002","2002","88 years","88",16931,Not Applicable,Not Applicable
,"Census Region 2: Midwest","CENS-R2","2002","2002","89 years","89",15905,Not Applicable,Not Applicable
,"Census Region 2: Midwest","CENS-R2","2002","2002","90 years","90",14526,Not Applicable,Not Applicable
,"Census Region 2: Midwest","CENS-R2","2002","2002","91 years","91",13338,Not Applicable,Not Applicable
,"Census Region 2: Midwest","CENS-R2","2002","2002","92 years","92",11712,Not Applicable,Not Applicable
,"Census Region 2: Midwest","CENS-R2","2002","2002","93 years","93",10277,Not Applicable,Not Applicable
,"Census Region 2: Midwest","CENS-R2","2002","2002","94 years","94",8794,Not Applicable,Not Applicable
,"Census Region 2: Midwest","CENS-R2","2002","2002","95 years","95",7142,Not Applicable,Not Applicable
,"Census Region 2: Midwest","CENS-R2","2002","2002","96 years","96",5747,Not Applicable,Not Applicable
,"Census Region 2: Midwest","CENS-R2","2002","2002","97 years","97",4474,Not Applicable,Not Applicable
,"Census Region 2: Midwest","CENS-R2","2002","2002","98 years","98",3485,Not Applicable,Not Applicable
,"Census Region 2: Midwest","CENS-R2","2002","2002","99 years","99",2508,Not Applicable,Not Applicable
,"Census Region 2: Midwest","CENS-R2","2003","2003","1 year","1",402,861631,46.7
,"Census Region 2: Midwest","CENS-R2","2003","2003","2 years","2",293,884858,33.1
,"Census Region 2: Midwest","CENS-R2","2003","2003","3 years","3",220,867489,25.4
,"Census Region 2: Midwest","CENS-R2","2003","2003","4 years","4",181,864734,20.9
,"Census Region 2: Midwest","CENS-R2","2003","2003","5 years","5",136,870531,15.6
,"Census Region 2: Midwest","CENS-R2","2003","2003","6 years","6",125,868801,14.4
,"Census Region 2: Midwest","CENS-R2","2003","2003","7 years","7",114,890593,12.8
,"Census Region 2: Midwest","CENS-R2","2003","2003","8 years","8",120,905217,13.3
,"Census Region 2: Midwest","CENS-R2","2003","2003","9 years","9",122,916687,13.3
,"Census Region 2: Midwest","CENS-R2","2003","2003","10 years","10",158,947629,16.7
,"Census Region 2: Midwest","CENS-R2","2003","2003","11 years","11",137,959943,14.3
,"Census Region 2: Midwest","CENS-R2","2003","2003","12 years","12",186,980567,19.0
,"Census Region 2: Midwest","CENS-R2","2003","2003","13 years","13",193,999033,19.3
,"Census Region 2: Midwest","CENS-R2","2003","2003","14 years","14",245,961277,25.5
,"Census Region 2: Midwest","CENS-R2","2003","2003","15 years","15",311,955854,32.5
,"Census Region 2: Midwest","CENS-R2","2003","2003","16 years","16",507,949769,53.4
,"Census Region 2: Midwest","CENS-R2","2003","2003","17 years","17",613,962486,63.7
,"Census Region 2: Midwest","CENS-R2","2003","2003","18 years","18",766,969266,79.0
,"Census Region 2: Midwest","CENS-R2","2003","2003","19 years","19",792,954755,83.0
,"Census Region 2: Midwest","CENS-R2","2003","2003","20 years","20",844,962324,87.7
,"Census Region 2: Midwest","CENS-R2","2003","2003","21 years","21",862,965966,89.2
,"Census Region 2: Midwest","CENS-R2","2003","2003","22 years","22",871,938028,92.9
,"Census Region 2: Midwest","CENS-R2","2003","2003","23 years","23",876,915328,95.7
,"Census Region 2: Midwest","CENS-R2","2003","2003","24 years","24",836,856402,97.6
,"Census Region 2: Midwest","CENS-R2","2003","2003","25 years","25",749,822097,91.1
,"Census Region 2: Midwest","CENS-R2","2003","2003","26 years","26",739,810041,91.2
,"Census Region 2: Midwest","CENS-R2","2003","2003","27 years","27",711,790126,90.0
,"Census Region 2: Midwest","CENS-R2","2003","2003","28 years","28",718,817997,87.8
,"Census Region 2: Midwest","CENS-R2","2003","2003","29 years","29",731,789169,92.6
,"Census Region 2: Midwest","CENS-R2","2003","2003","30 years","30",843,817676,103.1
,"Census Region 2: Midwest","CENS-R2","2003","2003","31 years","31",899,861072,104.4
,"Census Region 2: Midwest","CENS-R2","2003","2003","32 years","32",978,924776,105.8
,"Census Region 2: Midwest","CENS-R2","2003","2003","33 years","33",971,934001,104.0
,"Census Region 2: Midwest","CENS-R2","2003","2003","34 years","34",984,889678,110.6
,"Census Region 2: Midwest","CENS-R2","2003","2003","35 years","35",1079,868405,124.3
,"Census Region 2: Midwest","CENS-R2","2003","2003","36 years","36",1154,882934,130.7
,"Census Region 2: Midwest","CENS-R2","2003","2003","37 years","37",1341,905152,148.2
,"Census Region 2: Midwest","CENS-R2","2003","2003","38 years","38",1534,971211,157.9
,"Census Region 2: Midwest","CENS-R2","2003","2003","39 years","39",1681,1000489,168.0
,"Census Region 2: Midwest","CENS-R2","2003","2003","40 years","40",1787,1006326,177.6
,"Census Region 2: Midwest","CENS-R2","2003","2003","41 years","41",2134,1022068,208.8
,"Census Region 2: Midwest","CENS-R2","2003","2003","42 years","42",2352,1043805,225.3
,"Census Region 2: Midwest","CENS-R2","2003","2003","43 years","43",2570,1061234,242.2
,"Census Region 2: Midwest","CENS-R2","2003","2003","44 years","44",2639,1029116,256.4
,"Census Region 2: Midwest","CENS-R2","2003","2003","45 years","45",2973,1032711,287.9
,"Census Region 2: Midwest","CENS-R2","2003","2003","46 years","46",3168,1024196,309.3
,"Census Region 2: Midwest","CENS-R2","2003","2003","47 years","47",3407,987215,345.1
,"Census Region 2: Midwest","CENS-R2","2003","2003","48 years","48",3704,988311,374.8
,"Census Region 2: Midwest","CENS-R2","2003","2003","49 years","49",3765,951470,395.7
,"Census Region 2: Midwest","CENS-R2","2003","2003","50 years","50",3901,916435,425.7
,"Census Region 2: Midwest","CENS-R2","2003","2003","51 years","51",4088,900470,454.0
,"Census Region 2: Midwest","CENS-R2","2003","2003","52 years","52",4290,868215,494.1
,"Census Region 2: Midwest","CENS-R2","2003","2003","53 years","53",4422,854594,517.4
,"Census Region 2: Midwest","CENS-R2","2003","2003","54 years","54",4843,825277,586.8
,"Census Region 2: Midwest","CENS-R2","2003","2003","55 years","55",5083,808347,628.8
,"Census Region 2: Midwest","CENS-R2","2003","2003","56 years","56",5471,853398,641.1
,"Census Region 2: Midwest","CENS-R2","2003","2003","57 years","57",4584,621561,737.5
,"Census Region 2: Midwest","CENS-R2","2003","2003","58 years","58",5037,617605,815.6
,"Census Region 2: Midwest","CENS-R2","2003","2003","59 years","59",5638,617414,913.2
,"Census Region 2: Midwest","CENS-R2","2003","2003","60 years","60",6247,646013,967.0
,"Census Region 2: Midwest","CENS-R2","2003","2003","61 years","61",6133,577349,1062.3
,"Census Region 2: Midwest","CENS-R2","2003","2003","62 years","62",6409,528978,1211.6
,"Census Region 2: Midwest","CENS-R2","2003","2003","63 years","63",6475,507124,1276.8
,"Census Region 2: Midwest","CENS-R2","2003","2003","64 years","64",6908,490878,1407.3
,"Census Region 2: Midwest","CENS-R2","2003","2003","65 years","65",7180,478512,1500.5
,"Census Region 2: Midwest","CENS-R2","2003","2003","66 years","66",7468,450491,1657.7
,"Census Region 2: Midwest","CENS-R2","2003","2003","67 years","67",7992,441279,1811.1
,"Census Region 2: Midwest","CENS-R2","2003","2003","68 years","68",8436,437262,1929.3
,"Census Region 2: Midwest","CENS-R2","2003","2003","69 years","69",8638,399466,2162.4
,"Census Region 2: Midwest","CENS-R2","2003","2003","70 years","70",9516,399584,2381.5
,"Census Region 2: Midwest","CENS-R2","2003","2003","71 years","71",10113,399547,2531.1
,"Census Region 2: Midwest","CENS-R2","2003","2003","72 years","72",11295,397283,2843.1
,"Census Region 2: Midwest","CENS-R2","2003","2003","73 years","73",12207,399656,3054.4
,"Census Region 2: Midwest","CENS-R2","2003","2003","74 years","74",12624,378993,3330.9
,"Census Region 2: Midwest","CENS-R2","2003","2003","75 years","75",13803,377404,3657.4
,"Census Region 2: Midwest","CENS-R2","2003","2003","76 years","76",14897,366855,4060.7
,"Census Region 2: Midwest","CENS-R2","2003","2003","77 years","77",15464,347993,4443.8
,"Census Region 2: Midwest","CENS-R2","2003","2003","78 years","78",16258,340029,4781.4
,"Census Region 2: Midwest","CENS-R2","2003","2003","79 years","79",17015,320671,5306.1
,"Census Region 2: Midwest","CENS-R2","2003","2003","80 years","80",17553,296979,5910.5
,"Census Region 2: Midwest","CENS-R2","2003","2003","81 years","81",18275,283469,6446.9
,"Census Region 2: Midwest","CENS-R2","2003","2003","82 years","82",18802,261129,7200.3
,"Census Region 2: Midwest","CENS-R2","2003","2003","83 years","83",18487,235680,7844.1
,"Census Region 2: Midwest","CENS-R2","2003","2003","84 years","84",17893,205930,8688.9
,"Census Region 2: Midwest","CENS-R2","2003","2003","85 years","85",18261,Not Applicable,Not Applicable
,"Census Region 2: Midwest","CENS-R2","2003","2003","86 years","86",18008,Not Applicable,Not Applicable
,"Census Region 2: Midwest","CENS-R2","2003","2003","87 years","87",17606,Not Applicable,Not Applicable
,"Census Region 2: Midwest","CENS-R2","2003","2003","88 years","88",16924,Not Applicable,Not Applicable
,"Census Region 2: Midwest","CENS-R2","2003","2003","89 years","89",15902,Not Applicable,Not Applicable
,"Census Region 2: Midwest","CENS-R2","2003","2003","90 years","90",14732,Not Applicable,Not Applicable
,"Census Region 2: Midwest","CENS-R2","2003","2003","91 years","91",13220,Not Applicable,Not Applicable
,"Census Region 2: Midwest","CENS-R2","2003","2003","92 years","92",11886,Not Applicable,Not Applicable
,"Census Region 2: Midwest","CENS-R2","2003","2003","93 years","93",10329,Not Applicable,Not Applicable
,"Census Region 2: Midwest","CENS-R2","2003","2003","94 years","94",8563,Not Applicable,Not Applicable
,"Census Region 2: Midwest","CENS-R2","2003","2003","95 years","95",7327,Not Applicable,Not Applicable
,"Census Region 2: Midwest","CENS-R2","2003","2003","96 years","96",5809,Not Applicable,Not Applicable
,"Census Region 2: Midwest","CENS-R2","2003","2003","97 years","97",4533,Not Applicable,Not Applicable
,"Census Region 2: Midwest","CENS-R2","2003","2003","98 years","98",3471,Not Applicable,Not Applicable
,"Census Region 2: Midwest","CENS-R2","2003","2003","99 years","99",2516,Not Applicable,Not Applicable
,"Census Region 2: Midwest","CENS-R2","2004","2004","1 year","1",441,862821,51.1
,"Census Region 2: Midwest","CENS-R2","2004","2004","2 years","2",275,862400,31.9
,"Census Region 2: Midwest","CENS-R2","2004","2004","3 years","3",176,884662,19.9
,"Census Region 2: Midwest","CENS-R2","2004","2004","4 years","4",157,870087,18.0
,"Census Region 2: Midwest","CENS-R2","2004","2004","5 years","5",155,869991,17.8
,"Census Region 2: Midwest","CENS-R2","2004","2004","6 years","6",139,869591,16.0
,"Census Region 2: Midwest","CENS-R2","2004","2004","7 years","7",137,868231,15.8
,"Census Region 2: Midwest","CENS-R2","2004","2004","8 years","8",119,892041,13.3
,"Census Region 2: Midwest","CENS-R2","2004","2004","9 years","9",117,907509,12.9
,"Census Region 2: Midwest","CENS-R2","2004","2004","10 years","10",130,933330,13.9
,"Census Region 2: Midwest","CENS-R2","2004","2004","11 years","11",124,943460,13.1
,"Census Region 2: Midwest","CENS-R2","2004","2004","12 years","12",158,966382,16.3
,"Census Region 2: Midwest","CENS-R2","2004","2004","13 years","13",210,981039,21.4
,"Census Region 2: Midwest","CENS-R2","2004","2004","14 years","14",258,997361,25.9
,"Census Region 2: Midwest","CENS-R2","2004","2004","15 years","15",368,967506,38.0
,"Census Region 2: Midwest","CENS-R2","2004","2004","16 years","16",540,959221,56.3
,"Census Region 2: Midwest","CENS-R2","2004","2004","17 years","17",594,950732,62.5
,"Census Region 2: Midwest","CENS-R2","2004","2004","18 years","18",720,962501,74.8
,"Census Region 2: Midwest","CENS-R2","2004","2004","19 years","19",769,978508,78.6
,"Census Region 2: Midwest","CENS-R2","2004","2004","20 years","20",745,945069,78.8
,"Census Region 2: Midwest","CENS-R2","2004","2004","21 years","21",864,951711,90.8
,"Census Region 2: Midwest","CENS-R2","2004","2004","22 years","22",804,950577,84.6
,"Census Region 2: Midwest","CENS-R2","2004","2004","23 years","23",827,919479,89.9
,"Census Region 2: Midwest","CENS-R2","2004","2004","24 years","24",811,905217,89.6
,"Census Region 2: Midwest","CENS-R2","2004","2004","25 years","25",816,850353,96.0
,"Census Region 2: Midwest","CENS-R2","2004","2004","26 years","26",735,817152,89.9
,"Census Region 2: Midwest","CENS-R2","2004","2004","27 years","27",726,810022,89.6
,"Census Region 2: Midwest","CENS-R2","2004","2004","28 years","28",688,784005,87.8
,"Census Region 2: Midwest","CENS-R2","2004","2004","29 years","29",736,816998,90.1
,"Census Region 2: Midwest","CENS-R2","2004","2004","30 years","30",724,797478,90.8
,"Census Region 2: Midwest","CENS-R2","2004","2004","31 years","31",839,812288,103.3
,"Census Region 2: Midwest","CENS-R2","2004","2004","32 years","32",878,867945,101.2
,"Census Region 2: Midwest","CENS-R2","2004","2004","33 years","33",952,923044,103.1
,"Census Region 2: Midwest","CENS-R2","2004","2004","34 years","34",1057,932621,113.3
,"Census Region 2: Midwest","CENS-R2","2004","2004","35 years","35",1066,886787,120.2
,"Census Region 2: Midwest","CENS-R2","2004","2004","36 years","36",1082,868026,124.7
,"Census Region 2: Midwest","CENS-R2","2004","2004","37 years","37",1289,879581,146.5
,"Census Region 2: Midwest","CENS-R2","2004","2004","38 years","38",1374,904212,152.0
,"Census Region 2: Midwest","CENS-R2","2004","2004","39 years","39",1508,970362,155.4
,"Census Region 2: Midwest","CENS-R2","2004","2004","40 years","40",1795,996036,180.2
,"Census Region 2: Midwest","CENS-R2","2004","2004","41 years","41",2008,1004828,199.8
,"Census Region 2: Midwest","CENS-R2","2004","2004","42 years","42",2182,1019489,214.0
,"Census Region 2: Midwest","CENS-R2","2004","2004","43 years","43",2471,1042353,237.1
,"Census Region 2: Midwest","CENS-R2","2004","2004","44 years","44",2553,1054840,242.0
,"Census Region 2: Midwest","CENS-R2","2004","2004","45 years","45",2896,1022489,283.2
,"Census Region 2: Midwest","CENS-R2","2004","2004","46 years","46",3197,1031005,310.1
,"Census Region 2: Midwest","CENS-R2","2004","2004","47 years","47",3423,1021544,335.1
,"Census Region 2: Midwest","CENS-R2","2004","2004","48 years","48",3576,981973,364.2
,"Census Region 2: Midwest","CENS-R2","2004","2004","49 years","49",3758,985652,381.3
,"Census Region 2: Midwest","CENS-R2","2004","2004","50 years","50",4019,943071,426.2
,"Census Region 2: Midwest","CENS-R2","2004","2004","51 years","51",4098,915954,447.4
,"Census Region 2: Midwest","CENS-R2","2004","2004","52 years","52",4356,894179,487.2
,"Census Region 2: Midwest","CENS-R2","2004","2004","53 years","53",4459,865016,515.5
,"Census Region 2: Midwest","CENS-R2","2004","2004","54 years","54",4688,851504,550.6
,"Census Region 2: Midwest","CENS-R2","2004","2004","55 years","55",4942,815453,606.0
,"Census Region 2: Midwest","CENS-R2","2004","2004","56 years","56",5256,804462,653.4
,"Census Region 2: Midwest","CENS-R2","2004","2004","57 years","57",5902,845333,698.2
,"Census Region 2: Midwest","CENS-R2","2004","2004","58 years","58",4927,616401,799.3
,"Census Region 2: Midwest","CENS-R2","2004","2004","59 years","59",5189,610523,849.9
,"Census Region 2: Midwest","CENS-R2","2004","2004","60 years","60",5810,606241,958.4
,"Census Region 2: Midwest","CENS-R2","2004","2004","61 years","61",6509,642236,1013.5
,"Census Region 2: Midwest","CENS-R2","2004","2004","62 years","62",6440,569281,1131.3
,"Census Region 2: Midwest","CENS-R2","2004","2004","63 years","63",6526,519964,1255.1
,"Census Region 2: Midwest","CENS-R2","2004","2004","64 years","64",6765,498969,1355.8
,"Census Region 2: Midwest","CENS-R2","2004","2004","65 years","65",7141,482714,1479.3
,"Census Region 2: Midwest","CENS-R2","2004","2004","66 years","66",7543,469853,1605.4
,"Census Region 2: Midwest","CENS-R2","2004","2004","67 years","67",7692,441627,1741.7
,"Census Region 2: Midwest","CENS-R2","2004","2004","68 years","68",8218,433015,1897.9
,"Census Region 2: Midwest","CENS-R2","2004","2004","69 years","69",8586,427851,2006.8
,"Census Region 2: Midwest","CENS-R2","2004","2004","70 years","70",8814,388178,2270.6
,"Census Region 2: Midwest","CENS-R2","2004","2004","71 years","71",9578,392279,2441.6
,"Census Region 2: Midwest","CENS-R2","2004","2004","72 years","72",10489,387690,2705.5
,"Census Region 2: Midwest","CENS-R2","2004","2004","73 years","73",11359,386566,2938.4
,"Census Region 2: Midwest","CENS-R2","2004","2004","74 years","74",12332,386857,3187.7
,"Census Region 2: Midwest","CENS-R2","2004","2004","75 years","75",13106,364308,3597.5
,"Census Region 2: Midwest","CENS-R2","2004","2004","76 years","76",14034,364958,3845.4
,"Census Region 2: Midwest","CENS-R2","2004","2004","77 years","77",14875,351713,4229.3
,"Census Region 2: Midwest","CENS-R2","2004","2004","78 years","78",15624,332725,4695.8
,"Census Region 2: Midwest","CENS-R2","2004","2004","79 years","79",16366,324190,5048.3
,"Census Region 2: Midwest","CENS-R2","2004","2004","80 years","80",16893,302187,5590.2
,"Census Region 2: Midwest","CENS-R2","2004","2004","81 years","81",17443,280709,6213.9
,"Census Region 2: Midwest","CENS-R2","2004","2004","82 years","82",18394,264459,6955.3
,"Census Region 2: Midwest","CENS-R2","2004","2004","83 years","83",18366,243531,7541.5
,"Census Region 2: Midwest","CENS-R2","2004","2004","84 years","84",18211,216099,8427.2
,"Census Region 2: Midwest","CENS-R2","2004","2004","85 years","85",17327,Not Applicable,Not Applicable
,"Census Region 2: Midwest","CENS-R2","2004","2004","86 years","86",17607,Not Applicable,Not Applicable
,"Census Region 2: Midwest","CENS-R2","2004","2004","87 years","87",16862,Not Applicable,Not Applicable
,"Census Region 2: Midwest","CENS-R2","2004","2004","88 years","88",16444,Not Applicable,Not Applicable
,"Census Region 2: Midwest","CENS-R2","2004","2004","89 years","89",15676,Not Applicable,Not Applicable
,"Census Region 2: Midwest","CENS-R2","2004","2004","90 years","90",14389,Not Applicable,Not Applicable
,"Census Region 2: Midwest","CENS-R2","2004","2004","91 years","91",13090,Not Applicable,Not Applicable
,"Census Region 2: Midwest","CENS-R2","2004","2004","92 years","92",11527,Not Applicable,Not Applicable
,"Census Region 2: Midwest","CENS-R2","2004","2004","93 years","93",10138,Not Applicable,Not Applicable
,"Census Region 2: Midwest","CENS-R2","2004","2004","94 years","94",8663,Not Applicable,Not Applicable
,"Census Region 2: Midwest","CENS-R2","2004","2004","95 years","95",6909,Not Applicable,Not Applicable
,"Census Region 2: Midwest","CENS-R2","2004","2004","96 years","96",5743,Not Applicable,Not Applicable
,"Census Region 2: Midwest","CENS-R2","2004","2004","97 years","97",4399,Not Applicable,Not Applicable
,"Census Region 2: Midwest","CENS-R2","2004","2004","98 years","98",3310,Not Applicable,Not Applicable
,"Census Region 2: Midwest","CENS-R2","2004","2004","99 years","99",2413,Not Applicable,Not Applicable
,"Census Region 2: Midwest","CENS-R2","2005","2005","1 year","1",408,870804,46.9
,"Census Region 2: Midwest","CENS-R2","2005","2005","2 years","2",237,864829,27.4
,"Census Region 2: Midwest","CENS-R2","2005","2005","3 years","3",178,863261,20.6
,"Census Region 2: Midwest","CENS-R2","2005","2005","4 years","4",168,888450,18.9
,"Census Region 2: Midwest","CENS-R2","2005","2005","5 years","5",134,876969,15.3
,"Census Region 2: Midwest","CENS-R2","2005","2005","6 years","6",143,868895,16.5
,"Census Region 2: Midwest","CENS-R2","2005","2005","7 years","7",138,869248,15.9
,"Census Region 2: Midwest","CENS-R2","2005","2005","8 years","8",126,870043,14.5
,"Census Region 2: Midwest","CENS-R2","2005","2005","9 years","9",119,895118,13.3
,"Census Region 2: Midwest","CENS-R2","2005","2005","10 years","10",116,927600,12.5
,"Census Region 2: Midwest","CENS-R2","2005","2005","11 years","11",123,927328,13.3
,"Census Region 2: Midwest","CENS-R2","2005","2005","12 years","12",131,950487,13.8
,"Census Region 2: Midwest","CENS-R2","2005","2005","13 years","13",199,965777,20.6
,"Census Region 2: Midwest","CENS-R2","2005","2005","14 years","14",267,977585,27.3
,"Census Region 2: Midwest","CENS-R2","2005","2005","15 years","15",357,1004397,35.5
,"Census Region 2: Midwest","CENS-R2","2005","2005","16 years","16",490,970659,50.5
,"Census Region 2: Midwest","CENS-R2","2005","2005","17 years","17",591,959683,61.6
,"Census Region 2: Midwest","CENS-R2","2005","2005","18 years","18",772,951870,81.1
,"Census Region 2: Midwest","CENS-R2","2005","2005","19 years","19",808,968895,83.4
,"Census Region 2: Midwest","CENS-R2","2005","2005","20 years","20",741,965732,76.7
,"Census Region 2: Midwest","CENS-R2","2005","2005","21 years","21",882,932056,94.6
,"Census Region 2: Midwest","CENS-R2","2005","2005","22 years","22",885,932162,94.9
,"Census Region 2: Midwest","CENS-R2","2005","2005","23 years","23",853,931621,91.6
,"Census Region 2: Midwest","CENS-R2","2005","2005","24 years","24",817,908017,90.0
,"Census Region 2: Midwest","CENS-R2","2005","2005","25 years","25",849,899816,94.4
,"Census Region 2: Midwest","CENS-R2","2005","2005","26 years","26",812,843790,96.2
,"Census Region 2: Midwest","CENS-R2","2005","2005","27 years","27",837,817377,102.4
,"Census Region 2: Midwest","CENS-R2","2005","2005","28 years","28",769,802319,95.8
,"Census Region 2: Midwest","CENS-R2","2005","2005","29 years","29",747,783240,95.4
,"Census Region 2: Midwest","CENS-R2","2005","2005","30 years","30",827,828384,99.8
,"Census Region 2: Midwest","CENS-R2","2005","2005","31 years","31",788,790567,99.7
,"Census Region 2: Midwest","CENS-R2","2005","2005","32 years","32",910,819907,111.0
,"Census Region 2: Midwest","CENS-R2","2005","2005","33 years","33",965,864758,111.6
,"Census Region 2: Midwest","CENS-R2","2005","2005","34 years","34",1071,921421,116.2
,"Census Region 2: Midwest","CENS-R2","2005","2005","35 years","35",1090,927948,117.5
,"Census Region 2: Midwest","CENS-R2","2005","2005","36 years","36",1148,885771,129.6
,"Census Region 2: Midwest","CENS-R2","2005","2005","37 years","37",1238,863250,143.4
,"Census Region 2: Midwest","CENS-R2","2005","2005","38 years","38",1343,878286,152.9
,"Census Region 2: Midwest","CENS-R2","2005","2005","39 years","39",1550,903027,171.6
,"Census Region 2: Midwest","CENS-R2","2005","2005","40 years","40",1780,964994,184.5
,"Census Region 2: Midwest","CENS-R2","2005","2005","41 years","41",1984,994571,199.5
,"Census Region 2: Midwest","CENS-R2","2005","2005","42 years","42",2212,1001778,220.8
,"Census Region 2: Midwest","CENS-R2","2005","2005","43 years","43",2445,1017915,240.2
,"Census Region 2: Midwest","CENS-R2","2005","2005","44 years","44",2789,1035077,269.4
,"Census Region 2: Midwest","CENS-R2","2005","2005","45 years","45",2917,1047405,278.5
,"Census Region 2: Midwest","CENS-R2","2005","2005","46 years","46",3191,1021342,312.4
,"Census Region 2: Midwest","CENS-R2","2005","2005","47 years","47",3352,1028371,326.0
,"Census Region 2: Midwest","CENS-R2","2005","2005","48 years","48",3741,1015810,368.3
,"Census Region 2: Midwest","CENS-R2","2005","2005","49 years","49",3943,979900,402.4
,"Census Region 2: Midwest","CENS-R2","2005","2005","50 years","50",4207,975871,431.1
,"Census Region 2: Midwest","CENS-R2","2005","2005","51 years","51",4331,943806,458.9
,"Census Region 2: Midwest","CENS-R2","2005","2005","52 years","52",4703,909065,517.3
,"Census Region 2: Midwest","CENS-R2","2005","2005","53 years","53",4647,891058,521.5
,"Census Region 2: Midwest","CENS-R2","2005","2005","54 years","54",4809,862120,557.8
,"Census Region 2: Midwest","CENS-R2","2005","2005","55 years","55",5108,840764,607.5
,"Census Region 2: Midwest","CENS-R2","2005","2005","56 years","56",5375,812597,661.5
,"Census Region 2: Midwest","CENS-R2","2005","2005","57 years","57",5704,795800,716.8
,"Census Region 2: Midwest","CENS-R2","2005","2005","58 years","58",6292,839844,749.2
,"Census Region 2: Midwest","CENS-R2","2005","2005","59 years","59",5341,609644,876.1
,"Census Region 2: Midwest","CENS-R2","2005","2005","60 years","60",5611,598833,937.0
,"Census Region 2: Midwest","CENS-R2","2005","2005","61 years","61",6158,603667,1020.1
,"Census Region 2: Midwest","CENS-R2","2005","2005","62 years","62",7143,633588,1127.4
,"Census Region 2: Midwest","CENS-R2","2005","2005","63 years","63",6886,559471,1230.8
,"Census Region 2: Midwest","CENS-R2","2005","2005","64 years","64",7043,511993,1375.6
,"Census Region 2: Midwest","CENS-R2","2005","2005","65 years","65",7052,490472,1437.8
,"Census Region 2: Midwest","CENS-R2","2005","2005","66 years","66",7354,474184,1550.9
,"Census Region 2: Midwest","CENS-R2","2005","2005","67 years","67",7799,460472,1693.7
,"Census Region 2: Midwest","CENS-R2","2005","2005","68 years","68",8121,433798,1872.1
,"Census Region 2: Midwest","CENS-R2","2005","2005","69 years","69",8547,423518,2018.1
,"Census Region 2: Midwest","CENS-R2","2005","2005","70 years","70",9315,415369,2242.6
,"Census Region 2: Midwest","CENS-R2","2005","2005","71 years","71",9512,381548,2493.0
,"Census Region 2: Midwest","CENS-R2","2005","2005","72 years","72",10362,380248,2725.1
,"Census Region 2: Midwest","CENS-R2","2005","2005","73 years","73",11071,377408,2933.4
,"Census Region 2: Midwest","CENS-R2","2005","2005","74 years","74",11897,374030,3180.8
,"Census Region 2: Midwest","CENS-R2","2005","2005","75 years","75",12848,371268,3460.6
,"Census Region 2: Midwest","CENS-R2","2005","2005","76 years","76",13596,352915,3852.5
,"Census Region 2: Midwest","CENS-R2","2005","2005","77 years","77",14685,349796,4198.2
,"Census Region 2: Midwest","CENS-R2","2005","2005","78 years","78",15790,336515,4692.2
,"Census Region 2: Midwest","CENS-R2","2005","2005","79 years","79",16192,317509,5099.7
,"Census Region 2: Midwest","CENS-R2","2005","2005","80 years","80",17376,305125,5694.7
,"Census Region 2: Midwest","CENS-R2","2005","2005","81 years","81",17853,286296,6235.9
,"Census Region 2: Midwest","CENS-R2","2005","2005","82 years","82",18070,261855,6900.8
,"Census Region 2: Midwest","CENS-R2","2005","2005","83 years","83",18849,246922,7633.6
,"Census Region 2: Midwest","CENS-R2","2005","2005","84 years","84",18971,223681,8481.3
,"Census Region 2: Midwest","CENS-R2","2005","2005","85 years","85",18330,Not Applicable,Not Applicable
,"Census Region 2: Midwest","CENS-R2","2005","2005","86 years","86",17778,Not Applicable,Not Applicable
,"Census Region 2: Midwest","CENS-R2","2005","2005","87 years","87",17839,Not Applicable,Not Applicable
,"Census Region 2: Midwest","CENS-R2","2005","2005","88 years","88",16960,Not Applicable,Not Applicable
,"Census Region 2: Midwest","CENS-R2","2005","2005","89 years","89",16318,Not Applicable,Not Applicable
,"Census Region 2: Midwest","CENS-R2","2005","2005","90 years","90",14907,Not Applicable,Not Applicable
,"Census Region 2: Midwest","CENS-R2","2005","2005","91 years","91",13561,Not Applicable,Not Applicable
,"Census Region 2: Midwest","CENS-R2","2005","2005","92 years","92",12202,Not Applicable,Not Applicable
,"Census Region 2: Midwest","CENS-R2","2005","2005","93 years","93",10570,Not Applicable,Not Applicable
,"Census Region 2: Midwest","CENS-R2","2005","2005","94 years","94",8951,Not Applicable,Not Applicable
,"Census Region 2: Midwest","CENS-R2","2005","2005","95 years","95",7414,Not Applicable,Not Applicable
,"Census Region 2: Midwest","CENS-R2","2005","2005","96 years","96",6007,Not Applicable,Not Applicable
,"Census Region 2: Midwest","CENS-R2","2005","2005","97 years","97",4642,Not Applicable,Not Applicable
,"Census Region 2: Midwest","CENS-R2","2005","2005","98 years","98",3480,Not Applicable,Not Applicable
,"Census Region 2: Midwest","CENS-R2","2005","2005","99 years","99",2599,Not Applicable,Not Applicable
,"Census Region 2: Midwest","CENS-R2","2006","2006","1 year","1",403,855427,47.1
,"Census Region 2: Midwest","CENS-R2","2006","2006","2 years","2",240,872053,27.5
,"Census Region 2: Midwest","CENS-R2","2006","2006","3 years","3",168,865911,19.4
,"Census Region 2: Midwest","CENS-R2","2006","2006","4 years","4",137,869169,15.8
,"Census Region 2: Midwest","CENS-R2","2006","2006","5 years","5",149,896889,16.6
,"Census Region 2: Midwest","CENS-R2","2006","2006","6 years","6",119,876351,13.6
,"Census Region 2: Midwest","CENS-R2","2006","2006","7 years","7",112,868878,12.9
,"Census Region 2: Midwest","CENS-R2","2006","2006","8 years","8",121,872049,13.9
,"Census Region 2: Midwest","CENS-R2","2006","2006","9 years","9",98,873776,11.2
,"Census Region 2: Midwest","CENS-R2","2006","2006","10 years","10",112,919430,12.2
,"Census Region 2: Midwest","CENS-R2","2006","2006","11 years","11",138,920049,15.0
,"Census Region 2: Midwest","CENS-R2","2006","2006","12 years","12",120,936149,12.8
,"Census Region 2: Midwest","CENS-R2","2006","2006","13 years","13",160,949671,16.8
,"Census Region 2: Midwest","CENS-R2","2006","2006","14 years","14",223,962108,23.2
,"Census Region 2: Midwest","CENS-R2","2006","2006","15 years","15",328,986208,33.3
,"Census Region 2: Midwest","CENS-R2","2006","2006","16 years","16",532,1008095,52.8
,"Census Region 2: Midwest","CENS-R2","2006","2006","17 years","17",609,971097,62.7
,"Census Region 2: Midwest","CENS-R2","2006","2006","18 years","18",763,960671,79.4
,"Census Region 2: Midwest","CENS-R2","2006","2006","19 years","19",735,956123,76.9
,"Census Region 2: Midwest","CENS-R2","2006","2006","20 years","20",778,955165,81.5
,"Census Region 2: Midwest","CENS-R2","2006","2006","21 years","21",900,954764,94.3
,"Census Region 2: Midwest","CENS-R2","2006","2006","22 years","22",782,913257,85.6
,"Census Region 2: Midwest","CENS-R2","2006","2006","23 years","23",831,910088,91.3
,"Census Region 2: Midwest","CENS-R2","2006","2006","24 years","24",838,920216,91.1
,"Census Region 2: Midwest","CENS-R2","2006","2006","25 years","25",885,903783,97.9
,"Census Region 2: Midwest","CENS-R2","2006","2006","26 years","26",843,892578,94.4
,"Census Region 2: Midwest","CENS-R2","2006","2006","27 years","27",880,845966,104.0
,"Census Region 2: Midwest","CENS-R2","2006","2006","28 years","28",845,809415,104.4
,"Census Region 2: Midwest","CENS-R2","2006","2006","29 years","29",796,803245,99.1
,"Census Region 2: Midwest","CENS-R2","2006","2006","30 years","30",803,796831,100.8
,"Census Region 2: Midwest","CENS-R2","2006","2006","31 years","31",888,820583,108.2
,"Census Region 2: Midwest","CENS-R2","2006","2006","32 years","32",847,800309,105.8
,"Census Region 2: Midwest","CENS-R2","2006","2006","33 years","33",898,816459,110.0
,"Census Region 2: Midwest","CENS-R2","2006","2006","34 years","34",1014,863006,117.5
,"Census Region 2: Midwest","CENS-R2","2006","2006","35 years","35",1209,917721,131.7
,"Census Region 2: Midwest","CENS-R2","2006","2006","36 years","36",1210,927359,130.5
,"Census Region 2: Midwest","CENS-R2","2006","2006","37 years","37",1222,881071,138.7
,"Census Region 2: Midwest","CENS-R2","2006","2006","38 years","38",1319,862444,152.9
,"Census Region 2: Midwest","CENS-R2","2006","2006","39 years","39",1431,877268,163.1
,"Census Region 2: Midwest","CENS-R2","2006","2006","40 years","40",1634,897707,182.0
,"Census Region 2: Midwest","CENS-R2","2006","2006","41 years","41",1908,964181,197.9
,"Census Region 2: Midwest","CENS-R2","2006","2006","42 years","42",2132,992498,214.8
,"Census Region 2: Midwest","CENS-R2","2006","2006","43 years","43",2362,1000528,236.1
,"Census Region 2: Midwest","CENS-R2","2006","2006","44 years","44",2598,1010093,257.2
,"Census Region 2: Midwest","CENS-R2","2006","2006","45 years","45",2902,1027336,282.5
,"Census Region 2: Midwest","CENS-R2","2006","2006","46 years","46",3055,1047646,291.6
,"Census Region 2: Midwest","CENS-R2","2006","2006","47 years","47",3462,1019564,339.6
,"Census Region 2: Midwest","CENS-R2","2006","2006","48 years","48",3695,1023415,361.0
,"Census Region 2: Midwest","CENS-R2","2006","2006","49 years","49",3882,1014992,382.5
,"Census Region 2: Midwest","CENS-R2","2006","2006","50 years","50",4196,969686,432.7
,"Census Region 2: Midwest","CENS-R2","2006","2006","51 years","51",4422,978331,452.0
,"Census Region 2: Midwest","CENS-R2","2006","2006","52 years","52",4599,936684,491.0
,"Census Region 2: Midwest","CENS-R2","2006","2006","53 years","53",4885,906839,538.7
,"Census Region 2: Midwest","CENS-R2","2006","2006","54 years","54",5049,889243,567.8
,"Census Region 2: Midwest","CENS-R2","2006","2006","55 years","55",5307,850806,623.8
,"Census Region 2: Midwest","CENS-R2","2006","2006","56 years","56",5448,839053,649.3
,"Census Region 2: Midwest","CENS-R2","2006","2006","57 years","57",5860,803926,728.9
,"Census Region 2: Midwest","CENS-R2","2006","2006","58 years","58",6216,790654,786.2
,"Census Region 2: Midwest","CENS-R2","2006","2006","59 years","59",6642,831912,798.4
,"Census Region 2: Midwest","CENS-R2","2006","2006","60 years","60",5619,597844,939.9
,"Census Region 2: Midwest","CENS-R2","2006","2006","61 years","61",5781,598452,966.0
,"Census Region 2: Midwest","CENS-R2","2006","2006","62 years","62",6569,595604,1102.9
,"Census Region 2: Midwest","CENS-R2","2006","2006","63 years","63",7291,622395,1171.4
,"Census Region 2: Midwest","CENS-R2","2006","2006","64 years","64",7162,551356,1299.0
,"Census Region 2: Midwest","CENS-R2","2006","2006","65 years","65",7197,504405,1426.8
,"Census Region 2: Midwest","CENS-R2","2006","2006","66 years","66",7358,482214,1525.9
,"Census Region 2: Midwest","CENS-R2","2006","2006","67 years","67",7896,465541,1696.1
,"Census Region 2: Midwest","CENS-R2","2006","2006","68 years","68",8162,453331,1800.5
,"Census Region 2: Midwest","CENS-R2","2006","2006","69 years","69",8375,425063,1970.3
,"Census Region 2: Midwest","CENS-R2","2006","2006","70 years","70",8935,411438,2171.7
,"Census Region 2: Midwest","CENS-R2","2006","2006","71 years","71",9566,409821,2334.2
,"Census Region 2: Midwest","CENS-R2","2006","2006","72 years","72",9790,370165,2644.8
,"Census Region 2: Midwest","CENS-R2","2006","2006","73 years","73",10653,371114,2870.5
,"Census Region 2: Midwest","CENS-R2","2006","2006","74 years","74",11343,366359,3096.1
,"Census Region 2: Midwest","CENS-R2","2006","2006","75 years","75",12208,359480,3396.0
,"Census Region 2: Midwest","CENS-R2","2006","2006","76 years","76",13434,361139,3719.9
,"Census Region 2: Midwest","CENS-R2","2006","2006","77 years","77",13940,339038,4111.6
,"Census Region 2: Midwest","CENS-R2","2006","2006","78 years","78",15036,335552,4481.0
,"Census Region 2: Midwest","CENS-R2","2006","2006","79 years","79",15928,322368,4940.9
,"Census Region 2: Midwest","CENS-R2","2006","2006","80 years","80",16899,299398,5644.3
,"Census Region 2: Midwest","CENS-R2","2006","2006","81 years","81",17513,290408,6030.5
,"Census Region 2: Midwest","CENS-R2","2006","2006","82 years","82",17979,268018,6708.1
,"Census Region 2: Midwest","CENS-R2","2006","2006","83 years","83",18211,245654,7413.3
,"Census Region 2: Midwest","CENS-R2","2006","2006","84 years","84",18667,227575,8202.6
,"Census Region 2: Midwest","CENS-R2","2006","2006","85 years","85",18863,Not Applicable,Not Applicable
,"Census Region 2: Midwest","CENS-R2","2006","2006","86 years","86",17992,Not Applicable,Not Applicable
,"Census Region 2: Midwest","CENS-R2","2006","2006","87 years","87",16876,Not Applicable,Not Applicable
,"Census Region 2: Midwest","CENS-R2","2006","2006","88 years","88",16840,Not Applicable,Not Applicable
,"Census Region 2: Midwest","CENS-R2","2006","2006","89 years","89",15719,Not Applicable,Not Applicable
,"Census Region 2: Midwest","CENS-R2","2006","2006","90 years","90",15012,Not Applicable,Not Applicable
,"Census Region 2: Midwest","CENS-R2","2006","2006","91 years","91",13690,Not Applicable,Not Applicable
,"Census Region 2: Midwest","CENS-R2","2006","2006","92 years","92",12181,Not Applicable,Not Applicable
,"Census Region 2: Midwest","CENS-R2","2006","2006","93 years","93",10641,Not Applicable,Not Applicable
,"Census Region 2: Midwest","CENS-R2","2006","2006","94 years","94",8884,Not Applicable,Not Applicable
,"Census Region 2: Midwest","CENS-R2","2006","2006","95 years","95",7304,Not Applicable,Not Applicable
,"Census Region 2: Midwest","CENS-R2","2006","2006","96 years","96",5843,Not Applicable,Not Applicable
,"Census Region 2: Midwest","CENS-R2","2006","2006","97 years","97",4589,Not Applicable,Not Applicable
,"Census Region 2: Midwest","CENS-R2","2006","2006","98 years","98",3516,Not Applicable,Not Applicable
,"Census Region 2: Midwest","CENS-R2","2006","2006","99 years","99",2631,Not Applicable,Not Applicable
,"Census Region 2: Midwest","CENS-R2","2007","2007","1 year","1",431,864663,49.8
,"Census Region 2: Midwest","CENS-R2","2007","2007","2 years","2",241,857334,28.1
,"Census Region 2: Midwest","CENS-R2","2007","2007","3 years","3",190,872303,21.8
,"Census Region 2: Midwest","CENS-R2","2007","2007","4 years","4",125,872090,14.3
,"Census Region 2: Midwest","CENS-R2","2007","2007","5 years","5",121,878844,13.8
,"Census Region 2: Midwest","CENS-R2","2007","2007","6 years","6",126,895206,14.1
,"Census Region 2: Midwest","CENS-R2","2007","2007","7 years","7",106,875629,12.1
,"Census Region 2: Midwest","CENS-R2","2007","2007","8 years","8",120,871813,13.8
,"Census Region 2: Midwest","CENS-R2","2007","2007","9 years","9",120,876544,13.7
,"Census Region 2: Midwest","CENS-R2","2007","2007","10 years","10",107,900530,11.9
,"Census Region 2: Midwest","CENS-R2","2007","2007","11 years","11",122,910172,13.4
,"Census Region 2: Midwest","CENS-R2","2007","2007","12 years","12",132,929004,14.2
,"Census Region 2: Midwest","CENS-R2","2007","2007","13 years","13",177,934649,18.9
,"Census Region 2: Midwest","CENS-R2","2007","2007","14 years","14",219,944696,23.2
,"Census Region 2: Midwest","CENS-R2","2007","2007","15 years","15",341,971243,35.1
,"Census Region 2: Midwest","CENS-R2","2007","2007","16 years","16",468,989756,47.3
,"Census Region 2: Midwest","CENS-R2","2007","2007","17 years","17",564,1007491,56.0
,"Census Region 2: Midwest","CENS-R2","2007","2007","18 years","18",774,973067,79.5
,"Census Region 2: Midwest","CENS-R2","2007","2007","19 years","19",814,961519,84.7
,"Census Region 2: Midwest","CENS-R2","2007","2007","20 years","20",723,938931,77.0
,"Census Region 2: Midwest","CENS-R2","2007","2007","21 years","21",871,940403,92.6
,"Census Region 2: Midwest","CENS-R2","2007","2007","22 years","22",867,932439,93.0
,"Census Region 2: Midwest","CENS-R2","2007","2007","23 years","23",877,889886,98.6
,"Census Region 2: Midwest","CENS-R2","2007","2007","24 years","24",816,895026,91.2
,"Census Region 2: Midwest","CENS-R2","2007","2007","25 years","25",779,917158,84.9
,"Census Region 2: Midwest","CENS-R2","2007","2007","26 years","26",820,894286,91.7
,"Census Region 2: Midwest","CENS-R2","2007","2007","27 years","27",875,893079,98.0
,"Census Region 2: Midwest","CENS-R2","2007","2007","28 years","28",825,835661,98.7
,"Census Region 2: Midwest","CENS-R2","2007","2007","29 years","29",826,810682,101.9
,"Census Region 2: Midwest","CENS-R2","2007","2007","30 years","30",821,820375,100.1
,"Census Region 2: Midwest","CENS-R2","2007","2007","31 years","31",828,787238,105.2
,"Census Region 2: Midwest","CENS-R2","2007","2007","32 years","32",873,832176,104.9
,"Census Region 2: Midwest","CENS-R2","2007","2007","33 years","33",846,795972,106.3
,"Census Region 2: Midwest","CENS-R2","2007","2007","34 years","34",1019,813995,125.2
,"Census Region 2: Midwest","CENS-R2","2007","2007","35 years","35",1091,858109,127.1
,"Census Region 2: Midwest","CENS-R2","2007","2007","36 years","36",1136,917015,123.9
,"Census Region 2: Midwest","CENS-R2","2007","2007","37 years","37",1209,921022,131.3
,"Census Region 2: Midwest","CENS-R2","2007","2007","38 years","38",1364,880445,154.9
,"Census Region 2: Midwest","CENS-R2","2007","2007","39 years","39",1315,861232,152.7
,"Census Region 2: Midwest","CENS-R2","2007","2007","40 years","40",1515,871395,173.9
,"Census Region 2: Midwest","CENS-R2","2007","2007","41 years","41",1725,896888,192.3
,"Census Region 2: Midwest","CENS-R2","2007","2007","42 years","42",1937,961741,201.4
,"Census Region 2: Midwest","CENS-R2","2007","2007","43 years","43",2206,991769,222.4
,"Census Region 2: Midwest","CENS-R2","2007","2007","44 years","44",2614,992215,263.5
,"Census Region 2: Midwest","CENS-R2","2007","2007","45 years","45",2823,1002234,281.7
,"Census Region 2: Midwest","CENS-R2","2007","2007","46 years","46",3108,1028005,302.3
,"Census Region 2: Midwest","CENS-R2","2007","2007","47 years","47",3386,1046308,323.6
,"Census Region 2: Midwest","CENS-R2","2007","2007","48 years","48",3624,1014195,357.3
,"Census Region 2: Midwest","CENS-R2","2007","2007","49 years","49",3871,1023534,378.2
,"Census Region 2: Midwest","CENS-R2","2007","2007","50 years","50",4266,1003571,425.1
,"Census Region 2: Midwest","CENS-R2","2007","2007","51 years","51",4482,973873,460.2
,"Census Region 2: Midwest","CENS-R2","2007","2007","52 years","52",4613,970955,475.1
,"Census Region 2: Midwest","CENS-R2","2007","2007","53 years","53",4884,935524,522.1
,"Census Region 2: Midwest","CENS-R2","2007","2007","54 years","54",5099,905549,563.1
,"Census Region 2: Midwest","CENS-R2","2007","2007","55 years","55",5353,876676,610.6
,"Census Region 2: Midwest","CENS-R2","2007","2007","56 years","56",5450,850479,640.8
,"Census Region 2: Midwest","CENS-R2","2007","2007","57 years","57",5764,830250,694.2
,"Census Region 2: Midwest","CENS-R2","2007","2007","58 years","58",6081,799830,760.3
,"Census Region 2: Midwest","CENS-R2","2007","2007","59 years","59",6354,782239,812.3
,"Census Region 2: Midwest","CENS-R2","2007","2007","60 years","60",6919,815930,848.0
,"Census Region 2: Midwest","CENS-R2","2007","2007","61 years","61",6026,599251,1005.6
,"Census Region 2: Midwest","CENS-R2","2007","2007","62 years","62",6213,591204,1050.9
,"Census Region 2: Midwest","CENS-R2","2007","2007","63 years","63",6995,584836,1196.1
,"Census Region 2: Midwest","CENS-R2","2007","2007","64 years","64",7796,614108,1269.5
,"Census Region 2: Midwest","CENS-R2","2007","2007","65 years","65",7631,543569,1403.9
,"Census Region 2: Midwest","CENS-R2","2007","2007","66 years","66",7618,496686,1533.8
,"Census Region 2: Midwest","CENS-R2","2007","2007","67 years","67",7670,473524,1619.8
,"Census Region 2: Midwest","CENS-R2","2007","2007","68 years","68",8030,458681,1750.7
,"Census Region 2: Midwest","CENS-R2","2007","2007","69 years","69",8583,444511,1930.9
,"Census Region 2: Midwest","CENS-R2","2007","2007","70 years","70",8668,412369,2102.0
,"Census Region 2: Midwest","CENS-R2","2007","2007","71 years","71",9370,406579,2304.6
,"Census Region 2: Midwest","CENS-R2","2007","2007","72 years","72",10105,397378,2542.9
,"Census Region 2: Midwest","CENS-R2","2007","2007","73 years","73",10129,361605,2801.1
,"Census Region 2: Midwest","CENS-R2","2007","2007","74 years","74",10862,360189,3015.6
,"Census Region 2: Midwest","CENS-R2","2007","2007","75 years","75",11582,351824,3292.0
,"Census Region 2: Midwest","CENS-R2","2007","2007","76 years","76",12674,350383,3617.2
,"Census Region 2: Midwest","CENS-R2","2007","2007","77 years","77",13747,346845,3963.4
,"Census Region 2: Midwest","CENS-R2","2007","2007","78 years","78",14236,325420,4374.7
,"Census Region 2: Midwest","CENS-R2","2007","2007","79 years","79",15408,321589,4791.2
,"Census Region 2: Midwest","CENS-R2","2007","2007","80 years","80",16196,303842,5330.4
,"Census Region 2: Midwest","CENS-R2","2007","2007","81 years","81",16962,285193,5947.6
,"Census Region 2: Midwest","CENS-R2","2007","2007","82 years","82",17666,271625,6503.8
,"Census Region 2: Midwest","CENS-R2","2007","2007","83 years","83",18151,251498,7217.2
,"Census Region 2: Midwest","CENS-R2","2007","2007","84 years","84",18164,226047,8035.5
,"Census Region 2: Midwest","CENS-R2","2007","2007","85 years","85",18730,Not Applicable,Not Applicable
,"Census Region 2: Midwest","CENS-R2","2007","2007","86 years","86",18418,Not Applicable,Not Applicable
,"Census Region 2: Midwest","CENS-R2","2007","2007","87 years","87",17520,Not Applicable,Not Applicable
,"Census Region 2: Midwest","CENS-R2","2007","2007","88 years","88",16435,Not Applicable,Not Applicable
,"Census Region 2: Midwest","CENS-R2","2007","2007","89 years","89",16094,Not Applicable,Not Applicable
,"Census Region 2: Midwest","CENS-R2","2007","2007","90 years","90",14815,Not Applicable,Not Applicable
,"Census Region 2: Midwest","CENS-R2","2007","2007","91 years","91",13848,Not Applicable,Not Applicable
,"Census Region 2: Midwest","CENS-R2","2007","2007","92 years","92",12499,Not Applicable,Not Applicable
,"Census Region 2: Midwest","CENS-R2","2007","2007","93 years","93",10773,Not Applicable,Not Applicable
,"Census Region 2: Midwest","CENS-R2","2007","2007","94 years","94",9089,Not Applicable,Not Applicable
,"Census Region 2: Midwest","CENS-R2","2007","2007","95 years","95",7458,Not Applicable,Not Applicable
,"Census Region 2: Midwest","CENS-R2","2007","2007","96 years","96",5859,Not Applicable,Not Applicable
,"Census Region 2: Midwest","CENS-R2","2007","2007","97 years","97",4699,Not Applicable,Not Applicable
,"Census Region 2: Midwest","CENS-R2","2007","2007","98 years","98",3544,Not Applicable,Not Applicable
,"Census Region 2: Midwest","CENS-R2","2007","2007","99 years","99",2604,Not Applicable,Not Applicable
,"Census Region 2: Midwest","CENS-R2","2008","2008","1 year","1",432,878039,49.2
,"Census Region 2: Midwest","CENS-R2","2008","2008","2 years","2",239,869281,27.5
,"Census Region 2: Midwest","CENS-R2","2008","2008","3 years","3",217,857879,25.3
,"Census Region 2: Midwest","CENS-R2","2008","2008","4 years","4",145,878024,16.5
,"Census Region 2: Midwest","CENS-R2","2008","2008","5 years","5",116,883047,13.1
,"Census Region 2: Midwest","CENS-R2","2008","2008","6 years","6",105,876687,12.0
,"Census Region 2: Midwest","CENS-R2","2008","2008","7 years","7",105,893755,11.7
,"Census Region 2: Midwest","CENS-R2","2008","2008","8 years","8",119,878545,13.5
,"Census Region 2: Midwest","CENS-R2","2008","2008","9 years","9",96,876216,11.0
,"Census Region 2: Midwest","CENS-R2","2008","2008","10 years","10",106,906647,11.7
,"Census Region 2: Midwest","CENS-R2","2008","2008","11 years","11",98,888781,11.0
,"Census Region 2: Midwest","CENS-R2","2008","2008","12 years","12",130,919877,14.1
,"Census Region 2: Midwest","CENS-R2","2008","2008","13 years","13",161,926073,17.4
,"Census Region 2: Midwest","CENS-R2","2008","2008","14 years","14",205,928339,22.1
,"Census Region 2: Midwest","CENS-R2","2008","2008","15 years","15",301,954486,31.5
,"Census Region 2: Midwest","CENS-R2","2008","2008","16 years","16",407,974391,41.8
,"Census Region 2: Midwest","CENS-R2","2008","2008","17 years","17",525,989311,53.1
,"Census Region 2: Midwest","CENS-R2","2008","2008","18 years","18",725,1009778,71.8
,"Census Region 2: Midwest","CENS-R2","2008","2008","19 years","19",731,969592,75.4
,"Census Region 2: Midwest","CENS-R2","2008","2008","20 years","20",793,943382,84.1
,"Census Region 2: Midwest","CENS-R2","2008","2008","21 years","21",784,924742,84.8
,"Census Region 2: Midwest","CENS-R2","2008","2008","22 years","22",817,918258,89.0
,"Census Region 2: Midwest","CENS-R2","2008","2008","23 years","23",834,910134,91.6
,"Census Region 2: Midwest","CENS-R2","2008","2008","24 years","24",742,876657,84.6
,"Census Region 2: Midwest","CENS-R2","2008","2008","25 years","25",839,890730,94.2
,"Census Region 2: Midwest","CENS-R2","2008","2008","26 years","26",783,906243,86.4
,"Census Region 2: Midwest","CENS-R2","2008","2008","27 years","27",848,894569,94.8
,"Census Region 2: Midwest","CENS-R2","2008","2008","28 years","28",896,880625,101.7
,"Census Region 2: Midwest","CENS-R2","2008","2008","29 years","29",872,837399,104.1
,"Census Region 2: Midwest","CENS-R2","2008","2008","30 years","30",873,828893,105.3
,"Census Region 2: Midwest","CENS-R2","2008","2008","31 years","31",850,809486,105.0
,"Census Region 2: Midwest","CENS-R2","2008","2008","32 years","32",906,799468,113.3
,"Census Region 2: Midwest","CENS-R2","2008","2008","33 years","33",907,826541,109.7
,"Census Region 2: Midwest","CENS-R2","2008","2008","34 years","34",919,793227,115.9
,"Census Region 2: Midwest","CENS-R2","2008","2008","35 years","35",1007,808765,124.5
,"Census Region 2: Midwest","CENS-R2","2008","2008","36 years","36",1082,856319,126.4
,"Census Region 2: Midwest","CENS-R2","2008","2008","37 years","37",1296,910137,142.4
,"Census Region 2: Midwest","CENS-R2","2008","2008","38 years","38",1354,919229,147.3
,"Census Region 2: Midwest","CENS-R2","2008","2008","39 years","39",1368,878903,155.6
,"Census Region 2: Midwest","CENS-R2","2008","2008","40 years","40",1557,854402,182.2
,"Census Region 2: Midwest","CENS-R2","2008","2008","41 years","41",1712,870509,196.7
,"Census Region 2: Midwest","CENS-R2","2008","2008","42 years","42",1834,894565,205.0
,"Census Region 2: Midwest","CENS-R2","2008","2008","43 years","43",2197,960769,228.7
,"Census Region 2: Midwest","CENS-R2","2008","2008","44 years","44",2476,982090,252.1
,"Census Region 2: Midwest","CENS-R2","2008","2008","45 years","45",2749,984113,279.3
,"Census Region 2: Midwest","CENS-R2","2008","2008","46 years","46",3028,1003470,301.8
,"Census Region 2: Midwest","CENS-R2","2008","2008","47 years","47",3438,1027163,334.7
,"Census Region 2: Midwest","CENS-R2","2008","2008","48 years","48",3652,1040906,350.8
,"Census Region 2: Midwest","CENS-R2","2008","2008","49 years","49",3981,1014581,392.4
,"Census Region 2: Midwest","CENS-R2","2008","2008","50 years","50",4276,1011179,422.9
,"Census Region 2: Midwest","CENS-R2","2008","2008","51 years","51",4563,1008742,452.3
,"Census Region 2: Midwest","CENS-R2","2008","2008","52 years","52",4793,966029,496.2
,"Census Region 2: Midwest","CENS-R2","2008","2008","53 years","53",5133,970218,529.1
,"Census Region 2: Midwest","CENS-R2","2008","2008","54 years","54",5311,934930,568.1
,"Census Region 2: Midwest","CENS-R2","2008","2008","55 years","55",5498,891963,616.4
,"Census Region 2: Midwest","CENS-R2","2008","2008","56 years","56",5853,877488,667.0
,"Census Region 2: Midwest","CENS-R2","2008","2008","57 years","57",5937,841322,705.7
,"Census Region 2: Midwest","CENS-R2","2008","2008","58 years","58",6197,826873,749.5
,"Census Region 2: Midwest","CENS-R2","2008","2008","59 years","59",6480,792296,817.9
,"Census Region 2: Midwest","CENS-R2","2008","2008","60 years","60",7188,765379,939.1
,"Census Region 2: Midwest","CENS-R2","2008","2008","61 years","61",7754,820448,945.1
,"Census Region 2: Midwest","CENS-R2","2008","2008","62 years","62",6467,592129,1092.2
,"Census Region 2: Midwest","CENS-R2","2008","2008","63 years","63",6871,580620,1183.4
,"Census Region 2: Midwest","CENS-R2","2008","2008","64 years","64",7604,576947,1318.0
,"Census Region 2: Midwest","CENS-R2","2008","2008","65 years","65",8182,604999,1352.4
,"Census Region 2: Midwest","CENS-R2","2008","2008","66 years","66",8211,534683,1535.7
,"Census Region 2: Midwest","CENS-R2","2008","2008","67 years","67",8139,487189,1670.6
,"Census Region 2: Midwest","CENS-R2","2008","2008","68 years","68",8287,466235,1777.4
,"Census Region 2: Midwest","CENS-R2","2008","2008","69 years","69",8902,448938,1982.9
,"Census Region 2: Midwest","CENS-R2","2008","2008","70 years","70",9208,430317,2139.8
,"Census Region 2: Midwest","CENS-R2","2008","2008","71 years","71",9396,407661,2304.9
,"Census Region 2: Midwest","CENS-R2","2008","2008","72 years","72",10177,393338,2587.3
,"Census Region 2: Midwest","CENS-R2","2008","2008","73 years","73",10911,387949,2812.5
,"Census Region 2: Midwest","CENS-R2","2008","2008","74 years","74",10860,350346,3099.8
,"Census Region 2: Midwest","CENS-R2","2008","2008","75 years","75",11683,344946,3386.9
,"Census Region 2: Midwest","CENS-R2","2008","2008","76 years","76",12536,342874,3656.2
,"Census Region 2: Midwest","CENS-R2","2008","2008","77 years","77",13522,335942,4025.1
,"Census Region 2: Midwest","CENS-R2","2008","2008","78 years","78",14959,332761,4495.4
,"Census Region 2: Midwest","CENS-R2","2008","2008","79 years","79",15210,311670,4880.2
,"Census Region 2: Midwest","CENS-R2","2008","2008","80 years","80",16301,302592,5387.1
,"Census Region 2: Midwest","CENS-R2","2008","2008","81 years","81",17112,289693,5906.9
,"Census Region 2: Midwest","CENS-R2","2008","2008","82 years","82",17634,266433,6618.5
,"Census Region 2: Midwest","CENS-R2","2008","2008","83 years","83",18451,255144,7231.6
,"Census Region 2: Midwest","CENS-R2","2008","2008","84 years","84",18868,231393,8154.1
,"Census Region 2: Midwest","CENS-R2","2008","2008","85 years","85",19024,Not Applicable,Not Applicable
,"Census Region 2: Midwest","CENS-R2","2008","2008","86 years","86",19303,Not Applicable,Not Applicable
,"Census Region 2: Midwest","CENS-R2","2008","2008","87 years","87",18945,Not Applicable,Not Applicable
,"Census Region 2: Midwest","CENS-R2","2008","2008","88 years","88",17621,Not Applicable,Not Applicable
,"Census Region 2: Midwest","CENS-R2","2008","2008","89 years","89",16310,Not Applicable,Not Applicable
,"Census Region 2: Midwest","CENS-R2","2008","2008","90 years","90",15923,Not Applicable,Not Applicable
,"Census Region 2: Midwest","CENS-R2","2008","2008","91 years","91",14172,Not Applicable,Not Applicable
,"Census Region 2: Midwest","CENS-R2","2008","2008","92 years","92",13022,Not Applicable,Not Applicable
,"Census Region 2: Midwest","CENS-R2","2008","2008","93 years","93",11539,Not Applicable,Not Applicable
,"Census Region 2: Midwest","CENS-R2","2008","2008","94 years","94",9905,Not Applicable,Not Applicable
,"Census Region 2: Midwest","CENS-R2","2008","2008","95 years","95",7988,Not Applicable,Not Applicable
,"Census Region 2: Midwest","CENS-R2","2008","2008","96 years","96",6319,Not Applicable,Not Applicable
,"Census Region 2: Midwest","CENS-R2","2008","2008","97 years","97",5067,Not Applicable,Not Applicable
,"Census Region 2: Midwest","CENS-R2","2008","2008","98 years","98",3807,Not Applicable,Not Applicable
,"Census Region 2: Midwest","CENS-R2","2008","2008","99 years","99",2612,Not Applicable,Not Applicable
,"Census Region 2: Midwest","CENS-R2","2009","2009","1 year","1",391,865397,45.2
,"Census Region 2: Midwest","CENS-R2","2009","2009","2 years","2",260,882751,29.5
,"Census Region 2: Midwest","CENS-R2","2009","2009","3 years","3",177,872809,20.3
,"Census Region 2: Midwest","CENS-R2","2009","2009","4 years","4",137,865508,15.8
,"Census Region 2: Midwest","CENS-R2","2009","2009","5 years","5",129,889704,14.5
,"Census Region 2: Midwest","CENS-R2","2009","2009","6 years","6",114,880893,12.9
,"Census Region 2: Midwest","CENS-R2","2009","2009","7 years","7",86,875892,9.8
,"Census Region 2: Midwest","CENS-R2","2009","2009","8 years","8",114,897271,12.7
,"Census Region 2: Midwest","CENS-R2","2009","2009","9 years","9",105,883903,11.9
,"Census Region 2: Midwest","CENS-R2","2009","2009","10 years","10",105,909607,11.5
,"Census Region 2: Midwest","CENS-R2","2009","2009","11 years","11",130,893627,14.5
,"Census Region 2: Midwest","CENS-R2","2009","2009","12 years","12",126,899446,14.0
,"Census Region 2: Midwest","CENS-R2","2009","2009","13 years","13",152,916580,16.6
,"Census Region 2: Midwest","CENS-R2","2009","2009","14 years","14",193,918947,21.0
,"Census Region 2: Midwest","CENS-R2","2009","2009","15 years","15",255,939391,27.1
,"Census Region 2: Midwest","CENS-R2","2009","2009","16 years","16",384,957732,40.1
,"Census Region 2: Midwest","CENS-R2","2009","2009","17 years","17",516,973529,53.0
,"Census Region 2: Midwest","CENS-R2","2009","2009","18 years","18",664,990640,67.0
,"Census Region 2: Midwest","CENS-R2","2009","2009","19 years","19",696,999923,69.6
,"Census Region 2: Midwest","CENS-R2","2009","2009","20 years","20",730,949039,76.9
,"Census Region 2: Midwest","CENS-R2","2009","2009","21 years","21",785,927558,84.6
,"Census Region 2: Midwest","CENS-R2","2009","2009","22 years","22",753,901161,83.6
,"Census Region 2: Midwest","CENS-R2","2009","2009","23 years","23",797,895632,89.0
,"Census Region 2: Midwest","CENS-R2","2009","2009","24 years","24",781,896912,87.1
,"Census Region 2: Midwest","CENS-R2","2009","2009","25 years","25",786,875829,89.7
,"Census Region 2: Midwest","CENS-R2","2009","2009","26 years","26",852,877570,97.1
,"Census Region 2: Midwest","CENS-R2","2009","2009","27 years","27",860,907066,94.8
,"Census Region 2: Midwest","CENS-R2","2009","2009","28 years","28",858,880486,97.4
,"Census Region 2: Midwest","CENS-R2","2009","2009","29 years","29",899,883462,101.8
,"Census Region 2: Midwest","CENS-R2","2009","2009","30 years","30",892,860408,103.7
,"Census Region 2: Midwest","CENS-R2","2009","2009","31 years","31",863,816584,105.7
,"Census Region 2: Midwest","CENS-R2","2009","2009","32 years","32",925,824335,112.2
,"Census Region 2: Midwest","CENS-R2","2009","2009","33 years","33",911,793147,114.9
,"Census Region 2: Midwest","CENS-R2","2009","2009","34 years","34",962,823590,116.8
,"Census Region 2: Midwest","CENS-R2","2009","2009","35 years","35",976,787914,123.9
,"Census Region 2: Midwest","CENS-R2","2009","2009","36 years","36",1149,807869,142.2
,"Census Region 2: Midwest","CENS-R2","2009","2009","37 years","37",1261,849290,148.5
,"Census Region 2: Midwest","CENS-R2","2009","2009","38 years","38",1376,909319,151.3
,"Census Region 2: Midwest","CENS-R2","2009","2009","39 years","39",1443,917555,157.3
,"Census Region 2: Midwest","CENS-R2","2009","2009","40 years","40",1527,871658,175.2
,"Census Region 2: Midwest","CENS-R2","2009","2009","41 years","41",1681,854088,196.8
,"Census Region 2: Midwest","CENS-R2","2009","2009","42 years","42",1727,868815,198.8
,"Census Region 2: Midwest","CENS-R2","2009","2009","43 years","43",2010,894527,224.7
,"Census Region 2: Midwest","CENS-R2","2009","2009","44 years","44",2382,951227,250.4
,"Census Region 2: Midwest","CENS-R2","2009","2009","45 years","45",2576,973825,264.5
,"Census Region 2: Midwest","CENS-R2","2009","2009","46 years","46",2946,986670,298.6
,"Census Region 2: Midwest","CENS-R2","2009","2009","47 years","47",3455,1003138,344.4
,"Census Region 2: Midwest","CENS-R2","2009","2009","48 years","48",3497,1021702,342.3
,"Census Region 2: Midwest","CENS-R2","2009","2009","49 years","49",3945,1042403,378.5
,"Census Region 2: Midwest","CENS-R2","2009","2009","50 years","50",4204,1002029,419.5
,"Census Region 2: Midwest","CENS-R2","2009","2009","51 years","51",4678,1018523,459.3
,"Census Region 2: Midwest","CENS-R2","2009","2009","52 years","52",4901,1000910,489.7
,"Census Region 2: Midwest","CENS-R2","2009","2009","53 years","53",5216,965897,540.0
,"Census Region 2: Midwest","CENS-R2","2009","2009","54 years","54",5455,970709,562.0
,"Census Region 2: Midwest","CENS-R2","2009","2009","55 years","55",5573,920286,605.6
,"Census Region 2: Midwest","CENS-R2","2009","2009","56 years","56",5863,893713,656.0
,"Census Region 2: Midwest","CENS-R2","2009","2009","57 years","57",6135,867980,706.8
,"Census Region 2: Midwest","CENS-R2","2009","2009","58 years","58",6251,838338,745.6
,"Census Region 2: Midwest","CENS-R2","2009","2009","59 years","59",6483,819100,791.5
,"Census Region 2: Midwest","CENS-R2","2009","2009","60 years","60",7145,774187,922.9
,"Census Region 2: Midwest","CENS-R2","2009","2009","61 years","61",7484,770747,971.0
,"Census Region 2: Midwest","CENS-R2","2009","2009","62 years","62",8116,811747,999.8
,"Census Region 2: Midwest","CENS-R2","2009","2009","63 years","63",6857,581361,1179.5
,"Census Region 2: Midwest","CENS-R2","2009","2009","64 years","64",7166,572679,1251.3
,"Census Region 2: Midwest","CENS-R2","2009","2009","65 years","65",7755,568862,1363.2
,"Census Region 2: Midwest","CENS-R2","2009","2009","66 years","66",8585,596100,1440.2
,"Census Region 2: Midwest","CENS-R2","2009","2009","67 years","67",8397,524928,1599.6
,"Census Region 2: Midwest","CENS-R2","2009","2009","68 years","68",8495,480523,1767.9
,"Census Region 2: Midwest","CENS-R2","2009","2009","69 years","69",8483,456911,1856.6
,"Census Region 2: Midwest","CENS-R2","2009","2009","70 years","70",8929,434507,2055.0
,"Census Region 2: Midwest","CENS-R2","2009","2009","71 years","71",9378,426529,2198.7
,"Census Region 2: Midwest","CENS-R2","2009","2009","72 years","72",9536,394637,2416.4
,"Census Region 2: Midwest","CENS-R2","2009","2009","73 years","73",10251,384696,2664.7
,"Census Region 2: Midwest","CENS-R2","2009","2009","74 years","74",10956,376338,2911.2
,"Census Region 2: Midwest","CENS-R2","2009","2009","75 years","75",11044,335378,3293.0
,"Census Region 2: Midwest","CENS-R2","2009","2009","76 years","76",11611,336916,3446.3
,"Census Region 2: Midwest","CENS-R2","2009","2009","77 years","77",12771,328805,3884.1
,"Census Region 2: Midwest","CENS-R2","2009","2009","78 years","78",13892,322627,4305.9
,"Census Region 2: Midwest","CENS-R2","2009","2009","79 years","79",14496,319003,4544.2
,"Census Region 2: Midwest","CENS-R2","2009","2009","80 years","80",15319,293054,5227.4
,"Census Region 2: Midwest","CENS-R2","2009","2009","81 years","81",16416,289074,5678.8
,"Census Region 2: Midwest","CENS-R2","2009","2009","82 years","82",17137,270510,6335.1
,"Census Region 2: Midwest","CENS-R2","2009","2009","83 years","83",17506,250488,6988.8
,"Census Region 2: Midwest","CENS-R2","2009","2009","84 years","84",18038,234708,7685.3
,"Census Region 2: Midwest","CENS-R2","2009","2009","85 years","85",18479,Not Applicable,Not Applicable
,"Census Region 2: Midwest","CENS-R2","2009","2009","86 years","86",18331,Not Applicable,Not Applicable
,"Census Region 2: Midwest","CENS-R2","2009","2009","87 years","87",18353,Not Applicable,Not Applicable
,"Census Region 2: Midwest","CENS-R2","2009","2009","88 years","88",17614,Not Applicable,Not Applicable
,"Census Region 2: Midwest","CENS-R2","2009","2009","89 years","89",16362,Not Applicable,Not Applicable
,"Census Region 2: Midwest","CENS-R2","2009","2009","90 years","90",14651,Not Applicable,Not Applicable
,"Census Region 2: Midwest","CENS-R2","2009","2009","91 years","91",14111,Not Applicable,Not Applicable
,"Census Region 2: Midwest","CENS-R2","2009","2009","92 years","92",12362,Not Applicable,Not Applicable
,"Census Region 2: Midwest","CENS-R2","2009","2009","93 years","93",10930,Not Applicable,Not Applicable
,"Census Region 2: Midwest","CENS-R2","2009","2009","94 years","94",9348,Not Applicable,Not Applicable
,"Census Region 2: Midwest","CENS-R2","2009","2009","95 years","95",7790,Not Applicable,Not Applicable
,"Census Region 2: Midwest","CENS-R2","2009","2009","96 years","96",6215,Not Applicable,Not Applicable
,"Census Region 2: Midwest","CENS-R2","2009","2009","97 years","97",4827,Not Applicable,Not Applicable
,"Census Region 2: Midwest","CENS-R2","2009","2009","98 years","98",3599,Not Applicable,Not Applicable
,"Census Region 2: Midwest","CENS-R2","2009","2009","99 years","99",2635,Not Applicable,Not Applicable
,"Census Region 2: Midwest","CENS-R2","2010","2010","1 year","1",372,852058,43.7
,"Census Region 2: Midwest","CENS-R2","2010","2010","2 years","2",219,875870,25.0
,"Census Region 2: Midwest","CENS-R2","2010","2010","3 years","3",179,885985,20.2
,"Census Region 2: Midwest","CENS-R2","2010","2010","4 years","4",148,879050,16.8
,"Census Region 2: Midwest","CENS-R2","2010","2010","5 years","5",116,878568,13.2
,"Census Region 2: Midwest","CENS-R2","2010","2010","6 years","6",116,888623,13.1
,"Census Region 2: Midwest","CENS-R2","2010","2010","7 years","7",98,875663,11.2
,"Census Region 2: Midwest","CENS-R2","2010","2010","8 years","8",108,883727,12.2
,"Census Region 2: Midwest","CENS-R2","2010","2010","9 years","9",104,905562,11.5
,"Census Region 2: Midwest","CENS-R2","2010","2010","10 years","10",108,910512,11.9
,"Census Region 2: Midwest","CENS-R2","2010","2010","11 years","11",116,899699,12.9
,"Census Region 2: Midwest","CENS-R2","2010","2010","12 years","12",118,900243,13.1
,"Census Region 2: Midwest","CENS-R2","2010","2010","13 years","13",141,899167,15.7
,"Census Region 2: Midwest","CENS-R2","2010","2010","14 years","14",177,913351,19.4
,"Census Region 2: Midwest","CENS-R2","2010","2010","15 years","15",252,930393,27.1
,"Census Region 2: Midwest","CENS-R2","2010","2010","16 years","16",396,945168,41.9
,"Census Region 2: Midwest","CENS-R2","2010","2010","17 years","17",489,962715,50.8
,"Census Region 2: Midwest","CENS-R2","2010","2010","18 years","18",688,979471,70.2
,"Census Region 2: Midwest","CENS-R2","2010","2010","19 years","19",728,988655,73.6
,"Census Region 2: Midwest","CENS-R2","2010","2010","20 years","20",738,973222,75.8
,"Census Region 2: Midwest","CENS-R2","2010","2010","21 years","21",842,930009,90.5
,"Census Region 2: Midwest","CENS-R2","2010","2010","22 years","22",758,908508,83.4
,"Census Region 2: Midwest","CENS-R2","2010","2010","23 years","23",773,880305,87.8
,"Census Region 2: Midwest","CENS-R2","2010","2010","24 years","24",827,890258,92.9
,"Census Region 2: Midwest","CENS-R2","2010","2010","25 years","25",793,890794,89.0
,"Census Region 2: Midwest","CENS-R2","2010","2010","26 years","26",849,865318,98.1
,"Census Region 2: Midwest","CENS-R2","2010","2010","27 years","27",828,886223,93.4
,"Census Region 2: Midwest","CENS-R2","2010","2010","28 years","28",914,883361,103.5
,"Census Region 2: Midwest","CENS-R2","2010","2010","29 years","29",929,890460,104.3
,"Census Region 2: Midwest","CENS-R2","2010","2010","30 years","30",969,900621,107.6
,"Census Region 2: Midwest","CENS-R2","2010","2010","31 years","31",892,836581,106.6
,"Census Region 2: Midwest","CENS-R2","2010","2010","32 years","32",913,833821,109.5
,"Census Region 2: Midwest","CENS-R2","2010","2010","33 years","33",915,807660,113.3
,"Census Region 2: Midwest","CENS-R2","2010","2010","34 years","34",943,796711,118.4
,"Census Region 2: Midwest","CENS-R2","2010","2010","35 years","35",1002,817379,122.6
,"Census Region 2: Midwest","CENS-R2","2010","2010","36 years","36",1053,783240,134.4
,"Census Region 2: Midwest","CENS-R2","2010","2010","37 years","37",1124,811361,138.5
,"Census Region 2: Midwest","CENS-R2","2010","2010","38 years","38",1240,860300,144.1
,"Census Region 2: Midwest","CENS-R2","2010","2010","39 years","39",1406,915792,153.5
,"Census Region 2: Midwest","CENS-R2","2010","2010","40 years","40",1470,910931,161.4
,"Census Region 2: Midwest","CENS-R2","2010","2010","41 years","41",1616,860668,187.8
,"Census Region 2: Midwest","CENS-R2","2010","2010","42 years","42",1671,854607,195.5
,"Census Region 2: Midwest","CENS-R2","2010","2010","43 years","43",1752,871420,201.1
,"Census Region 2: Midwest","CENS-R2","2010","2010","44 years","44",2205,894636,246.5
,"Census Region 2: Midwest","CENS-R2","2010","2010","45 years","45",2471,962134,256.8
,"Census Region 2: Midwest","CENS-R2","2010","2010","46 years","46",2921,976431,299.2
,"Census Region 2: Midwest","CENS-R2","2010","2010","47 years","47",3225,987230,326.7
,"Census Region 2: Midwest","CENS-R2","2010","2010","48 years","48",3459,1003052,344.8
,"Census Region 2: Midwest","CENS-R2","2010","2010","49 years","49",3929,1024206,383.6
,"Census Region 2: Midwest","CENS-R2","2010","2010","50 years","50",4168,1035705,402.4
,"Census Region 2: Midwest","CENS-R2","2010","2010","51 years","51",4488,1002167,447.8
,"Census Region 2: Midwest","CENS-R2","2010","2010","52 years","52",4976,1015495,490.0
,"Census Region 2: Midwest","CENS-R2","2010","2010","53 years","53",5228,985970,530.2
,"Census Region 2: Midwest","CENS-R2","2010","2010","54 years","54",5448,965995,564.0
,"Census Region 2: Midwest","CENS-R2","2010","2010","55 years","55",5648,956441,590.5
,"Census Region 2: Midwest","CENS-R2","2010","2010","56 years","56",6008,907714,661.9
,"Census Region 2: Midwest","CENS-R2","2010","2010","57 years","57",6166,884679,697.0
,"Census Region 2: Midwest","CENS-R2","2010","2010","58 years","58",6572,862034,762.4
,"Census Region 2: Midwest","CENS-R2","2010","2010","59 years","59",6704,815796,821.8
,"Census Region 2: Midwest","CENS-R2","2010","2010","60 years","60",6853,801242,855.3
,"Census Region 2: Midwest","CENS-R2","2010","2010","61 years","61",7179,769496,932.9
,"Census Region 2: Midwest","CENS-R2","2010","2010","62 years","62",7820,779142,1003.7
,"Census Region 2: Midwest","CENS-R2","2010","2010","63 years","63",8446,755809,1117.5
,"Census Region 2: Midwest","CENS-R2","2010","2010","64 years","64",7352,563509,1304.7
,"Census Region 2: Midwest","CENS-R2","2010","2010","65 years","65",7464,567024,1316.3
,"Census Region 2: Midwest","CENS-R2","2010","2010","66 years","66",8062,567919,1419.6
,"Census Region 2: Midwest","CENS-R2","2010","2010","67 years","67",8988,577033,1557.6
,"Census Region 2: Midwest","CENS-R2","2010","2010","68 years","68",8774,509925,1720.6
,"Census Region 2: Midwest","CENS-R2","2010","2010","69 years","69",8915,465283,1916.0
,"Census Region 2: Midwest","CENS-R2","2010","2010","70 years","70",9095,440875,2062.9
,"Census Region 2: Midwest","CENS-R2","2010","2010","71 years","71",9603,429925,2233.6
,"Census Region 2: Midwest","CENS-R2","2010","2010","72 years","72",10001,409574,2441.8
,"Census Region 2: Midwest","CENS-R2","2010","2010","73 years","73",10216,383504,2663.9
,"Census Region 2: Midwest","CENS-R2","2010","2010","74 years","74",10835,373835,2898.3
,"Census Region 2: Midwest","CENS-R2","2010","2010","75 years","75",11543,358692,3218.1
,"Census Region 2: Midwest","CENS-R2","2010","2010","76 years","76",11659,326086,3575.4
,"Census Region 2: Midwest","CENS-R2","2010","2010","77 years","77",12314,325863,3778.9
,"Census Region 2: Midwest","CENS-R2","2010","2010","78 years","78",13503,316733,4263.2
,"Census Region 2: Midwest","CENS-R2","2010","2010","79 years","79",14354,313475,4579.0
,"Census Region 2: Midwest","CENS-R2","2010","2010","80 years","80",15264,299405,5098.1
,"Census Region 2: Midwest","CENS-R2","2010","2010","81 years","81",15843,280944,5639.2
,"Census Region 2: Midwest","CENS-R2","2010","2010","82 years","82",16999,271567,6259.6
,"Census Region 2: Midwest","CENS-R2","2010","2010","83 years","83",17784,252832,7033.9
,"Census Region 2: Midwest","CENS-R2","2010","2010","84 years","84",18320,231200,7923.9
,"Census Region 2: Midwest","CENS-R2","2010","2010","85 years","85",18836,Not Applicable,Not Applicable
,"Census Region 2: Midwest","CENS-R2","2010","2010","86 years","86",18688,Not Applicable,Not Applicable
,"Census Region 2: Midwest","CENS-R2","2010","2010","87 years","87",18343,Not Applicable,Not Applicable
,"Census Region 2: Midwest","CENS-R2","2010","2010","88 years","88",18213,Not Applicable,Not Applicable
,"Census Region 2: Midwest","CENS-R2","2010","2010","89 years","89",17630,Not Applicable,Not Applicable
,"Census Region 2: Midwest","CENS-R2","2010","2010","90 years","90",16379,Not Applicable,Not Applicable
,"Census Region 2: Midwest","CENS-R2","2010","2010","91 years","91",14172,Not Applicable,Not Applicable
,"Census Region 2: Midwest","CENS-R2","2010","2010","92 years","92",13265,Not Applicable,Not Applicable
,"Census Region 2: Midwest","CENS-R2","2010","2010","93 years","93",11417,Not Applicable,Not Applicable
,"Census Region 2: Midwest","CENS-R2","2010","2010","94 years","94",9806,Not Applicable,Not Applicable
,"Census Region 2: Midwest","CENS-R2","2010","2010","95 years","95",8324,Not Applicable,Not Applicable
,"Census Region 2: Midwest","CENS-R2","2010","2010","96 years","96",6752,Not Applicable,Not Applicable
,"Census Region 2: Midwest","CENS-R2","2010","2010","97 years","97",4977,Not Applicable,Not Applicable
,"Census Region 2: Midwest","CENS-R2","2010","2010","98 years","98",3903,Not Applicable,Not Applicable
,"Census Region 2: Midwest","CENS-R2","2010","2010","99 years","99",2832,Not Applicable,Not Applicable
,"Census Region 2: Midwest","CENS-R2","2011","2011","1 year","1",361,841462,42.9
,"Census Region 2: Midwest","CENS-R2","2011","2011","2 years","2",218,846891,25.7
,"Census Region 2: Midwest","CENS-R2","2011","2011","3 years","3",168,872749,19.2
,"Census Region 2: Midwest","CENS-R2","2011","2011","4 years","4",151,881893,17.1
,"Census Region 2: Midwest","CENS-R2","2011","2011","5 years","5",127,879740,14.4
,"Census Region 2: Midwest","CENS-R2","2011","2011","6 years","6",112,876190,12.8
,"Census Region 2: Midwest","CENS-R2","2011","2011","7 years","7",104,886007,11.7
,"Census Region 2: Midwest","CENS-R2","2011","2011","8 years","8",95,876350,10.8
,"Census Region 2: Midwest","CENS-R2","2011","2011","9 years","9",84,876415,9.6
,"Census Region 2: Midwest","CENS-R2","2011","2011","10 years","10",120,898940,13.3
,"Census Region 2: Midwest","CENS-R2","2011","2011","11 years","11",109,911466,12.0
,"Census Region 2: Midwest","CENS-R2","2011","2011","12 years","12",106,897900,11.8
,"Census Region 2: Midwest","CENS-R2","2011","2011","13 years","13",149,900571,16.5
,"Census Region 2: Midwest","CENS-R2","2011","2011","14 years","14",173,898204,19.3
,"Census Region 2: Midwest","CENS-R2","2011","2011","15 years","15",245,907727,27.0
,"Census Region 2: Midwest","CENS-R2","2011","2011","16 years","16",367,927041,39.6
,"Census Region 2: Midwest","CENS-R2","2011","2011","17 years","17",496,943500,52.6
,"Census Region 2: Midwest","CENS-R2","2011","2011","18 years","18",600,946257,63.4
,"Census Region 2: Midwest","CENS-R2","2011","2011","19 years","19",761,1007148,75.6
,"Census Region 2: Midwest","CENS-R2","2011","2011","20 years","20",740,986328,75.0
,"Census Region 2: Midwest","CENS-R2","2011","2011","21 years","21",814,979622,83.1
,"Census Region 2: Midwest","CENS-R2","2011","2011","22 years","22",843,925477,91.1
,"Census Region 2: Midwest","CENS-R2","2011","2011","23 years","23",860,893559,96.2
,"Census Region 2: Midwest","CENS-R2","2011","2011","24 years","24",792,873183,90.7
,"Census Region 2: Midwest","CENS-R2","2011","2011","25 years","25",871,875519,99.5
,"Census Region 2: Midwest","CENS-R2","2011","2011","26 years","26",841,894562,94.0
,"Census Region 2: Midwest","CENS-R2","2011","2011","27 years","27",787,864800,91.0
,"Census Region 2: Midwest","CENS-R2","2011","2011","28 years","28",835,883141,94.5
,"Census Region 2: Midwest","CENS-R2","2011","2011","29 years","29",907,888291,102.1
,"Census Region 2: Midwest","CENS-R2","2011","2011","30 years","30",978,885939,110.4
,"Census Region 2: Midwest","CENS-R2","2011","2011","31 years","31",983,902767,108.9
,"Census Region 2: Midwest","CENS-R2","2011","2011","32 years","32",995,850087,117.0
,"Census Region 2: Midwest","CENS-R2","2011","2011","33 years","33",958,828067,115.7
,"Census Region 2: Midwest","CENS-R2","2011","2011","34 years","34",1018,817893,124.5
,"Census Region 2: Midwest","CENS-R2","2011","2011","35 years","35",986,790325,124.8
,"Census Region 2: Midwest","CENS-R2","2011","2011","36 years","36",1018,813058,125.2
,"Census Region 2: Midwest","CENS-R2","2011","2011","37 years","37",1172,786374,149.0
,"Census Region 2: Midwest","CENS-R2","2011","2011","38 years","38",1223,799911,152.9
,"Census Region 2: Midwest","CENS-R2","2011","2011","39 years","39",1414,845648,167.2
,"Census Region 2: Midwest","CENS-R2","2011","2011","40 years","40",1581,902450,175.2
,"Census Region 2: Midwest","CENS-R2","2011","2011","41 years","41",1680,909054,184.8
,"Census Region 2: Midwest","CENS-R2","2011","2011","42 years","42",1739,867392,200.5
,"Census Region 2: Midwest","CENS-R2","2011","2011","43 years","43",1924,851599,225.9
,"Census Region 2: Midwest","CENS-R2","2011","2011","44 years","44",2080,864941,240.5
,"Census Region 2: Midwest","CENS-R2","2011","2011","45 years","45",2296,882536,260.2
,"Census Region 2: Midwest","CENS-R2","2011","2011","46 years","46",2701,941078,287.0
,"Census Region 2: Midwest","CENS-R2","2011","2011","47 years","47",3122,972332,321.1
,"Census Region 2: Midwest","CENS-R2","2011","2011","48 years","48",3427,982022,349.0
,"Census Region 2: Midwest","CENS-R2","2011","2011","49 years","49",3860,994266,388.2
,"Census Region 2: Midwest","CENS-R2","2011","2011","50 years","50",4200,1017714,412.7
,"Census Region 2: Midwest","CENS-R2","2011","2011","51 years","51",4546,1024542,443.7
,"Census Region 2: Midwest","CENS-R2","2011","2011","52 years","52",4924,1001570,491.6
,"Census Region 2: Midwest","CENS-R2","2011","2011","53 years","53",5278,1004032,525.7
,"Census Region 2: Midwest","CENS-R2","2011","2011","54 years","54",5668,992437,571.1
,"Census Region 2: Midwest","CENS-R2","2011","2011","55 years","55",5920,956535,618.9
,"Census Region 2: Midwest","CENS-R2","2011","2011","56 years","56",6144,948499,647.8
,"Census Region 2: Midwest","CENS-R2","2011","2011","57 years","57",6495,911080,712.9
,"Census Region 2: Midwest","CENS-R2","2011","2011","58 years","58",6719,878042,765.2
,"Census Region 2: Midwest","CENS-R2","2011","2011","59 years","59",6992,854231,818.5
,"Census Region 2: Midwest","CENS-R2","2011","2011","60 years","60",7058,820466,860.2
,"Census Region 2: Midwest","CENS-R2","2011","2011","61 years","61",7406,789435,938.1
,"Census Region 2: Midwest","CENS-R2","2011","2011","62 years","62",7705,764740,1007.5
,"Census Region 2: Midwest","CENS-R2","2011","2011","63 years","63",8503,750744,1132.6
,"Census Region 2: Midwest","CENS-R2","2011","2011","64 years","64",9201,782466,1175.9
,"Census Region 2: Midwest","CENS-R2","2011","2011","65 years","65",7618,564882,1348.6
,"Census Region 2: Midwest","CENS-R2","2011","2011","66 years","66",7766,555916,1397.0
,"Census Region 2: Midwest","CENS-R2","2011","2011","67 years","67",8661,552207,1568.4
,"Census Region 2: Midwest","CENS-R2","2011","2011","68 years","68",9338,576047,1621.0
,"Census Region 2: Midwest","CENS-R2","2011","2011","69 years","69",9546,507304,1881.7
,"Census Region 2: Midwest","CENS-R2","2011","2011","70 years","70",9535,461142,2067.7
,"Census Region 2: Midwest","CENS-R2","2011","2011","71 years","71",9660,434803,2221.7
,"Census Region 2: Midwest","CENS-R2","2011","2011","72 years","72",10292,419726,2452.1
,"Census Region 2: Midwest","CENS-R2","2011","2011","73 years","73",10697,402556,2657.3
,"Census Region 2: Midwest","CENS-R2","2011","2011","74 years","74",10797,375190,2877.7
,"Census Region 2: Midwest","CENS-R2","2011","2011","75 years","75",11529,362461,3180.8
,"Census Region 2: Midwest","CENS-R2","2011","2011","76 years","76",12115,348640,3474.9
,"Census Region 2: Midwest","CENS-R2","2011","2011","77 years","77",12158,316125,3845.9
,"Census Region 2: Midwest","CENS-R2","2011","2011","78 years","78",13266,311408,4260.0
,"Census Region 2: Midwest","CENS-R2","2011","2011","79 years","79",13916,303047,4592.0
,"Census Region 2: Midwest","CENS-R2","2011","2011","80 years","80",15391,294865,5219.7
,"Census Region 2: Midwest","CENS-R2","2011","2011","81 years","81",16435,286004,5746.4
,"Census Region 2: Midwest","CENS-R2","2011","2011","82 years","82",16781,264078,6354.6
,"Census Region 2: Midwest","CENS-R2","2011","2011","83 years","83",17696,253954,6968.2
,"Census Region 2: Midwest","CENS-R2","2011","2011","84 years","84",18394,236307,7783.9
,"Census Region 2: Midwest","CENS-R2","2011","2011","85 years","85",18840,Not Applicable,Not Applicable
,"Census Region 2: Midwest","CENS-R2","2011","2011","86 years","86",18944,Not Applicable,Not Applicable
,"Census Region 2: Midwest","CENS-R2","2011","2011","87 years","87",18908,Not Applicable,Not Applicable
,"Census Region 2: Midwest","CENS-R2","2011","2011","88 years","88",18357,Not Applicable,Not Applicable
,"Census Region 2: Midwest","CENS-R2","2011","2011","89 years","89",18185,Not Applicable,Not Applicable
,"Census Region 2: Midwest","CENS-R2","2011","2011","90 years","90",17025,Not Applicable,Not Applicable
,"Census Region 2: Midwest","CENS-R2","2011","2011","91 years","91",15390,Not Applicable,Not Applicable
,"Census Region 2: Midwest","CENS-R2","2011","2011","92 years","92",13582,Not Applicable,Not Applicable
,"Census Region 2: Midwest","CENS-R2","2011","2011","93 years","93",12229,Not Applicable,Not Applicable
,"Census Region 2: Midwest","CENS-R2","2011","2011","94 years","94",10045,Not Applicable,Not Applicable
,"Census Region 2: Midwest","CENS-R2","2011","2011","95 years","95",8567,Not Applicable,Not Applicable
,"Census Region 2: Midwest","CENS-R2","2011","2011","96 years","96",7025,Not Applicable,Not Applicable
,"Census Region 2: Midwest","CENS-R2","2011","2011","97 years","97",5412,Not Applicable,Not Applicable
,"Census Region 2: Midwest","CENS-R2","2011","2011","98 years","98",3993,Not Applicable,Not Applicable
,"Census Region 2: Midwest","CENS-R2","2011","2011","99 years","99",3021,Not Applicable,Not Applicable
,"Census Region 2: Midwest","CENS-R2","2012","2012","1 year","1",339,837823,40.5
,"Census Region 2: Midwest","CENS-R2","2012","2012","2 years","2",228,845445,27.0
,"Census Region 2: Midwest","CENS-R2","2012","2012","3 years","3",190,848240,22.4
,"Census Region 2: Midwest","CENS-R2","2012","2012","4 years","4",150,873467,17.2
,"Census Region 2: Midwest","CENS-R2","2012","2012","5 years","5",124,882891,14.0
,"Census Region 2: Midwest","CENS-R2","2012","2012","6 years","6",93,880133,10.6
,"Census Region 2: Midwest","CENS-R2","2012","2012","7 years","7",96,877572,10.9
,"Census Region 2: Midwest","CENS-R2","2012","2012","8 years","8",98,887879,11.0
,"Census Region 2: Midwest","CENS-R2","2012","2012","9 years","9",100,876818,11.4
,"Census Region 2: Midwest","CENS-R2","2012","2012","10 years","10",126,876237,14.4
,"Census Region 2: Midwest","CENS-R2","2012","2012","11 years","11",102,899011,11.3
,"Census Region 2: Midwest","CENS-R2","2012","2012","12 years","12",111,911317,12.2
,"Census Region 2: Midwest","CENS-R2","2012","2012","13 years","13",133,897499,14.8
,"Census Region 2: Midwest","CENS-R2","2012","2012","14 years","14",185,900637,20.5
,"Census Region 2: Midwest","CENS-R2","2012","2012","15 years","15",249,898257,27.7
,"Census Region 2: Midwest","CENS-R2","2012","2012","16 years","16",387,908797,42.6
,"Census Region 2: Midwest","CENS-R2","2012","2012","17 years","17",443,927915,47.7
,"Census Region 2: Midwest","CENS-R2","2012","2012","18 years","18",610,930758,65.5
,"Census Region 2: Midwest","CENS-R2","2012","2012","19 years","19",685,972066,70.5
,"Census Region 2: Midwest","CENS-R2","2012","2012","20 years","20",746,1007270,74.1
,"Census Region 2: Midwest","CENS-R2","2012","2012","21 years","21",831,982207,84.6
,"Census Region 2: Midwest","CENS-R2","2012","2012","22 years","22",858,966827,88.7
,"Census Region 2: Midwest","CENS-R2","2012","2012","23 years","23",851,905735,94.0
,"Census Region 2: Midwest","CENS-R2","2012","2012","24 years","24",866,881502,98.2
,"Census Region 2: Midwest","CENS-R2","2012","2012","25 years","25",810,865165,93.6
,"Census Region 2: Midwest","CENS-R2","2012","2012","26 years","26",894,881286,101.4
,"Census Region 2: Midwest","CENS-R2","2012","2012","27 years","27",860,891164,96.5
,"Census Region 2: Midwest","CENS-R2","2012","2012","28 years","28",906,864166,104.8
,"Census Region 2: Midwest","CENS-R2","2012","2012","29 years","29",959,883592,108.5
,"Census Region 2: Midwest","CENS-R2","2012","2012","30 years","30",965,887377,108.7
,"Census Region 2: Midwest","CENS-R2","2012","2012","31 years","31",1010,886182,114.0
,"Census Region 2: Midwest","CENS-R2","2012","2012","32 years","32",1021,902284,113.2
,"Census Region 2: Midwest","CENS-R2","2012","2012","33 years","33",1018,849175,119.9
,"Census Region 2: Midwest","CENS-R2","2012","2012","34 years","34",1051,826672,127.1
,"Census Region 2: Midwest","CENS-R2","2012","2012","35 years","35",1075,815938,131.8
,"Census Region 2: Midwest","CENS-R2","2012","2012","36 years","36",1115,788387,141.4
,"Census Region 2: Midwest","CENS-R2","2012","2012","37 years","37",1159,811180,142.9
,"Census Region 2: Midwest","CENS-R2","2012","2012","38 years","38",1148,784081,146.4
,"Census Region 2: Midwest","CENS-R2","2012","2012","39 years","39",1293,797329,162.2
,"Census Region 2: Midwest","CENS-R2","2012","2012","40 years","40",1532,843007,181.7
,"Census Region 2: Midwest","CENS-R2","2012","2012","41 years","41",1660,900318,184.4
,"Census Region 2: Midwest","CENS-R2","2012","2012","42 years","42",1750,905960,193.2
,"Census Region 2: Midwest","CENS-R2","2012","2012","43 years","43",1876,864622,217.0
,"Census Region 2: Midwest","CENS-R2","2012","2012","44 years","44",1971,848802,232.2
,"Census Region 2: Midwest","CENS-R2","2012","2012","45 years","45",2139,861726,248.2
,"Census Region 2: Midwest","CENS-R2","2012","2012","46 years","46",2471,879451,281.0
,"Census Region 2: Midwest","CENS-R2","2012","2012","47 years","47",2853,936893,304.5
,"Census Region 2: Midwest","CENS-R2","2012","2012","48 years","48",3261,968144,336.8
,"Census Region 2: Midwest","CENS-R2","2012","2012","49 years","49",3648,977079,373.4
,"Census Region 2: Midwest","CENS-R2","2012","2012","50 years","50",4154,988514,420.2
,"Census Region 2: Midwest","CENS-R2","2012","2012","51 years","51",4634,1012327,457.8
,"Census Region 2: Midwest","CENS-R2","2012","2012","52 years","52",4986,1018385,489.6
,"Census Region 2: Midwest","CENS-R2","2012","2012","53 years","53",5278,995131,530.4
,"Census Region 2: Midwest","CENS-R2","2012","2012","54 years","54",5651,997061,566.8
,"Census Region 2: Midwest","CENS-R2","2012","2012","55 years","55",6075,984404,617.1
,"Census Region 2: Midwest","CENS-R2","2012","2012","56 years","56",6303,948469,664.5
,"Census Region 2: Midwest","CENS-R2","2012","2012","57 years","57",6695,940023,712.2
,"Census Region 2: Midwest","CENS-R2","2012","2012","58 years","58",6960,902344,771.3
,"Census Region 2: Midwest","CENS-R2","2012","2012","59 years","59",7095,869027,816.4
,"Census Region 2: Midwest","CENS-R2","2012","2012","60 years","60",7454,844651,882.5
,"Census Region 2: Midwest","CENS-R2","2012","2012","61 years","61",7671,810883,946.0
,"Census Region 2: Midwest","CENS-R2","2012","2012","62 years","62",8033,779237,1030.9
,"Census Region 2: Midwest","CENS-R2","2012","2012","63 years","63",8271,753902,1097.1
,"Census Region 2: Midwest","CENS-R2","2012","2012","64 years","64",8714,739243,1178.8
,"Census Region 2: Midwest","CENS-R2","2012","2012","65 years","65",9755,770274,1266.4
,"Census Region 2: Midwest","CENS-R2","2012","2012","66 years","66",8190,555455,1474.5
,"Census Region 2: Midwest","CENS-R2","2012","2012","67 years","67",8216,546150,1504.3
,"Census Region 2: Midwest","CENS-R2","2012","2012","68 years","68",9185,541598,1695.9
,"Census Region 2: Midwest","CENS-R2","2012","2012","69 years","69",10300,564606,1824.3
,"Census Region 2: Midwest","CENS-R2","2012","2012","70 years","70",10013,495765,2019.7
,"Census Region 2: Midwest","CENS-R2","2012","2012","71 years","71",9940,450359,2207.1
,"Census Region 2: Midwest","CENS-R2","2012","2012","72 years","72",9987,424178,2354.4
,"Census Region 2: Midwest","CENS-R2","2012","2012","73 years","73",10529,408489,2577.5
,"Census Region 2: Midwest","CENS-R2","2012","2012","74 years","74",11102,391319,2837.1
,"Census Region 2: Midwest","CENS-R2","2012","2012","75 years","75",11333,363704,3116.0
,"Census Region 2: Midwest","CENS-R2","2012","2012","76 years","76",12027,350347,3432.9
,"Census Region 2: Midwest","CENS-R2","2012","2012","77 years","77",12819,335730,3818.2
,"Census Region 2: Midwest","CENS-R2","2012","2012","78 years","78",12833,303801,4224.1
,"Census Region 2: Midwest","CENS-R2","2012","2012","79 years","79",13881,298409,4651.7
,"Census Region 2: Midwest","CENS-R2","2012","2012","80 years","80",14862,288558,5150.4
,"Census Region 2: Midwest","CENS-R2","2012","2012","81 years","81",15866,279556,5675.4
,"Census Region 2: Midwest","CENS-R2","2012","2012","82 years","82",16595,269389,6160.2
,"Census Region 2: Midwest","CENS-R2","2012","2012","83 years","83",17270,248041,6962.6
,"Census Region 2: Midwest","CENS-R2","2012","2012","84 years","84",18220,235651,7731.8
,"Census Region 2: Midwest","CENS-R2","2012","2012","85 years","85",18781,Not Applicable,Not Applicable
,"Census Region 2: Midwest","CENS-R2","2012","2012","86 years","86",18749,Not Applicable,Not Applicable
,"Census Region 2: Midwest","CENS-R2","2012","2012","87 years","87",19210,Not Applicable,Not Applicable
,"Census Region 2: Midwest","CENS-R2","2012","2012","88 years","88",18781,Not Applicable,Not Applicable
,"Census Region 2: Midwest","CENS-R2","2012","2012","89 years","89",17715,Not Applicable,Not Applicable
,"Census Region 2: Midwest","CENS-R2","2012","2012","90 years","90",17541,Not Applicable,Not Applicable
,"Census Region 2: Midwest","CENS-R2","2012","2012","91 years","91",15804,Not Applicable,Not Applicable
,"Census Region 2: Midwest","CENS-R2","2012","2012","92 years","92",13851,Not Applicable,Not Applicable
,"Census Region 2: Midwest","CENS-R2","2012","2012","93 years","93",11917,Not Applicable,Not Applicable
,"Census Region 2: Midwest","CENS-R2","2012","2012","94 years","94",10616,Not Applicable,Not Applicable
,"Census Region 2: Midwest","CENS-R2","2012","2012","95 years","95",8738,Not Applicable,Not Applicable
,"Census Region 2: Midwest","CENS-R2","2012","2012","96 years","96",7116,Not Applicable,Not Applicable
,"Census Region 2: Midwest","CENS-R2","2012","2012","97 years","97",5623,Not Applicable,Not Applicable
,"Census Region 2: Midwest","CENS-R2","2012","2012","98 years","98",4345,Not Applicable,Not Applicable
,"Census Region 2: Midwest","CENS-R2","2012","2012","99 years","99",2965,Not Applicable,Not Applicable
,"Census Region 2: Midwest","CENS-R2","2013","2013","1 year","1",357,832008,42.9
,"Census Region 2: Midwest","CENS-R2","2013","2013","2 years","2",217,835111,26.0
,"Census Region 2: Midwest","CENS-R2","2013","2013","3 years","3",144,844137,17.1
,"Census Region 2: Midwest","CENS-R2","2013","2013","4 years","4",130,849653,15.3
,"Census Region 2: Midwest","CENS-R2","2013","2013","5 years","5",123,875227,14.1
,"Census Region 2: Midwest","CENS-R2","2013","2013","6 years","6",101,883200,11.4
,"Census Region 2: Midwest","CENS-R2","2013","2013","7 years","7",99,880500,11.2
,"Census Region 2: Midwest","CENS-R2","2013","2013","8 years","8",95,878804,10.8
,"Census Region 2: Midwest","CENS-R2","2013","2013","9 years","9",111,887591,12.5
,"Census Region 2: Midwest","CENS-R2","2013","2013","10 years","10",90,878632,10.2
,"Census Region 2: Midwest","CENS-R2","2013","2013","11 years","11",122,876495,13.9
,"Census Region 2: Midwest","CENS-R2","2013","2013","12 years","12",118,900389,13.1
,"Census Region 2: Midwest","CENS-R2","2013","2013","13 years","13",150,913301,16.4
,"Census Region 2: Midwest","CENS-R2","2013","2013","14 years","14",184,899037,20.5
,"Census Region 2: Midwest","CENS-R2","2013","2013","15 years","15",260,901571,28.8
,"Census Region 2: Midwest","CENS-R2","2013","2013","16 years","16",320,901349,35.5
,"Census Region 2: Midwest","CENS-R2","2013","2013","17 years","17",411,909786,45.2
,"Census Region 2: Midwest","CENS-R2","2013","2013","18 years","18",552,915477,60.3
,"Census Region 2: Midwest","CENS-R2","2013","2013","19 years","19",582,959337,60.7
,"Census Region 2: Midwest","CENS-R2","2013","2013","20 years","20",709,974457,72.8
,"Census Region 2: Midwest","CENS-R2","2013","2013","21 years","21",823,1000715,82.2
,"Census Region 2: Midwest","CENS-R2","2013","2013","22 years","22",831,985751,84.3
,"Census Region 2: Midwest","CENS-R2","2013","2013","23 years","23",862,952265,90.5
,"Census Region 2: Midwest","CENS-R2","2013","2013","24 years","24",898,897235,100.1
,"Census Region 2: Midwest","CENS-R2","2013","2013","25 years","25",842,876443,96.1
,"Census Region 2: Midwest","CENS-R2","2013","2013","26 years","26",872,864122,100.9
,"Census Region 2: Midwest","CENS-R2","2013","2013","27 years","27",932,878752,106.1
,"Census Region 2: Midwest","CENS-R2","2013","2013","28 years","28",892,892013,100.0
,"Census Region 2: Midwest","CENS-R2","2013","2013","29 years","29",933,865620,107.8
,"Census Region 2: Midwest","CENS-R2","2013","2013","30 years","30",1039,882470,117.7
,"Census Region 2: Midwest","CENS-R2","2013","2013","31 years","31",980,887603,110.4
,"Census Region 2: Midwest","CENS-R2","2013","2013","32 years","32",1006,885360,113.6
,"Census Region 2: Midwest","CENS-R2","2013","2013","33 years","33",1075,902543,119.1
,"Census Region 2: Midwest","CENS-R2","2013","2013","34 years","34",1078,848955,127.0
,"Census Region 2: Midwest","CENS-R2","2013","2013","35 years","35",1179,827275,142.5
,"Census Region 2: Midwest","CENS-R2","2013","2013","36 years","36",1152,815355,141.3
,"Census Region 2: Midwest","CENS-R2","2013","2013","37 years","37",1136,787590,144.2
,"Census Region 2: Midwest","CENS-R2","2013","2013","38 years","38",1221,811125,150.5
,"Census Region 2: Midwest","CENS-R2","2013","2013","39 years","39",1252,782815,159.9
,"Census Region 2: Midwest","CENS-R2","2013","2013","40 years","40",1423,796133,178.7
,"Census Region 2: Midwest","CENS-R2","2013","2013","41 years","41",1565,841446,186.0
,"Census Region 2: Midwest","CENS-R2","2013","2013","42 years","42",1819,899402,202.2
,"Census Region 2: Midwest","CENS-R2","2013","2013","43 years","43",1929,905931,212.9
,"Census Region 2: Midwest","CENS-R2","2013","2013","44 years","44",2011,861448,233.4
,"Census Region 2: Midwest","CENS-R2","2013","2013","45 years","45",2100,845457,248.4
,"Census Region 2: Midwest","CENS-R2","2013","2013","46 years","46",2507,857884,292.2
,"Census Region 2: Midwest","CENS-R2","2013","2013","47 years","47",2786,876193,318.0
,"Census Region 2: Midwest","CENS-R2","2013","2013","48 years","48",3200,934255,342.5
,"Census Region 2: Midwest","CENS-R2","2013","2013","49 years","49",3600,962730,373.9
,"Census Region 2: Midwest","CENS-R2","2013","2013","50 years","50",4069,970826,419.1
,"Census Region 2: Midwest","CENS-R2","2013","2013","51 years","51",4446,982175,452.7
,"Census Region 2: Midwest","CENS-R2","2013","2013","52 years","52",5055,1005623,502.7
,"Census Region 2: Midwest","CENS-R2","2013","2013","53 years","53",5268,1012752,520.2
,"Census Region 2: Midwest","CENS-R2","2013","2013","54 years","54",5734,988027,580.3
,"Census Region 2: Midwest","CENS-R2","2013","2013","55 years","55",6117,989231,618.4
,"Census Region 2: Midwest","CENS-R2","2013","2013","56 years","56",6553,978122,670.0
,"Census Region 2: Midwest","CENS-R2","2013","2013","57 years","57",6781,940929,720.7
,"Census Region 2: Midwest","CENS-R2","2013","2013","58 years","58",7160,933102,767.3
,"Census Region 2: Midwest","CENS-R2","2013","2013","59 years","59",7392,895281,825.7
,"Census Region 2: Midwest","CENS-R2","2013","2013","60 years","60",7630,860902,886.3
,"Census Region 2: Midwest","CENS-R2","2013","2013","61 years","61",7792,833736,934.6
,"Census Region 2: Midwest","CENS-R2","2013","2013","62 years","62",8186,802745,1019.8
,"Census Region 2: Midwest","CENS-R2","2013","2013","63 years","63",8469,771233,1098.1
,"Census Region 2: Midwest","CENS-R2","2013","2013","64 years","64",8915,745680,1195.6
,"Census Region 2: Midwest","CENS-R2","2013","2013","65 years","65",9468,729898,1297.2
,"Census Region 2: Midwest","CENS-R2","2013","2013","66 years","66",10364,760409,1363.0
,"Census Region 2: Midwest","CENS-R2","2013","2013","67 years","67",8522,545395,1562.5
,"Census Region 2: Midwest","CENS-R2","2013","2013","68 years","68",8963,536039,1672.1
,"Census Region 2: Midwest","CENS-R2","2013","2013","69 years","69",9788,529320,1849.2
,"Census Region 2: Midwest","CENS-R2","2013","2013","70 years","70",10835,552161,1962.3
,"Census Region 2: Midwest","CENS-R2","2013","2013","71 years","71",10771,483494,2227.7
,"Census Region 2: Midwest","CENS-R2","2013","2013","72 years","72",10671,440276,2423.7
,"Census Region 2: Midwest","CENS-R2","2013","2013","73 years","73",10783,413275,2609.2
,"Census Region 2: Midwest","CENS-R2","2013","2013","74 years","74",11345,394970,2872.4
,"Census Region 2: Midwest","CENS-R2","2013","2013","75 years","75",11961,379464,3152.1
,"Census Region 2: Midwest","CENS-R2","2013","2013","76 years","76",12114,351126,3450.0
,"Census Region 2: Midwest","CENS-R2","2013","2013","77 years","77",12861,337298,3812.9
,"Census Region 2: Midwest","CENS-R2","2013","2013","78 years","78",13462,323350,4163.3
,"Census Region 2: Midwest","CENS-R2","2013","2013","79 years","79",13374,291400,4589.6
,"Census Region 2: Midwest","CENS-R2","2013","2013","80 years","80",14649,283741,5162.8
,"Census Region 2: Midwest","CENS-R2","2013","2013","81 years","81",15330,273369,5607.8
,"Census Region 2: Midwest","CENS-R2","2013","2013","82 years","82",16849,263102,6404.0
,"Census Region 2: Midwest","CENS-R2","2013","2013","83 years","83",17423,253206,6881.0
,"Census Region 2: Midwest","CENS-R2","2013","2013","84 years","84",18076,230033,7858.0
,"Census Region 2: Midwest","CENS-R2","2013","2013","85 years","85",18876,Not Applicable,Not Applicable
,"Census Region 2: Midwest","CENS-R2","2013","2013","86 years","86",19044,Not Applicable,Not Applicable
,"Census Region 2: Midwest","CENS-R2","2013","2013","87 years","87",18953,Not Applicable,Not Applicable
,"Census Region 2: Midwest","CENS-R2","2013","2013","88 years","88",18984,Not Applicable,Not Applicable
,"Census Region 2: Midwest","CENS-R2","2013","2013","89 years","89",18389,Not Applicable,Not Applicable
,"Census Region 2: Midwest","CENS-R2","2013","2013","90 years","90",17380,Not Applicable,Not Applicable
,"Census Region 2: Midwest","CENS-R2","2013","2013","91 years","91",16472,Not Applicable,Not Applicable
,"Census Region 2: Midwest","CENS-R2","2013","2013","92 years","92",15084,Not Applicable,Not Applicable
,"Census Region 2: Midwest","CENS-R2","2013","2013","93 years","93",12905,Not Applicable,Not Applicable
,"Census Region 2: Midwest","CENS-R2","2013","2013","94 years","94",10698,Not Applicable,Not Applicable
,"Census Region 2: Midwest","CENS-R2","2013","2013","95 years","95",9056,Not Applicable,Not Applicable
,"Census Region 2: Midwest","CENS-R2","2013","2013","96 years","96",7154,Not Applicable,Not Applicable
,"Census Region 2: Midwest","CENS-R2","2013","2013","97 years","97",5654,Not Applicable,Not Applicable
,"Census Region 2: Midwest","CENS-R2","2013","2013","98 years","98",4414,Not Applicable,Not Applicable
,"Census Region 2: Midwest","CENS-R2","2013","2013","99 years","99",3060,Not Applicable,Not Applicable
,"Census Region 2: Midwest","CENS-R2","2014","2014","1 year","1",315,831384,37.9
,"Census Region 2: Midwest","CENS-R2","2014","2014","2 years","2",193,832591,23.2
,"Census Region 2: Midwest","CENS-R2","2014","2014","3 years","3",147,837409,17.6
,"Census Region 2: Midwest","CENS-R2","2014","2014","4 years","4",133,844751,15.7
,"Census Region 2: Midwest","CENS-R2","2014","2014","5 years","5",112,849971,13.2
,"Census Region 2: Midwest","CENS-R2","2014","2014","6 years","6",92,875283,10.5
,"Census Region 2: Midwest","CENS-R2","2014","2014","7 years","7",89,883039,10.1
,"Census Region 2: Midwest","CENS-R2","2014","2014","8 years","8",91,880108,10.3
,"Census Region 2: Midwest","CENS-R2","2014","2014","9 years","9",87,878104,9.9
,"Census Region 2: Midwest","CENS-R2","2014","2014","10 years","10",79,887485,8.9
,"Census Region 2: Midwest","CENS-R2","2014","2014","11 years","11",114,878208,13.0
,"Census Region 2: Midwest","CENS-R2","2014","2014","12 years","12",125,875904,14.3
,"Census Region 2: Midwest","CENS-R2","2014","2014","13 years","13",146,899906,16.2
,"Census Region 2: Midwest","CENS-R2","2014","2014","14 years","14",161,913404,17.6
,"Census Region 2: Midwest","CENS-R2","2014","2014","15 years","15",253,899310,28.1
,"Census Region 2: Midwest","CENS-R2","2014","2014","16 years","16",356,903081,39.4
,"Census Region 2: Midwest","CENS-R2","2014","2014","17 years","17",406,904373,44.9
,"Census Region 2: Midwest","CENS-R2","2014","2014","18 years","18",528,898295,58.8
,"Census Region 2: Midwest","CENS-R2","2014","2014","19 years","19",608,943832,64.4
,"Census Region 2: Midwest","CENS-R2","2014","2014","20 years","20",709,962993,73.6
,"Census Region 2: Midwest","CENS-R2","2014","2014","21 years","21",846,971557,87.1
,"Census Region 2: Midwest","CENS-R2","2014","2014","22 years","22",852,994949,85.6
,"Census Region 2: Midwest","CENS-R2","2014","2014","23 years","23",884,970232,91.1
,"Census Region 2: Midwest","CENS-R2","2014","2014","24 years","24",901,941545,95.7
,"Census Region 2: Midwest","CENS-R2","2014","2014","25 years","25",931,894508,104.1
,"Census Region 2: Midwest","CENS-R2","2014","2014","26 years","26",943,875507,107.7
,"Census Region 2: Midwest","CENS-R2","2014","2014","27 years","27",882,863596,102.1
,"Census Region 2: Midwest","CENS-R2","2014","2014","28 years","28",941,880312,106.9
,"Census Region 2: Midwest","CENS-R2","2014","2014","29 years","29",981,893534,109.8
,"Census Region 2: Midwest","CENS-R2","2014","2014","30 years","30",943,865173,109.0
,"Census Region 2: Midwest","CENS-R2","2014","2014","31 years","31",1025,883534,116.0
,"Census Region 2: Midwest","CENS-R2","2014","2014","32 years","32",1031,887534,116.2
,"Census Region 2: Midwest","CENS-R2","2014","2014","33 years","33",1135,885854,128.1
,"Census Region 2: Midwest","CENS-R2","2014","2014","34 years","34",1207,902625,133.7
,"Census Region 2: Midwest","CENS-R2","2014","2014","35 years","35",1235,848206,145.6
,"Census Region 2: Midwest","CENS-R2","2014","2014","36 years","36",1191,826613,144.1
,"Census Region 2: Midwest","CENS-R2","2014","2014","37 years","37",1225,814343,150.4
,"Census Region 2: Midwest","CENS-R2","2014","2014","38 years","38",1223,786848,155.4
,"Census Region 2: Midwest","CENS-R2","2014","2014","39 years","39",1313,810125,162.1
,"Census Region 2: Midwest","CENS-R2","2014","2014","40 years","40",1409,781493,180.3
,"Census Region 2: Midwest","CENS-R2","2014","2014","41 years","41",1595,795428,200.5
,"Census Region 2: Midwest","CENS-R2","2014","2014","42 years","42",1708,840138,203.3
,"Census Region 2: Midwest","CENS-R2","2014","2014","43 years","43",1867,897307,208.1
,"Census Region 2: Midwest","CENS-R2","2014","2014","44 years","44",2102,903573,232.6
,"Census Region 2: Midwest","CENS-R2","2014","2014","45 years","45",2239,858689,260.7
,"Census Region 2: Midwest","CENS-R2","2014","2014","46 years","46",2284,843243,270.9
,"Census Region 2: Midwest","CENS-R2","2014","2014","47 years","47",2598,855109,303.8
,"Census Region 2: Midwest","CENS-R2","2014","2014","48 years","48",3048,873514,348.9
,"Census Region 2: Midwest","CENS-R2","2014","2014","49 years","49",3434,930842,368.9
,"Census Region 2: Midwest","CENS-R2","2014","2014","50 years","50",3800,958323,396.5
,"Census Region 2: Midwest","CENS-R2","2014","2014","51 years","51",4480,966571,463.5
,"Census Region 2: Midwest","CENS-R2","2014","2014","52 years","52",4815,976645,493.0
,"Census Region 2: Midwest","CENS-R2","2014","2014","53 years","53",5489,999271,549.3
,"Census Region 2: Midwest","CENS-R2","2014","2014","54 years","54",5718,1006193,568.3
,"Census Region 2: Midwest","CENS-R2","2014","2014","55 years","55",6230,980213,635.6
,"Census Region 2: Midwest","CENS-R2","2014","2014","56 years","56",6699,981355,682.6
,"Census Region 2: Midwest","CENS-R2","2014","2014","57 years","57",6935,969085,715.6
,"Census Region 2: Midwest","CENS-R2","2014","2014","58 years","58",7232,931804,776.1
,"Census Region 2: Midwest","CENS-R2","2014","2014","59 years","59",7650,923290,828.6
,"Census Region 2: Midwest","CENS-R2","2014","2014","60 years","60",7845,885093,886.3
,"Census Region 2: Midwest","CENS-R2","2014","2014","61 years","61",8362,850055,983.7
,"Census Region 2: Midwest","CENS-R2","2014","2014","62 years","62",8725,822558,1060.7
,"Census Region 2: Midwest","CENS-R2","2014","2014","63 years","63",8976,791503,1134.0
,"Census Region 2: Midwest","CENS-R2","2014","2014","64 years","64",9092,760361,1195.7
,"Census Region 2: Midwest","CENS-R2","2014","2014","65 years","65",9346,731980,1276.8
,"Census Region 2: Midwest","CENS-R2","2014","2014","66 years","66",10073,714356,1410.1
,"Census Region 2: Midwest","CENS-R2","2014","2014","67 years","67",11183,745614,1499.8
,"Census Region 2: Midwest","CENS-R2","2014","2014","68 years","68",9192,535439,1716.7
,"Census Region 2: Midwest","CENS-R2","2014","2014","69 years","69",9594,525651,1825.2
,"Census Region 2: Midwest","CENS-R2","2014","2014","70 years","70",10439,517131,2018.6
,"Census Region 2: Midwest","CENS-R2","2014","2014","71 years","71",11693,538924,2169.7
,"Census Region 2: Midwest","CENS-R2","2014","2014","72 years","72",11447,471694,2426.8
,"Census Region 2: Midwest","CENS-R2","2014","2014","73 years","73",11352,428955,2646.4
,"Census Region 2: Midwest","CENS-R2","2014","2014","74 years","74",11465,401840,2853.1
,"Census Region 2: Midwest","CENS-R2","2014","2014","75 years","75",12182,383413,3177.3
,"Census Region 2: Midwest","CENS-R2","2014","2014","76 years","76",12715,367609,3458.8
,"Census Region 2: Midwest","CENS-R2","2014","2014","77 years","77",12810,339015,3778.6
,"Census Region 2: Midwest","CENS-R2","2014","2014","78 years","78",13645,324651,4203.0
,"Census Region 2: Midwest","CENS-R2","2014","2014","79 years","79",14077,310124,4539.2
,"Census Region 2: Midwest","CENS-R2","2014","2014","80 years","80",14254,277555,5135.6
,"Census Region 2: Midwest","CENS-R2","2014","2014","81 years","81",15161,269705,5621.3
,"Census Region 2: Midwest","CENS-R2","2014","2014","82 years","82",16332,257544,6341.4
,"Census Region 2: Midwest","CENS-R2","2014","2014","83 years","83",17005,247019,6884.1
,"Census Region 2: Midwest","CENS-R2","2014","2014","84 years","84",18139,235023,7718.0
,"Census Region 2: Midwest","CENS-R2","2014","2014","85 years","85",18083,Not Applicable,Not Applicable
,"Census Region 2: Midwest","CENS-R2","2014","2014","86 years","86",18888,Not Applicable,Not Applicable
,"Census Region 2: Midwest","CENS-R2","2014","2014","87 years","87",18997,Not Applicable,Not Applicable
,"Census Region 2: Midwest","CENS-R2","2014","2014","88 years","88",18416,Not Applicable,Not Applicable
,"Census Region 2: Midwest","CENS-R2","2014","2014","89 years","89",18283,Not Applicable,Not Applicable
,"Census Region 2: Midwest","CENS-R2","2014","2014","90 years","90",17541,Not Applicable,Not Applicable
,"Census Region 2: Midwest","CENS-R2","2014","2014","91 years","91",16541,Not Applicable,Not Applicable
,"Census Region 2: Midwest","CENS-R2","2014","2014","92 years","92",15233,Not Applicable,Not Applicable
,"Census Region 2: Midwest","CENS-R2","2014","2014","93 years","93",13376,Not Applicable,Not Applicable
,"Census Region 2: Midwest","CENS-R2","2014","2014","94 years","94",11234,Not Applicable,Not Applicable
,"Census Region 2: Midwest","CENS-R2","2014","2014","95 years","95",8989,Not Applicable,Not Applicable
,"Census Region 2: Midwest","CENS-R2","2014","2014","96 years","96",7571,Not Applicable,Not Applicable
,"Census Region 2: Midwest","CENS-R2","2014","2014","97 years","97",5989,Not Applicable,Not Applicable
,"Census Region 2: Midwest","CENS-R2","2014","2014","98 years","98",4379,Not Applicable,Not Applicable
,"Census Region 2: Midwest","CENS-R2","2014","2014","99 years","99",3238,Not Applicable,Not Applicable
,"Census Region 2: Midwest","CENS-R2","2015","2015","1 year","1",319,833443,38.3
,"Census Region 2: Midwest","CENS-R2","2015","2015","2 years","2",194,833091,23.3
,"Census Region 2: Midwest","CENS-R2","2015","2015","3 years","3",157,835342,18.8
,"Census Region 2: Midwest","CENS-R2","2015","2015","4 years","4",130,837784,15.5
,"Census Region 2: Midwest","CENS-R2","2015","2015","5 years","5",114,849142,13.4
,"Census Region 2: Midwest","CENS-R2","2015","2015","6 years","6",119,850174,14.0
,"Census Region 2: Midwest","CENS-R2","2015","2015","7 years","7",91,875042,10.4
,"Census Region 2: Midwest","CENS-R2","2015","2015","8 years","8",112,882642,12.7
,"Census Region 2: Midwest","CENS-R2","2015","2015","9 years","9",107,879782,12.2
,"Census Region 2: Midwest","CENS-R2","2015","2015","10 years","10",107,877929,12.2
,"Census Region 2: Midwest","CENS-R2","2015","2015","11 years","11",115,887461,13.0
,"Census Region 2: Midwest","CENS-R2","2015","2015","12 years","12",131,878430,14.9
,"Census Region 2: Midwest","CENS-R2","2015","2015","13 years","13",152,875595,17.4
,"Census Region 2: Midwest","CENS-R2","2015","2015","14 years","14",211,899994,23.4
,"Census Region 2: Midwest","CENS-R2","2015","2015","15 years","15",253,913931,27.7
,"Census Region 2: Midwest","CENS-R2","2015","2015","16 years","16",334,900965,37.1
,"Census Region 2: Midwest","CENS-R2","2015","2015","17 years","17",441,905333,48.7
,"Census Region 2: Midwest","CENS-R2","2015","2015","18 years","18",599,890807,67.2
,"Census Region 2: Midwest","CENS-R2","2015","2015","19 years","19",717,926687,77.4
,"Census Region 2: Midwest","CENS-R2","2015","2015","20 years","20",786,948378,82.9
,"Census Region 2: Midwest","CENS-R2","2015","2015","21 years","21",825,960709,85.9
,"Census Region 2: Midwest","CENS-R2","2015","2015","22 years","22",936,964226,97.1
,"Census Region 2: Midwest","CENS-R2","2015","2015","23 years","23",929,981049,94.7
,"Census Region 2: Midwest","CENS-R2","2015","2015","24 years","24",982,958893,102.4
,"Census Region 2: Midwest","CENS-R2","2015","2015","25 years","25",988,938034,105.3
,"Census Region 2: Midwest","CENS-R2","2015","2015","26 years","26",977,892926,109.4
,"Census Region 2: Midwest","CENS-R2","2015","2015","27 years","27",987,875133,112.8
,"Census Region 2: Midwest","CENS-R2","2015","2015","28 years","28",1035,865922,119.5
,"Census Region 2: Midwest","CENS-R2","2015","2015","29 years","29",1010,882552,114.4
,"Census Region 2: Midwest","CENS-R2","2015","2015","30 years","30",1085,894637,121.3
,"Census Region 2: Midwest","CENS-R2","2015","2015","31 years","31",1104,866121,127.5
,"Census Region 2: Midwest","CENS-R2","2015","2015","32 years","32",1163,884090,131.5
,"Census Region 2: Midwest","CENS-R2","2015","2015","33 years","33",1226,887599,138.1
,"Census Region 2: Midwest","CENS-R2","2015","2015","34 years","34",1367,885214,154.4
,"Census Region 2: Midwest","CENS-R2","2015","2015","35 years","35",1350,901517,149.7
,"Census Region 2: Midwest","CENS-R2","2015","2015","36 years","36",1256,847271,148.2
,"Census Region 2: Midwest","CENS-R2","2015","2015","37 years","37",1298,825128,157.3
,"Census Region 2: Midwest","CENS-R2","2015","2015","38 years","38",1335,813203,164.2
,"Census Region 2: Midwest","CENS-R2","2015","2015","39 years","39",1359,785283,173.1
,"Census Region 2: Midwest","CENS-R2","2015","2015","40 years","40",1423,808047,176.1
,"Census Region 2: Midwest","CENS-R2","2015","2015","41 years","41",1553,779769,199.2
,"Census Region 2: Midwest","CENS-R2","2015","2015","42 years","42",1733,793092,218.5
,"Census Region 2: Midwest","CENS-R2","2015","2015","43 years","43",1894,837520,226.1
,"Census Region 2: Midwest","CENS-R2","2015","2015","44 years","44",2195,894001,245.5
,"Census Region 2: Midwest","CENS-R2","2015","2015","45 years","45",2319,899959,257.7
,"Census Region 2: Midwest","CENS-R2","2015","2015","46 years","46",2486,855142,290.7
,"Census Region 2: Midwest","CENS-R2","2015","2015","47 years","47",2555,839206,304.5
,"Census Region 2: Midwest","CENS-R2","2015","2015","48 years","48",2913,851243,342.2
,"Census Region 2: Midwest","CENS-R2","2015","2015","49 years","49",3249,868650,374.0
,"Census Region 2: Midwest","CENS-R2","2015","2015","50 years","50",3822,924864,413.2
,"Census Region 2: Midwest","CENS-R2","2015","2015","51 years","51",4232,952808,444.2
,"Census Region 2: Midwest","CENS-R2","2015","2015","52 years","52",4752,960200,494.9
,"Census Region 2: Midwest","CENS-R2","2015","2015","53 years","53",5276,969643,544.1
,"Census Region 2: Midwest","CENS-R2","2015","2015","54 years","54",5793,991689,584.2
,"Census Region 2: Midwest","CENS-R2","2015","2015","55 years","55",6181,996947,620.0
,"Census Region 2: Midwest","CENS-R2","2015","2015","56 years","56",6698,971142,689.7
,"Census Region 2: Midwest","CENS-R2","2015","2015","57 years","57",7182,971900,739.0
,"Census Region 2: Midwest","CENS-R2","2015","2015","58 years","58",7739,959163,806.8
,"Census Region 2: Midwest","CENS-R2","2015","2015","59 years","59",7732,921690,838.9
,"Census Region 2: Midwest","CENS-R2","2015","2015","60 years","60",8280,912418,907.5
,"Census Region 2: Midwest","CENS-R2","2015","2015","61 years","61",8462,873932,968.3
,"Census Region 2: Midwest","CENS-R2","2015","2015","62 years","62",8760,838335,1044.9
,"Census Region 2: Midwest","CENS-R2","2015","2015","63 years","63",9336,810473,1151.9
,"Census Region 2: Midwest","CENS-R2","2015","2015","64 years","64",9399,779427,1205.9
,"Census Region 2: Midwest","CENS-R2","2015","2015","65 years","65",9761,746478,1307.6
,"Census Region 2: Midwest","CENS-R2","2015","2015","66 years","66",10150,717602,1414.4
,"Census Region 2: Midwest","CENS-R2","2015","2015","67 years","67",10674,700316,1524.2
,"Census Region 2: Midwest","CENS-R2","2015","2015","68 years","68",11804,731331,1614.0
,"Census Region 2: Midwest","CENS-R2","2015","2015","69 years","69",9823,523594,1876.1
,"Census Region 2: Midwest","CENS-R2","2015","2015","70 years","70",10312,513336,2008.8
,"Census Region 2: Midwest","CENS-R2","2015","2015","71 years","71",11273,504568,2234.2
,"Census Region 2: Midwest","CENS-R2","2015","2015","72 years","72",12515,525574,2381.2
,"Census Region 2: Midwest","CENS-R2","2015","2015","73 years","73",11999,458636,2616.2
,"Census Region 2: Midwest","CENS-R2","2015","2015","74 years","74",11696,416420,2808.7
,"Census Region 2: Midwest","CENS-R2","2015","2015","75 years","75",12253,389246,3147.9
,"Census Region 2: Midwest","CENS-R2","2015","2015","76 years","76",12822,370486,3460.9
,"Census Region 2: Midwest","CENS-R2","2015","2015","77 years","77",13596,353956,3841.2
,"Census Region 2: Midwest","CENS-R2","2015","2015","78 years","78",13436,325294,4130.4
,"Census Region 2: Midwest","CENS-R2","2015","2015","79 years","79",14407,310834,4634.9
,"Census Region 2: Midwest","CENS-R2","2015","2015","80 years","80",14818,295252,5018.8
,"Census Region 2: Midwest","CENS-R2","2015","2015","81 years","81",14906,263180,5663.8
,"Census Region 2: Midwest","CENS-R2","2015","2015","82 years","82",16034,253661,6321.0
,"Census Region 2: Midwest","CENS-R2","2015","2015","83 years","83",16954,241567,7018.3
,"Census Region 2: Midwest","CENS-R2","2015","2015","84 years","84",17768,228950,7760.6
,"Census Region 2: Midwest","CENS-R2","2015","2015","85 years","85",18351,Not Applicable,Not Applicable
,"Census Region 2: Midwest","CENS-R2","2015","2015","86 years","86",18329,Not Applicable,Not Applicable
,"Census Region 2: Midwest","CENS-R2","2015","2015","87 years","87",19486,Not Applicable,Not Applicable
,"Census Region 2: Midwest","CENS-R2","2015","2015","88 years","88",19167,Not Applicable,Not Applicable
,"Census Region 2: Midwest","CENS-R2","2015","2015","89 years","89",18561,Not Applicable,Not Applicable
,"Census Region 2: Midwest","CENS-R2","2015","2015","90 years","90",18124,Not Applicable,Not Applicable
,"Census Region 2: Midwest","CENS-R2","2015","2015","91 years","91",16900,Not Applicable,Not Applicable
,"Census Region 2: Midwest","CENS-R2","2015","2015","92 years","92",15370,Not Applicable,Not Applicable
,"Census Region 2: Midwest","CENS-R2","2015","2015","93 years","93",14065,Not Applicable,Not Applicable
,"Census Region 2: Midwest","CENS-R2","2015","2015","94 years","94",12036,Not Applicable,Not Applicable
,"Census Region 2: Midwest","CENS-R2","2015","2015","95 years","95",9799,Not Applicable,Not Applicable
,"Census Region 2: Midwest","CENS-R2","2015","2015","96 years","96",7756,Not Applicable,Not Applicable
,"Census Region 2: Midwest","CENS-R2","2015","2015","97 years","97",6364,Not Applicable,Not Applicable
,"Census Region 2: Midwest","CENS-R2","2015","2015","98 years","98",4722,Not Applicable,Not Applicable
,"Census Region 2: Midwest","CENS-R2","2015","2015","99 years","99",3358,Not Applicable,Not Applicable
,"Census Region 2: Midwest","CENS-R2","2016","2016","1 year","1",358,833515,43.0
,"Census Region 2: Midwest","CENS-R2","2016","2016","2 years","2",253,840422,30.1
,"Census Region 2: Midwest","CENS-R2","2016","2016","3 years","3",165,836626,19.7
,"Census Region 2: Midwest","CENS-R2","2016","2016","4 years","4",132,835577,15.8
,"Census Region 2: Midwest","CENS-R2","2016","2016","5 years","5",117,838931,13.9
,"Census Region 2: Midwest","CENS-R2","2016","2016","6 years","6",99,849501,11.7
,"Census Region 2: Midwest","CENS-R2","2016","2016","7 years","7",98,849625,11.5
,"Census Region 2: Midwest","CENS-R2","2016","2016","8 years","8",91,874659,10.4
,"Census Region 2: Midwest","CENS-R2","2016","2016","9 years","9",100,882087,11.3
,"Census Region 2: Midwest","CENS-R2","2016","2016","10 years","10",104,879251,11.8
,"Census Region 2: Midwest","CENS-R2","2016","2016","11 years","11",111,877298,12.7
,"Census Region 2: Midwest","CENS-R2","2016","2016","12 years","12",121,887424,13.6
,"Census Region 2: Midwest","CENS-R2","2016","2016","13 years","13",127,877206,14.5
,"Census Region 2: Midwest","CENS-R2","2016","2016","14 years","14",198,874387,22.6
,"Census Region 2: Midwest","CENS-R2","2016","2016","15 years","15",274,898708,30.5
,"Census Region 2: Midwest","CENS-R2","2016","2016","16 years","16",386,912736,42.3
,"Census Region 2: Midwest","CENS-R2","2016","2016","17 years","17",459,901123,50.9
,"Census Region 2: Midwest","CENS-R2","2016","2016","18 years","18",640,890348,71.9
,"Census Region 2: Midwest","CENS-R2","2016","2016","19 years","19",673,917977,73.3
,"Census Region 2: Midwest","CENS-R2","2016","2016","20 years","20",766,930682,82.3
,"Census Region 2: Midwest","CENS-R2","2016","2016","21 years","21",927,946133,98.0
,"Census Region 2: Midwest","CENS-R2","2016","2016","22 years","22",1006,955622,105.3
,"Census Region 2: Midwest","CENS-R2","2016","2016","23 years","23",1041,949310,109.7
,"Census Region 2: Midwest","CENS-R2","2016","2016","24 years","24",1067,972582,109.7
,"Census Region 2: Midwest","CENS-R2","2016","2016","25 years","25",1177,957530,122.9
,"Census Region 2: Midwest","CENS-R2","2016","2016","26 years","26",1173,940014,124.8
,"Census Region 2: Midwest","CENS-R2","2016","2016","27 years","27",1161,895080,129.7
,"Census Region 2: Midwest","CENS-R2","2016","2016","28 years","28",1198,877861,136.5
,"Census Region 2: Midwest","CENS-R2","2016","2016","29 years","29",1178,866657,135.9
,"Census Region 2: Midwest","CENS-R2","2016","2016","30 years","30",1220,881180,138.5
,"Census Region 2: Midwest","CENS-R2","2016","2016","31 years","31",1253,893028,140.3
,"Census Region 2: Midwest","CENS-R2","2016","2016","32 years","32",1304,862903,151.1
,"Census Region 2: Midwest","CENS-R2","2016","2016","33 years","33",1299,881319,147.4
,"Census Region 2: Midwest","CENS-R2","2016","2016","34 years","34",1411,883494,159.7
,"Census Region 2: Midwest","CENS-R2","2016","2016","35 years","35",1469,880880,166.8
,"Census Region 2: Midwest","CENS-R2","2016","2016","36 years","36",1511,896983,168.5
,"Census Region 2: Midwest","CENS-R2","2016","2016","37 years","37",1497,843167,177.5
,"Census Region 2: Midwest","CENS-R2","2016","2016","38 years","38",1570,820761,191.3
,"Census Region 2: Midwest","CENS-R2","2016","2016","39 years","39",1574,808552,194.7
,"Census Region 2: Midwest","CENS-R2","2016","2016","40 years","40",1504,779919,192.8
,"Census Region 2: Midwest","CENS-R2","2016","2016","41 years","41",1638,802620,204.1
,"Census Region 2: Midwest","CENS-R2","2016","2016","42 years","42",1700,773698,219.7
,"Census Region 2: Midwest","CENS-R2","2016","2016","43 years","43",1915,786691,243.4
,"Census Region 2: Midwest","CENS-R2","2016","2016","44 years","44",2154,830428,259.4
,"Census Region 2: Midwest","CENS-R2","2016","2016","45 years","45",2419,886892,272.8
,"Census Region 2: Midwest","CENS-R2","2016","2016","46 years","46",2665,892539,298.6
,"Census Region 2: Midwest","CENS-R2","2016","2016","47 years","47",2643,847822,311.7
,"Census Region 2: Midwest","CENS-R2","2016","2016","48 years","48",2917,832234,350.5
,"Census Region 2: Midwest","CENS-R2","2016","2016","49 years","49",3198,843705,379.0
,"Census Region 2: Midwest","CENS-R2","2016","2016","50 years","50",3593,860260,417.7
,"Census Region 2: Midwest","CENS-R2","2016","2016","51 years","51",4005,916653,436.9
,"Census Region 2: Midwest","CENS-R2","2016","2016","52 years","52",4638,943474,491.6
,"Census Region 2: Midwest","CENS-R2","2016","2016","53 years","53",5122,950361,539.0
,"Census Region 2: Midwest","CENS-R2","2016","2016","54 years","54",5677,959408,591.7
,"Census Region 2: Midwest","CENS-R2","2016","2016","55 years","55",6399,979982,653.0
,"Census Region 2: Midwest","CENS-R2","2016","2016","56 years","56",6608,985355,670.6
,"Census Region 2: Midwest","CENS-R2","2016","2016","57 years","57",7234,959491,753.9
,"Census Region 2: Midwest","CENS-R2","2016","2016","58 years","58",7539,959903,785.4
,"Census Region 2: Midwest","CENS-R2","2016","2016","59 years","59",8243,946894,870.5
,"Census Region 2: Midwest","CENS-R2","2016","2016","60 years","60",8527,909335,937.7
,"Census Region 2: Midwest","CENS-R2","2016","2016","61 years","61",8797,899180,978.3
,"Census Region 2: Midwest","CENS-R2","2016","2016","62 years","62",9165,859538,1066.3
,"Census Region 2: Midwest","CENS-R2","2016","2016","63 years","63",9282,823989,1126.5
,"Census Region 2: Midwest","CENS-R2","2016","2016","64 years","64",9745,796077,1224.1
,"Census Region 2: Midwest","CENS-R2","2016","2016","65 years","65",9868,763075,1293.2
,"Census Region 2: Midwest","CENS-R2","2016","2016","66 years","66",10154,730932,1389.2
,"Census Region 2: Midwest","CENS-R2","2016","2016","67 years","67",10660,702780,1516.8
,"Census Region 2: Midwest","CENS-R2","2016","2016","68 years","68",11426,684876,1668.3
,"Census Region 2: Midwest","CENS-R2","2016","2016","69 years","69",12447,715162,1740.4
,"Census Region 2: Midwest","CENS-R2","2016","2016","70 years","70",10181,510920,1992.7
,"Census Region 2: Midwest","CENS-R2","2016","2016","71 years","71",10807,501029,2157.0
,"Census Region 2: Midwest","CENS-R2","2016","2016","72 years","72",11811,491477,2403.2
,"Census Region 2: Midwest","CENS-R2","2016","2016","73 years","73",13082,511000,2560.1
,"Census Region 2: Midwest","CENS-R2","2016","2016","74 years","74",12546,445104,2818.7
,"Census Region 2: Midwest","CENS-R2","2016","2016","75 years","75",12734,402998,3159.8
,"Census Region 2: Midwest","CENS-R2","2016","2016","76 years","76",12702,375709,3380.8
,"Census Region 2: Midwest","CENS-R2","2016","2016","77 years","77",13382,356519,3753.5
,"Census Region 2: Midwest","CENS-R2","2016","2016","78 years","78",14041,339779,4132.4
,"Census Region 2: Midwest","CENS-R2","2016","2016","79 years","79",14216,311262,4567.2
,"Census Region 2: Midwest","CENS-R2","2016","2016","80 years","80",14891,295797,5034.2
,"Census Region 2: Midwest","CENS-R2","2016","2016","81 years","81",15542,279959,5551.5
,"Census Region 2: Midwest","CENS-R2","2016","2016","82 years","82",15390,247914,6207.8
,"Census Region 2: Midwest","CENS-R2","2016","2016","83 years","83",16179,238088,6795.4
,"Census Region 2: Midwest","CENS-R2","2016","2016","84 years","84",17012,223932,7596.9
,"Census Region 2: Midwest","CENS-R2","2016","2016","85 years","85",17764,Not Applicable,Not Applicable
,"Census Region 2: Midwest","CENS-R2","2016","2016","86 years","86",18285,Not Applicable,Not Applicable
,"Census Region 2: Midwest","CENS-R2","2016","2016","87 years","87",18462,Not Applicable,Not Applicable
,"Census Region 2: Midwest","CENS-R2","2016","2016","88 years","88",18888,Not Applicable,Not Applicable
,"Census Region 2: Midwest","CENS-R2","2016","2016","89 years","89",18296,Not Applicable,Not Applicable
,"Census Region 2: Midwest","CENS-R2","2016","2016","90 years","90",17485,Not Applicable,Not Applicable
,"Census Region 2: Midwest","CENS-R2","2016","2016","91 years","91",16792,Not Applicable,Not Applicable
,"Census Region 2: Midwest","CENS-R2","2016","2016","92 years","92",15467,Not Applicable,Not Applicable
,"Census Region 2: Midwest","CENS-R2","2016","2016","93 years","93",13555,Not Applicable,Not Applicable
,"Census Region 2: Midwest","CENS-R2","2016","2016","94 years","94",11884,Not Applicable,Not Applicable
,"Census Region 2: Midwest","CENS-R2","2016","2016","95 years","95",10170,Not Applicable,Not Applicable
,"Census Region 2: Midwest","CENS-R2","2016","2016","96 years","96",7970,Not Applicable,Not Applicable
,"Census Region 2: Midwest","CENS-R2","2016","2016","97 years","97",5946,Not Applicable,Not Applicable
,"Census Region 2: Midwest","CENS-R2","2016","2016","98 years","98",4826,Not Applicable,Not Applicable
,"Census Region 2: Midwest","CENS-R2","2016","2016","99 years","99",3428,Not Applicable,Not Applicable
,"Census Region 2: Midwest","CENS-R2","2017","2017","1 year","1",334,831174,40.2
,"Census Region 2: Midwest","CENS-R2","2017","2017","2 years","2",200,842790,23.7
,"Census Region 2: Midwest","CENS-R2","2017","2017","3 years","3",166,841203,19.7
,"Census Region 2: Midwest","CENS-R2","2017","2017","4 years","4",140,838187,16.7
,"Census Region 2: Midwest","CENS-R2","2017","2017","5 years","5",113,838711,13.5
,"Census Region 2: Midwest","CENS-R2","2017","2017","6 years","6",109,841398,13.0
,"Census Region 2: Midwest","CENS-R2","2017","2017","7 years","7",111,851366,13.0
,"Census Region 2: Midwest","CENS-R2","2017","2017","8 years","8",102,851834,12.0
,"Census Region 2: Midwest","CENS-R2","2017","2017","9 years","9",111,876094,12.7
,"Census Region 2: Midwest","CENS-R2","2017","2017","10 years","10",109,882572,12.4
,"Census Region 2: Midwest","CENS-R2","2017","2017","11 years","11",128,879281,14.6
,"Census Region 2: Midwest","CENS-R2","2017","2017","12 years","12",132,878018,15.0
,"Census Region 2: Midwest","CENS-R2","2017","2017","13 years","13",175,885557,19.8
,"Census Region 2: Midwest","CENS-R2","2017","2017","14 years","14",211,879112,24.0
,"Census Region 2: Midwest","CENS-R2","2017","2017","15 years","15",317,876231,36.2
,"Census Region 2: Midwest","CENS-R2","2017","2017","16 years","16",402,899629,44.7
,"Census Region 2: Midwest","CENS-R2","2017","2017","17 years","17",465,914910,50.8
,"Census Region 2: Midwest","CENS-R2","2017","2017","18 years","18",643,891358,72.1
,"Census Region 2: Midwest","CENS-R2","2017","2017","19 years","19",786,920024,85.4
,"Census Region 2: Midwest","CENS-R2","2017","2017","20 years","20",767,925040,82.9
,"Census Region 2: Midwest","CENS-R2","2017","2017","21 years","21",854,930250,91.8
,"Census Region 2: Midwest","CENS-R2","2017","2017","22 years","22",916,948238,96.6
,"Census Region 2: Midwest","CENS-R2","2017","2017","23 years","23",1063,947953,112.1
,"Census Region 2: Midwest","CENS-R2","2017","2017","24 years","24",1083,945109,114.6
,"Census Region 2: Midwest","CENS-R2","2017","2017","25 years","25",1151,961721,119.7
,"Census Region 2: Midwest","CENS-R2","2017","2017","26 years","26",1249,952574,131.1
,"Census Region 2: Midwest","CENS-R2","2017","2017","27 years","27",1288,937090,137.4
,"Census Region 2: Midwest","CENS-R2","2017","2017","28 years","28",1260,897588,140.4
,"Census Region 2: Midwest","CENS-R2","2017","2017","29 years","29",1245,876906,142.0
,"Census Region 2: Midwest","CENS-R2","2017","2017","30 years","30",1301,865138,150.4
,"Census Region 2: Midwest","CENS-R2","2017","2017","31 years","31",1337,879705,152.0
,"Census Region 2: Midwest","CENS-R2","2017","2017","32 years","32",1458,893928,163.1
,"Census Region 2: Midwest","CENS-R2","2017","2017","33 years","33",1472,864553,170.3
,"Census Region 2: Midwest","CENS-R2","2017","2017","34 years","34",1539,880739,174.7
,"Census Region 2: Midwest","CENS-R2","2017","2017","35 years","35",1526,884710,172.5
,"Census Region 2: Midwest","CENS-R2","2017","2017","36 years","36",1575,879446,179.1
,"Census Region 2: Midwest","CENS-R2","2017","2017","37 years","37",1643,897273,183.1
,"Census Region 2: Midwest","CENS-R2","2017","2017","38 years","38",1534,841887,182.2
,"Census Region 2: Midwest","CENS-R2","2017","2017","39 years","39",1651,820924,201.1
,"Census Region 2: Midwest","CENS-R2","2017","2017","40 years","40",1691,806881,209.6
,"Census Region 2: Midwest","CENS-R2","2017","2017","41 years","41",1800,777666,231.5
,"Census Region 2: Midwest","CENS-R2","2017","2017","42 years","42",1876,801076,234.2
,"Census Region 2: Midwest","CENS-R2","2017","2017","43 years","43",1865,772409,241.5
,"Census Region 2: Midwest","CENS-R2","2017","2017","44 years","44",1987,783567,253.6
,"Census Region 2: Midwest","CENS-R2","2017","2017","45 years","45",2380,827622,287.6
,"Census Region 2: Midwest","CENS-R2","2017","2017","46 years","46",2646,883436,299.5
,"Census Region 2: Midwest","CENS-R2","2017","2017","47 years","47",2880,888337,324.2
,"Census Region 2: Midwest","CENS-R2","2017","2017","48 years","48",2901,843878,343.8
,"Census Region 2: Midwest","CENS-R2","2017","2017","49 years","49",3101,827898,374.6
,"Census Region 2: Midwest","CENS-R2","2017","2017","50 years","50",3456,838005,412.4
,"Census Region 2: Midwest","CENS-R2","2017","2017","51 years","51",3989,856028,466.0
,"Census Region 2: Midwest","CENS-R2","2017","2017","52 years","52",4369,910660,479.8
,"Census Region 2: Midwest","CENS-R2","2017","2017","53 years","53",5011,936834,534.9
,"Census Region 2: Midwest","CENS-R2","2017","2017","54 years","54",5550,943804,588.0
,"Census Region 2: Midwest","CENS-R2","2017","2017","55 years","55",5978,951487,628.3
,"Census Region 2: Midwest","CENS-R2","2017","2017","56 years","56",6595,972100,678.4
,"Census Region 2: Midwest","CENS-R2","2017","2017","57 years","57",7228,976499,740.2
,"Census Region 2: Midwest","CENS-R2","2017","2017","58 years","58",7603,950244,800.1
,"Census Region 2: Midwest","CENS-R2","2017","2017","59 years","59",8188,949678,862.2
,"Census Region 2: Midwest","CENS-R2","2017","2017","60 years","60",8749,936950,933.8
,"Census Region 2: Midwest","CENS-R2","2017","2017","61 years","61",9036,898675,1005.5
,"Census Region 2: Midwest","CENS-R2","2017","2017","62 years","62",9341,887652,1052.3
,"Census Region 2: Midwest","CENS-R2","2017","2017","63 years","63",9794,847998,1155.0
,"Census Region 2: Midwest","CENS-R2","2017","2017","64 years","64",10047,811973,1237.4
,"Census Region 2: Midwest","CENS-R2","2017","2017","65 years","65",10451,783922,1333.2
,"Census Region 2: Midwest","CENS-R2","2017","2017","66 years","66",10650,752098,1416.0
,"Census Region 2: Midwest","CENS-R2","2017","2017","67 years","67",10815,721187,1499.6
,"Census Region 2: Midwest","CENS-R2","2017","2017","68 years","68",11422,694259,1645.2
,"Census Region 2: Midwest","CENS-R2","2017","2017","69 years","69",12302,675519,1821.1
,"Census Region 2: Midwest","CENS-R2","2017","2017","70 years","70",13295,699285,1901.2
,"Census Region 2: Midwest","CENS-R2","2017","2017","71 years","71",10951,501398,2184.1
,"Census Region 2: Midwest","CENS-R2","2017","2017","72 years","72",11641,490933,2371.2
,"Census Region 2: Midwest","CENS-R2","2017","2017","73 years","73",12690,481102,2637.7
,"Census Region 2: Midwest","CENS-R2","2017","2017","74 years","74",13996,497412,2813.8
,"Census Region 2: Midwest","CENS-R2","2017","2017","75 years","75",13562,433087,3131.5
,"Census Region 2: Midwest","CENS-R2","2017","2017","76 years","76",13346,391076,3412.6
,"Census Region 2: Midwest","CENS-R2","2017","2017","77 years","77",13699,363688,3766.7
,"Census Region 2: Midwest","CENS-R2","2017","2017","78 years","78",14250,343304,4150.8
,"Census Region 2: Midwest","CENS-R2","2017","2017","79 years","79",15137,327042,4628.5
,"Census Region 2: Midwest","CENS-R2","2017","2017","80 years","80",14923,297380,5018.2
,"Census Region 2: Midwest","CENS-R2","2017","2017","81 years","81",15671,282187,5553.4
,"Census Region 2: Midwest","CENS-R2","2017","2017","82 years","82",16664,265052,6287.1
,"Census Region 2: Midwest","CENS-R2","2017","2017","83 years","83",16522,233696,7069.9
,"Census Region 2: Midwest","CENS-R2","2017","2017","84 years","84",17187,222349,7729.7
,"Census Region 2: Midwest","CENS-R2","2017","2017","85 years","85",17649,Not Applicable,Not Applicable
,"Census Region 2: Midwest","CENS-R2","2017","2017","86 years","86",18521,Not Applicable,Not Applicable
,"Census Region 2: Midwest","CENS-R2","2017","2017","87 years","87",18923,Not Applicable,Not Applicable
,"Census Region 2: Midwest","CENS-R2","2017","2017","88 years","88",18536,Not Applicable,Not Applicable
,"Census Region 2: Midwest","CENS-R2","2017","2017","89 years","89",18563,Not Applicable,Not Applicable
,"Census Region 2: Midwest","CENS-R2","2017","2017","90 years","90",18258,Not Applicable,Not Applicable
,"Census Region 2: Midwest","CENS-R2","2017","2017","91 years","91",16880,Not Applicable,Not Applicable
,"Census Region 2: Midwest","CENS-R2","2017","2017","92 years","92",15804,Not Applicable,Not Applicable
,"Census Region 2: Midwest","CENS-R2","2017","2017","93 years","93",14052,Not Applicable,Not Applicable
,"Census Region 2: Midwest","CENS-R2","2017","2017","94 years","94",12297,Not Applicable,Not Applicable
,"Census Region 2: Midwest","CENS-R2","2017","2017","95 years","95",10629,Not Applicable,Not Applicable
,"Census Region 2: Midwest","CENS-R2","2017","2017","96 years","96",8721,Not Applicable,Not Applicable
,"Census Region 2: Midwest","CENS-R2","2017","2017","97 years","97",6653,Not Applicable,Not Applicable
,"Census Region 2: Midwest","CENS-R2","2017","2017","98 years","98",4826,Not Applicable,Not Applicable
,"Census Region 2: Midwest","CENS-R2","2017","2017","99 years","99",3744,Not Applicable,Not Applicable
,"Census Region 2: Midwest","CENS-R2","2018","2018","1 year","1",320,818083,39.1
,"Census Region 2: Midwest","CENS-R2","2018","2018","2 years","2",226,836819,27.0
,"Census Region 2: Midwest","CENS-R2","2018","2018","3 years","3",163,845906,19.3
,"Census Region 2: Midwest","CENS-R2","2018","2018","4 years","4",134,843714,15.9
,"Census Region 2: Midwest","CENS-R2","2018","2018","5 years","5",124,840956,14.7
,"Census Region 2: Midwest","CENS-R2","2018","2018","6 years","6",101,841019,12.0
,"Census Region 2: Midwest","CENS-R2","2018","2018","7 years","7",83,844002,9.8
,"Census Region 2: Midwest","CENS-R2","2018","2018","8 years","8",93,853439,10.9
,"Census Region 2: Midwest","CENS-R2","2018","2018","9 years","9",108,853812,12.6
,"Census Region 2: Midwest","CENS-R2","2018","2018","10 years","10",109,877184,12.4
,"Census Region 2: Midwest","CENS-R2","2018","2018","11 years","11",108,883992,12.2
,"Census Region 2: Midwest","CENS-R2","2018","2018","12 years","12",136,880849,15.4
,"Census Region 2: Midwest","CENS-R2","2018","2018","13 years","13",167,878952,19.0
,"Census Region 2: Midwest","CENS-R2","2018","2018","14 years","14",210,886932,23.7
,"Census Region 2: Midwest","CENS-R2","2018","2018","15 years","15",275,881085,31.2
,"Census Region 2: Midwest","CENS-R2","2018","2018","16 years","16",370,878317,42.1
,"Census Region 2: Midwest","CENS-R2","2018","2018","17 years","17",504,902422,55.8
,"Census Region 2: Midwest","CENS-R2","2018","2018","18 years","18",558,902189,61.8
,"Census Region 2: Midwest","CENS-R2","2018","2018","19 years","19",650,914034,71.1
,"Census Region 2: Midwest","CENS-R2","2018","2018","20 years","20",691,921609,75.0
,"Census Region 2: Midwest","CENS-R2","2018","2018","21 years","21",803,922290,87.1
,"Census Region 2: Midwest","CENS-R2","2018","2018","22 years","22",875,927960,94.3
,"Census Region 2: Midwest","CENS-R2","2018","2018","23 years","23",947,932887,101.5
,"Census Region 2: Midwest","CENS-R2","2018","2018","24 years","24",1000,933855,107.1
,"Census Region 2: Midwest","CENS-R2","2018","2018","25 years","25",1059,939126,112.8
,"Census Region 2: Midwest","CENS-R2","2018","2018","26 years","26",1182,959015,123.3
,"Census Region 2: Midwest","CENS-R2","2018","2018","27 years","27",1241,951511,130.4
,"Census Region 2: Midwest","CENS-R2","2018","2018","28 years","28",1289,939508,137.2
,"Census Region 2: Midwest","CENS-R2","2018","2018","29 years","29",1265,900059,140.5
,"Census Region 2: Midwest","CENS-R2","2018","2018","30 years","30",1331,879026,151.4
,"Census Region 2: Midwest","CENS-R2","2018","2018","31 years","31",1269,867827,146.2
,"Census Region 2: Midwest","CENS-R2","2018","2018","32 years","32",1316,880833,149.4
,"Census Region 2: Midwest","CENS-R2","2018","2018","33 years","33",1339,895434,149.5
,"Census Region 2: Midwest","CENS-R2","2018","2018","34 years","34",1404,865835,162.2
,"Census Region 2: Midwest","CENS-R2","2018","2018","35 years","35",1537,881114,174.4
,"Census Region 2: Midwest","CENS-R2","2018","2018","36 years","36",1588,884906,179.5
,"Census Region 2: Midwest","CENS-R2","2018","2018","37 years","37",1617,878919,184.0
,"Census Region 2: Midwest","CENS-R2","2018","2018","38 years","38",1652,895723,184.4
,"Census Region 2: Midwest","CENS-R2","2018","2018","39 years","39",1662,839818,197.9
,"Census Region 2: Midwest","CENS-R2","2018","2018","40 years","40",1710,818142,209.0
,"Census Region 2: Midwest","CENS-R2","2018","2018","41 years","41",1688,804383,209.9
,"Census Region 2: Midwest","CENS-R2","2018","2018","42 years","42",1754,775212,226.3
,"Census Region 2: Midwest","CENS-R2","2018","2018","43 years","43",1879,798483,235.3
,"Census Region 2: Midwest","CENS-R2","2018","2018","44 years","44",2033,769007,264.4
,"Census Region 2: Midwest","CENS-R2","2018","2018","45 years","45",2208,780081,283.0
,"Census Region 2: Midwest","CENS-R2","2018","2018","46 years","46",2538,823562,308.2
,"Census Region 2: Midwest","CENS-R2","2018","2018","47 years","47",2891,878470,329.1
,"Census Region 2: Midwest","CENS-R2","2018","2018","48 years","48",2990,883514,338.4
,"Census Region 2: Midwest","CENS-R2","2018","2018","49 years","49",3173,838394,378.5
,"Census Region 2: Midwest","CENS-R2","2018","2018","50 years","50",3327,821528,405.0
,"Census Region 2: Midwest","CENS-R2","2018","2018","51 years","51",3718,832131,446.8
,"Census Region 2: Midwest","CENS-R2","2018","2018","52 years","52",4202,849450,494.7
,"Census Region 2: Midwest","CENS-R2","2018","2018","53 years","53",4772,903444,528.2
,"Census Region 2: Midwest","CENS-R2","2018","2018","54 years","54",5318,929098,572.4
,"Census Region 2: Midwest","CENS-R2","2018","2018","55 years","55",5977,935166,639.1
,"Census Region 2: Midwest","CENS-R2","2018","2018","56 years","56",6500,942351,689.8
,"Census Region 2: Midwest","CENS-R2","2018","2018","57 years","57",7048,962334,732.4
,"Census Region 2: Midwest","CENS-R2","2018","2018","58 years","58",7710,966190,798.0
,"Census Region 2: Midwest","CENS-R2","2018","2018","59 years","59",8240,940053,876.5
,"Census Region 2: Midwest","CENS-R2","2018","2018","60 years","60",8732,938135,930.8
,"Census Region 2: Midwest","CENS-R2","2018","2018","61 years","61",9295,924544,1005.4
,"Census Region 2: Midwest","CENS-R2","2018","2018","62 years","62",9609,885563,1085.1
,"Census Region 2: Midwest","CENS-R2","2018","2018","63 years","63",10136,874133,1159.5
,"Census Region 2: Midwest","CENS-R2","2018","2018","64 years","64",10388,835013,1244.1
,"Census Region 2: Midwest","CENS-R2","2018","2018","65 years","65",10678,798230,1337.7
,"Census Region 2: Midwest","CENS-R2","2018","2018","66 years","66",11056,769632,1436.5
,"Census Region 2: Midwest","CENS-R2","2018","2018","67 years","67",11314,738010,1533.0
,"Census Region 2: Midwest","CENS-R2","2018","2018","68 years","68",11420,707209,1614.8
,"Census Region 2: Midwest","CENS-R2","2018","2018","69 years","69",12170,679857,1790.1
,"Census Region 2: Midwest","CENS-R2","2018","2018","70 years","70",12991,660539,1966.7
,"Census Region 2: Midwest","CENS-R2","2018","2018","71 years","71",14144,684033,2067.7
,"Census Region 2: Midwest","CENS-R2","2018","2018","72 years","72",11765,489519,2403.4
,"Census Region 2: Midwest","CENS-R2","2018","2018","73 years","73",12313,478009,2575.9
,"Census Region 2: Midwest","CENS-R2","2018","2018","74 years","74",13227,467782,2827.6
,"Census Region 2: Midwest","CENS-R2","2018","2018","75 years","75",14819,482782,3069.5
,"Census Region 2: Midwest","CENS-R2","2018","2018","76 years","76",14539,419466,3466.1
,"Census Region 2: Midwest","CENS-R2","2018","2018","77 years","77",14264,377627,3777.3
,"Census Region 2: Midwest","CENS-R2","2018","2018","78 years","78",14284,350183,4079.0
,"Census Region 2: Midwest","CENS-R2","2018","2018","79 years","79",14892,329351,4521.6
,"Census Region 2: Midwest","CENS-R2","2018","2018","80 years","80",15650,311733,5020.3
,"Census Region 2: Midwest","CENS-R2","2018","2018","81 years","81",15834,282875,5597.5
,"Census Region 2: Midwest","CENS-R2","2018","2018","82 years","82",16484,266518,6184.9
,"Census Region 2: Midwest","CENS-R2","2018","2018","83 years","83",16894,249730,6764.9
,"Census Region 2: Midwest","CENS-R2","2018","2018","84 years","84",16684,217487,7671.3
,"Census Region 2: Midwest","CENS-R2","2018","2018","85 years","85",17588,Not Applicable,Not Applicable
,"Census Region 2: Midwest","CENS-R2","2018","2018","86 years","86",18034,Not Applicable,Not Applicable
,"Census Region 2: Midwest","CENS-R2","2018","2018","87 years","87",18759,Not Applicable,Not Applicable
,"Census Region 2: Midwest","CENS-R2","2018","2018","88 years","88",18613,Not Applicable,Not Applicable
,"Census Region 2: Midwest","CENS-R2","2018","2018","89 years","89",18377,Not Applicable,Not Applicable
,"Census Region 2: Midwest","CENS-R2","2018","2018","90 years","90",18243,Not Applicable,Not Applicable
,"Census Region 2: Midwest","CENS-R2","2018","2018","91 years","91",17319,Not Applicable,Not Applicable
,"Census Region 2: Midwest","CENS-R2","2018","2018","92 years","92",15781,Not Applicable,Not Applicable
,"Census Region 2: Midwest","CENS-R2","2018","2018","93 years","93",14290,Not Applicable,Not Applicable
,"Census Region 2: Midwest","CENS-R2","2018","2018","94 years","94",12278,Not Applicable,Not Applicable
,"Census Region 2: Midwest","CENS-R2","2018","2018","95 years","95",10646,Not Applicable,Not Applicable
,"Census Region 2: Midwest","CENS-R2","2018","2018","96 years","96",8824,Not Applicable,Not Applicable
,"Census Region 2: Midwest","CENS-R2","2018","2018","97 years","97",7023,Not Applicable,Not Applicable
,"Census Region 2: Midwest","CENS-R2","2018","2018","98 years","98",5126,Not Applicable,Not Applicable
,"Census Region 2: Midwest","CENS-R2","2018","2018","99 years","99",3652,Not Applicable,Not Applicable
,"Census Region 2: Midwest","CENS-R2","2019","2019","1 year","1",312,802512,38.9
,"Census Region 2: Midwest","CENS-R2","2019","2019","2 years","2",204,822504,24.8
,"Census Region 2: Midwest","CENS-R2","2019","2019","3 years","3",155,838755,18.5
,"Census Region 2: Midwest","CENS-R2","2019","2019","4 years","4",138,846910,16.3
,"Census Region 2: Midwest","CENS-R2","2019","2019","5 years","5",100,844564,11.8
,"Census Region 2: Midwest","CENS-R2","2019","2019","6 years","6",99,841543,11.8
,"Census Region 2: Midwest","CENS-R2","2019","2019","7 years","7",95,841467,11.3
,"Census Region 2: Midwest","CENS-R2","2019","2019","8 years","8",81,844620,9.6
,"Census Region 2: Midwest","CENS-R2","2019","2019","9 years","9",96,853619,11.2
,"Census Region 2: Midwest","CENS-R2","2019","2019","10 years","10",93,853501,10.9
,"Census Region 2: Midwest","CENS-R2","2019","2019","11 years","11",133,876957,15.2
,"Census Region 2: Midwest","CENS-R2","2019","2019","12 years","12",132,883866,14.9
,"Census Region 2: Midwest","CENS-R2","2019","2019","13 years","13",151,880603,17.1
,"Census Region 2: Midwest","CENS-R2","2019","2019","14 years","14",224,879336,25.5
,"Census Region 2: Midwest","CENS-R2","2019","2019","15 years","15",265,887386,29.9
,"Census Region 2: Midwest","CENS-R2","2019","2019","16 years","16",338,881913,38.3
,"Census Region 2: Midwest","CENS-R2","2019","2019","17 years","17",433,879345,49.2
,"Census Region 2: Midwest","CENS-R2","2019","2019","18 years","18",593,886310,66.9
,"Census Region 2: Midwest","CENS-R2","2019","2019","19 years","19",613,924378,66.3
,"Census Region 2: Midwest","CENS-R2","2019","2019","20 years","20",658,917924,71.7
,"Census Region 2: Midwest","CENS-R2","2019","2019","21 years","21",820,918456,89.3
,"Census Region 2: Midwest","CENS-R2","2019","2019","22 years","22",809,918728,88.1
,"Census Region 2: Midwest","CENS-R2","2019","2019","23 years","23",924,910057,101.5
,"Census Region 2: Midwest","CENS-R2","2019","2019","24 years","24",922,915210,100.7
,"Census Region 2: Midwest","CENS-R2","2019","2019","25 years","25",1079,923322,116.9
,"Census Region 2: Midwest","CENS-R2","2019","2019","26 years","26",1125,932402,120.7
,"Census Region 2: Midwest","CENS-R2","2019","2019","27 years","27",1133,952357,119.0
,"Census Region 2: Midwest","CENS-R2","2019","2019","28 years","28",1213,948936,127.8
,"Census Region 2: Midwest","CENS-R2","2019","2019","29 years","29",1319,938208,140.6
,"Census Region 2: Midwest","CENS-R2","2019","2019","30 years","30",1291,898047,143.8
,"Census Region 2: Midwest","CENS-R2","2019","2019","31 years","31",1333,877740,151.9
,"Census Region 2: Midwest","CENS-R2","2019","2019","32 years","32",1323,866089,152.8
,"Census Region 2: Midwest","CENS-R2","2019","2019","33 years","33",1364,879484,155.1
,"Census Region 2: Midwest","CENS-R2","2019","2019","34 years","34",1460,893960,163.3
,"Census Region 2: Midwest","CENS-R2","2019","2019","35 years","35",1441,863451,166.9
,"Census Region 2: Midwest","CENS-R2","2019","2019","36 years","36",1574,878528,179.2
,"Census Region 2: Midwest","CENS-R2","2019","2019","37 years","37",1630,881771,184.9
,"Census Region 2: Midwest","CENS-R2","2019","2019","38 years","38",1699,875755,194.0
,"Census Region 2: Midwest","CENS-R2","2019","2019","39 years","39",1782,892180,199.7
,"Census Region 2: Midwest","CENS-R2","2019","2019","40 years","40",1797,836254,214.9
,"Census Region 2: Midwest","CENS-R2","2019","2019","41 years","41",1832,815001,224.8
,"Census Region 2: Midwest","CENS-R2","2019","2019","42 years","42",1796,800835,224.3
,"Census Region 2: Midwest","CENS-R2","2019","2019","43 years","43",1859,771728,240.9
,"Census Region 2: Midwest","CENS-R2","2019","2019","44 years","44",2091,794785,263.1
,"Census Region 2: Midwest","CENS-R2","2019","2019","45 years","45",2107,764808,275.5
,"Census Region 2: Midwest","CENS-R2","2019","2019","46 years","46",2381,775914,306.9
,"Census Region 2: Midwest","CENS-R2","2019","2019","47 years","47",2647,818992,323.2
,"Census Region 2: Midwest","CENS-R2","2019","2019","48 years","48",3033,873620,347.2
,"Census Region 2: Midwest","CENS-R2","2019","2019","49 years","49",3266,878340,371.8
,"Census Region 2: Midwest","CENS-R2","2019","2019","50 years","50",3361,833032,403.5
,"Census Region 2: Midwest","CENS-R2","2019","2019","51 years","51",3577,816290,438.2
,"Census Region 2: Midwest","CENS-R2","2019","2019","52 years","52",3975,826029,481.2
,"Census Region 2: Midwest","CENS-R2","2019","2019","53 years","53",4381,843092,519.6
,"Census Region 2: Midwest","CENS-R2","2019","2019","54 years","54",5157,896817,575.0
,"Census Region 2: Midwest","CENS-R2","2019","2019","55 years","55",5797,920667,629.7
,"Census Region 2: Midwest","CENS-R2","2019","2019","56 years","56",6371,926579,687.6
,"Census Region 2: Midwest","CENS-R2","2019","2019","57 years","57",7031,932969,753.6
,"Census Region 2: Midwest","CENS-R2","2019","2019","58 years","58",7621,952275,800.3
,"Census Region 2: Midwest","CENS-R2","2019","2019","59 years","59",8414,955703,880.4
,"Census Region 2: Midwest","CENS-R2","2019","2019","60 years","60",8508,929003,915.8
,"Census Region 2: Midwest","CENS-R2","2019","2019","61 years","61",9251,925940,999.1
,"Census Region 2: Midwest","CENS-R2","2019","2019","62 years","62",9904,912037,1085.9
,"Census Region 2: Midwest","CENS-R2","2019","2019","63 years","63",10195,872369,1168.7
,"Census Region 2: Midwest","CENS-R2","2019","2019","64 years","64",10421,861082,1210.2
,"Census Region 2: Midwest","CENS-R2","2019","2019","65 years","65",10798,821534,1314.4
,"Census Region 2: Midwest","CENS-R2","2019","2019","66 years","66",11286,783905,1439.7
,"Census Region 2: Midwest","CENS-R2","2019","2019","67 years","67",11531,755388,1526.5
,"Census Region 2: Midwest","CENS-R2","2019","2019","68 years","68",11936,723793,1649.1
,"Census Region 2: Midwest","CENS-R2","2019","2019","69 years","69",12081,692622,1744.2
,"Census Region 2: Midwest","CENS-R2","2019","2019","70 years","70",12863,664802,1934.9
,"Census Region 2: Midwest","CENS-R2","2019","2019","71 years","71",13831,645457,2142.8
,"Census Region 2: Midwest","CENS-R2","2019","2019","72 years","72",14967,667207,2243.2
,"Census Region 2: Midwest","CENS-R2","2019","2019","73 years","73",12371,475640,2600.9
,"Census Region 2: Midwest","CENS-R2","2019","2019","74 years","74",13046,463688,2813.5
,"Census Region 2: Midwest","CENS-R2","2019","2019","75 years","75",13935,452660,3078.5
,"Census Region 2: Midwest","CENS-R2","2019","2019","76 years","76",15555,466450,3334.8
,"Census Region 2: Midwest","CENS-R2","2019","2019","77 years","77",15009,404193,3713.3
,"Census Region 2: Midwest","CENS-R2","2019","2019","78 years","78",14713,362849,4054.9
,"Census Region 2: Midwest","CENS-R2","2019","2019","79 years","79",14937,335300,4454.8
,"Census Region 2: Midwest","CENS-R2","2019","2019","80 years","80",15630,313387,4987.4
,"Census Region 2: Midwest","CENS-R2","2019","2019","81 years","81",16204,296039,5473.6
,"Census Region 2: Midwest","CENS-R2","2019","2019","82 years","82",16316,266593,6120.2
,"Census Region 2: Midwest","CENS-R2","2019","2019","83 years","83",17010,250376,6793.8
,"Census Region 2: Midwest","CENS-R2","2019","2019","84 years","84",17370,231986,7487.5
,"Census Region 2: Midwest","CENS-R2","2019","2019","85 years","85",16866,Not Applicable,Not Applicable
,"Census Region 2: Midwest","CENS-R2","2019","2019","86 years","86",17574,Not Applicable,Not Applicable
,"Census Region 2: Midwest","CENS-R2","2019","2019","87 years","87",18158,Not Applicable,Not Applicable
,"Census Region 2: Midwest","CENS-R2","2019","2019","88 years","88",18325,Not Applicable,Not Applicable
,"Census Region 2: Midwest","CENS-R2","2019","2019","89 years","89",18272,Not Applicable,Not Applicable
,"Census Region 2: Midwest","CENS-R2","2019","2019","90 years","90",17511,Not Applicable,Not Applicable
,"Census Region 2: Midwest","CENS-R2","2019","2019","91 years","91",16670,Not Applicable,Not Applicable
,"Census Region 2: Midwest","CENS-R2","2019","2019","92 years","92",15576,Not Applicable,Not Applicable
,"Census Region 2: Midwest","CENS-R2","2019","2019","93 years","93",14188,Not Applicable,Not Applicable
,"Census Region 2: Midwest","CENS-R2","2019","2019","94 years","94",12546,Not Applicable,Not Applicable
,"Census Region 2: Midwest","CENS-R2","2019","2019","95 years","95",10607,Not Applicable,Not Applicable
,"Census Region 2: Midwest","CENS-R2","2019","2019","96 years","96",8687,Not Applicable,Not Applicable
,"Census Region 2: Midwest","CENS-R2","2019","2019","97 years","97",6994,Not Applicable,Not Applicable
,"Census Region 2: Midwest","CENS-R2","2019","2019","98 years","98",5298,Not Applicable,Not Applicable
,"Census Region 2: Midwest","CENS-R2","2019","2019","99 years","99",3737,Not Applicable,Not Applicable
,"Census Region 2: Midwest","CENS-R2","2020","2020","1 year","1",290,790612,36.7
,"Census Region 2: Midwest","CENS-R2","2020","2020","2 years","2",209,810028,25.8
,"Census Region 2: Midwest","CENS-R2","2020","2020","3 years","3",165,821654,20.1
,"Census Region 2: Midwest","CENS-R2","2020","2020","4 years","4",128,840984,15.2
,"Census Region 2: Midwest","CENS-R2","2020","2020","5 years","5",110,847495,13.0
,"Census Region 2: Midwest","CENS-R2","2020","2020","6 years","6",103,844695,12.2
,"Census Region 2: Midwest","CENS-R2","2020","2020","7 years","7",97,842093,11.5
,"Census Region 2: Midwest","CENS-R2","2020","2020","8 years","8",88,841706,10.5
,"Census Region 2: Midwest","CENS-R2","2020","2020","9 years","9",94,844631,11.1
,"Census Region 2: Midwest","CENS-R2","2020","2020","10 years","10",93,854318,10.9
,"Census Region 2: Midwest","CENS-R2","2020","2020","11 years","11",109,853749,12.8
,"Census Region 2: Midwest","CENS-R2","2020","2020","12 years","12",126,877601,14.4
,"Census Region 2: Midwest","CENS-R2","2020","2020","13 years","13",174,884673,19.7
,"Census Region 2: Midwest","CENS-R2","2020","2020","14 years","14",254,881708,28.8
,"Census Region 2: Midwest","CENS-R2","2020","2020","15 years","15",315,880074,35.8
,"Census Region 2: Midwest","CENS-R2","2020","2020","16 years","16",387,888523,43.6
,"Census Region 2: Midwest","CENS-R2","2020","2020","17 years","17",474,882967,53.7
,"Census Region 2: Midwest","CENS-R2","2020","2020","18 years","18",666,862954,77.2
,"Census Region 2: Midwest","CENS-R2","2020","2020","19 years","19",803,908532,88.4
,"Census Region 2: Midwest","CENS-R2","2020","2020","20 years","20",818,929543,88.0
,"Census Region 2: Midwest","CENS-R2","2020","2020","21 years","21",1009,915656,110.2
,"Census Region 2: Midwest","CENS-R2","2020","2020","22 years","22",976,914972,106.7
,"Census Region 2: Midwest","CENS-R2","2020","2020","23 years","23",1064,901454,118.0
,"Census Region 2: Midwest","CENS-R2","2020","2020","24 years","24",1182,893493,132.3
,"Census Region 2: Midwest","CENS-R2","2020","2020","25 years","25",1206,905646,133.2
,"Census Region 2: Midwest","CENS-R2","2020","2020","26 years","26",1310,917276,142.8
,"Census Region 2: Midwest","CENS-R2","2020","2020","27 years","27",1436,927717,154.8
,"Census Region 2: Midwest","CENS-R2","2020","2020","28 years","28",1517,950839,159.5
,"Census Region 2: Midwest","CENS-R2","2020","2020","29 years","29",1572,948497,165.7
,"Census Region 2: Midwest","CENS-R2","2020","2020","30 years","30",1670,937347,178.2
,"Census Region 2: Midwest","CENS-R2","2020","2020","31 years","31",1701,897659,189.5
,"Census Region 2: Midwest","CENS-R2","2020","2020","32 years","32",1636,876815,186.6
,"Census Region 2: Midwest","CENS-R2","2020","2020","33 years","33",1771,866451,204.4
,"Census Region 2: Midwest","CENS-R2","2020","2020","34 years","34",1750,878903,199.1
,"Census Region 2: Midwest","CENS-R2","2020","2020","35 years","35",1847,892876,206.9
,"Census Region 2: Midwest","CENS-R2","2020","2020","36 years","36",1871,862114,217.0
,"Census Region 2: Midwest","CENS-R2","2020","2020","37 years","37",1987,876780,226.6
,"Census Region 2: Midwest","CENS-R2","2020","2020","38 years","38",1985,879661,225.7
,"Census Region 2: Midwest","CENS-R2","2020","2020","39 years","39",2093,872894,239.8
,"Census Region 2: Midwest","CENS-R2","2020","2020","40 years","40",2233,889189,251.1
,"Census Region 2: Midwest","CENS-R2","2020","2020","41 years","41",2255,833451,270.6
,"Census Region 2: Midwest","CENS-R2","2020","2020","42 years","42",2191,811945,269.8
,"Census Region 2: Midwest","CENS-R2","2020","2020","43 years","43",2326,796969,291.9
,"Census Region 2: Midwest","CENS-R2","2020","2020","44 years","44",2419,767519,315.2
,"Census Region 2: Midwest","CENS-R2","2020","2020","45 years","45",2626,790502,332.2
,"Census Region 2: Midwest","CENS-R2","2020","2020","46 years","46",2719,760667,357.4
,"Census Region 2: Midwest","CENS-R2","2020","2020","47 years","47",3087,771257,400.3
,"Census Region 2: Midwest","CENS-R2","2020","2020","48 years","48",3359,814529,412.4
,"Census Region 2: Midwest","CENS-R2","2020","2020","49 years","49",3883,867884,447.4
,"Census Region 2: Midwest","CENS-R2","2020","2020","50 years","50",4194,871695,481.1
,"Census Region 2: Midwest","CENS-R2","2020","2020","51 years","51",4364,827002,527.7
,"Census Region 2: Midwest","CENS-R2","2020","2020","52 years","52",4533,809822,559.8
,"Census Region 2: Midwest","CENS-R2","2020","2020","53 years","53",5037,819270,614.8
,"Census Region 2: Midwest","CENS-R2","2020","2020","54 years","54",5628,836171,673.1
,"Census Region 2: Midwest","CENS-R2","2020","2020","55 years","55",6286,888099,707.8
,"Census Region 2: Midwest","CENS-R2","2020","2020","56 years","56",7185,911204,788.5
,"Census Region 2: Midwest","CENS-R2","2020","2020","57 years","57",7736,916654,843.9
,"Census Region 2: Midwest","CENS-R2","2020","2020","58 years","58",8398,922643,910.2
,"Census Region 2: Midwest","CENS-R2","2020","2020","59 years","59",9407,941480,999.2
,"Census Region 2: Midwest","CENS-R2","2020","2020","60 years","60",10305,943578,1092.1
,"Census Region 2: Midwest","CENS-R2","2020","2020","61 years","61",10782,916501,1176.4
,"Census Region 2: Midwest","CENS-R2","2020","2020","62 years","62",11242,912015,1232.7
,"Census Region 2: Midwest","CENS-R2","2020","2020","63 years","63",12095,897247,1348.0
,"Census Region 2: Midwest","CENS-R2","2020","2020","64 years","64",12455,857616,1452.3
,"Census Region 2: Midwest","CENS-R2","2020","2020","65 years","65",12979,845641,1534.8
,"Census Region 2: Midwest","CENS-R2","2020","2020","66 years","66",13399,805562,1663.3
,"Census Region 2: Midwest","CENS-R2","2020","2020","67 years","67",13427,768632,1746.9
,"Census Region 2: Midwest","CENS-R2","2020","2020","68 years","68",13992,740475,1889.6
,"Census Region 2: Midwest","CENS-R2","2020","2020","69 years","69",14476,708325,2043.7
,"Census Region 2: Midwest","CENS-R2","2020","2020","70 years","70",15053,677423,2222.1
,"Census Region 2: Midwest","CENS-R2","2020","2020","71 years","71",15860,649528,2441.8
,"Census Region 2: Midwest","CENS-R2","2020","2020","72 years","72",17061,629673,2709.5
,"Census Region 2: Midwest","CENS-R2","2020","2020","73 years","73",18255,649347,2811.3
,"Census Region 2: Midwest","CENS-R2","2020","2020","74 years","74",15684,461556,3398.1
,"Census Region 2: Midwest","CENS-R2","2020","2020","75 years","75",15779,449211,3512.6
,"Census Region 2: Midwest","CENS-R2","2020","2020","76 years","76",17290,437158,3955.1
,"Census Region 2: Midwest","CENS-R2","2020","2020","77 years","77",19125,448658,4262.7
,"Census Region 2: Midwest","CENS-R2","2020","2020","78 years","78",18556,387529,4788.3
,"Census Region 2: Midwest","CENS-R2","2020","2020","79 years","79",18268,346530,5271.7
,"Census Region 2: Midwest","CENS-R2","2020","2020","80 years","80",18417,318588,5780.8
,"Census Region 2: Midwest","CENS-R2","2020","2020","81 years","81",19127,296956,6441.0
,"Census Region 2: Midwest","CENS-R2","2020","2020","82 years","82",19891,278638,7138.7
,"Census Region 2: Midwest","CENS-R2","2020","2020","83 years","83",19663,249652,7876.2
,"Census Region 2: Midwest","CENS-R2","2020","2020","84 years","84",20462,231773,8828.5
,"Census Region 2: Midwest","CENS-R2","2020","2020","85 years","85",20917,Not Applicable,Not Applicable
,"Census Region 2: Midwest","CENS-R2","2020","2020","86 years","86",20321,Not Applicable,Not Applicable
,"Census Region 2: Midwest","CENS-R2","2020","2020","87 years","87",20541,Not Applicable,Not Applicable
,"Census Region 2: Midwest","CENS-R2","2020","2020","88 years","88",20871,Not Applicable,Not Applicable
,"Census Region 2: Midwest","CENS-R2","2020","2020","89 years","89",21024,Not Applicable,Not Applicable
,"Census Region 2: Midwest","CENS-R2","2020","2020","90 years","90",20362,Not Applicable,Not Applicable
,"Census Region 2: Midwest","CENS-R2","2020","2020","91 years","91",19324,Not Applicable,Not Applicable
,"Census Region 2: Midwest","CENS-R2","2020","2020","92 years","92",18226,Not Applicable,Not Applicable
,"Census Region 2: Midwest","CENS-R2","2020","2020","93 years","93",16792,Not Applicable,Not Applicable
,"Census Region 2: Midwest","CENS-R2","2020","2020","94 years","94",14249,Not Applicable,Not Applicable
,"Census Region 2: Midwest","CENS-R2","2020","2020","95 years","95",12324,Not Applicable,Not Applicable
,"Census Region 2: Midwest","CENS-R2","2020","2020","96 years","96",10110,Not Applicable,Not Applicable
,"Census Region 2: Midwest","CENS-R2","2020","2020","97 years","97",8139,Not Applicable,Not Applicable
,"Census Region 2: Midwest","CENS-R2","2020","2020","98 years","98",6279,Not Applicable,Not Applicable
,"Census Region 2: Midwest","CENS-R2","2020","2020","99 years","99",4633,Not Applicable,Not Applicable
,"Census Region 3: South","CENS-R3","1999","1999","1 year","1",822,1356962,60.6
,"Census Region 3: South","CENS-R3","1999","1999","2 years","2",558,1342992,41.5
,"Census Region 3: South","CENS-R3","1999","1999","3 years","3",419,1346021,31.1
,"Census Region 3: South","CENS-R3","1999","1999","4 years","4",331,1378199,24.0
,"Census Region 3: South","CENS-R3","1999","1999","5 years","5",323,1399286,23.1
,"Census Region 3: South","CENS-R3","1999","1999","6 years","6",296,1415511,20.9
,"Census Region 3: South","CENS-R3","1999","1999","7 years","7",280,1458424,19.2
,"Census Region 3: South","CENS-R3","1999","1999","8 years","8",263,1458746,18.0
,"Census Region 3: South","CENS-R3","1999","1999","9 years","9",256,1478219,17.3
,"Census Region 3: South","CENS-R3","1999","1999","10 years","10",277,1457454,19.0
,"Census Region 3: South","CENS-R3","1999","1999","11 years","11",288,1422841,20.2
,"Census Region 3: South","CENS-R3","1999","1999","12 years","12",291,1411259,20.6
,"Census Region 3: South","CENS-R3","1999","1999","13 years","13",370,1414432,26.2
,"Census Region 3: South","CENS-R3","1999","1999","14 years","14",506,1419438,35.6
,"Census Region 3: South","CENS-R3","1999","1999","15 years","15",580,1397080,41.5
,"Census Region 3: South","CENS-R3","1999","1999","16 years","16",981,1428224,68.7
,"Census Region 3: South","CENS-R3","1999","1999","17 years","17",1200,1430499,83.9
,"Census Region 3: South","CENS-R3","1999","1999","18 years","18",1443,1429993,100.9
,"Census Region 3: South","CENS-R3","1999","1999","19 years","19",1474,1486148,99.2
,"Census Region 3: South","CENS-R3","1999","1999","20 years","20",1466,1424855,102.9
,"Census Region 3: South","CENS-R3","1999","1999","21 years","21",1431,1364101,104.9
,"Census Region 3: South","CENS-R3","1999","1999","22 years","22",1434,1339333,107.1
,"Census Region 3: South","CENS-R3","1999","1999","23 years","23",1401,1294176,108.3
,"Census Region 3: South","CENS-R3","1999","1999","24 years","24",1247,1325222,94.1
,"Census Region 3: South","CENS-R3","1999","1999","25 years","25",1357,1330164,102.0
,"Census Region 3: South","CENS-R3","1999","1999","26 years","26",1347,1333526,101.0
,"Census Region 3: South","CENS-R3","1999","1999","27 years","27",1485,1436750,103.4
,"Census Region 3: South","CENS-R3","1999","1999","28 years","28",1636,1496704,109.3
,"Census Region 3: South","CENS-R3","1999","1999","29 years","29",1634,1485242,110.0
,"Census Region 3: South","CENS-R3","1999","1999","30 years","30",1676,1471224,113.9
,"Census Region 3: South","CENS-R3","1999","1999","31 years","31",1705,1389879,122.7
,"Census Region 3: South","CENS-R3","1999","1999","32 years","32",1807,1429425,126.4
,"Census Region 3: South","CENS-R3","1999","1999","33 years","33",2025,1440073,140.6
,"Census Region 3: South","CENS-R3","1999","1999","34 years","34",2278,1552366,146.7
,"Census Region 3: South","CENS-R3","1999","1999","35 years","35",2604,1638604,158.9
,"Census Region 3: South","CENS-R3","1999","1999","36 years","36",2668,1615296,165.2
,"Census Region 3: South","CENS-R3","1999","1999","37 years","37",3044,1618764,188.0
,"Census Region 3: South","CENS-R3","1999","1999","38 years","38",3230,1591254,203.0
,"Census Region 3: South","CENS-R3","1999","1999","39 years","39",3490,1624485,214.8
,"Census Region 3: South","CENS-R3","1999","1999","40 years","40",3669,1635136,224.4
,"Census Region 3: South","CENS-R3","1999","1999","41 years","41",3972,1563336,254.1
,"Census Region 3: South","CENS-R3","1999","1999","42 years","42",4337,1579254,274.6
,"Census Region 3: South","CENS-R3","1999","1999","43 years","43",4573,1502320,304.4
,"Census Region 3: South","CENS-R3","1999","1999","44 years","44",4756,1489820,319.2
,"Census Region 3: South","CENS-R3","1999","1999","45 years","45",4871,1489997,326.9
,"Census Region 3: South","CENS-R3","1999","1999","46 years","46",5192,1396750,371.7
,"Census Region 3: South","CENS-R3","1999","1999","47 years","47",5336,1374339,388.3
,"Census Region 3: South","CENS-R3","1999","1999","48 years","48",5576,1294073,430.9
,"Census Region 3: South","CENS-R3","1999","1999","49 years","49",5888,1322776,445.1
,"Census Region 3: South","CENS-R3","1999","1999","50 years","50",6205,1328687,467.0
,"Census Region 3: South","CENS-R3","1999","1999","51 years","51",6640,1276620,520.1
,"Census Region 3: South","CENS-R3","1999","1999","52 years","52",7516,1375928,546.2
,"Census Region 3: South","CENS-R3","1999","1999","53 years","53",6407,991069,646.5
,"Census Region 3: South","CENS-R3","1999","1999","54 years","54",7067,1042802,677.7
,"Census Region 3: South","CENS-R3","1999","1999","55 years","55",7604,1031543,737.1
,"Census Region 3: South","CENS-R3","1999","1999","56 years","56",8447,1050147,804.4
,"Census Region 3: South","CENS-R3","1999","1999","57 years","57",8236,917914,897.3
,"Census Region 3: South","CENS-R3","1999","1999","58 years","58",8666,871098,994.8
,"Census Region 3: South","CENS-R3","1999","1999","59 years","59",9087,846075,1074.0
,"Census Region 3: South","CENS-R3","1999","1999","60 years","60",9338,844674,1105.5
,"Census Region 3: South","CENS-R3","1999","1999","61 years","61",10038,793699,1264.7
,"Census Region 3: South","CENS-R3","1999","1999","62 years","62",10365,759774,1364.2
,"Census Region 3: South","CENS-R3","1999","1999","63 years","63",11168,752338,1484.4
,"Census Region 3: South","CENS-R3","1999","1999","64 years","64",12280,768136,1598.7
,"Census Region 3: South","CENS-R3","1999","1999","65 years","65",12643,710494,1779.5
,"Census Region 3: South","CENS-R3","1999","1999","66 years","66",13629,702165,1941.0
,"Census Region 3: South","CENS-R3","1999","1999","67 years","67",14312,710234,2015.1
,"Census Region 3: South","CENS-R3","1999","1999","68 years","68",15243,703090,2168.0
,"Census Region 3: South","CENS-R3","1999","1999","69 years","69",16806,688395,2441.3
,"Census Region 3: South","CENS-R3","1999","1999","70 years","70",17447,679539,2567.5
,"Census Region 3: South","CENS-R3","1999","1999","71 years","71",18735,662996,2825.8
,"Census Region 3: South","CENS-R3","1999","1999","72 years","72",20048,628906,3187.8
,"Census Region 3: South","CENS-R3","1999","1999","73 years","73",21046,612436,3436.4
,"Census Region 3: South","CENS-R3","1999","1999","74 years","74",22128,606702,3647.3
,"Census Region 3: South","CENS-R3","1999","1999","75 years","75",23020,579956,3969.3
,"Census Region 3: South","CENS-R3","1999","1999","76 years","76",23594,543300,4342.7
,"Census Region 3: South","CENS-R3","1999","1999","77 years","77",25076,526085,4766.5
,"Census Region 3: South","CENS-R3","1999","1999","78 years","78",25711,492536,5220.1
,"Census Region 3: South","CENS-R3","1999","1999","79 years","79",26171,437811,5977.7
,"Census Region 3: South","CENS-R3","1999","1999","80 years","80",25101,415925,6035.0
,"Census Region 3: South","CENS-R3","1999","1999","81 years","81",25000,359865,6947.0
,"Census Region 3: South","CENS-R3","1999","1999","82 years","82",25289,328100,7707.7
,"Census Region 3: South","CENS-R3","1999","1999","83 years","83",24896,296186,8405.5
,"Census Region 3: South","CENS-R3","1999","1999","84 years","84",25419,269129,9444.9
,"Census Region 3: South","CENS-R3","1999","1999","85 years","85",25118,Not Applicable,Not Applicable
,"Census Region 3: South","CENS-R3","1999","1999","86 years","86",24208,Not Applicable,Not Applicable
,"Census Region 3: South","CENS-R3","1999","1999","87 years","87",22955,Not Applicable,Not Applicable
,"Census Region 3: South","CENS-R3","1999","1999","88 years","88",22072,Not Applicable,Not Applicable
,"Census Region 3: South","CENS-R3","1999","1999","89 years","89",20445,Not Applicable,Not Applicable
,"Census Region 3: South","CENS-R3","1999","1999","90 years","90",18312,Not Applicable,Not Applicable
,"Census Region 3: South","CENS-R3","1999","1999","91 years","91",16778,Not Applicable,Not Applicable
,"Census Region 3: South","CENS-R3","1999","1999","92 years","92",14632,Not Applicable,Not Applicable
,"Census Region 3: South","CENS-R3","1999","1999","93 years","93",12239,Not Applicable,Not Applicable
,"Census Region 3: South","CENS-R3","1999","1999","94 years","94",10498,Not Applicable,Not Applicable
,"Census Region 3: South","CENS-R3","1999","1999","95 years","95",8491,Not Applicable,Not Applicable
,"Census Region 3: South","CENS-R3","1999","1999","96 years","96",6710,Not Applicable,Not Applicable
,"Census Region 3: South","CENS-R3","1999","1999","97 years","97",5061,Not Applicable,Not Applicable
,"Census Region 3: South","CENS-R3","1999","1999","98 years","98",4031,Not Applicable,Not Applicable
,"Census Region 3: South","CENS-R3","1999","1999","99 years","99",2833,Not Applicable,Not Applicable
,"Census Region 3: South","CENS-R3","2000","2000","1 year","1",834,1373046,60.7
,"Census Region 3: South","CENS-R3","2000","2000","2 years","2",530,1355360,39.1
,"Census Region 3: South","CENS-R3","2000","2000","3 years","3",389,1359322,28.6
,"Census Region 3: South","CENS-R3","2000","2000","4 years","4",327,1380809,23.7
,"Census Region 3: South","CENS-R3","2000","2000","5 years","5",299,1390918,21.5
,"Census Region 3: South","CENS-R3","2000","2000","6 years","6",231,1412289,16.4
,"Census Region 3: South","CENS-R3","2000","2000","7 years","7",242,1448297,16.7
,"Census Region 3: South","CENS-R3","2000","2000","8 years","8",253,1465897,17.3
,"Census Region 3: South","CENS-R3","2000","2000","9 years","9",229,1496496,15.3
,"Census Region 3: South","CENS-R3","2000","2000","10 years","10",236,1502242,15.7
,"Census Region 3: South","CENS-R3","2000","2000","11 years","11",305,1449245,21.0
,"Census Region 3: South","CENS-R3","2000","2000","12 years","12",306,1433817,21.3
,"Census Region 3: South","CENS-R3","2000","2000","13 years","13",351,1416863,24.8
,"Census Region 3: South","CENS-R3","2000","2000","14 years","14",485,1431724,33.9
,"Census Region 3: South","CENS-R3","2000","2000","15 years","15",670,1423136,47.1
,"Census Region 3: South","CENS-R3","2000","2000","16 years","16",942,1410942,66.8
,"Census Region 3: South","CENS-R3","2000","2000","17 years","17",1128,1437534,78.5
,"Census Region 3: South","CENS-R3","2000","2000","18 years","18",1381,1449121,95.3
,"Census Region 3: South","CENS-R3","2000","2000","19 years","19",1555,1496451,103.9
,"Census Region 3: South","CENS-R3","2000","2000","20 years","20",1622,1472079,110.2
,"Census Region 3: South","CENS-R3","2000","2000","21 years","21",1635,1389636,117.7
,"Census Region 3: South","CENS-R3","2000","2000","22 years","22",1469,1364201,107.7
,"Census Region 3: South","CENS-R3","2000","2000","23 years","23",1465,1334228,109.8
,"Census Region 3: South","CENS-R3","2000","2000","24 years","24",1427,1320811,108.0
,"Census Region 3: South","CENS-R3","2000","2000","25 years","25",1449,1357841,106.7
,"Census Region 3: South","CENS-R3","2000","2000","26 years","26",1431,1320061,108.4
,"Census Region 3: South","CENS-R3","2000","2000","27 years","27",1513,1384857,109.3
,"Census Region 3: South","CENS-R3","2000","2000","28 years","28",1557,1453112,107.1
,"Census Region 3: South","CENS-R3","2000","2000","29 years","29",1735,1529369,113.4
,"Census Region 3: South","CENS-R3","2000","2000","30 years","30",1722,1522239,113.1
,"Census Region 3: South","CENS-R3","2000","2000","31 years","31",1731,1424517,121.5
,"Census Region 3: South","CENS-R3","2000","2000","32 years","32",1844,1415119,130.3
,"Census Region 3: South","CENS-R3","2000","2000","33 years","33",1949,1425108,136.8
,"Census Region 3: South","CENS-R3","2000","2000","34 years","34",2267,1487120,152.4
,"Census Region 3: South","CENS-R3","2000","2000","35 years","35",2384,1608183,148.2
,"Census Region 3: South","CENS-R3","2000","2000","36 years","36",2738,1611641,169.9
,"Census Region 3: South","CENS-R3","2000","2000","37 years","37",2995,1608532,186.2
,"Census Region 3: South","CENS-R3","2000","2000","38 years","38",3229,1611568,200.4
,"Census Region 3: South","CENS-R3","2000","2000","39 years","39",3588,1625215,220.8
,"Census Region 3: South","CENS-R3","2000","2000","40 years","40",3842,1655639,232.1
,"Census Region 3: South","CENS-R3","2000","2000","41 years","41",4142,1570025,263.8
,"Census Region 3: South","CENS-R3","2000","2000","42 years","42",4310,1595125,270.2
,"Census Region 3: South","CENS-R3","2000","2000","43 years","43",4742,1550319,305.9
,"Census Region 3: South","CENS-R3","2000","2000","44 years","44",4882,1511054,323.1
,"Census Region 3: South","CENS-R3","2000","2000","45 years","45",5216,1522416,342.6
,"Census Region 3: South","CENS-R3","2000","2000","46 years","46",5508,1435886,383.6
,"Census Region 3: South","CENS-R3","2000","2000","47 years","47",5728,1408345,406.7
,"Census Region 3: South","CENS-R3","2000","2000","48 years","48",5884,1359903,432.7
,"Census Region 3: South","CENS-R3","2000","2000","49 years","49",6303,1319696,477.6
,"Census Region 3: South","CENS-R3","2000","2000","50 years","50",6494,1339551,484.8
,"Census Region 3: South","CENS-R3","2000","2000","51 years","51",6836,1285128,531.9
,"Census Region 3: South","CENS-R3","2000","2000","52 years","52",7377,1319128,559.2
,"Census Region 3: South","CENS-R3","2000","2000","53 years","53",8199,1294192,633.5
,"Census Region 3: South","CENS-R3","2000","2000","54 years","54",7010,1011486,693.0
,"Census Region 3: South","CENS-R3","2000","2000","55 years","55",7701,1031741,746.4
,"Census Region 3: South","CENS-R3","2000","2000","56 years","56",8396,1026055,818.3
,"Census Region 3: South","CENS-R3","2000","2000","57 years","57",9017,1024992,879.7
,"Census Region 3: South","CENS-R3","2000","2000","58 years","58",9057,918973,985.6
,"Census Region 3: South","CENS-R3","2000","2000","59 years","59",9320,869455,1071.9
,"Census Region 3: South","CENS-R3","2000","2000","60 years","60",9729,849732,1144.9
,"Census Region 3: South","CENS-R3","2000","2000","61 years","61",9922,811891,1222.1
,"Census Region 3: South","CENS-R3","2000","2000","62 years","62",10666,797724,1337.1
,"Census Region 3: South","CENS-R3","2000","2000","63 years","63",11289,753896,1497.4
,"Census Region 3: South","CENS-R3","2000","2000","64 years","64",12237,758289,1613.8
,"Census Region 3: South","CENS-R3","2000","2000","65 years","65",12861,755919,1701.4
,"Census Region 3: South","CENS-R3","2000","2000","66 years","66",13273,691655,1919.0
,"Census Region 3: South","CENS-R3","2000","2000","67 years","67",14297,704940,2028.1
,"Census Region 3: South","CENS-R3","2000","2000","68 years","68",15275,685301,2228.9
,"Census Region 3: South","CENS-R3","2000","2000","69 years","69",16038,684640,2342.5
,"Census Region 3: South","CENS-R3","2000","2000","70 years","70",17462,680710,2565.3
,"Census Region 3: South","CENS-R3","2000","2000","71 years","71",18305,649138,2819.9
,"Census Region 3: South","CENS-R3","2000","2000","72 years","72",20057,644581,3111.6
,"Census Region 3: South","CENS-R3","2000","2000","73 years","73",20948,618122,3389.0
,"Census Region 3: South","CENS-R3","2000","2000","74 years","74",21691,596847,3634.3
,"Census Region 3: South","CENS-R3","2000","2000","75 years","75",23346,584738,3992.6
,"Census Region 3: South","CENS-R3","2000","2000","76 years","76",23836,549293,4339.4
,"Census Region 3: South","CENS-R3","2000","2000","77 years","77",24545,512552,4788.8
,"Census Region 3: South","CENS-R3","2000","2000","78 years","78",25723,501096,5133.3
,"Census Region 3: South","CENS-R3","2000","2000","79 years","79",26373,456883,5772.4
,"Census Region 3: South","CENS-R3","2000","2000","80 years","80",26670,422233,6316.4
,"Census Region 3: South","CENS-R3","2000","2000","81 years","81",25540,368356,6933.5
,"Census Region 3: South","CENS-R3","2000","2000","82 years","82",25693,331237,7756.7
,"Census Region 3: South","CENS-R3","2000","2000","83 years","83",25331,299310,8463.1
,"Census Region 3: South","CENS-R3","2000","2000","84 years","84",25203,270170,9328.6
,"Census Region 3: South","CENS-R3","2000","2000","85 years","85",25277,Not Applicable,Not Applicable
,"Census Region 3: South","CENS-R3","2000","2000","86 years","86",24838,Not Applicable,Not Applicable
,"Census Region 3: South","CENS-R3","2000","2000","87 years","87",23887,Not Applicable,Not Applicable
,"Census Region 3: South","CENS-R3","2000","2000","88 years","88",22265,Not Applicable,Not Applicable
,"Census Region 3: South","CENS-R3","2000","2000","89 years","89",20940,Not Applicable,Not Applicable
,"Census Region 3: South","CENS-R3","2000","2000","90 years","90",19243,Not Applicable,Not Applicable
,"Census Region 3: South","CENS-R3","2000","2000","91 years","91",17073,Not Applicable,Not Applicable
,"Census Region 3: South","CENS-R3","2000","2000","92 years","92",15114,Not Applicable,Not Applicable
,"Census Region 3: South","CENS-R3","2000","2000","93 years","93",12761,Not Applicable,Not Applicable
,"Census Region 3: South","CENS-R3","2000","2000","94 years","94",10766,Not Applicable,Not Applicable
,"Census Region 3: South","CENS-R3","2000","2000","95 years","95",8723,Not Applicable,Not Applicable
,"Census Region 3: South","CENS-R3","2000","2000","96 years","96",6897,Not Applicable,Not Applicable
,"Census Region 3: South","CENS-R3","2000","2000","97 years","97",5411,Not Applicable,Not Applicable
,"Census Region 3: South","CENS-R3","2000","2000","98 years","98",3865,Not Applicable,Not Applicable
,"Census Region 3: South","CENS-R3","2000","2000","99 years","99",2863,Not Applicable,Not Applicable
,"Census Region 3: South","CENS-R3","2001","2001","1 year","1",849,1398749,60.7
,"Census Region 3: South","CENS-R3","2001","2001","2 years","2",557,1367977,40.7
,"Census Region 3: South","CENS-R3","2001","2001","3 years","3",433,1363668,31.8
,"Census Region 3: South","CENS-R3","2001","2001","4 years","4",325,1362243,23.9
,"Census Region 3: South","CENS-R3","2001","2001","5 years","5",264,1378299,19.2
,"Census Region 3: South","CENS-R3","2001","2001","6 years","6",235,1396783,16.8
,"Census Region 3: South","CENS-R3","2001","2001","7 years","7",234,1413028,16.6
,"Census Region 3: South","CENS-R3","2001","2001","8 years","8",224,1445329,15.5
,"Census Region 3: South","CENS-R3","2001","2001","9 years","9",267,1470446,18.2
,"Census Region 3: South","CENS-R3","2001","2001","10 years","10",241,1505886,16.0
,"Census Region 3: South","CENS-R3","2001","2001","11 years","11",306,1532385,20.0
,"Census Region 3: South","CENS-R3","2001","2001","12 years","12",322,1479506,21.8
,"Census Region 3: South","CENS-R3","2001","2001","13 years","13",341,1451430,23.5
,"Census Region 3: South","CENS-R3","2001","2001","14 years","14",419,1438335,29.1
,"Census Region 3: South","CENS-R3","2001","2001","15 years","15",626,1445722,43.3
,"Census Region 3: South","CENS-R3","2001","2001","16 years","16",919,1458186,63.0
,"Census Region 3: South","CENS-R3","2001","2001","17 years","17",1101,1434722,76.7
,"Census Region 3: South","CENS-R3","2001","2001","18 years","18",1369,1466806,93.3
,"Census Region 3: South","CENS-R3","2001","2001","19 years","19",1528,1489512,102.6
,"Census Region 3: South","CENS-R3","2001","2001","20 years","20",1571,1520030,103.4
,"Census Region 3: South","CENS-R3","2001","2001","21 years","21",1698,1510287,112.4
,"Census Region 3: South","CENS-R3","2001","2001","22 years","22",1525,1427378,106.8
,"Census Region 3: South","CENS-R3","2001","2001","23 years","23",1457,1382992,105.4
,"Census Region 3: South","CENS-R3","2001","2001","24 years","24",1483,1362034,108.9
,"Census Region 3: South","CENS-R3","2001","2001","25 years","25",1460,1323510,110.3
,"Census Region 3: South","CENS-R3","2001","2001","26 years","26",1506,1364974,110.3
,"Census Region 3: South","CENS-R3","2001","2001","27 years","27",1459,1335914,109.2
,"Census Region 3: South","CENS-R3","2001","2001","28 years","28",1599,1375915,116.2
,"Census Region 3: South","CENS-R3","2001","2001","29 years","29",1675,1441907,116.2
,"Census Region 3: South","CENS-R3","2001","2001","30 years","30",1814,1520689,119.3
,"Census Region 3: South","CENS-R3","2001","2001","31 years","31",1804,1530923,117.8
,"Census Region 3: South","CENS-R3","2001","2001","32 years","32",1830,1453214,125.9
,"Census Region 3: South","CENS-R3","2001","2001","33 years","33",1986,1426321,139.2
,"Census Region 3: South","CENS-R3","2001","2001","34 years","34",2120,1432164,148.0
,"Census Region 3: South","CENS-R3","2001","2001","35 years","35",2488,1482567,167.8
,"Census Region 3: South","CENS-R3","2001","2001","36 years","36",2717,1592654,170.6
,"Census Region 3: South","CENS-R3","2001","2001","37 years","37",3092,1627089,190.0
,"Census Region 3: South","CENS-R3","2001","2001","38 years","38",3317,1616960,205.1
,"Census Region 3: South","CENS-R3","2001","2001","39 years","39",3499,1616720,216.4
,"Census Region 3: South","CENS-R3","2001","2001","40 years","40",3913,1629104,240.2
,"Census Region 3: South","CENS-R3","2001","2001","41 years","41",4180,1657295,252.2
,"Census Region 3: South","CENS-R3","2001","2001","42 years","42",4403,1593066,276.4
,"Census Region 3: South","CENS-R3","2001","2001","43 years","43",4845,1591537,304.4
,"Census Region 3: South","CENS-R3","2001","2001","44 years","44",5121,1577256,324.7
,"Census Region 3: South","CENS-R3","2001","2001","45 years","45",5390,1514461,355.9
,"Census Region 3: South","CENS-R3","2001","2001","46 years","46",5570,1524861,365.3
,"Census Region 3: South","CENS-R3","2001","2001","47 years","47",5917,1464623,404.0
,"Census Region 3: South","CENS-R3","2001","2001","48 years","48",6136,1414552,433.8
,"Census Region 3: South","CENS-R3","2001","2001","49 years","49",6500,1367985,475.2
,"Census Region 3: South","CENS-R3","2001","2001","50 years","50",6623,1338279,494.9
,"Census Region 3: South","CENS-R3","2001","2001","51 years","51",7095,1341644,528.8
,"Census Region 3: South","CENS-R3","2001","2001","52 years","52",7535,1304269,577.7
,"Census Region 3: South","CENS-R3","2001","2001","53 years","53",7953,1300156,611.7
,"Census Region 3: South","CENS-R3","2001","2001","54 years","54",8703,1362413,638.8
,"Census Region 3: South","CENS-R3","2001","2001","55 years","55",7757,1028174,754.4
,"Census Region 3: South","CENS-R3","2001","2001","56 years","56",8269,1036142,798.1
,"Census Region 3: South","CENS-R3","2001","2001","57 years","57",9018,1020687,883.5
,"Census Region 3: South","CENS-R3","2001","2001","58 years","58",9863,1043176,945.5
,"Census Region 3: South","CENS-R3","2001","2001","59 years","59",9572,932870,1026.1
,"Census Region 3: South","CENS-R3","2001","2001","60 years","60",9885,874852,1129.9
,"Census Region 3: South","CENS-R3","2001","2001","61 years","61",10223,856462,1193.6
,"Census Region 3: South","CENS-R3","2001","2001","62 years","62",10829,814848,1329.0
,"Census Region 3: South","CENS-R3","2001","2001","63 years","63",11595,803729,1442.7
,"Census Region 3: South","CENS-R3","2001","2001","64 years","64",11663,756870,1541.0
,"Census Region 3: South","CENS-R3","2001","2001","65 years","65",12734,751289,1695.0
,"Census Region 3: South","CENS-R3","2001","2001","66 years","66",13643,752911,1812.0
,"Census Region 3: South","CENS-R3","2001","2001","67 years","67",13978,691020,2022.8
,"Census Region 3: South","CENS-R3","2001","2001","68 years","68",14805,690677,2143.5
,"Census Region 3: South","CENS-R3","2001","2001","69 years","69",15974,676054,2362.8
,"Census Region 3: South","CENS-R3","2001","2001","70 years","70",16727,663042,2522.8
,"Census Region 3: South","CENS-R3","2001","2001","71 years","71",18336,670935,2732.9
,"Census Region 3: South","CENS-R3","2001","2001","72 years","72",19084,633919,3010.5
,"Census Region 3: South","CENS-R3","2001","2001","73 years","73",20704,623742,3319.3
,"Census Region 3: South","CENS-R3","2001","2001","74 years","74",21494,603329,3562.6
,"Census Region 3: South","CENS-R3","2001","2001","75 years","75",22448,572641,3920.1
,"Census Region 3: South","CENS-R3","2001","2001","76 years","76",24019,562243,4272.0
,"Census Region 3: South","CENS-R3","2001","2001","77 years","77",24888,529367,4701.5
,"Census Region 3: South","CENS-R3","2001","2001","78 years","78",25054,492038,5091.9
,"Census Region 3: South","CENS-R3","2001","2001","79 years","79",26480,469713,5637.5
,"Census Region 3: South","CENS-R3","2001","2001","80 years","80",26794,434540,6166.1
,"Census Region 3: South","CENS-R3","2001","2001","81 years","81",27022,401207,6735.2
,"Census Region 3: South","CENS-R3","2001","2001","82 years","82",25972,339556,7648.8
,"Census Region 3: South","CENS-R3","2001","2001","83 years","83",25518,310987,8205.5
,"Census Region 3: South","CENS-R3","2001","2001","84 years","84",25403,272358,9327.1
,"Census Region 3: South","CENS-R3","2001","2001","85 years","85",24960,Not Applicable,Not Applicable
,"Census Region 3: South","CENS-R3","2001","2001","86 years","86",24752,Not Applicable,Not Applicable
,"Census Region 3: South","CENS-R3","2001","2001","87 years","87",24097,Not Applicable,Not Applicable
,"Census Region 3: South","CENS-R3","2001","2001","88 years","88",22668,Not Applicable,Not Applicable
,"Census Region 3: South","CENS-R3","2001","2001","89 years","89",20890,Not Applicable,Not Applicable
,"Census Region 3: South","CENS-R3","2001","2001","90 years","90",18885,Not Applicable,Not Applicable
,"Census Region 3: South","CENS-R3","2001","2001","91 years","91",17446,Not Applicable,Not Applicable
,"Census Region 3: South","CENS-R3","2001","2001","92 years","92",14966,Not Applicable,Not Applicable
,"Census Region 3: South","CENS-R3","2001","2001","93 years","93",13238,Not Applicable,Not Applicable
,"Census Region 3: South","CENS-R3","2001","2001","94 years","94",11069,Not Applicable,Not Applicable
,"Census Region 3: South","CENS-R3","2001","2001","95 years","95",8959,Not Applicable,Not Applicable
,"Census Region 3: South","CENS-R3","2001","2001","96 years","96",7184,Not Applicable,Not Applicable
,"Census Region 3: South","CENS-R3","2001","2001","97 years","97",5332,Not Applicable,Not Applicable
,"Census Region 3: South","CENS-R3","2001","2001","98 years","98",4073,Not Applicable,Not Applicable
,"Census Region 3: South","CENS-R3","2001","2001","99 years","99",2844,Not Applicable,Not Applicable
,"Census Region 3: South","CENS-R3","2002","2002","1 year","1",780,1474487,52.9
,"Census Region 3: South","CENS-R3","2002","2002","2 years","2",535,1402751,38.1
,"Census Region 3: South","CENS-R3","2002","2002","3 years","3",365,1374401,26.6
,"Census Region 3: South","CENS-R3","2002","2002","4 years","4",335,1371882,24.4
,"Census Region 3: South","CENS-R3","2002","2002","5 years","5",254,1369272,18.6
,"Census Region 3: South","CENS-R3","2002","2002","6 years","6",210,1383845,15.2
,"Census Region 3: South","CENS-R3","2002","2002","7 years","7",228,1404792,16.2
,"Census Region 3: South","CENS-R3","2002","2002","8 years","8",253,1420435,17.8
,"Census Region 3: South","CENS-R3","2002","2002","9 years","9",263,1457920,18.0
,"Census Region 3: South","CENS-R3","2002","2002","10 years","10",261,1500818,17.4
,"Census Region 3: South","CENS-R3","2002","2002","11 years","11",246,1518001,16.2
,"Census Region 3: South","CENS-R3","2002","2002","12 years","12",330,1550054,21.3
,"Census Region 3: South","CENS-R3","2002","2002","13 years","13",406,1493087,27.2
,"Census Region 3: South","CENS-R3","2002","2002","14 years","14",442,1462484,30.2
,"Census Region 3: South","CENS-R3","2002","2002","15 years","15",559,1455028,38.4
,"Census Region 3: South","CENS-R3","2002","2002","16 years","16",980,1464146,66.9
,"Census Region 3: South","CENS-R3","2002","2002","17 years","17",1143,1477514,77.4
,"Census Region 3: South","CENS-R3","2002","2002","18 years","18",1425,1465477,97.2
,"Census Region 3: South","CENS-R3","2002","2002","19 years","19",1637,1499125,109.2
,"Census Region 3: South","CENS-R3","2002","2002","20 years","20",1588,1509225,105.2
,"Census Region 3: South","CENS-R3","2002","2002","21 years","21",1688,1534452,110.0
,"Census Region 3: South","CENS-R3","2002","2002","22 years","22",1633,1519729,107.5
,"Census Region 3: South","CENS-R3","2002","2002","23 years","23",1636,1436740,113.9
,"Census Region 3: South","CENS-R3","2002","2002","24 years","24",1536,1388737,110.6
,"Census Region 3: South","CENS-R3","2002","2002","25 years","25",1501,1369213,109.6
,"Census Region 3: South","CENS-R3","2002","2002","26 years","26",1537,1327492,115.8
,"Census Region 3: South","CENS-R3","2002","2002","27 years","27",1532,1374226,111.5
,"Census Region 3: South","CENS-R3","2002","2002","28 years","28",1458,1340968,108.7
,"Census Region 3: South","CENS-R3","2002","2002","29 years","29",1666,1375717,121.1
,"Census Region 3: South","CENS-R3","2002","2002","30 years","30",1789,1457324,122.8
,"Census Region 3: South","CENS-R3","2002","2002","31 years","31",2007,1525328,131.6
,"Census Region 3: South","CENS-R3","2002","2002","32 years","32",1926,1545355,124.6
,"Census Region 3: South","CENS-R3","2002","2002","33 years","33",2060,1463531,140.8
,"Census Region 3: South","CENS-R3","2002","2002","34 years","34",2184,1434257,152.3
,"Census Region 3: South","CENS-R3","2002","2002","35 years","35",2415,1442638,167.4
,"Census Region 3: South","CENS-R3","2002","2002","36 years","36",2568,1490864,172.2
,"Census Region 3: South","CENS-R3","2002","2002","37 years","37",3002,1599002,187.7
,"Census Region 3: South","CENS-R3","2002","2002","38 years","38",3291,1633168,201.5
,"Census Region 3: South","CENS-R3","2002","2002","39 years","39",3596,1624488,221.4
,"Census Region 3: South","CENS-R3","2002","2002","40 years","40",3898,1620636,240.5
,"Census Region 3: South","CENS-R3","2002","2002","41 years","41",4279,1636354,261.5
,"Census Region 3: South","CENS-R3","2002","2002","42 years","42",4540,1661259,273.3
,"Census Region 3: South","CENS-R3","2002","2002","43 years","43",4934,1597889,308.8
,"Census Region 3: South","CENS-R3","2002","2002","44 years","44",5276,1591028,331.6
,"Census Region 3: South","CENS-R3","2002","2002","45 years","45",5567,1579141,352.5
,"Census Region 3: South","CENS-R3","2002","2002","46 years","46",5899,1519757,388.2
,"Census Region 3: South","CENS-R3","2002","2002","47 years","47",6078,1529482,397.4
,"Census Region 3: South","CENS-R3","2002","2002","48 years","48",6540,1466423,446.0
,"Census Region 3: South","CENS-R3","2002","2002","49 years","49",6739,1418112,475.2
,"Census Region 3: South","CENS-R3","2002","2002","50 years","50",6993,1368445,511.0
,"Census Region 3: South","CENS-R3","2002","2002","51 years","51",7336,1343970,545.8
,"Census Region 3: South","CENS-R3","2002","2002","52 years","52",7679,1341822,572.3
,"Census Region 3: South","CENS-R3","2002","2002","53 years","53",8101,1309111,618.8
,"Census Region 3: South","CENS-R3","2002","2002","54 years","54",8742,1304784,670.0
,"Census Region 3: South","CENS-R3","2002","2002","55 years","55",9606,1360202,706.2
,"Census Region 3: South","CENS-R3","2002","2002","56 years","56",8384,1032148,812.3
,"Census Region 3: South","CENS-R3","2002","2002","57 years","57",8664,1036656,835.8
,"Census Region 3: South","CENS-R3","2002","2002","58 years","58",9693,1021815,948.6
,"Census Region 3: South","CENS-R3","2002","2002","59 years","59",10522,1041540,1010.2
,"Census Region 3: South","CENS-R3","2002","2002","60 years","60",10462,927867,1127.5
,"Census Region 3: South","CENS-R3","2002","2002","61 years","61",10502,876795,1197.8
,"Census Region 3: South","CENS-R3","2002","2002","62 years","62",11139,855661,1301.8
,"Census Region 3: South","CENS-R3","2002","2002","63 years","63",11502,815255,1410.8
,"Census Region 3: South","CENS-R3","2002","2002","64 years","64",12190,797851,1527.9
,"Census Region 3: South","CENS-R3","2002","2002","65 years","65",12520,752540,1663.7
,"Census Region 3: South","CENS-R3","2002","2002","66 years","66",13301,745313,1784.6
,"Census Region 3: South","CENS-R3","2002","2002","67 years","67",14414,745827,1932.6
,"Census Region 3: South","CENS-R3","2002","2002","68 years","68",14469,681878,2121.9
,"Census Region 3: South","CENS-R3","2002","2002","69 years","69",15604,679495,2296.4
,"Census Region 3: South","CENS-R3","2002","2002","70 years","70",17021,662589,2568.9
,"Census Region 3: South","CENS-R3","2002","2002","71 years","71",17528,651160,2691.8
,"Census Region 3: South","CENS-R3","2002","2002","72 years","72",18938,654439,2893.8
,"Census Region 3: South","CENS-R3","2002","2002","73 years","73",20033,616999,3246.8
,"Census Region 3: South","CENS-R3","2002","2002","74 years","74",21147,604359,3499.1
,"Census Region 3: South","CENS-R3","2002","2002","75 years","75",22294,581153,3836.2
,"Census Region 3: South","CENS-R3","2002","2002","76 years","76",23582,550861,4280.9
,"Census Region 3: South","CENS-R3","2002","2002","77 years","77",24667,537615,4588.2
,"Census Region 3: South","CENS-R3","2002","2002","78 years","78",25523,504538,5058.7
,"Census Region 3: South","CENS-R3","2002","2002","79 years","79",26076,465518,5601.5
,"Census Region 3: South","CENS-R3","2002","2002","80 years","80",27483,441521,6224.6
,"Census Region 3: South","CENS-R3","2002","2002","81 years","81",27536,406734,6770.0
,"Census Region 3: South","CENS-R3","2002","2002","82 years","82",27567,371210,7426.3
,"Census Region 3: South","CENS-R3","2002","2002","83 years","83",26540,313093,8476.7
,"Census Region 3: South","CENS-R3","2002","2002","84 years","84",25948,282987,9169.3
,"Census Region 3: South","CENS-R3","2002","2002","85 years","85",25351,Not Applicable,Not Applicable
,"Census Region 3: South","CENS-R3","2002","2002","86 years","86",24479,Not Applicable,Not Applicable
,"Census Region 3: South","CENS-R3","2002","2002","87 years","87",24078,Not Applicable,Not Applicable
,"Census Region 3: South","CENS-R3","2002","2002","88 years","88",22969,Not Applicable,Not Applicable
,"Census Region 3: South","CENS-R3","2002","2002","89 years","89",21717,Not Applicable,Not Applicable
,"Census Region 3: South","CENS-R3","2002","2002","90 years","90",19457,Not Applicable,Not Applicable
,"Census Region 3: South","CENS-R3","2002","2002","91 years","91",17453,Not Applicable,Not Applicable
,"Census Region 3: South","CENS-R3","2002","2002","92 years","92",15665,Not Applicable,Not Applicable
,"Census Region 3: South","CENS-R3","2002","2002","93 years","93",13480,Not Applicable,Not Applicable
,"Census Region 3: South","CENS-R3","2002","2002","94 years","94",11272,Not Applicable,Not Applicable
,"Census Region 3: South","CENS-R3","2002","2002","95 years","95",9161,Not Applicable,Not Applicable
,"Census Region 3: South","CENS-R3","2002","2002","96 years","96",7101,Not Applicable,Not Applicable
,"Census Region 3: South","CENS-R3","2002","2002","97 years","97",5670,Not Applicable,Not Applicable
,"Census Region 3: South","CENS-R3","2002","2002","98 years","98",4186,Not Applicable,Not Applicable
,"Census Region 3: South","CENS-R3","2002","2002","99 years","99",3101,Not Applicable,Not Applicable
,"Census Region 3: South","CENS-R3","2003","2003","1 year","1",796,1455311,54.7
,"Census Region 3: South","CENS-R3","2003","2003","2 years","2",564,1478026,38.2
,"Census Region 3: South","CENS-R3","2003","2003","3 years","3",426,1409453,30.2
,"Census Region 3: South","CENS-R3","2003","2003","4 years","4",304,1384518,22.0
,"Census Region 3: South","CENS-R3","2003","2003","5 years","5",270,1378729,19.6
,"Census Region 3: South","CENS-R3","2003","2003","6 years","6",248,1374346,18.0
,"Census Region 3: South","CENS-R3","2003","2003","7 years","7",225,1393115,16.2
,"Census Region 3: South","CENS-R3","2003","2003","8 years","8",223,1412178,15.8
,"Census Region 3: South","CENS-R3","2003","2003","9 years","9",214,1435632,14.9
,"Census Region 3: South","CENS-R3","2003","2003","10 years","10",259,1497393,17.3
,"Census Region 3: South","CENS-R3","2003","2003","11 years","11",250,1510399,16.6
,"Census Region 3: South","CENS-R3","2003","2003","12 years","12",301,1536650,19.6
,"Census Region 3: South","CENS-R3","2003","2003","13 years","13",362,1563053,23.2
,"Census Region 3: South","CENS-R3","2003","2003","14 years","14",429,1502488,28.6
,"Census Region 3: South","CENS-R3","2003","2003","15 years","15",570,1479995,38.5
,"Census Region 3: South","CENS-R3","2003","2003","16 years","16",891,1472962,60.5
,"Census Region 3: South","CENS-R3","2003","2003","17 years","17",1106,1481013,74.7
,"Census Region 3: South","CENS-R3","2003","2003","18 years","18",1426,1507197,94.6
,"Census Region 3: South","CENS-R3","2003","2003","19 years","19",1606,1490985,107.7
,"Census Region 3: South","CENS-R3","2003","2003","20 years","20",1651,1506895,109.6
,"Census Region 3: South","CENS-R3","2003","2003","21 years","21",1665,1513435,110.0
,"Census Region 3: South","CENS-R3","2003","2003","22 years","22",1727,1535477,112.5
,"Census Region 3: South","CENS-R3","2003","2003","23 years","23",1690,1522666,111.0
,"Census Region 3: South","CENS-R3","2003","2003","24 years","24",1633,1435924,113.7
,"Census Region 3: South","CENS-R3","2003","2003","25 years","25",1465,1392383,105.2
,"Census Region 3: South","CENS-R3","2003","2003","26 years","26",1558,1364537,114.2
,"Census Region 3: South","CENS-R3","2003","2003","27 years","27",1570,1335700,117.5
,"Census Region 3: South","CENS-R3","2003","2003","28 years","28",1627,1375150,118.3
,"Census Region 3: South","CENS-R3","2003","2003","29 years","29",1731,1337064,129.5
,"Census Region 3: South","CENS-R3","2003","2003","30 years","30",1664,1394191,119.4
,"Census Region 3: South","CENS-R3","2003","2003","31 years","31",1855,1457843,127.2
,"Census Region 3: South","CENS-R3","2003","2003","32 years","32",2053,1543461,133.0
,"Census Region 3: South","CENS-R3","2003","2003","33 years","33",2181,1553799,140.4
,"Census Region 3: South","CENS-R3","2003","2003","34 years","34",2119,1469607,144.2
,"Census Region 3: South","CENS-R3","2003","2003","35 years","35",2326,1444294,161.0
,"Census Region 3: South","CENS-R3","2003","2003","36 years","36",2546,1449002,175.7
,"Census Region 3: South","CENS-R3","2003","2003","37 years","37",2842,1495957,190.0
,"Census Region 3: South","CENS-R3","2003","2003","38 years","38",3172,1605373,197.6
,"Census Region 3: South","CENS-R3","2003","2003","39 years","39",3609,1640166,220.0
,"Census Region 3: South","CENS-R3","2003","2003","40 years","40",3913,1627066,240.5
,"Census Region 3: South","CENS-R3","2003","2003","41 years","41",4279,1627614,262.9
,"Census Region 3: South","CENS-R3","2003","2003","42 years","42",4606,1640006,280.9
,"Census Region 3: South","CENS-R3","2003","2003","43 years","43",4967,1665876,298.2
,"Census Region 3: South","CENS-R3","2003","2003","44 years","44",5420,1594589,339.9
,"Census Region 3: South","CENS-R3","2003","2003","45 years","45",5629,1593110,353.3
,"Census Region 3: South","CENS-R3","2003","2003","46 years","46",6162,1585043,388.8
,"Census Region 3: South","CENS-R3","2003","2003","47 years","47",6304,1524629,413.5
,"Census Region 3: South","CENS-R3","2003","2003","48 years","48",6660,1530618,435.1
,"Census Region 3: South","CENS-R3","2003","2003","49 years","49",7019,1469763,477.6
,"Census Region 3: South","CENS-R3","2003","2003","50 years","50",7433,1416297,524.8
,"Census Region 3: South","CENS-R3","2003","2003","51 years","51",7780,1374995,565.8
,"Census Region 3: South","CENS-R3","2003","2003","52 years","52",7811,1342911,581.6
,"Census Region 3: South","CENS-R3","2003","2003","53 years","53",8165,1346759,606.3
,"Census Region 3: South","CENS-R3","2003","2003","54 years","54",8879,1313329,676.1
,"Census Region 3: South","CENS-R3","2003","2003","55 years","55",9477,1302439,727.6
,"Census Region 3: South","CENS-R3","2003","2003","56 years","56",10359,1365065,758.9
,"Census Region 3: South","CENS-R3","2003","2003","57 years","57",8995,1031400,872.1
,"Census Region 3: South","CENS-R3","2003","2003","58 years","58",9624,1037142,927.9
,"Census Region 3: South","CENS-R3","2003","2003","59 years","59",10405,1020604,1019.5
,"Census Region 3: South","CENS-R3","2003","2003","60 years","60",11304,1034362,1092.8
,"Census Region 3: South","CENS-R3","2003","2003","61 years","61",11115,931065,1193.8
,"Census Region 3: South","CENS-R3","2003","2003","62 years","62",11602,875898,1324.6
,"Census Region 3: South","CENS-R3","2003","2003","63 years","63",11827,857091,1379.9
,"Census Region 3: South","CENS-R3","2003","2003","64 years","64",12476,808346,1543.4
,"Census Region 3: South","CENS-R3","2003","2003","65 years","65",12884,793751,1623.2
,"Census Region 3: South","CENS-R3","2003","2003","66 years","66",13084,746574,1752.5
,"Census Region 3: South","CENS-R3","2003","2003","67 years","67",14198,739401,1920.2
,"Census Region 3: South","CENS-R3","2003","2003","68 years","68",15125,736005,2055.0
,"Census Region 3: South","CENS-R3","2003","2003","69 years","69",15429,670721,2300.4
,"Census Region 3: South","CENS-R3","2003","2003","70 years","70",16479,665167,2477.4
,"Census Region 3: South","CENS-R3","2003","2003","71 years","71",17248,651650,2646.8
,"Census Region 3: South","CENS-R3","2003","2003","72 years","72",18575,635550,2922.7
,"Census Region 3: South","CENS-R3","2003","2003","73 years","73",19682,637094,3089.3
,"Census Region 3: South","CENS-R3","2003","2003","74 years","74",20515,598301,3428.9
,"Census Region 3: South","CENS-R3","2003","2003","75 years","75",22149,582340,3803.4
,"Census Region 3: South","CENS-R3","2003","2003","76 years","76",23095,560672,4119.2
,"Census Region 3: South","CENS-R3","2003","2003","77 years","77",24004,526808,4556.5
,"Census Region 3: South","CENS-R3","2003","2003","78 years","78",25420,513052,4954.7
,"Census Region 3: South","CENS-R3","2003","2003","79 years","79",26177,477845,5478.1
,"Census Region 3: South","CENS-R3","2003","2003","80 years","80",26453,437909,6040.8
,"Census Region 3: South","CENS-R3","2003","2003","81 years","81",27768,413959,6707.9
,"Census Region 3: South","CENS-R3","2003","2003","82 years","82",27536,377149,7301.1
,"Census Region 3: South","CENS-R3","2003","2003","83 years","83",27598,342571,8056.1
,"Census Region 3: South","CENS-R3","2003","2003","84 years","84",25710,285383,9008.9
,"Census Region 3: South","CENS-R3","2003","2003","85 years","85",25535,Not Applicable,Not Applicable
,"Census Region 3: South","CENS-R3","2003","2003","86 years","86",24487,Not Applicable,Not Applicable
,"Census Region 3: South","CENS-R3","2003","2003","87 years","87",23854,Not Applicable,Not Applicable
,"Census Region 3: South","CENS-R3","2003","2003","88 years","88",23250,Not Applicable,Not Applicable
,"Census Region 3: South","CENS-R3","2003","2003","89 years","89",21817,Not Applicable,Not Applicable
,"Census Region 3: South","CENS-R3","2003","2003","90 years","90",20014,Not Applicable,Not Applicable
,"Census Region 3: South","CENS-R3","2003","2003","91 years","91",17553,Not Applicable,Not Applicable
,"Census Region 3: South","CENS-R3","2003","2003","92 years","92",15646,Not Applicable,Not Applicable
,"Census Region 3: South","CENS-R3","2003","2003","93 years","93",13718,Not Applicable,Not Applicable
,"Census Region 3: South","CENS-R3","2003","2003","94 years","94",11339,Not Applicable,Not Applicable
,"Census Region 3: South","CENS-R3","2003","2003","95 years","95",9466,Not Applicable,Not Applicable
,"Census Region 3: South","CENS-R3","2003","2003","96 years","96",7248,Not Applicable,Not Applicable
,"Census Region 3: South","CENS-R3","2003","2003","97 years","97",5613,Not Applicable,Not Applicable
,"Census Region 3: South","CENS-R3","2003","2003","98 years","98",4121,Not Applicable,Not Applicable
,"Census Region 3: South","CENS-R3","2003","2003","99 years","99",3044,Not Applicable,Not Applicable
,"Census Region 3: South","CENS-R3","2004","2004","1 year","1",837,1459298,57.4
,"Census Region 3: South","CENS-R3","2004","2004","2 years","2",505,1459450,34.6
,"Census Region 3: South","CENS-R3","2004","2004","3 years","3",408,1486916,27.4
,"Census Region 3: South","CENS-R3","2004","2004","4 years","4",327,1422254,23.0
,"Census Region 3: South","CENS-R3","2004","2004","5 years","5",279,1392758,20.0
,"Census Region 3: South","CENS-R3","2004","2004","6 years","6",259,1384043,18.7
,"Census Region 3: South","CENS-R3","2004","2004","7 years","7",231,1385028,16.7
,"Census Region 3: South","CENS-R3","2004","2004","8 years","8",209,1401532,14.9
,"Census Region 3: South","CENS-R3","2004","2004","9 years","9",222,1430623,15.5
,"Census Region 3: South","CENS-R3","2004","2004","10 years","10",233,1484920,15.7
,"Census Region 3: South","CENS-R3","2004","2004","11 years","11",253,1505347,16.8
,"Census Region 3: South","CENS-R3","2004","2004","12 years","12",289,1531323,18.9
,"Census Region 3: South","CENS-R3","2004","2004","13 years","13",358,1550176,23.1
,"Census Region 3: South","CENS-R3","2004","2004","14 years","14",493,1571467,31.4
,"Census Region 3: South","CENS-R3","2004","2004","15 years","15",608,1522426,39.9
,"Census Region 3: South","CENS-R3","2004","2004","16 years","16",896,1499311,59.8
,"Census Region 3: South","CENS-R3","2004","2004","17 years","17",1124,1488746,75.5
,"Census Region 3: South","CENS-R3","2004","2004","18 years","18",1422,1514068,93.9
,"Census Region 3: South","CENS-R3","2004","2004","19 years","19",1636,1539626,106.3
,"Census Region 3: South","CENS-R3","2004","2004","20 years","20",1640,1506492,108.9
,"Census Region 3: South","CENS-R3","2004","2004","21 years","21",1732,1526364,113.5
,"Census Region 3: South","CENS-R3","2004","2004","22 years","22",1723,1527138,112.8
,"Census Region 3: South","CENS-R3","2004","2004","23 years","23",1669,1554830,107.3
,"Census Region 3: South","CENS-R3","2004","2004","24 years","24",1684,1535102,109.7
,"Census Region 3: South","CENS-R3","2004","2004","25 years","25",1672,1452699,115.1
,"Census Region 3: South","CENS-R3","2004","2004","26 years","26",1640,1397565,117.3
,"Census Region 3: South","CENS-R3","2004","2004","27 years","27",1645,1382254,119.0
,"Census Region 3: South","CENS-R3","2004","2004","28 years","28",1607,1344660,119.5
,"Census Region 3: South","CENS-R3","2004","2004","29 years","29",1697,1375498,123.4
,"Census Region 3: South","CENS-R3","2004","2004","30 years","30",1522,1367109,111.3
,"Census Region 3: South","CENS-R3","2004","2004","31 years","31",1763,1399988,125.9
,"Census Region 3: South","CENS-R3","2004","2004","32 years","32",2060,1486013,138.6
,"Census Region 3: South","CENS-R3","2004","2004","33 years","33",2106,1559576,135.0
,"Census Region 3: South","CENS-R3","2004","2004","34 years","34",2180,1564016,139.4
,"Census Region 3: South","CENS-R3","2004","2004","35 years","35",2316,1485643,155.9
,"Census Region 3: South","CENS-R3","2004","2004","36 years","36",2373,1455808,163.0
,"Census Region 3: South","CENS-R3","2004","2004","37 years","37",2613,1457799,179.2
,"Census Region 3: South","CENS-R3","2004","2004","38 years","38",2866,1508366,190.0
,"Census Region 3: South","CENS-R3","2004","2004","39 years","39",3355,1618892,207.2
,"Census Region 3: South","CENS-R3","2004","2004","40 years","40",3839,1645977,233.2
,"Census Region 3: South","CENS-R3","2004","2004","41 years","41",4082,1638661,249.1
,"Census Region 3: South","CENS-R3","2004","2004","42 years","42",4563,1633572,279.3
,"Census Region 3: South","CENS-R3","2004","2004","43 years","43",4964,1647514,301.3
,"Census Region 3: South","CENS-R3","2004","2004","44 years","44",5216,1662962,313.7
,"Census Region 3: South","CENS-R3","2004","2004","45 years","45",5694,1599258,356.0
,"Census Region 3: South","CENS-R3","2004","2004","46 years","46",6078,1602346,379.3
,"Census Region 3: South","CENS-R3","2004","2004","47 years","47",6554,1592387,411.6
,"Census Region 3: South","CENS-R3","2004","2004","48 years","48",6698,1526521,438.8
,"Census Region 3: South","CENS-R3","2004","2004","49 years","49",7131,1536043,464.2
,"Census Region 3: South","CENS-R3","2004","2004","50 years","50",7480,1468111,509.5
,"Census Region 3: South","CENS-R3","2004","2004","51 years","51",7911,1425249,555.1
,"Census Region 3: South","CENS-R3","2004","2004","52 years","52",8240,1373360,600.0
,"Census Region 3: South","CENS-R3","2004","2004","53 years","53",8415,1349803,623.4
,"Census Region 3: South","CENS-R3","2004","2004","54 years","54",8976,1352101,663.9
,"Census Region 3: South","CENS-R3","2004","2004","55 years","55",9369,1309613,715.4
,"Census Region 3: South","CENS-R3","2004","2004","56 years","56",9895,1311712,754.4
,"Census Region 3: South","CENS-R3","2004","2004","57 years","57",11035,1362199,810.1
,"Census Region 3: South","CENS-R3","2004","2004","58 years","58",9490,1033337,918.4
,"Census Region 3: South","CENS-R3","2004","2004","59 years","59",10064,1035492,971.9
,"Census Region 3: South","CENS-R3","2004","2004","60 years","60",10790,1013603,1064.5
,"Census Region 3: South","CENS-R3","2004","2004","61 years","61",11962,1040210,1150.0
,"Census Region 3: South","CENS-R3","2004","2004","62 years","62",11810,930244,1269.6
,"Census Region 3: South","CENS-R3","2004","2004","63 years","63",11763,880028,1336.7
,"Census Region 3: South","CENS-R3","2004","2004","64 years","64",12402,848473,1461.7
,"Census Region 3: South","CENS-R3","2004","2004","65 years","65",12828,805886,1591.8
,"Census Region 3: South","CENS-R3","2004","2004","66 years","66",13370,788444,1695.7
,"Census Region 3: South","CENS-R3","2004","2004","67 years","67",13832,742277,1863.5
,"Census Region 3: South","CENS-R3","2004","2004","68 years","68",14319,730677,1959.7
,"Census Region 3: South","CENS-R3","2004","2004","69 years","69",15510,724206,2141.7
,"Census Region 3: South","CENS-R3","2004","2004","70 years","70",15838,656568,2412.2
,"Census Region 3: South","CENS-R3","2004","2004","71 years","71",16787,655078,2562.6
,"Census Region 3: South","CENS-R3","2004","2004","72 years","72",17952,635533,2824.7
,"Census Region 3: South","CENS-R3","2004","2004","73 years","73",18628,619384,3007.5
,"Census Region 3: South","CENS-R3","2004","2004","74 years","74",20079,617705,3250.6
,"Census Region 3: South","CENS-R3","2004","2004","75 years","75",20966,576147,3639.0
,"Census Region 3: South","CENS-R3","2004","2004","76 years","76",22235,562934,3949.8
,"Census Region 3: South","CENS-R3","2004","2004","77 years","77",23603,536308,4401.0
,"Census Region 3: South","CENS-R3","2004","2004","78 years","78",24190,503718,4802.3
,"Census Region 3: South","CENS-R3","2004","2004","79 years","79",25411,485575,5233.2
,"Census Region 3: South","CENS-R3","2004","2004","80 years","80",26031,449576,5790.1
,"Census Region 3: South","CENS-R3","2004","2004","81 years","81",26287,411473,6388.5
,"Census Region 3: South","CENS-R3","2004","2004","82 years","82",27352,383993,7123.0
,"Census Region 3: South","CENS-R3","2004","2004","83 years","83",27330,348853,7834.2
,"Census Region 3: South","CENS-R3","2004","2004","84 years","84",26907,312243,8617.3
,"Census Region 3: South","CENS-R3","2004","2004","85 years","85",24991,Not Applicable,Not Applicable
,"Census Region 3: South","CENS-R3","2004","2004","86 years","86",24274,Not Applicable,Not Applicable
,"Census Region 3: South","CENS-R3","2004","2004","87 years","87",23215,Not Applicable,Not Applicable
,"Census Region 3: South","CENS-R3","2004","2004","88 years","88",22086,Not Applicable,Not Applicable
,"Census Region 3: South","CENS-R3","2004","2004","89 years","89",20938,Not Applicable,Not Applicable
,"Census Region 3: South","CENS-R3","2004","2004","90 years","90",19486,Not Applicable,Not Applicable
,"Census Region 3: South","CENS-R3","2004","2004","91 years","91",17597,Not Applicable,Not Applicable
,"Census Region 3: South","CENS-R3","2004","2004","92 years","92",15356,Not Applicable,Not Applicable
,"Census Region 3: South","CENS-R3","2004","2004","93 years","93",13266,Not Applicable,Not Applicable
,"Census Region 3: South","CENS-R3","2004","2004","94 years","94",11181,Not Applicable,Not Applicable
,"Census Region 3: South","CENS-R3","2004","2004","95 years","95",8897,Not Applicable,Not Applicable
,"Census Region 3: South","CENS-R3","2004","2004","96 years","96",7272,Not Applicable,Not Applicable
,"Census Region 3: South","CENS-R3","2004","2004","97 years","97",5434,Not Applicable,Not Applicable
,"Census Region 3: South","CENS-R3","2004","2004","98 years","98",4078,Not Applicable,Not Applicable
,"Census Region 3: South","CENS-R3","2004","2004","99 years","99",2918,Not Applicable,Not Applicable
,"Census Region 3: South","CENS-R3","2005","2005","1 year","1",814,1482206,54.9
,"Census Region 3: South","CENS-R3","2005","2005","2 years","2",514,1465601,35.1
,"Census Region 3: South","CENS-R3","2005","2005","3 years","3",384,1472077,26.1
,"Census Region 3: South","CENS-R3","2005","2005","4 years","4",310,1504552,20.6
,"Census Region 3: South","CENS-R3","2005","2005","5 years","5",249,1432901,17.4
,"Census Region 3: South","CENS-R3","2005","2005","6 years","6",244,1400567,17.4
,"Census Region 3: South","CENS-R3","2005","2005","7 years","7",215,1398527,15.4
,"Census Region 3: South","CENS-R3","2005","2005","8 years","8",227,1396066,16.3
,"Census Region 3: South","CENS-R3","2005","2005","9 years","9",243,1424863,17.1
,"Census Region 3: South","CENS-R3","2005","2005","10 years","10",193,1491823,12.9
,"Census Region 3: South","CENS-R3","2005","2005","11 years","11",251,1492712,16.8
,"Census Region 3: South","CENS-R3","2005","2005","12 years","12",268,1529883,17.5
,"Census Region 3: South","CENS-R3","2005","2005","13 years","13",349,1546054,22.6
,"Census Region 3: South","CENS-R3","2005","2005","14 years","14",474,1559694,30.4
,"Census Region 3: South","CENS-R3","2005","2005","15 years","15",577,1596043,36.2
,"Census Region 3: South","CENS-R3","2005","2005","16 years","16",857,1544615,55.5
,"Census Region 3: South","CENS-R3","2005","2005","17 years","17",1176,1515897,77.6
,"Census Region 3: South","CENS-R3","2005","2005","18 years","18",1458,1524484,95.6
,"Census Region 3: South","CENS-R3","2005","2005","19 years","19",1621,1547587,104.7
,"Census Region 3: South","CENS-R3","2005","2005","20 years","20",1624,1548516,104.9
,"Census Region 3: South","CENS-R3","2005","2005","21 years","21",1723,1520881,113.3
,"Census Region 3: South","CENS-R3","2005","2005","22 years","22",1751,1531822,114.3
,"Census Region 3: South","CENS-R3","2005","2005","23 years","23",1715,1537989,111.5
,"Census Region 3: South","CENS-R3","2005","2005","24 years","24",1756,1561932,112.4
,"Census Region 3: South","CENS-R3","2005","2005","25 years","25",1786,1550084,115.2
,"Census Region 3: South","CENS-R3","2005","2005","26 years","26",1740,1450652,119.9
,"Census Region 3: South","CENS-R3","2005","2005","27 years","27",1635,1416379,115.4
,"Census Region 3: South","CENS-R3","2005","2005","28 years","28",1702,1387200,122.7
,"Census Region 3: South","CENS-R3","2005","2005","29 years","29",1558,1342865,116.0
,"Census Region 3: South","CENS-R3","2005","2005","30 years","30",1737,1409968,123.2
,"Census Region 3: South","CENS-R3","2005","2005","31 years","31",1812,1369983,132.3
,"Census Region 3: South","CENS-R3","2005","2005","32 years","32",1995,1431250,139.4
,"Census Region 3: South","CENS-R3","2005","2005","33 years","33",2061,1503178,137.1
,"Census Region 3: South","CENS-R3","2005","2005","34 years","34",2269,1570533,144.5
,"Census Region 3: South","CENS-R3","2005","2005","35 years","35",2378,1582320,150.3
,"Census Region 3: South","CENS-R3","2005","2005","36 years","36",2348,1498028,156.7
,"Census Region 3: South","CENS-R3","2005","2005","37 years","37",2628,1464296,179.5
,"Census Region 3: South","CENS-R3","2005","2005","38 years","38",2817,1470712,191.5
,"Census Region 3: South","CENS-R3","2005","2005","39 years","39",3228,1523187,211.9
,"Census Region 3: South","CENS-R3","2005","2005","40 years","40",3594,1626129,221.0
,"Census Region 3: South","CENS-R3","2005","2005","41 years","41",4082,1659740,245.9
,"Census Region 3: South","CENS-R3","2005","2005","42 years","42",4568,1646335,277.5
,"Census Region 3: South","CENS-R3","2005","2005","43 years","43",4960,1642634,302.0
,"Census Region 3: South","CENS-R3","2005","2005","44 years","44",5349,1644805,325.2
,"Census Region 3: South","CENS-R3","2005","2005","45 years","45",5826,1668906,349.1
,"Census Region 3: South","CENS-R3","2005","2005","46 years","46",6197,1612077,384.4
,"Census Region 3: South","CENS-R3","2005","2005","47 years","47",6554,1612395,406.5
,"Census Region 3: South","CENS-R3","2005","2005","48 years","48",7031,1594657,440.9
,"Census Region 3: South","CENS-R3","2005","2005","49 years","49",7524,1534359,490.4
,"Census Region 3: South","CENS-R3","2005","2005","50 years","50",7926,1534544,516.5
,"Census Region 3: South","CENS-R3","2005","2005","51 years","51",8244,1480755,556.7
,"Census Region 3: South","CENS-R3","2005","2005","52 years","52",8580,1423147,602.9
,"Census Region 3: South","CENS-R3","2005","2005","53 years","53",8817,1382513,637.8
,"Census Region 3: South","CENS-R3","2005","2005","54 years","54",9093,1357302,669.9
,"Census Region 3: South","CENS-R3","2005","2005","55 years","55",9548,1347216,708.7
,"Census Region 3: South","CENS-R3","2005","2005","56 years","56",10184,1321430,770.7
,"Census Region 3: South","CENS-R3","2005","2005","57 years","57",10792,1311776,822.7
,"Census Region 3: South","CENS-R3","2005","2005","58 years","58",11712,1363553,858.9
,"Census Region 3: South","CENS-R3","2005","2005","59 years","59",10300,1032208,997.9
,"Census Region 3: South","CENS-R3","2005","2005","60 years","60",10917,1027439,1062.5
,"Census Region 3: South","CENS-R3","2005","2005","61 years","61",11599,1024459,1132.2
,"Census Region 3: South","CENS-R3","2005","2005","62 years","62",13002,1040419,1249.7
,"Census Region 3: South","CENS-R3","2005","2005","63 years","63",12803,936669,1366.9
,"Census Region 3: South","CENS-R3","2005","2005","64 years","64",12617,870816,1448.9
,"Census Region 3: South","CENS-R3","2005","2005","65 years","65",12991,848138,1531.7
,"Census Region 3: South","CENS-R3","2005","2005","66 years","66",13328,802541,1660.7
,"Census Region 3: South","CENS-R3","2005","2005","67 years","67",14289,786429,1816.9
,"Census Region 3: South","CENS-R3","2005","2005","68 years","68",14347,734765,1952.6
,"Census Region 3: South","CENS-R3","2005","2005","69 years","69",15297,720627,2122.7
,"Census Region 3: South","CENS-R3","2005","2005","70 years","70",16282,710024,2293.2
,"Census Region 3: South","CENS-R3","2005","2005","71 years","71",16630,648660,2563.7
,"Census Region 3: South","CENS-R3","2005","2005","72 years","72",17462,640281,2727.2
,"Census Region 3: South","CENS-R3","2005","2005","73 years","73",19077,620238,3075.8
,"Census Region 3: South","CENS-R3","2005","2005","74 years","74",19864,601485,3302.5
,"Census Region 3: South","CENS-R3","2005","2005","75 years","75",21069,595151,3540.1
,"Census Region 3: South","CENS-R3","2005","2005","76 years","76",21606,558760,3866.8
,"Census Region 3: South","CENS-R3","2005","2005","77 years","77",23517,538900,4363.9
,"Census Region 3: South","CENS-R3","2005","2005","78 years","78",24411,514572,4743.9
,"Census Region 3: South","CENS-R3","2005","2005","79 years","79",25305,478008,5293.8
,"Census Region 3: South","CENS-R3","2005","2005","80 years","80",26637,457452,5822.9
,"Census Region 3: South","CENS-R3","2005","2005","81 years","81",26962,423793,6362.1
,"Census Region 3: South","CENS-R3","2005","2005","82 years","82",27290,382281,7138.7
,"Census Region 3: South","CENS-R3","2005","2005","83 years","83",28118,356334,7890.9
,"Census Region 3: South","CENS-R3","2005","2005","84 years","84",28059,318909,8798.4
,"Census Region 3: South","CENS-R3","2005","2005","85 years","85",27357,Not Applicable,Not Applicable
,"Census Region 3: South","CENS-R3","2005","2005","86 years","86",25111,Not Applicable,Not Applicable
,"Census Region 3: South","CENS-R3","2005","2005","87 years","87",24018,Not Applicable,Not Applicable
,"Census Region 3: South","CENS-R3","2005","2005","88 years","88",22763,Not Applicable,Not Applicable
,"Census Region 3: South","CENS-R3","2005","2005","89 years","89",21344,Not Applicable,Not Applicable
,"Census Region 3: South","CENS-R3","2005","2005","90 years","90",20447,Not Applicable,Not Applicable
,"Census Region 3: South","CENS-R3","2005","2005","91 years","91",18292,Not Applicable,Not Applicable
,"Census Region 3: South","CENS-R3","2005","2005","92 years","92",16424,Not Applicable,Not Applicable
,"Census Region 3: South","CENS-R3","2005","2005","93 years","93",13968,Not Applicable,Not Applicable
,"Census Region 3: South","CENS-R3","2005","2005","94 years","94",11555,Not Applicable,Not Applicable
,"Census Region 3: South","CENS-R3","2005","2005","95 years","95",9504,Not Applicable,Not Applicable
,"Census Region 3: South","CENS-R3","2005","2005","96 years","96",7528,Not Applicable,Not Applicable
,"Census Region 3: South","CENS-R3","2005","2005","97 years","97",5823,Not Applicable,Not Applicable
,"Census Region 3: South","CENS-R3","2005","2005","98 years","98",4339,Not Applicable,Not Applicable
,"Census Region 3: South","CENS-R3","2005","2005","99 years","99",3085,Not Applicable,Not Applicable
,"Census Region 3: South","CENS-R3","2006","2006","1 year","1",775,1492479,51.9
,"Census Region 3: South","CENS-R3","2006","2006","2 years","2",544,1487124,36.6
,"Census Region 3: South","CENS-R3","2006","2006","3 years","3",395,1477718,26.7
,"Census Region 3: South","CENS-R3","2006","2006","4 years","4",308,1490075,20.7
,"Census Region 3: South","CENS-R3","2006","2006","5 years","5",305,1514653,20.1
,"Census Region 3: South","CENS-R3","2006","2006","6 years","6",235,1438318,16.3
,"Census Region 3: South","CENS-R3","2006","2006","7 years","7",217,1414672,15.3
,"Census Region 3: South","CENS-R3","2006","2006","8 years","8",202,1408718,14.3
,"Census Region 3: South","CENS-R3","2006","2006","9 years","9",204,1420603,14.4
,"Census Region 3: South","CENS-R3","2006","2006","10 years","10",196,1494037,13.1
,"Census Region 3: South","CENS-R3","2006","2006","11 years","11",222,1496639,14.8
,"Census Region 3: South","CENS-R3","2006","2006","12 years","12",243,1517291,16.0
,"Census Region 3: South","CENS-R3","2006","2006","13 years","13",310,1543108,20.1
,"Census Region 3: South","CENS-R3","2006","2006","14 years","14",395,1553632,25.4
,"Census Region 3: South","CENS-R3","2006","2006","15 years","15",564,1584773,35.6
,"Census Region 3: South","CENS-R3","2006","2006","16 years","16",838,1618315,51.8
,"Census Region 3: South","CENS-R3","2006","2006","17 years","17",1120,1559771,71.8
,"Census Region 3: South","CENS-R3","2006","2006","18 years","18",1461,1553084,94.1
,"Census Region 3: South","CENS-R3","2006","2006","19 years","19",1636,1556913,105.1
,"Census Region 3: South","CENS-R3","2006","2006","20 years","20",1766,1553911,113.6
,"Census Region 3: South","CENS-R3","2006","2006","21 years","21",1855,1562802,118.7
,"Census Region 3: South","CENS-R3","2006","2006","22 years","22",1752,1527508,114.7
,"Census Region 3: South","CENS-R3","2006","2006","23 years","23",1908,1546617,123.4
,"Census Region 3: South","CENS-R3","2006","2006","24 years","24",1850,1544831,119.8
,"Census Region 3: South","CENS-R3","2006","2006","25 years","25",1865,1580215,118.0
,"Census Region 3: South","CENS-R3","2006","2006","26 years","26",1888,1546093,122.1
,"Census Region 3: South","CENS-R3","2006","2006","27 years","27",1799,1470655,122.3
,"Census Region 3: South","CENS-R3","2006","2006","28 years","28",1720,1421211,121.0
,"Census Region 3: South","CENS-R3","2006","2006","29 years","29",1817,1382120,131.5
,"Census Region 3: South","CENS-R3","2006","2006","30 years","30",1759,1383195,127.2
,"Census Region 3: South","CENS-R3","2006","2006","31 years","31",1895,1409303,134.5
,"Census Region 3: South","CENS-R3","2006","2006","32 years","32",1860,1402927,132.6
,"Census Region 3: South","CENS-R3","2006","2006","33 years","33",2047,1447103,141.5
,"Census Region 3: South","CENS-R3","2006","2006","34 years","34",2231,1513644,147.4
,"Census Region 3: South","CENS-R3","2006","2006","35 years","35",2483,1590866,156.1
,"Census Region 3: South","CENS-R3","2006","2006","36 years","36",2470,1593877,155.0
,"Census Region 3: South","CENS-R3","2006","2006","37 years","37",2592,1505737,172.1
,"Census Region 3: South","CENS-R3","2006","2006","38 years","38",2818,1477791,190.7
,"Census Region 3: South","CENS-R3","2006","2006","39 years","39",3090,1485671,208.0
,"Census Region 3: South","CENS-R3","2006","2006","40 years","40",3410,1531444,222.7
,"Census Region 3: South","CENS-R3","2006","2006","41 years","41",3916,1640838,238.7
,"Census Region 3: South","CENS-R3","2006","2006","42 years","42",4587,1666632,275.2
,"Census Region 3: South","CENS-R3","2006","2006","43 years","43",4963,1655909,299.7
,"Census Region 3: South","CENS-R3","2006","2006","44 years","44",5249,1637734,320.5
,"Census Region 3: South","CENS-R3","2006","2006","45 years","45",5701,1651209,345.3
,"Census Region 3: South","CENS-R3","2006","2006","46 years","46",6113,1682678,363.3
,"Census Region 3: South","CENS-R3","2006","2006","47 years","47",6552,1622566,403.8
,"Census Region 3: South","CENS-R3","2006","2006","48 years","48",7213,1613044,447.2
,"Census Region 3: South","CENS-R3","2006","2006","49 years","49",7560,1601939,471.9
,"Census Region 3: South","CENS-R3","2006","2006","50 years","50",7955,1530591,519.7
,"Census Region 3: South","CENS-R3","2006","2006","51 years","51",8438,1548406,544.9
,"Census Region 3: South","CENS-R3","2006","2006","52 years","52",8812,1476403,596.9
,"Census Region 3: South","CENS-R3","2006","2006","53 years","53",8985,1431717,627.6
,"Census Region 3: South","CENS-R3","2006","2006","54 years","54",9348,1388608,673.2
,"Census Region 3: South","CENS-R3","2006","2006","55 years","55",9600,1349308,711.5
,"Census Region 3: South","CENS-R3","2006","2006","56 years","56",10104,1359358,743.3
,"Census Region 3: South","CENS-R3","2006","2006","57 years","57",10601,1318192,804.2
,"Census Region 3: South","CENS-R3","2006","2006","58 years","58",11727,1314059,892.4
,"Census Region 3: South","CENS-R3","2006","2006","59 years","59",12507,1357679,921.2
,"Census Region 3: South","CENS-R3","2006","2006","60 years","60",10917,1021431,1068.8
,"Census Region 3: South","CENS-R3","2006","2006","61 years","61",11332,1038445,1091.2
,"Census Region 3: South","CENS-R3","2006","2006","62 years","62",12458,1025359,1215.0
,"Census Region 3: South","CENS-R3","2006","2006","63 years","63",13574,1048735,1294.3
,"Census Region 3: South","CENS-R3","2006","2006","64 years","64",12896,924085,1395.5
,"Census Region 3: South","CENS-R3","2006","2006","65 years","65",13119,871247,1505.8
,"Census Region 3: South","CENS-R3","2006","2006","66 years","66",13536,845023,1601.8
,"Census Region 3: South","CENS-R3","2006","2006","67 years","67",14020,801203,1749.9
,"Census Region 3: South","CENS-R3","2006","2006","68 years","68",14470,778397,1858.9
,"Census Region 3: South","CENS-R3","2006","2006","69 years","69",15014,724484,2072.4
,"Census Region 3: South","CENS-R3","2006","2006","70 years","70",15920,705795,2255.6
,"Census Region 3: South","CENS-R3","2006","2006","71 years","71",16807,702514,2392.4
,"Census Region 3: South","CENS-R3","2006","2006","72 years","72",17032,633871,2687.0
,"Census Region 3: South","CENS-R3","2006","2006","73 years","73",17939,625353,2868.6
,"Census Region 3: South","CENS-R3","2006","2006","74 years","74",19278,602056,3202.0
,"Census Region 3: South","CENS-R3","2006","2006","75 years","75",20312,579355,3506.0
,"Census Region 3: South","CENS-R3","2006","2006","76 years","76",21763,578200,3763.9
,"Census Region 3: South","CENS-R3","2006","2006","77 years","77",22525,535301,4207.9
,"Census Region 3: South","CENS-R3","2006","2006","78 years","78",23798,517702,4596.9
,"Census Region 3: South","CENS-R3","2006","2006","79 years","79",24567,488419,5029.9
,"Census Region 3: South","CENS-R3","2006","2006","80 years","80",25244,450344,5605.5
,"Census Region 3: South","CENS-R3","2006","2006","81 years","81",26499,432653,6124.8
,"Census Region 3: South","CENS-R3","2006","2006","82 years","82",27194,394337,6896.1
,"Census Region 3: South","CENS-R3","2006","2006","83 years","83",26763,355954,7518.7
,"Census Region 3: South","CENS-R3","2006","2006","84 years","84",27710,325912,8502.3
,"Census Region 3: South","CENS-R3","2006","2006","85 years","85",26826,Not Applicable,Not Applicable
,"Census Region 3: South","CENS-R3","2006","2006","86 years","86",26238,Not Applicable,Not Applicable
,"Census Region 3: South","CENS-R3","2006","2006","87 years","87",23902,Not Applicable,Not Applicable
,"Census Region 3: South","CENS-R3","2006","2006","88 years","88",23089,Not Applicable,Not Applicable
,"Census Region 3: South","CENS-R3","2006","2006","89 years","89",21165,Not Applicable,Not Applicable
,"Census Region 3: South","CENS-R3","2006","2006","90 years","90",19615,Not Applicable,Not Applicable
,"Census Region 3: South","CENS-R3","2006","2006","91 years","91",17987,Not Applicable,Not Applicable
,"Census Region 3: South","CENS-R3","2006","2006","92 years","92",16292,Not Applicable,Not Applicable
,"Census Region 3: South","CENS-R3","2006","2006","93 years","93",14048,Not Applicable,Not Applicable
,"Census Region 3: South","CENS-R3","2006","2006","94 years","94",11637,Not Applicable,Not Applicable
,"Census Region 3: South","CENS-R3","2006","2006","95 years","95",9399,Not Applicable,Not Applicable
,"Census Region 3: South","CENS-R3","2006","2006","96 years","96",7342,Not Applicable,Not Applicable
,"Census Region 3: South","CENS-R3","2006","2006","97 years","97",5742,Not Applicable,Not Applicable
,"Census Region 3: South","CENS-R3","2006","2006","98 years","98",4312,Not Applicable,Not Applicable
,"Census Region 3: South","CENS-R3","2006","2006","99 years","99",3017,Not Applicable,Not Applicable
,"Census Region 3: South","CENS-R3","2007","2007","1 year","1",860,1508498,57.0
,"Census Region 3: South","CENS-R3","2007","2007","2 years","2",545,1498223,36.4
,"Census Region 3: South","CENS-R3","2007","2007","3 years","3",378,1501486,25.2
,"Census Region 3: South","CENS-R3","2007","2007","4 years","4",302,1498477,20.2
,"Census Region 3: South","CENS-R3","2007","2007","5 years","5",256,1500948,17.1
,"Census Region 3: South","CENS-R3","2007","2007","6 years","6",246,1520510,16.2
,"Census Region 3: South","CENS-R3","2007","2007","7 years","7",228,1454596,15.7
,"Census Region 3: South","CENS-R3","2007","2007","8 years","8",206,1425669,14.4
,"Census Region 3: South","CENS-R3","2007","2007","9 years","9",208,1436358,14.5
,"Census Region 3: South","CENS-R3","2007","2007","10 years","10",236,1499316,15.7
,"Census Region 3: South","CENS-R3","2007","2007","11 years","11",223,1496279,14.9
,"Census Region 3: South","CENS-R3","2007","2007","12 years","12",241,1522493,15.8
,"Census Region 3: South","CENS-R3","2007","2007","13 years","13",332,1529661,21.7
,"Census Region 3: South","CENS-R3","2007","2007","14 years","14",410,1549067,26.5
,"Census Region 3: South","CENS-R3","2007","2007","15 years","15",531,1579686,33.6
,"Census Region 3: South","CENS-R3","2007","2007","16 years","16",856,1607708,53.2
,"Census Region 3: South","CENS-R3","2007","2007","17 years","17",1091,1632464,66.8
,"Census Region 3: South","CENS-R3","2007","2007","18 years","18",1467,1598105,91.8
,"Census Region 3: South","CENS-R3","2007","2007","19 years","19",1651,1584794,104.2
,"Census Region 3: South","CENS-R3","2007","2007","20 years","20",1670,1558394,107.2
,"Census Region 3: South","CENS-R3","2007","2007","21 years","21",1770,1567052,113.0
,"Census Region 3: South","CENS-R3","2007","2007","22 years","22",1878,1562873,120.2
,"Census Region 3: South","CENS-R3","2007","2007","23 years","23",1813,1539887,117.7
,"Census Region 3: South","CENS-R3","2007","2007","24 years","24",1907,1553493,122.8
,"Census Region 3: South","CENS-R3","2007","2007","25 years","25",1872,1561590,119.9
,"Census Region 3: South","CENS-R3","2007","2007","26 years","26",1867,1572516,118.7
,"Census Region 3: South","CENS-R3","2007","2007","27 years","27",1867,1568557,119.0
,"Census Region 3: South","CENS-R3","2007","2007","28 years","28",1841,1472673,125.0
,"Census Region 3: South","CENS-R3","2007","2007","29 years","29",1917,1412917,135.7
,"Census Region 3: South","CENS-R3","2007","2007","30 years","30",1845,1426506,129.3
,"Census Region 3: South","CENS-R3","2007","2007","31 years","31",1810,1380233,131.1
,"Census Region 3: South","CENS-R3","2007","2007","32 years","32",1912,1445744,132.3
,"Census Region 3: South","CENS-R3","2007","2007","33 years","33",1935,1417787,136.5
,"Census Region 3: South","CENS-R3","2007","2007","34 years","34",2097,1456453,144.0
,"Census Region 3: South","CENS-R3","2007","2007","35 years","35",2383,1534576,155.3
,"Census Region 3: South","CENS-R3","2007","2007","36 years","36",2597,1602948,162.0
,"Census Region 3: South","CENS-R3","2007","2007","37 years","37",2795,1599628,174.7
,"Census Region 3: South","CENS-R3","2007","2007","38 years","38",2824,1519853,185.8
,"Census Region 3: South","CENS-R3","2007","2007","39 years","39",2957,1492886,198.1
,"Census Region 3: South","CENS-R3","2007","2007","40 years","40",3293,1492087,220.7
,"Census Region 3: South","CENS-R3","2007","2007","41 years","41",3674,1547254,237.5
,"Census Region 3: South","CENS-R3","2007","2007","42 years","42",4106,1648567,249.1
,"Census Region 3: South","CENS-R3","2007","2007","43 years","43",4752,1676466,283.5
,"Census Region 3: South","CENS-R3","2007","2007","44 years","44",5199,1648627,315.4
,"Census Region 3: South","CENS-R3","2007","2007","45 years","45",5503,1644130,334.7
,"Census Region 3: South","CENS-R3","2007","2007","46 years","46",6015,1667078,360.8
,"Census Region 3: South","CENS-R3","2007","2007","47 years","47",6585,1694323,388.7
,"Census Region 3: South","CENS-R3","2007","2007","48 years","48",6990,1623004,430.7
,"Census Region 3: South","CENS-R3","2007","2007","49 years","49",7465,1621403,460.4
,"Census Region 3: South","CENS-R3","2007","2007","50 years","50",8050,1597444,503.9
,"Census Region 3: South","CENS-R3","2007","2007","51 years","51",8619,1546831,557.2
,"Census Region 3: South","CENS-R3","2007","2007","52 years","52",8867,1542619,574.8
,"Census Region 3: South","CENS-R3","2007","2007","53 years","53",9151,1487323,615.3
,"Census Region 3: South","CENS-R3","2007","2007","54 years","54",9598,1438788,667.1
,"Census Region 3: South","CENS-R3","2007","2007","55 years","55",9866,1377528,716.2
,"Census Region 3: South","CENS-R3","2007","2007","56 years","56",10210,1363768,748.7
,"Census Region 3: South","CENS-R3","2007","2007","57 years","57",10813,1354596,798.2
,"Census Region 3: South","CENS-R3","2007","2007","58 years","58",11296,1319575,856.0
,"Census Region 3: South","CENS-R3","2007","2007","59 years","59",12251,1309722,935.4
,"Census Region 3: South","CENS-R3","2007","2007","60 years","60",13170,1339307,983.3
,"Census Region 3: South","CENS-R3","2007","2007","61 years","61",11302,1034184,1092.8
,"Census Region 3: South","CENS-R3","2007","2007","62 years","62",12196,1038115,1174.8
,"Census Region 3: South","CENS-R3","2007","2007","63 years","63",13161,1035746,1270.7
,"Census Region 3: South","CENS-R3","2007","2007","64 years","64",14053,1032128,1361.6
,"Census Region 3: South","CENS-R3","2007","2007","65 years","65",14006,922061,1519.0
,"Census Region 3: South","CENS-R3","2007","2007","66 years","66",14039,865408,1622.2
,"Census Region 3: South","CENS-R3","2007","2007","67 years","67",14167,842578,1681.4
,"Census Region 3: South","CENS-R3","2007","2007","68 years","68",14617,791254,1847.3
,"Census Region 3: South","CENS-R3","2007","2007","69 years","69",15397,765430,2011.5
,"Census Region 3: South","CENS-R3","2007","2007","70 years","70",15604,707190,2206.5
,"Census Region 3: South","CENS-R3","2007","2007","71 years","71",16415,697829,2352.3
,"Census Region 3: South","CENS-R3","2007","2007","72 years","72",17507,684812,2556.5
,"Census Region 3: South","CENS-R3","2007","2007","73 years","73",17746,617887,2872.0
,"Census Region 3: South","CENS-R3","2007","2007","74 years","74",18619,606032,3072.3
,"Census Region 3: South","CENS-R3","2007","2007","75 years","75",20186,578664,3488.4
,"Census Region 3: South","CENS-R3","2007","2007","76 years","76",21023,562844,3735.1
,"Census Region 3: South","CENS-R3","2007","2007","77 years","77",22264,552639,4028.7
,"Census Region 3: South","CENS-R3","2007","2007","78 years","78",22821,514413,4436.3
,"Census Region 3: South","CENS-R3","2007","2007","79 years","79",24109,490860,4911.6
,"Census Region 3: South","CENS-R3","2007","2007","80 years","80",25421,459611,5531.0
,"Census Region 3: South","CENS-R3","2007","2007","81 years","81",25906,425954,6081.9
,"Census Region 3: South","CENS-R3","2007","2007","82 years","82",26957,402259,6701.4
,"Census Region 3: South","CENS-R3","2007","2007","83 years","83",27169,367676,7389.4
,"Census Region 3: South","CENS-R3","2007","2007","84 years","84",27154,325624,8339.1
,"Census Region 3: South","CENS-R3","2007","2007","85 years","85",27699,Not Applicable,Not Applicable
,"Census Region 3: South","CENS-R3","2007","2007","86 years","86",27084,Not Applicable,Not Applicable
,"Census Region 3: South","CENS-R3","2007","2007","87 years","87",25489,Not Applicable,Not Applicable
,"Census Region 3: South","CENS-R3","2007","2007","88 years","88",23263,Not Applicable,Not Applicable
,"Census Region 3: South","CENS-R3","2007","2007","89 years","89",21557,Not Applicable,Not Applicable
,"Census Region 3: South","CENS-R3","2007","2007","90 years","90",19883,Not Applicable,Not Applicable
,"Census Region 3: South","CENS-R3","2007","2007","91 years","91",17896,Not Applicable,Not Applicable
,"Census Region 3: South","CENS-R3","2007","2007","92 years","92",16260,Not Applicable,Not Applicable
,"Census Region 3: South","CENS-R3","2007","2007","93 years","93",14149,Not Applicable,Not Applicable
,"Census Region 3: South","CENS-R3","2007","2007","94 years","94",11815,Not Applicable,Not Applicable
,"Census Region 3: South","CENS-R3","2007","2007","95 years","95",9759,Not Applicable,Not Applicable
,"Census Region 3: South","CENS-R3","2007","2007","96 years","96",7422,Not Applicable,Not Applicable
,"Census Region 3: South","CENS-R3","2007","2007","97 years","97",5937,Not Applicable,Not Applicable
,"Census Region 3: South","CENS-R3","2007","2007","98 years","98",4605,Not Applicable,Not Applicable
,"Census Region 3: South","CENS-R3","2007","2007","99 years","99",3298,Not Applicable,Not Applicable
,"Census Region 3: South","CENS-R3","2008","2008","1 year","1",864,1555574,55.5
,"Census Region 3: South","CENS-R3","2008","2008","2 years","2",538,1508211,35.7
,"Census Region 3: South","CENS-R3","2008","2008","3 years","3",387,1510689,25.6
,"Census Region 3: South","CENS-R3","2008","2008","4 years","4",294,1520850,19.3
,"Census Region 3: South","CENS-R3","2008","2008","5 years","5",224,1506320,14.9
,"Census Region 3: South","CENS-R3","2008","2008","6 years","6",205,1503019,13.6
,"Census Region 3: South","CENS-R3","2008","2008","7 years","7",226,1535433,14.7
,"Census Region 3: South","CENS-R3","2008","2008","8 years","8",187,1463112,12.8
,"Census Region 3: South","CENS-R3","2008","2008","9 years","9",203,1452800,14.0
,"Census Region 3: South","CENS-R3","2008","2008","10 years","10",193,1523322,12.7
,"Census Region 3: South","CENS-R3","2008","2008","11 years","11",212,1496703,14.2
,"Census Region 3: South","CENS-R3","2008","2008","12 years","12",220,1520755,14.5
,"Census Region 3: South","CENS-R3","2008","2008","13 years","13",292,1531804,19.1
,"Census Region 3: South","CENS-R3","2008","2008","14 years","14",347,1532089,22.6
,"Census Region 3: South","CENS-R3","2008","2008","15 years","15",540,1573867,34.3
,"Census Region 3: South","CENS-R3","2008","2008","16 years","16",773,1601362,48.3
,"Census Region 3: South","CENS-R3","2008","2008","17 years","17",1043,1618553,64.4
,"Census Region 3: South","CENS-R3","2008","2008","18 years","18",1414,1670935,84.6
,"Census Region 3: South","CENS-R3","2008","2008","19 years","19",1589,1627695,97.6
,"Census Region 3: South","CENS-R3","2008","2008","20 years","20",1653,1579928,104.6
,"Census Region 3: South","CENS-R3","2008","2008","21 years","21",1676,1567193,106.9
,"Census Region 3: South","CENS-R3","2008","2008","22 years","22",1795,1563177,114.8
,"Census Region 3: South","CENS-R3","2008","2008","23 years","23",1738,1571028,110.6
,"Census Region 3: South","CENS-R3","2008","2008","24 years","24",1811,1542565,117.4
,"Census Region 3: South","CENS-R3","2008","2008","25 years","25",1837,1569945,117.0
,"Census Region 3: South","CENS-R3","2008","2008","26 years","26",1799,1547042,116.3
,"Census Region 3: South","CENS-R3","2008","2008","27 years","27",1808,1594984,113.4
,"Census Region 3: South","CENS-R3","2008","2008","28 years","28",1899,1566267,121.2
,"Census Region 3: South","CENS-R3","2008","2008","29 years","29",1853,1457104,127.2
,"Census Region 3: South","CENS-R3","2008","2008","30 years","30",1876,1462676,128.3
,"Census Region 3: South","CENS-R3","2008","2008","31 years","31",1852,1417041,130.7
,"Census Region 3: South","CENS-R3","2008","2008","32 years","32",1822,1417756,128.5
,"Census Region 3: South","CENS-R3","2008","2008","33 years","33",1890,1458649,129.6
,"Census Region 3: South","CENS-R3","2008","2008","34 years","34",2035,1422752,143.0
,"Census Region 3: South","CENS-R3","2008","2008","35 years","35",2241,1474858,151.9
,"Census Region 3: South","CENS-R3","2008","2008","36 years","36",2388,1544044,154.7
,"Census Region 3: South","CENS-R3","2008","2008","37 years","37",2700,1606713,168.0
,"Census Region 3: South","CENS-R3","2008","2008","38 years","38",2823,1612187,175.1
,"Census Region 3: South","CENS-R3","2008","2008","39 years","39",2848,1533742,185.7
,"Census Region 3: South","CENS-R3","2008","2008","40 years","40",3130,1497112,209.1
,"Census Region 3: South","CENS-R3","2008","2008","41 years","41",3443,1505780,228.7
,"Census Region 3: South","CENS-R3","2008","2008","42 years","42",3842,1552693,247.4
,"Census Region 3: South","CENS-R3","2008","2008","43 years","43",4445,1657500,268.2
,"Census Region 3: South","CENS-R3","2008","2008","44 years","44",5152,1665865,309.3
,"Census Region 3: South","CENS-R3","2008","2008","45 years","45",5436,1653933,328.7
,"Census Region 3: South","CENS-R3","2008","2008","46 years","46",6096,1659845,367.3
,"Census Region 3: South","CENS-R3","2008","2008","47 years","47",6600,1678543,393.2
,"Census Region 3: South","CENS-R3","2008","2008","48 years","48",7002,1692417,413.7
,"Census Region 3: South","CENS-R3","2008","2008","49 years","49",7648,1630522,469.1
,"Census Region 3: South","CENS-R3","2008","2008","50 years","50",8343,1614024,516.9
,"Census Region 3: South","CENS-R3","2008","2008","51 years","51",8654,1614835,535.9
,"Census Region 3: South","CENS-R3","2008","2008","52 years","52",9097,1538344,591.4
,"Census Region 3: South","CENS-R3","2008","2008","53 years","53",9524,1553375,613.1
,"Census Region 3: South","CENS-R3","2008","2008","54 years","54",10095,1493814,675.8
,"Census Region 3: South","CENS-R3","2008","2008","55 years","55",10343,1423669,726.5
,"Census Region 3: South","CENS-R3","2008","2008","56 years","56",10694,1392087,768.2
,"Census Region 3: South","CENS-R3","2008","2008","57 years","57",11015,1356402,812.1
,"Census Region 3: South","CENS-R3","2008","2008","58 years","58",11481,1354274,847.8
,"Census Region 3: South","CENS-R3","2008","2008","59 years","59",12014,1312226,915.5
,"Census Region 3: South","CENS-R3","2008","2008","60 years","60",13152,1290552,1019.1
,"Census Region 3: South","CENS-R3","2008","2008","61 years","61",14126,1357089,1040.9
,"Census Region 3: South","CENS-R3","2008","2008","62 years","62",12246,1032774,1185.7
,"Census Region 3: South","CENS-R3","2008","2008","63 years","63",13093,1048098,1249.2
,"Census Region 3: South","CENS-R3","2008","2008","64 years","64",14189,1017557,1394.4
,"Census Region 3: South","CENS-R3","2008","2008","65 years","65",15319,1031561,1485.0
,"Census Region 3: South","CENS-R3","2008","2008","66 years","66",14649,916290,1598.7
,"Census Region 3: South","CENS-R3","2008","2008","67 years","67",14848,864142,1718.2
,"Census Region 3: South","CENS-R3","2008","2008","68 years","68",15149,832606,1819.5
,"Census Region 3: South","CENS-R3","2008","2008","69 years","69",15712,778578,2018.0
,"Census Region 3: South","CENS-R3","2008","2008","70 years","70",16173,747317,2164.1
,"Census Region 3: South","CENS-R3","2008","2008","71 years","71",16666,700738,2378.3
,"Census Region 3: South","CENS-R3","2008","2008","72 years","72",17595,681132,2583.2
,"Census Region 3: South","CENS-R3","2008","2008","73 years","73",18600,668485,2782.4
,"Census Region 3: South","CENS-R3","2008","2008","74 years","74",18939,599273,3160.3
,"Census Region 3: South","CENS-R3","2008","2008","75 years","75",20023,582711,3436.2
,"Census Region 3: South","CENS-R3","2008","2008","76 years","76",21107,563842,3743.4
,"Census Region 3: South","CENS-R3","2008","2008","77 years","77",22217,539014,4121.8
,"Census Region 3: South","CENS-R3","2008","2008","78 years","78",23607,532480,4433.4
,"Census Region 3: South","CENS-R3","2008","2008","79 years","79",24226,488548,4958.8
,"Census Region 3: South","CENS-R3","2008","2008","80 years","80",25581,462245,5534.1
,"Census Region 3: South","CENS-R3","2008","2008","81 years","81",26048,436633,5965.7
,"Census Region 3: South","CENS-R3","2008","2008","82 years","82",26478,396649,6675.4
,"Census Region 3: South","CENS-R3","2008","2008","83 years","83",27879,376033,7414.0
,"Census Region 3: South","CENS-R3","2008","2008","84 years","84",28009,336929,8313.0
,"Census Region 3: South","CENS-R3","2008","2008","85 years","85",27603,Not Applicable,Not Applicable
,"Census Region 3: South","CENS-R3","2008","2008","86 years","86",27829,Not Applicable,Not Applicable
,"Census Region 3: South","CENS-R3","2008","2008","87 years","87",26848,Not Applicable,Not Applicable
,"Census Region 3: South","CENS-R3","2008","2008","88 years","88",25550,Not Applicable,Not Applicable
,"Census Region 3: South","CENS-R3","2008","2008","89 years","89",22438,Not Applicable,Not Applicable
,"Census Region 3: South","CENS-R3","2008","2008","90 years","90",20704,Not Applicable,Not Applicable
,"Census Region 3: South","CENS-R3","2008","2008","91 years","91",18649,Not Applicable,Not Applicable
,"Census Region 3: South","CENS-R3","2008","2008","92 years","92",16434,Not Applicable,Not Applicable
,"Census Region 3: South","CENS-R3","2008","2008","93 years","93",14638,Not Applicable,Not Applicable
,"Census Region 3: South","CENS-R3","2008","2008","94 years","94",12602,Not Applicable,Not Applicable
,"Census Region 3: South","CENS-R3","2008","2008","95 years","95",10169,Not Applicable,Not Applicable
,"Census Region 3: South","CENS-R3","2008","2008","96 years","96",8068,Not Applicable,Not Applicable
,"Census Region 3: South","CENS-R3","2008","2008","97 years","97",6259,Not Applicable,Not Applicable
,"Census Region 3: South","CENS-R3","2008","2008","98 years","98",4738,Not Applicable,Not Applicable
,"Census Region 3: South","CENS-R3","2008","2008","99 years","99",3317,Not Applicable,Not Applicable
,"Census Region 3: South","CENS-R3","2009","2009","1 year","1",767,1554534,49.3
,"Census Region 3: South","CENS-R3","2009","2009","2 years","2",529,1555329,34.0
,"Census Region 3: South","CENS-R3","2009","2009","3 years","3",399,1519006,26.3
,"Census Region 3: South","CENS-R3","2009","2009","4 years","4",297,1530844,19.4
,"Census Region 3: South","CENS-R3","2009","2009","5 years","5",246,1527949,16.1
,"Census Region 3: South","CENS-R3","2009","2009","6 years","6",215,1506780,14.3
,"Census Region 3: South","CENS-R3","2009","2009","7 years","7",200,1517497,13.2
,"Census Region 3: South","CENS-R3","2009","2009","8 years","8",177,1542541,11.5
,"Census Region 3: South","CENS-R3","2009","2009","9 years","9",200,1492142,13.4
,"Census Region 3: South","CENS-R3","2009","2009","10 years","10",195,1548909,12.6
,"Census Region 3: South","CENS-R3","2009","2009","11 years","11",257,1516899,16.9
,"Census Region 3: South","CENS-R3","2009","2009","12 years","12",241,1520760,15.8
,"Census Region 3: South","CENS-R3","2009","2009","13 years","13",280,1527645,18.3
,"Census Region 3: South","CENS-R3","2009","2009","14 years","14",341,1531292,22.3
,"Census Region 3: South","CENS-R3","2009","2009","15 years","15",466,1556689,29.9
,"Census Region 3: South","CENS-R3","2009","2009","16 years","16",716,1594506,44.9
,"Census Region 3: South","CENS-R3","2009","2009","17 years","17",918,1610005,57.0
,"Census Region 3: South","CENS-R3","2009","2009","18 years","18",1266,1658431,76.3
,"Census Region 3: South","CENS-R3","2009","2009","19 years","19",1416,1701047,83.2
,"Census Region 3: South","CENS-R3","2009","2009","20 years","20",1498,1620139,92.5
,"Census Region 3: South","CENS-R3","2009","2009","21 years","21",1666,1588447,104.9
,"Census Region 3: South","CENS-R3","2009","2009","22 years","22",1579,1560876,101.2
,"Census Region 3: South","CENS-R3","2009","2009","23 years","23",1696,1572435,107.9
,"Census Region 3: South","CENS-R3","2009","2009","24 years","24",1703,1572392,108.3
,"Census Region 3: South","CENS-R3","2009","2009","25 years","25",1683,1559968,107.9
,"Census Region 3: South","CENS-R3","2009","2009","26 years","26",1771,1554520,113.9
,"Census Region 3: South","CENS-R3","2009","2009","27 years","27",1756,1570089,111.8
,"Census Region 3: South","CENS-R3","2009","2009","28 years","28",1838,1590822,115.5
,"Census Region 3: South","CENS-R3","2009","2009","29 years","29",1910,1546447,123.5
,"Census Region 3: South","CENS-R3","2009","2009","30 years","30",1915,1510974,126.7
,"Census Region 3: South","CENS-R3","2009","2009","31 years","31",1861,1450396,128.3
,"Census Region 3: South","CENS-R3","2009","2009","32 years","32",1813,1457733,124.4
,"Census Region 3: South","CENS-R3","2009","2009","33 years","33",1908,1430017,133.4
,"Census Region 3: South","CENS-R3","2009","2009","34 years","34",2076,1461662,142.0
,"Census Region 3: South","CENS-R3","2009","2009","35 years","35",2176,1440417,151.1
,"Census Region 3: South","CENS-R3","2009","2009","36 years","36",2320,1482325,156.5
,"Census Region 3: South","CENS-R3","2009","2009","37 years","37",2522,1545777,163.2
,"Census Region 3: South","CENS-R3","2009","2009","38 years","38",2881,1619642,177.9
,"Census Region 3: South","CENS-R3","2009","2009","39 years","39",3053,1625806,187.8
,"Census Region 3: South","CENS-R3","2009","2009","40 years","40",3151,1535899,205.2
,"Census Region 3: South","CENS-R3","2009","2009","41 years","41",3343,1509892,221.4
,"Census Region 3: South","CENS-R3","2009","2009","42 years","42",3737,1509239,247.6
,"Census Region 3: South","CENS-R3","2009","2009","43 years","43",4103,1560767,262.9
,"Census Region 3: South","CENS-R3","2009","2009","44 years","44",4833,1644024,294.0
,"Census Region 3: South","CENS-R3","2009","2009","45 years","45",5346,1669984,320.1
,"Census Region 3: South","CENS-R3","2009","2009","46 years","46",5879,1670105,352.0
,"Census Region 3: South","CENS-R3","2009","2009","47 years","47",6463,1670960,386.8
,"Census Region 3: South","CENS-R3","2009","2009","48 years","48",7032,1675143,419.8
,"Census Region 3: South","CENS-R3","2009","2009","49 years","49",7485,1699872,440.3
,"Census Region 3: South","CENS-R3","2009","2009","50 years","50",8105,1621109,500.0
,"Census Region 3: South","CENS-R3","2009","2009","51 years","51",8777,1632224,537.7
,"Census Region 3: South","CENS-R3","2009","2009","52 years","52",9575,1603163,597.3
,"Census Region 3: South","CENS-R3","2009","2009","53 years","53",9862,1549994,636.3
,"Census Region 3: South","CENS-R3","2009","2009","54 years","54",10313,1559597,661.3
,"Census Region 3: South","CENS-R3","2009","2009","55 years","55",10699,1474683,725.5
,"Census Region 3: South","CENS-R3","2009","2009","56 years","56",11054,1439599,767.9
,"Census Region 3: South","CENS-R3","2009","2009","57 years","57",11409,1382538,825.2
,"Census Region 3: South","CENS-R3","2009","2009","58 years","58",11718,1355328,864.6
,"Census Region 3: South","CENS-R3","2009","2009","59 years","59",12401,1344773,922.2
,"Census Region 3: South","CENS-R3","2009","2009","60 years","60",12937,1289008,1003.6
,"Census Region 3: South","CENS-R3","2009","2009","61 years","61",13699,1310866,1045.0
,"Census Region 3: South","CENS-R3","2009","2009","62 years","62",15205,1354075,1122.9
,"Census Region 3: South","CENS-R3","2009","2009","63 years","63",13210,1043830,1265.5
,"Census Region 3: South","CENS-R3","2009","2009","64 years","64",13630,1026493,1327.8
,"Census Region 3: South","CENS-R3","2009","2009","65 years","65",14803,1015580,1457.6
,"Census Region 3: South","CENS-R3","2009","2009","66 years","66",15990,1023491,1562.3
,"Census Region 3: South","CENS-R3","2009","2009","67 years","67",15220,914265,1664.7
,"Census Region 3: South","CENS-R3","2009","2009","68 years","68",15271,852080,1792.2
,"Census Region 3: South","CENS-R3","2009","2009","69 years","69",15558,817052,1904.2
,"Census Region 3: South","CENS-R3","2009","2009","70 years","70",16196,757683,2137.6
,"Census Region 3: South","CENS-R3","2009","2009","71 years","71",16921,740157,2286.1
,"Census Region 3: South","CENS-R3","2009","2009","72 years","72",17146,682152,2513.5
,"Census Region 3: South","CENS-R3","2009","2009","73 years","73",18307,663764,2758.1
,"Census Region 3: South","CENS-R3","2009","2009","74 years","74",19342,647132,2988.9
,"Census Region 3: South","CENS-R3","2009","2009","75 years","75",19250,574545,3350.5
,"Census Region 3: South","CENS-R3","2009","2009","76 years","76",20314,567894,3577.1
,"Census Region 3: South","CENS-R3","2009","2009","77 years","77",21365,538661,3966.3
,"Census Region 3: South","CENS-R3","2009","2009","78 years","78",22775,519199,4386.6
,"Census Region 3: South","CENS-R3","2009","2009","79 years","79",23762,504967,4705.7
,"Census Region 3: South","CENS-R3","2009","2009","80 years","80",24313,459442,5291.9
,"Census Region 3: South","CENS-R3","2009","2009","81 years","81",25424,439244,5788.1
,"Census Region 3: South","CENS-R3","2009","2009","82 years","82",26356,406548,6482.9
,"Census Region 3: South","CENS-R3","2009","2009","83 years","83",26660,371152,7183.0
,"Census Region 3: South","CENS-R3","2009","2009","84 years","84",27648,344746,8019.8
,"Census Region 3: South","CENS-R3","2009","2009","85 years","85",27228,Not Applicable,Not Applicable
,"Census Region 3: South","CENS-R3","2009","2009","86 years","86",26969,Not Applicable,Not Applicable
,"Census Region 3: South","CENS-R3","2009","2009","87 years","87",26539,Not Applicable,Not Applicable
,"Census Region 3: South","CENS-R3","2009","2009","88 years","88",25424,Not Applicable,Not Applicable
,"Census Region 3: South","CENS-R3","2009","2009","89 years","89",23396,Not Applicable,Not Applicable
,"Census Region 3: South","CENS-R3","2009","2009","90 years","90",20468,Not Applicable,Not Applicable
,"Census Region 3: South","CENS-R3","2009","2009","91 years","91",18642,Not Applicable,Not Applicable
,"Census Region 3: South","CENS-R3","2009","2009","92 years","92",16349,Not Applicable,Not Applicable
,"Census Region 3: South","CENS-R3","2009","2009","93 years","93",14255,Not Applicable,Not Applicable
,"Census Region 3: South","CENS-R3","2009","2009","94 years","94",12331,Not Applicable,Not Applicable
,"Census Region 3: South","CENS-R3","2009","2009","95 years","95",9875,Not Applicable,Not Applicable
,"Census Region 3: South","CENS-R3","2009","2009","96 years","96",8060,Not Applicable,Not Applicable
,"Census Region 3: South","CENS-R3","2009","2009","97 years","97",5898,Not Applicable,Not Applicable
,"Census Region 3: South","CENS-R3","2009","2009","98 years","98",4489,Not Applicable,Not Applicable
,"Census Region 3: South","CENS-R3","2009","2009","99 years","99",3358,Not Applicable,Not Applicable
,"Census Region 3: South","CENS-R3","2010","2010","1 year","1",742,1511500,49.1
,"Census Region 3: South","CENS-R3","2010","2010","2 years","2",521,1558397,33.4
,"Census Region 3: South","CENS-R3","2010","2010","3 years","3",389,1562845,24.9
,"Census Region 3: South","CENS-R3","2010","2010","4 years","4",255,1538526,16.6
,"Census Region 3: South","CENS-R3","2010","2010","5 years","5",215,1531848,14.0
,"Census Region 3: South","CENS-R3","2010","2010","6 years","6",173,1529148,11.3
,"Census Region 3: South","CENS-R3","2010","2010","7 years","7",206,1517077,13.6
,"Census Region 3: South","CENS-R3","2010","2010","8 years","8",205,1528318,13.4
,"Census Region 3: South","CENS-R3","2010","2010","9 years","9",191,1567968,12.2
,"Census Region 3: South","CENS-R3","2010","2010","10 years","10",170,1574238,10.8
,"Census Region 3: South","CENS-R3","2010","2010","11 years","11",213,1542546,13.8
,"Census Region 3: South","CENS-R3","2010","2010","12 years","12",219,1530915,14.3
,"Census Region 3: South","CENS-R3","2010","2010","13 years","13",265,1523194,17.4
,"Census Region 3: South","CENS-R3","2010","2010","14 years","14",354,1530177,23.1
,"Census Region 3: South","CENS-R3","2010","2010","15 years","15",412,1552969,26.5
,"Census Region 3: South","CENS-R3","2010","2010","16 years","16",682,1580265,43.2
,"Census Region 3: South","CENS-R3","2010","2010","17 years","17",844,1608153,52.5
,"Census Region 3: South","CENS-R3","2010","2010","18 years","18",1143,1651819,69.2
,"Census Region 3: South","CENS-R3","2010","2010","19 years","19",1343,1695818,79.2
,"Census Region 3: South","CENS-R3","2010","2010","20 years","20",1403,1672204,83.9
,"Census Region 3: South","CENS-R3","2010","2010","21 years","21",1546,1612100,95.9
,"Census Region 3: South","CENS-R3","2010","2010","22 years","22",1522,1576696,96.5
,"Census Region 3: South","CENS-R3","2010","2010","23 years","23",1579,1561988,101.1
,"Census Region 3: South","CENS-R3","2010","2010","24 years","24",1670,1576595,105.9
,"Census Region 3: South","CENS-R3","2010","2010","25 years","25",1678,1578122,106.3
,"Census Region 3: South","CENS-R3","2010","2010","26 years","26",1711,1542522,110.9
,"Census Region 3: South","CENS-R3","2010","2010","27 years","27",1715,1579850,108.6
,"Census Region 3: South","CENS-R3","2010","2010","28 years","28",1791,1562694,114.6
,"Census Region 3: South","CENS-R3","2010","2010","29 years","29",1856,1571923,118.1
,"Census Region 3: South","CENS-R3","2010","2010","30 years","30",1945,1589029,122.4
,"Census Region 3: South","CENS-R3","2010","2010","31 years","31",1956,1480137,132.1
,"Census Region 3: South","CENS-R3","2010","2010","32 years","32",1920,1489406,128.9
,"Census Region 3: South","CENS-R3","2010","2010","33 years","33",1958,1452621,134.8
,"Census Region 3: South","CENS-R3","2010","2010","34 years","34",1980,1437712,137.7
,"Census Region 3: South","CENS-R3","2010","2010","35 years","35",2092,1481206,141.2
,"Census Region 3: South","CENS-R3","2010","2010","36 years","36",2159,1439072,150.0
,"Census Region 3: South","CENS-R3","2010","2010","37 years","37",2469,1497951,164.8
,"Census Region 3: South","CENS-R3","2010","2010","38 years","38",2721,1567228,173.6
,"Census Region 3: South","CENS-R3","2010","2010","39 years","39",3039,1641709,185.1
,"Census Region 3: South","CENS-R3","2010","2010","40 years","40",3038,1625156,186.9
,"Census Region 3: South","CENS-R3","2010","2010","41 years","41",3161,1527554,206.9
,"Census Region 3: South","CENS-R3","2010","2010","42 years","42",3559,1509778,235.7
,"Census Region 3: South","CENS-R3","2010","2010","43 years","43",3845,1520253,252.9
,"Census Region 3: South","CENS-R3","2010","2010","44 years","44",4350,1561436,278.6
,"Census Region 3: South","CENS-R3","2010","2010","45 years","45",5097,1673808,304.5
,"Census Region 3: South","CENS-R3","2010","2010","46 years","46",5711,1677515,340.4
,"Census Region 3: South","CENS-R3","2010","2010","47 years","47",6300,1675895,375.9
,"Census Region 3: South","CENS-R3","2010","2010","48 years","48",6787,1666380,407.3
,"Census Region 3: South","CENS-R3","2010","2010","49 years","49",7341,1681309,436.6
,"Census Region 3: South","CENS-R3","2010","2010","50 years","50",8319,1694391,491.0
,"Census Region 3: South","CENS-R3","2010","2010","51 years","51",8633,1621441,532.4
,"Census Region 3: South","CENS-R3","2010","2010","52 years","52",9404,1629228,577.2
,"Census Region 3: South","CENS-R3","2010","2010","53 years","53",9905,1590118,622.9
,"Census Region 3: South","CENS-R3","2010","2010","54 years","54",10372,1555302,666.9
,"Census Region 3: South","CENS-R3","2010","2010","55 years","55",10760,1539924,698.7
,"Census Region 3: South","CENS-R3","2010","2010","56 years","56",11249,1466338,767.1
,"Census Region 3: South","CENS-R3","2010","2010","57 years","57",11614,1425968,814.5
,"Census Region 3: South","CENS-R3","2010","2010","58 years","58",11990,1377977,870.1
,"Census Region 3: South","CENS-R3","2010","2010","59 years","59",12510,1328679,941.5
,"Census Region 3: South","CENS-R3","2010","2010","60 years","60",12855,1326146,969.4
,"Census Region 3: South","CENS-R3","2010","2010","61 years","61",13702,1296049,1057.2
,"Census Region 3: South","CENS-R3","2010","2010","62 years","62",14793,1329327,1112.8
,"Census Region 3: South","CENS-R3","2010","2010","63 years","63",15920,1307534,1217.6
,"Census Region 3: South","CENS-R3","2010","2010","64 years","64",13825,1007094,1372.8
,"Census Region 3: South","CENS-R3","2010","2010","65 years","65",14685,1023653,1434.6
,"Census Region 3: South","CENS-R3","2010","2010","66 years","66",15506,1009844,1535.5
,"Census Region 3: South","CENS-R3","2010","2010","67 years","67",16732,1006213,1662.9
,"Census Region 3: South","CENS-R3","2010","2010","68 years","68",16226,889722,1823.7
,"Census Region 3: South","CENS-R3","2010","2010","69 years","69",16350,826902,1977.3
,"Census Region 3: South","CENS-R3","2010","2010","70 years","70",16727,787279,2124.7
,"Census Region 3: South","CENS-R3","2010","2010","71 years","71",16932,746920,2266.9
,"Census Region 3: South","CENS-R3","2010","2010","72 years","72",17949,713355,2516.1
,"Census Region 3: South","CENS-R3","2010","2010","73 years","73",18151,659947,2750.4
,"Census Region 3: South","CENS-R3","2010","2010","74 years","74",19116,642924,2973.3
,"Census Region 3: South","CENS-R3","2010","2010","75 years","75",20282,616856,3288.0
,"Census Region 3: South","CENS-R3","2010","2010","76 years","76",20342,554668,3667.4
,"Census Region 3: South","CENS-R3","2010","2010","77 years","77",21503,544037,3952.5
,"Census Region 3: South","CENS-R3","2010","2010","78 years","78",22715,516610,4396.9
,"Census Region 3: South","CENS-R3","2010","2010","79 years","79",23610,497453,4746.2
,"Census Region 3: South","CENS-R3","2010","2010","80 years","80",25017,472494,5294.7
,"Census Region 3: South","CENS-R3","2010","2010","81 years","81",25145,434648,5785.1
,"Census Region 3: South","CENS-R3","2010","2010","82 years","82",26761,410586,6517.8
,"Census Region 3: South","CENS-R3","2010","2010","83 years","83",26980,377029,7155.9
,"Census Region 3: South","CENS-R3","2010","2010","84 years","84",27347,340863,8022.9
,"Census Region 3: South","CENS-R3","2010","2010","85 years","85",28124,Not Applicable,Not Applicable
,"Census Region 3: South","CENS-R3","2010","2010","86 years","86",27829,Not Applicable,Not Applicable
,"Census Region 3: South","CENS-R3","2010","2010","87 years","87",26609,Not Applicable,Not Applicable
,"Census Region 3: South","CENS-R3","2010","2010","88 years","88",26340,Not Applicable,Not Applicable
,"Census Region 3: South","CENS-R3","2010","2010","89 years","89",24845,Not Applicable,Not Applicable
,"Census Region 3: South","CENS-R3","2010","2010","90 years","90",22814,Not Applicable,Not Applicable
,"Census Region 3: South","CENS-R3","2010","2010","91 years","91",19351,Not Applicable,Not Applicable
,"Census Region 3: South","CENS-R3","2010","2010","92 years","92",17445,Not Applicable,Not Applicable
,"Census Region 3: South","CENS-R3","2010","2010","93 years","93",14793,Not Applicable,Not Applicable
,"Census Region 3: South","CENS-R3","2010","2010","94 years","94",12588,Not Applicable,Not Applicable
,"Census Region 3: South","CENS-R3","2010","2010","95 years","95",10850,Not Applicable,Not Applicable
,"Census Region 3: South","CENS-R3","2010","2010","96 years","96",8412,Not Applicable,Not Applicable
,"Census Region 3: South","CENS-R3","2010","2010","97 years","97",6524,Not Applicable,Not Applicable
,"Census Region 3: South","CENS-R3","2010","2010","98 years","98",4689,Not Applicable,Not Applicable
,"Census Region 3: South","CENS-R3","2010","2010","99 years","99",3451,Not Applicable,Not Applicable
,"Census Region 3: South","CENS-R3","2011","2011","1 year","1",732,1516437,48.3
,"Census Region 3: South","CENS-R3","2011","2011","2 years","2",484,1514821,32.0
,"Census Region 3: South","CENS-R3","2011","2011","3 years","3",366,1567185,23.4
,"Census Region 3: South","CENS-R3","2011","2011","4 years","4",302,1571176,19.2
,"Census Region 3: South","CENS-R3","2011","2011","5 years","5",241,1554143,15.5
,"Census Region 3: South","CENS-R3","2011","2011","6 years","6",206,1545369,13.3
,"Census Region 3: South","CENS-R3","2011","2011","7 years","7",191,1542157,12.4
,"Census Region 3: South","CENS-R3","2011","2011","8 years","8",218,1530562,14.2
,"Census Region 3: South","CENS-R3","2011","2011","9 years","9",189,1529194,12.4
,"Census Region 3: South","CENS-R3","2011","2011","10 years","10",192,1567777,12.2
,"Census Region 3: South","CENS-R3","2011","2011","11 years","11",203,1587951,12.8
,"Census Region 3: South","CENS-R3","2011","2011","12 years","12",217,1551307,14.0
,"Census Region 3: South","CENS-R3","2011","2011","13 years","13",263,1541961,17.1
,"Census Region 3: South","CENS-R3","2011","2011","14 years","14",356,1532590,23.2
,"Census Region 3: South","CENS-R3","2011","2011","15 years","15",395,1531184,25.8
,"Census Region 3: South","CENS-R3","2011","2011","16 years","16",628,1557993,40.3
,"Census Region 3: South","CENS-R3","2011","2011","17 years","17",802,1590340,50.4
,"Census Region 3: South","CENS-R3","2011","2011","18 years","18",1097,1609621,68.2
,"Census Region 3: South","CENS-R3","2011","2011","19 years","19",1402,1662582,84.3
,"Census Region 3: South","CENS-R3","2011","2011","20 years","20",1396,1706777,81.8
,"Census Region 3: South","CENS-R3","2011","2011","21 years","21",1578,1709664,92.3
,"Census Region 3: South","CENS-R3","2011","2011","22 years","22",1624,1652131,98.3
,"Census Region 3: South","CENS-R3","2011","2011","23 years","23",1621,1608931,100.8
,"Census Region 3: South","CENS-R3","2011","2011","24 years","24",1596,1583413,100.8
,"Census Region 3: South","CENS-R3","2011","2011","25 years","25",1657,1585679,104.5
,"Census Region 3: South","CENS-R3","2011","2011","26 years","26",1733,1600222,108.3
,"Census Region 3: South","CENS-R3","2011","2011","27 years","27",1731,1556055,111.2
,"Census Region 3: South","CENS-R3","2011","2011","28 years","28",1761,1585503,111.1
,"Census Region 3: South","CENS-R3","2011","2011","29 years","29",1883,1584427,118.8
,"Census Region 3: South","CENS-R3","2011","2011","30 years","30",1898,1576403,120.4
,"Census Region 3: South","CENS-R3","2011","2011","31 years","31",1993,1605663,124.1
,"Census Region 3: South","CENS-R3","2011","2011","32 years","32",2005,1515499,132.3
,"Census Region 3: South","CENS-R3","2011","2011","33 years","33",2056,1489968,138.0
,"Census Region 3: South","CENS-R3","2011","2011","34 years","34",2070,1481082,139.8
,"Census Region 3: South","CENS-R3","2011","2011","35 years","35",2109,1437896,146.7
,"Census Region 3: South","CENS-R3","2011","2011","36 years","36",2234,1485742,150.4
,"Census Region 3: South","CENS-R3","2011","2011","37 years","37",2275,1456088,156.2
,"Census Region 3: South","CENS-R3","2011","2011","38 years","38",2546,1488872,171.0
,"Census Region 3: South","CENS-R3","2011","2011","39 years","39",2810,1557496,180.4
,"Census Region 3: South","CENS-R3","2011","2011","40 years","40",3186,1631500,195.3
,"Census Region 3: South","CENS-R3","2011","2011","41 years","41",3252,1630875,199.4
,"Census Region 3: South","CENS-R3","2011","2011","42 years","42",3589,1548276,231.8
,"Census Region 3: South","CENS-R3","2011","2011","43 years","43",3799,1514383,250.9
,"Census Region 3: South","CENS-R3","2011","2011","44 years","44",4043,1517720,266.4
,"Census Region 3: South","CENS-R3","2011","2011","45 years","45",4759,1550251,307.0
,"Census Region 3: South","CENS-R3","2011","2011","46 years","46",5423,1648432,329.0
,"Census Region 3: South","CENS-R3","2011","2011","47 years","47",6220,1682640,369.7
,"Census Region 3: South","CENS-R3","2011","2011","48 years","48",6748,1674294,403.0
,"Census Region 3: South","CENS-R3","2011","2011","49 years","49",7403,1664089,444.9
,"Census Region 3: South","CENS-R3","2011","2011","50 years","50",8285,1676255,494.3
,"Census Region 3: South","CENS-R3","2011","2011","51 years","51",8785,1686128,521.0
,"Census Region 3: South","CENS-R3","2011","2011","52 years","52",9486,1631730,581.3
,"Census Region 3: South","CENS-R3","2011","2011","53 years","53",10011,1616891,619.2
,"Census Region 3: South","CENS-R3","2011","2011","54 years","54",10632,1607118,661.6
,"Census Region 3: South","CENS-R3","2011","2011","55 years","55",11091,1549597,715.7
,"Census Region 3: South","CENS-R3","2011","2011","56 years","56",11720,1536401,762.8
,"Census Region 3: South","CENS-R3","2011","2011","57 years","57",12041,1481980,812.5
,"Census Region 3: South","CENS-R3","2011","2011","58 years","58",12336,1424108,866.2
,"Census Region 3: South","CENS-R3","2011","2011","59 years","59",12622,1374274,918.4
,"Census Region 3: South","CENS-R3","2011","2011","60 years","60",13350,1341563,995.1
,"Census Region 3: South","CENS-R3","2011","2011","61 years","61",13414,1318666,1017.2
,"Census Region 3: South","CENS-R3","2011","2011","62 years","62",14503,1300161,1115.5
,"Census Region 3: South","CENS-R3","2011","2011","63 years","63",15587,1298067,1200.8
,"Census Region 3: South","CENS-R3","2011","2011","64 years","64",17025,1360570,1251.3
,"Census Region 3: South","CENS-R3","2011","2011","65 years","65",14388,1015658,1416.6
,"Census Region 3: South","CENS-R3","2011","2011","66 years","66",15087,1012732,1489.7
,"Census Region 3: South","CENS-R3","2011","2011","67 years","67",16270,991922,1640.2
,"Census Region 3: South","CENS-R3","2011","2011","68 years","68",17883,1009472,1771.5
,"Census Region 3: South","CENS-R3","2011","2011","69 years","69",16999,890233,1909.5
,"Census Region 3: South","CENS-R3","2011","2011","70 years","70",17296,823716,2099.8
,"Census Region 3: South","CENS-R3","2011","2011","71 years","71",17305,780311,2217.7
,"Census Region 3: South","CENS-R3","2011","2011","72 years","72",17995,732965,2455.1
,"Census Region 3: South","CENS-R3","2011","2011","73 years","73",18901,704437,2683.1
,"Census Region 3: South","CENS-R3","2011","2011","74 years","74",19083,648325,2943.4
,"Census Region 3: South","CENS-R3","2011","2011","75 years","75",20121,625590,3216.3
,"Census Region 3: South","CENS-R3","2011","2011","76 years","76",21039,602086,3494.4
,"Census Region 3: South","CENS-R3","2011","2011","77 years","77",20968,539391,3887.3
,"Census Region 3: South","CENS-R3","2011","2011","78 years","78",22155,521115,4251.5
,"Census Region 3: South","CENS-R3","2011","2011","79 years","79",23334,496038,4704.1
,"Census Region 3: South","CENS-R3","2011","2011","80 years","80",24371,469290,5193.2
,"Census Region 3: South","CENS-R3","2011","2011","81 years","81",25811,451726,5713.9
,"Census Region 3: South","CENS-R3","2011","2011","82 years","82",26326,410083,6419.7
,"Census Region 3: South","CENS-R3","2011","2011","83 years","83",27344,383355,7132.8
,"Census Region 3: South","CENS-R3","2011","2011","84 years","84",27463,353400,7771.1
,"Census Region 3: South","CENS-R3","2011","2011","85 years","85",27579,Not Applicable,Not Applicable
,"Census Region 3: South","CENS-R3","2011","2011","86 years","86",27654,Not Applicable,Not Applicable
,"Census Region 3: South","CENS-R3","2011","2011","87 years","87",27441,Not Applicable,Not Applicable
,"Census Region 3: South","CENS-R3","2011","2011","88 years","88",26059,Not Applicable,Not Applicable
,"Census Region 3: South","CENS-R3","2011","2011","89 years","89",25535,Not Applicable,Not Applicable
,"Census Region 3: South","CENS-R3","2011","2011","90 years","90",23749,Not Applicable,Not Applicable
,"Census Region 3: South","CENS-R3","2011","2011","91 years","91",20836,Not Applicable,Not Applicable
,"Census Region 3: South","CENS-R3","2011","2011","92 years","92",17659,Not Applicable,Not Applicable
,"Census Region 3: South","CENS-R3","2011","2011","93 years","93",15476,Not Applicable,Not Applicable
,"Census Region 3: South","CENS-R3","2011","2011","94 years","94",12844,Not Applicable,Not Applicable
,"Census Region 3: South","CENS-R3","2011","2011","95 years","95",10715,Not Applicable,Not Applicable
,"Census Region 3: South","CENS-R3","2011","2011","96 years","96",8598,Not Applicable,Not Applicable
,"Census Region 3: South","CENS-R3","2011","2011","97 years","97",6794,Not Applicable,Not Applicable
,"Census Region 3: South","CENS-R3","2011","2011","98 years","98",5073,Not Applicable,Not Applicable
,"Census Region 3: South","CENS-R3","2011","2011","99 years","99",3531,Not Applicable,Not Applicable
,"Census Region 3: South","CENS-R3","2012","2012","1 year","1",731,1510383,48.4
,"Census Region 3: South","CENS-R3","2012","2012","2 years","2",493,1523812,32.4
,"Census Region 3: South","CENS-R3","2012","2012","3 years","3",364,1523204,23.9
,"Census Region 3: South","CENS-R3","2012","2012","4 years","4",302,1575946,19.2
,"Census Region 3: South","CENS-R3","2012","2012","5 years","5",234,1579717,14.8
,"Census Region 3: South","CENS-R3","2012","2012","6 years","6",167,1563170,10.7
,"Census Region 3: South","CENS-R3","2012","2012","7 years","7",211,1554026,13.6
,"Census Region 3: South","CENS-R3","2012","2012","8 years","8",183,1549371,11.8
,"Census Region 3: South","CENS-R3","2012","2012","9 years","9",201,1538955,13.1
,"Census Region 3: South","CENS-R3","2012","2012","10 years","10",167,1537460,10.9
,"Census Region 3: South","CENS-R3","2012","2012","11 years","11",223,1575734,14.2
,"Census Region 3: South","CENS-R3","2012","2012","12 years","12",209,1596504,13.1
,"Census Region 3: South","CENS-R3","2012","2012","13 years","13",274,1559517,17.6
,"Census Region 3: South","CENS-R3","2012","2012","14 years","14",326,1549806,21.0
,"Census Region 3: South","CENS-R3","2012","2012","15 years","15",447,1540718,29.0
,"Census Region 3: South","CENS-R3","2012","2012","16 years","16",589,1538905,38.3
,"Census Region 3: South","CENS-R3","2012","2012","17 years","17",761,1567045,48.6
,"Census Region 3: South","CENS-R3","2012","2012","18 years","18",1117,1596066,70.0
,"Census Region 3: South","CENS-R3","2012","2012","19 years","19",1242,1625532,76.4
,"Census Region 3: South","CENS-R3","2012","2012","20 years","20",1400,1681733,83.2
,"Census Region 3: South","CENS-R3","2012","2012","21 years","21",1568,1731999,90.5
,"Census Region 3: South","CENS-R3","2012","2012","22 years","22",1704,1741244,97.9
,"Census Region 3: South","CENS-R3","2012","2012","23 years","23",1572,1680397,93.5
,"Census Region 3: South","CENS-R3","2012","2012","24 years","24",1589,1626347,97.7
,"Census Region 3: South","CENS-R3","2012","2012","25 years","25",1647,1598090,103.1
,"Census Region 3: South","CENS-R3","2012","2012","26 years","26",1731,1600116,108.2
,"Census Region 3: South","CENS-R3","2012","2012","27 years","27",1711,1613224,106.1
,"Census Region 3: South","CENS-R3","2012","2012","28 years","28",1798,1569108,114.6
,"Census Region 3: South","CENS-R3","2012","2012","29 years","29",1890,1597458,118.3
,"Census Region 3: South","CENS-R3","2012","2012","30 years","30",1973,1596145,123.6
,"Census Region 3: South","CENS-R3","2012","2012","31 years","31",1973,1588588,124.2
,"Census Region 3: South","CENS-R3","2012","2012","32 years","32",1959,1616422,121.2
,"Census Region 3: South","CENS-R3","2012","2012","33 years","33",2100,1525372,137.7
,"Census Region 3: South","CENS-R3","2012","2012","34 years","34",2039,1500444,135.9
,"Census Region 3: South","CENS-R3","2012","2012","35 years","35",2166,1488578,145.5
,"Census Region 3: South","CENS-R3","2012","2012","36 years","36",2265,1446676,156.6
,"Census Region 3: South","CENS-R3","2012","2012","37 years","37",2361,1493203,158.1
,"Census Region 3: South","CENS-R3","2012","2012","38 years","38",2450,1462860,167.5
,"Census Region 3: South","CENS-R3","2012","2012","39 years","39",2719,1494726,181.9
,"Census Region 3: South","CENS-R3","2012","2012","40 years","40",3015,1562739,192.9
,"Census Region 3: South","CENS-R3","2012","2012","41 years","41",3490,1637543,213.1
,"Census Region 3: South","CENS-R3","2012","2012","42 years","42",3665,1634509,224.2
,"Census Region 3: South","CENS-R3","2012","2012","43 years","43",3746,1551148,241.5
,"Census Region 3: South","CENS-R3","2012","2012","44 years","44",4068,1517185,268.1
,"Census Region 3: South","CENS-R3","2012","2012","45 years","45",4521,1519527,297.5
,"Census Region 3: South","CENS-R3","2012","2012","46 years","46",4994,1551441,321.9
,"Census Region 3: South","CENS-R3","2012","2012","47 years","47",5877,1649437,356.3
,"Census Region 3: South","CENS-R3","2012","2012","48 years","48",6783,1681060,403.5
,"Census Region 3: South","CENS-R3","2012","2012","49 years","49",7249,1672558,433.4
,"Census Region 3: South","CENS-R3","2012","2012","50 years","50",8069,1661106,485.8
,"Census Region 3: South","CENS-R3","2012","2012","51 years","51",8899,1673513,531.8
,"Census Region 3: South","CENS-R3","2012","2012","52 years","52",9441,1682601,561.1
,"Census Region 3: South","CENS-R3","2012","2012","53 years","53",9890,1628070,607.5
,"Census Region 3: South","CENS-R3","2012","2012","54 years","54",10600,1612290,657.4
,"Census Region 3: South","CENS-R3","2012","2012","55 years","55",11705,1601826,730.7
,"Census Region 3: South","CENS-R3","2012","2012","56 years","56",12154,1544097,787.1
,"Census Region 3: South","CENS-R3","2012","2012","57 years","57",12545,1530224,819.8
,"Census Region 3: South","CENS-R3","2012","2012","58 years","58",12926,1475249,876.2
,"Census Region 3: South","CENS-R3","2012","2012","59 years","59",13247,1416964,934.9
,"Census Region 3: South","CENS-R3","2012","2012","60 years","60",13815,1366671,1010.9
,"Census Region 3: South","CENS-R3","2012","2012","61 years","61",14070,1335754,1053.3
,"Census Region 3: South","CENS-R3","2012","2012","62 years","62",14692,1312124,1119.7
,"Census Region 3: South","CENS-R3","2012","2012","63 years","63",15727,1292711,1216.6
,"Census Region 3: South","CENS-R3","2012","2012","64 years","64",16776,1290006,1300.5
,"Census Region 3: South","CENS-R3","2012","2012","65 years","65",17946,1350733,1328.6
,"Census Region 3: South","CENS-R3","2012","2012","66 years","66",15277,1007816,1515.9
,"Census Region 3: South","CENS-R3","2012","2012","67 years","67",16091,1003592,1603.3
,"Census Region 3: South","CENS-R3","2012","2012","68 years","68",17468,981095,1780.5
,"Census Region 3: South","CENS-R3","2012","2012","69 years","69",18670,995598,1875.3
,"Census Region 3: South","CENS-R3","2012","2012","70 years","70",18054,876202,2060.5
,"Census Region 3: South","CENS-R3","2012","2012","71 years","71",18268,808688,2259.0
,"Census Region 3: South","CENS-R3","2012","2012","72 years","72",18543,764724,2424.8
,"Census Region 3: South","CENS-R3","2012","2012","73 years","73",18781,716747,2620.3
,"Census Region 3: South","CENS-R3","2012","2012","74 years","74",19913,687049,2898.3
,"Census Region 3: South","CENS-R3","2012","2012","75 years","75",19839,630777,3145.2
,"Census Region 3: South","CENS-R3","2012","2012","76 years","76",21029,606359,3468.1
,"Census Region 3: South","CENS-R3","2012","2012","77 years","77",22043,581164,3792.9
,"Census Region 3: South","CENS-R3","2012","2012","78 years","78",22031,519092,4244.1
,"Census Region 3: South","CENS-R3","2012","2012","79 years","79",23595,499222,4726.4
,"Census Region 3: South","CENS-R3","2012","2012","80 years","80",24493,473636,5171.3
,"Census Region 3: South","CENS-R3","2012","2012","81 years","81",25349,444697,5700.3
,"Census Region 3: South","CENS-R3","2012","2012","82 years","82",26848,425871,6304.3
,"Census Region 3: South","CENS-R3","2012","2012","83 years","83",26778,383243,6987.2
,"Census Region 3: South","CENS-R3","2012","2012","84 years","84",27818,355885,7816.6
,"Census Region 3: South","CENS-R3","2012","2012","85 years","85",28199,Not Applicable,Not Applicable
,"Census Region 3: South","CENS-R3","2012","2012","86 years","86",27867,Not Applicable,Not Applicable
,"Census Region 3: South","CENS-R3","2012","2012","87 years","87",27675,Not Applicable,Not Applicable
,"Census Region 3: South","CENS-R3","2012","2012","88 years","88",26992,Not Applicable,Not Applicable
,"Census Region 3: South","CENS-R3","2012","2012","89 years","89",25492,Not Applicable,Not Applicable
,"Census Region 3: South","CENS-R3","2012","2012","90 years","90",24558,Not Applicable,Not Applicable
,"Census Region 3: South","CENS-R3","2012","2012","91 years","91",22282,Not Applicable,Not Applicable
,"Census Region 3: South","CENS-R3","2012","2012","92 years","92",19337,Not Applicable,Not Applicable
,"Census Region 3: South","CENS-R3","2012","2012","93 years","93",15668,Not Applicable,Not Applicable
,"Census Region 3: South","CENS-R3","2012","2012","94 years","94",13835,Not Applicable,Not Applicable
,"Census Region 3: South","CENS-R3","2012","2012","95 years","95",11064,Not Applicable,Not Applicable
,"Census Region 3: South","CENS-R3","2012","2012","96 years","96",8856,Not Applicable,Not Applicable
,"Census Region 3: South","CENS-R3","2012","2012","97 years","97",7031,Not Applicable,Not Applicable
,"Census Region 3: South","CENS-R3","2012","2012","98 years","98",5307,Not Applicable,Not Applicable
,"Census Region 3: South","CENS-R3","2012","2012","99 years","99",3922,Not Applicable,Not Applicable
,"Census Region 3: South","CENS-R3","2013","2013","1 year","1",747,1516188,49.3
,"Census Region 3: South","CENS-R3","2013","2013","2 years","2",458,1523182,30.1
,"Census Region 3: South","CENS-R3","2013","2013","3 years","3",333,1531380,21.7
,"Census Region 3: South","CENS-R3","2013","2013","4 years","4",289,1529707,18.9
,"Census Region 3: South","CENS-R3","2013","2013","5 years","5",244,1581794,15.4
,"Census Region 3: South","CENS-R3","2013","2013","6 years","6",224,1586531,14.1
,"Census Region 3: South","CENS-R3","2013","2013","7 years","7",195,1569485,12.4
,"Census Region 3: South","CENS-R3","2013","2013","8 years","8",203,1560651,13.0
,"Census Region 3: South","CENS-R3","2013","2013","9 years","9",198,1556647,12.7
,"Census Region 3: South","CENS-R3","2013","2013","10 years","10",179,1545374,11.6
,"Census Region 3: South","CENS-R3","2013","2013","11 years","11",180,1543054,11.7
,"Census Region 3: South","CENS-R3","2013","2013","12 years","12",246,1581685,15.6
,"Census Region 3: South","CENS-R3","2013","2013","13 years","13",293,1602930,18.3
,"Census Region 3: South","CENS-R3","2013","2013","14 years","14",325,1567181,20.7
,"Census Region 3: South","CENS-R3","2013","2013","15 years","15",421,1556015,27.1
,"Census Region 3: South","CENS-R3","2013","2013","16 years","16",573,1546873,37.0
,"Census Region 3: South","CENS-R3","2013","2013","17 years","17",789,1548908,50.9
,"Census Region 3: South","CENS-R3","2013","2013","18 years","18",937,1573647,59.5
,"Census Region 3: South","CENS-R3","2013","2013","19 years","19",1184,1611554,73.5
,"Census Region 3: South","CENS-R3","2013","2013","20 years","20",1394,1642725,84.9
,"Census Region 3: South","CENS-R3","2013","2013","21 years","21",1471,1700528,86.5
,"Census Region 3: South","CENS-R3","2013","2013","22 years","22",1601,1755184,91.2
,"Census Region 3: South","CENS-R3","2013","2013","23 years","23",1601,1762977,90.8
,"Census Region 3: South","CENS-R3","2013","2013","24 years","24",1629,1689398,96.4
,"Census Region 3: South","CENS-R3","2013","2013","25 years","25",1624,1636141,99.3
,"Census Region 3: South","CENS-R3","2013","2013","26 years","26",1700,1605179,105.9
,"Census Region 3: South","CENS-R3","2013","2013","27 years","27",1790,1607816,111.3
,"Census Region 3: South","CENS-R3","2013","2013","28 years","28",1809,1620624,111.6
,"Census Region 3: South","CENS-R3","2013","2013","29 years","29",1823,1574245,115.8
,"Census Region 3: South","CENS-R3","2013","2013","30 years","30",1834,1604075,114.3
,"Census Region 3: South","CENS-R3","2013","2013","31 years","31",1984,1604461,123.7
,"Census Region 3: South","CENS-R3","2013","2013","32 years","32",2054,1593823,128.9
,"Census Region 3: South","CENS-R3","2013","2013","33 years","33",2202,1624416,135.6
,"Census Region 3: South","CENS-R3","2013","2013","34 years","34",2229,1529642,145.7
,"Census Region 3: South","CENS-R3","2013","2013","35 years","35",2203,1504857,146.4
,"Census Region 3: South","CENS-R3","2013","2013","36 years","36",2273,1494514,152.1
,"Census Region 3: South","CENS-R3","2013","2013","37 years","37",2316,1454139,159.3
,"Census Region 3: South","CENS-R3","2013","2013","38 years","38",2511,1499149,167.5
,"Census Region 3: South","CENS-R3","2013","2013","39 years","39",2703,1464178,184.6
,"Census Region 3: South","CENS-R3","2013","2013","40 years","40",3003,1497305,200.6
,"Census Region 3: South","CENS-R3","2013","2013","41 years","41",3249,1568132,207.2
,"Census Region 3: South","CENS-R3","2013","2013","42 years","42",3746,1644903,227.7
,"Census Region 3: South","CENS-R3","2013","2013","43 years","43",3912,1642672,238.1
,"Census Region 3: South","CENS-R3","2013","2013","44 years","44",4068,1552233,262.1
,"Census Region 3: South","CENS-R3","2013","2013","45 years","45",4452,1519439,293.0
,"Census Region 3: South","CENS-R3","2013","2013","46 years","46",4943,1520266,325.1
,"Census Region 3: South","CENS-R3","2013","2013","47 years","47",5628,1551846,362.7
,"Census Region 3: South","CENS-R3","2013","2013","48 years","48",6364,1647239,386.3
,"Census Region 3: South","CENS-R3","2013","2013","49 years","49",7305,1677751,435.4
,"Census Region 3: South","CENS-R3","2013","2013","50 years","50",7901,1671307,472.7
,"Census Region 3: South","CENS-R3","2013","2013","51 years","51",8793,1660718,529.5
,"Census Region 3: South","CENS-R3","2013","2013","52 years","52",9209,1672549,550.6
,"Census Region 3: South","CENS-R3","2013","2013","53 years","53",10252,1680336,610.1
,"Census Region 3: South","CENS-R3","2013","2013","54 years","54",10881,1623295,670.3
,"Census Region 3: South","CENS-R3","2013","2013","55 years","55",11665,1608605,725.2
,"Census Region 3: South","CENS-R3","2013","2013","56 years","56",12596,1595982,789.2
,"Census Region 3: South","CENS-R3","2013","2013","57 years","57",13048,1539421,847.6
,"Census Region 3: South","CENS-R3","2013","2013","58 years","58",13586,1524460,891.2
,"Census Region 3: South","CENS-R3","2013","2013","59 years","59",13959,1467525,951.2
,"Census Region 3: South","CENS-R3","2013","2013","60 years","60",14376,1410769,1019.0
,"Census Region 3: South","CENS-R3","2013","2013","61 years","61",14911,1360869,1095.7
,"Census Region 3: South","CENS-R3","2013","2013","62 years","62",15379,1327903,1158.1
,"Census Region 3: South","CENS-R3","2013","2013","63 years","63",15772,1302536,1210.9
,"Census Region 3: South","CENS-R3","2013","2013","64 years","64",16753,1281201,1307.6
,"Census Region 3: South","CENS-R3","2013","2013","65 years","65",18078,1282513,1409.6
,"Census Region 3: South","CENS-R3","2013","2013","66 years","66",19440,1339305,1451.5
,"Census Region 3: South","CENS-R3","2013","2013","67 years","67",16409,995203,1648.8
,"Census Region 3: South","CENS-R3","2013","2013","68 years","68",17330,989726,1751.0
,"Census Region 3: South","CENS-R3","2013","2013","69 years","69",19002,968542,1961.9
,"Census Region 3: South","CENS-R3","2013","2013","70 years","70",20225,983856,2055.7
,"Census Region 3: South","CENS-R3","2013","2013","71 years","71",19487,859464,2267.3
,"Census Region 3: South","CENS-R3","2013","2013","72 years","72",19486,790714,2464.4
,"Census Region 3: South","CENS-R3","2013","2013","73 years","73",19574,748204,2616.1
,"Census Region 3: South","CENS-R3","2013","2013","74 years","74",20181,699832,2883.7
,"Census Region 3: South","CENS-R3","2013","2013","75 years","75",20960,668026,3137.6
,"Census Region 3: South","CENS-R3","2013","2013","76 years","76",21208,612104,3464.8
,"Census Region 3: South","CENS-R3","2013","2013","77 years","77",22437,584456,3839.0
,"Census Region 3: South","CENS-R3","2013","2013","78 years","78",23414,559219,4186.9
,"Census Region 3: South","CENS-R3","2013","2013","79 years","79",23328,497808,4686.1
,"Census Region 3: South","CENS-R3","2013","2013","80 years","80",24658,476544,5174.3
,"Census Region 3: South","CENS-R3","2013","2013","81 years","81",25854,449546,5751.1
,"Census Region 3: South","CENS-R3","2013","2013","82 years","82",26295,420270,6256.7
,"Census Region 3: South","CENS-R3","2013","2013","83 years","83",27470,398753,6889.0
,"Census Region 3: South","CENS-R3","2013","2013","84 years","84",27553,356064,7738.2
,"Census Region 3: South","CENS-R3","2013","2013","85 years","85",28322,Not Applicable,Not Applicable
,"Census Region 3: South","CENS-R3","2013","2013","86 years","86",28425,Not Applicable,Not Applicable
,"Census Region 3: South","CENS-R3","2013","2013","87 years","87",27897,Not Applicable,Not Applicable
,"Census Region 3: South","CENS-R3","2013","2013","88 years","88",27275,Not Applicable,Not Applicable
,"Census Region 3: South","CENS-R3","2013","2013","89 years","89",26151,Not Applicable,Not Applicable
,"Census Region 3: South","CENS-R3","2013","2013","90 years","90",24274,Not Applicable,Not Applicable
,"Census Region 3: South","CENS-R3","2013","2013","91 years","91",22643,Not Applicable,Not Applicable
,"Census Region 3: South","CENS-R3","2013","2013","92 years","92",20238,Not Applicable,Not Applicable
,"Census Region 3: South","CENS-R3","2013","2013","93 years","93",17220,Not Applicable,Not Applicable
,"Census Region 3: South","CENS-R3","2013","2013","94 years","94",13767,Not Applicable,Not Applicable
,"Census Region 3: South","CENS-R3","2013","2013","95 years","95",11491,Not Applicable,Not Applicable
,"Census Region 3: South","CENS-R3","2013","2013","96 years","96",9149,Not Applicable,Not Applicable
,"Census Region 3: South","CENS-R3","2013","2013","97 years","97",7069,Not Applicable,Not Applicable
,"Census Region 3: South","CENS-R3","2013","2013","98 years","98",5531,Not Applicable,Not Applicable
,"Census Region 3: South","CENS-R3","2013","2013","99 years","99",3925,Not Applicable,Not Applicable
,"Census Region 3: South","CENS-R3","2014","2014","1 year","1",644,1514007,42.5
,"Census Region 3: South","CENS-R3","2014","2014","2 years","2",461,1521411,30.3
,"Census Region 3: South","CENS-R3","2014","2014","3 years","3",345,1532580,22.5
,"Census Region 3: South","CENS-R3","2014","2014","4 years","4",290,1541987,18.8
,"Census Region 3: South","CENS-R3","2014","2014","5 years","5",242,1541012,15.7
,"Census Region 3: South","CENS-R3","2014","2014","6 years","6",234,1592536,14.7
,"Census Region 3: South","CENS-R3","2014","2014","7 years","7",211,1596977,13.2
,"Census Region 3: South","CENS-R3","2014","2014","8 years","8",200,1579482,12.7
,"Census Region 3: South","CENS-R3","2014","2014","9 years","9",206,1570465,13.1
,"Census Region 3: South","CENS-R3","2014","2014","10 years","10",170,1565862,10.9
,"Census Region 3: South","CENS-R3","2014","2014","11 years","11",193,1554990,12.4
,"Census Region 3: South","CENS-R3","2014","2014","12 years","12",228,1552877,14.7
,"Census Region 3: South","CENS-R3","2014","2014","13 years","13",306,1591579,19.2
,"Census Region 3: South","CENS-R3","2014","2014","14 years","14",333,1611963,20.7
,"Census Region 3: South","CENS-R3","2014","2014","15 years","15",435,1575034,27.6
,"Census Region 3: South","CENS-R3","2014","2014","16 years","16",592,1563102,37.9
,"Census Region 3: South","CENS-R3","2014","2014","17 years","17",779,1558632,50.0
,"Census Region 3: South","CENS-R3","2014","2014","18 years","18",1039,1558890,66.6
,"Census Region 3: South","CENS-R3","2014","2014","19 years","19",1233,1595615,77.3
,"Census Region 3: South","CENS-R3","2014","2014","20 years","20",1286,1634957,78.7
,"Census Region 3: South","CENS-R3","2014","2014","21 years","21",1511,1669069,90.5
,"Census Region 3: South","CENS-R3","2014","2014","22 years","22",1670,1731911,96.4
,"Census Region 3: South","CENS-R3","2014","2014","23 years","23",1634,1782809,91.7
,"Census Region 3: South","CENS-R3","2014","2014","24 years","24",1766,1779883,99.2
,"Census Region 3: South","CENS-R3","2014","2014","25 years","25",1681,1702529,98.7
,"Census Region 3: South","CENS-R3","2014","2014","26 years","26",1772,1649758,107.4
,"Census Region 3: South","CENS-R3","2014","2014","27 years","27",1800,1617676,111.3
,"Census Region 3: South","CENS-R3","2014","2014","28 years","28",1832,1621616,113.0
,"Census Region 3: South","CENS-R3","2014","2014","29 years","29",1886,1632197,115.5
,"Census Region 3: South","CENS-R3","2014","2014","30 years","30",1860,1587031,117.2
,"Census Region 3: South","CENS-R3","2014","2014","31 years","31",2152,1617503,133.0
,"Census Region 3: South","CENS-R3","2014","2014","32 years","32",2173,1617068,134.4
,"Census Region 3: South","CENS-R3","2014","2014","33 years","33",2200,1607301,136.9
,"Census Region 3: South","CENS-R3","2014","2014","34 years","34",2394,1637281,146.2
,"Census Region 3: South","CENS-R3","2014","2014","35 years","35",2400,1540443,155.8
,"Census Region 3: South","CENS-R3","2014","2014","36 years","36",2441,1516526,161.0
,"Census Region 3: South","CENS-R3","2014","2014","37 years","37",2530,1505728,168.0
,"Census Region 3: South","CENS-R3","2014","2014","38 years","38",2542,1464742,173.5
,"Census Region 3: South","CENS-R3","2014","2014","39 years","39",2843,1508425,188.5
,"Census Region 3: South","CENS-R3","2014","2014","40 years","40",2846,1473016,193.2
,"Census Region 3: South","CENS-R3","2014","2014","41 years","41",3397,1506881,225.4
,"Census Region 3: South","CENS-R3","2014","2014","42 years","42",3614,1576008,229.3
,"Census Region 3: South","CENS-R3","2014","2014","43 years","43",4057,1652619,245.5
,"Census Region 3: South","CENS-R3","2014","2014","44 years","44",4330,1649394,262.5
,"Census Region 3: South","CENS-R3","2014","2014","45 years","45",4519,1558299,290.0
,"Census Region 3: South","CENS-R3","2014","2014","46 years","46",4978,1525191,326.4
,"Census Region 3: South","CENS-R3","2014","2014","47 years","47",5353,1526323,350.7
,"Census Region 3: South","CENS-R3","2014","2014","48 years","48",5982,1555845,384.5
,"Census Region 3: South","CENS-R3","2014","2014","49 years","49",6972,1650102,422.5
,"Census Region 3: South","CENS-R3","2014","2014","50 years","50",7911,1679115,471.1
,"Census Region 3: South","CENS-R3","2014","2014","51 years","51",8735,1673134,522.1
,"Census Region 3: South","CENS-R3","2014","2014","52 years","52",9491,1660966,571.4
,"Census Region 3: South","CENS-R3","2014","2014","53 years","53",10381,1671942,620.9
,"Census Region 3: South","CENS-R3","2014","2014","54 years","54",11052,1678762,658.3
,"Census Region 3: South","CENS-R3","2014","2014","55 years","55",11958,1620759,737.8
,"Census Region 3: South","CENS-R3","2014","2014","56 years","56",12865,1604753,801.7
,"Census Region 3: South","CENS-R3","2014","2014","57 years","57",13784,1591961,865.9
,"Census Region 3: South","CENS-R3","2014","2014","58 years","58",14019,1534392,913.7
,"Census Region 3: South","CENS-R3","2014","2014","59 years","59",14497,1518979,954.4
,"Census Region 3: South","CENS-R3","2014","2014","60 years","60",15115,1461583,1034.2
,"Census Region 3: South","CENS-R3","2014","2014","61 years","61",15636,1406330,1111.8
,"Census Region 3: South","CENS-R3","2014","2014","62 years","62",15975,1355803,1178.3
,"Census Region 3: South","CENS-R3","2014","2014","63 years","63",16448,1322544,1243.7
,"Census Region 3: South","CENS-R3","2014","2014","64 years","64",16807,1296995,1295.8
,"Census Region 3: South","CENS-R3","2014","2014","65 years","65",17702,1274733,1388.7
,"Census Region 3: South","CENS-R3","2014","2014","66 years","66",19132,1274152,1501.5
,"Census Region 3: South","CENS-R3","2014","2014","67 years","67",20672,1326593,1558.3
,"Census Region 3: South","CENS-R3","2014","2014","68 years","68",17613,987654,1783.3
,"Census Region 3: South","CENS-R3","2014","2014","69 years","69",18186,980294,1855.2
,"Census Region 3: South","CENS-R3","2014","2014","70 years","70",19699,955734,2061.1
,"Census Region 3: South","CENS-R3","2014","2014","71 years","71",21419,967869,2213.0
,"Census Region 3: South","CENS-R3","2014","2014","72 years","72",20609,844163,2441.4
,"Census Region 3: South","CENS-R3","2014","2014","73 years","73",20506,776004,2642.5
,"Census Region 3: South","CENS-R3","2014","2014","74 years","74",21033,732493,2871.4
,"Census Region 3: South","CENS-R3","2014","2014","75 years","75",21513,682775,3150.8
,"Census Region 3: South","CENS-R3","2014","2014","76 years","76",22294,650139,3429.1
,"Census Region 3: South","CENS-R3","2014","2014","77 years","77",22588,592986,3809.2
,"Census Region 3: South","CENS-R3","2014","2014","78 years","78",23350,564333,4137.6
,"Census Region 3: South","CENS-R3","2014","2014","79 years","79",24597,537429,4576.8
,"Census Region 3: South","CENS-R3","2014","2014","80 years","80",24268,476121,5097.0
,"Census Region 3: South","CENS-R3","2014","2014","81 years","81",25659,453010,5664.1
,"Census Region 3: South","CENS-R3","2014","2014","82 years","82",26401,425104,6210.5
,"Census Region 3: South","CENS-R3","2014","2014","83 years","83",27056,393982,6867.3
,"Census Region 3: South","CENS-R3","2014","2014","84 years","84",27825,371091,7498.2
,"Census Region 3: South","CENS-R3","2014","2014","85 years","85",27464,Not Applicable,Not Applicable
,"Census Region 3: South","CENS-R3","2014","2014","86 years","86",28319,Not Applicable,Not Applicable
,"Census Region 3: South","CENS-R3","2014","2014","87 years","87",27958,Not Applicable,Not Applicable
,"Census Region 3: South","CENS-R3","2014","2014","88 years","88",26890,Not Applicable,Not Applicable
,"Census Region 3: South","CENS-R3","2014","2014","89 years","89",26022,Not Applicable,Not Applicable
,"Census Region 3: South","CENS-R3","2014","2014","90 years","90",24896,Not Applicable,Not Applicable
,"Census Region 3: South","CENS-R3","2014","2014","91 years","91",22559,Not Applicable,Not Applicable
,"Census Region 3: South","CENS-R3","2014","2014","92 years","92",20641,Not Applicable,Not Applicable
,"Census Region 3: South","CENS-R3","2014","2014","93 years","93",18067,Not Applicable,Not Applicable
,"Census Region 3: South","CENS-R3","2014","2014","94 years","94",15003,Not Applicable,Not Applicable
,"Census Region 3: South","CENS-R3","2014","2014","95 years","95",11456,Not Applicable,Not Applicable
,"Census Region 3: South","CENS-R3","2014","2014","96 years","96",9541,Not Applicable,Not Applicable
,"Census Region 3: South","CENS-R3","2014","2014","97 years","97",7165,Not Applicable,Not Applicable
,"Census Region 3: South","CENS-R3","2014","2014","98 years","98",5491,Not Applicable,Not Applicable
,"Census Region 3: South","CENS-R3","2014","2014","99 years","99",3956,Not Applicable,Not Applicable
,"Census Region 3: South","CENS-R3","2015","2015","1 year","1",762,1529941,49.8
,"Census Region 3: South","CENS-R3","2015","2015","2 years","2",472,1522148,31.0
,"Census Region 3: South","CENS-R3","2015","2015","3 years","3",373,1531152,24.4
,"Census Region 3: South","CENS-R3","2015","2015","4 years","4",246,1545618,15.9
,"Census Region 3: South","CENS-R3","2015","2015","5 years","5",272,1545636,17.6
,"Census Region 3: South","CENS-R3","2015","2015","6 years","6",234,1552565,15.1
,"Census Region 3: South","CENS-R3","2015","2015","7 years","7",205,1603789,12.8
,"Census Region 3: South","CENS-R3","2015","2015","8 years","8",199,1608260,12.4
,"Census Region 3: South","CENS-R3","2015","2015","9 years","9",172,1591027,10.8
,"Census Region 3: South","CENS-R3","2015","2015","10 years","10",185,1582244,11.7
,"Census Region 3: South","CENS-R3","2015","2015","11 years","11",200,1577292,12.7
,"Census Region 3: South","CENS-R3","2015","2015","12 years","12",231,1567191,14.7
,"Census Region 3: South","CENS-R3","2015","2015","13 years","13",283,1564329,18.1
,"Census Region 3: South","CENS-R3","2015","2015","14 years","14",368,1602731,23.0
,"Census Region 3: South","CENS-R3","2015","2015","15 years","15",464,1622025,28.6
,"Census Region 3: South","CENS-R3","2015","2015","16 years","16",612,1586956,38.6
,"Census Region 3: South","CENS-R3","2015","2015","17 years","17",854,1579777,54.1
,"Census Region 3: South","CENS-R3","2015","2015","18 years","18",1092,1568364,69.6
,"Census Region 3: South","CENS-R3","2015","2015","19 years","19",1271,1575811,80.7
,"Census Region 3: South","CENS-R3","2015","2015","20 years","20",1417,1616115,87.7
,"Census Region 3: South","CENS-R3","2015","2015","21 years","21",1586,1659989,95.5
,"Census Region 3: South","CENS-R3","2015","2015","22 years","22",1705,1699946,100.3
,"Census Region 3: South","CENS-R3","2015","2015","23 years","23",1776,1757690,101.0
,"Census Region 3: South","CENS-R3","2015","2015","24 years","24",1933,1799099,107.4
,"Census Region 3: South","CENS-R3","2015","2015","25 years","25",2003,1791892,111.8
,"Census Region 3: South","CENS-R3","2015","2015","26 years","26",1817,1715567,105.9
,"Census Region 3: South","CENS-R3","2015","2015","27 years","27",1930,1663394,116.0
,"Census Region 3: South","CENS-R3","2015","2015","28 years","28",1981,1631077,121.5
,"Census Region 3: South","CENS-R3","2015","2015","29 years","29",2144,1635507,131.1
,"Census Region 3: South","CENS-R3","2015","2015","30 years","30",2163,1645455,131.5
,"Census Region 3: South","CENS-R3","2015","2015","31 years","31",2206,1602042,137.7
,"Census Region 3: South","CENS-R3","2015","2015","32 years","32",2364,1630903,145.0
,"Census Region 3: South","CENS-R3","2015","2015","33 years","33",2413,1630455,148.0
,"Census Region 3: South","CENS-R3","2015","2015","34 years","34",2451,1621127,151.2
,"Census Region 3: South","CENS-R3","2015","2015","35 years","35",2614,1648262,158.6
,"Census Region 3: South","CENS-R3","2015","2015","36 years","36",2615,1552480,168.4
,"Census Region 3: South","CENS-R3","2015","2015","37 years","37",2656,1528513,173.8
,"Census Region 3: South","CENS-R3","2015","2015","38 years","38",2776,1515385,183.2
,"Census Region 3: South","CENS-R3","2015","2015","39 years","39",2791,1474291,189.3
,"Census Region 3: South","CENS-R3","2015","2015","40 years","40",2933,1517008,193.3
,"Census Region 3: South","CENS-R3","2015","2015","41 years","41",3258,1482775,219.7
,"Census Region 3: South","CENS-R3","2015","2015","42 years","42",3558,1515058,234.8
,"Census Region 3: South","CENS-R3","2015","2015","43 years","43",3938,1583745,248.7
,"Census Region 3: South","CENS-R3","2015","2015","44 years","44",4506,1659615,271.5
,"Census Region 3: South","CENS-R3","2015","2015","45 years","45",4721,1654508,285.3
,"Census Region 3: South","CENS-R3","2015","2015","46 years","46",5051,1562901,323.2
,"Census Region 3: South","CENS-R3","2015","2015","47 years","47",5245,1529547,342.9
,"Census Region 3: South","CENS-R3","2015","2015","48 years","48",5886,1528667,385.0
,"Census Region 3: South","CENS-R3","2015","2015","49 years","49",6646,1558777,426.4
,"Census Region 3: South","CENS-R3","2015","2015","50 years","50",7624,1652006,461.5
,"Census Region 3: South","CENS-R3","2015","2015","51 years","51",8715,1680599,518.6
,"Census Region 3: South","CENS-R3","2015","2015","52 years","52",9384,1673387,560.8
,"Census Region 3: South","CENS-R3","2015","2015","53 years","53",10389,1660012,625.8
,"Census Region 3: South","CENS-R3","2015","2015","54 years","54",11172,1669960,669.0
,"Census Region 3: South","CENS-R3","2015","2015","55 years","55",11972,1676186,714.2
,"Census Region 3: South","CENS-R3","2015","2015","56 years","56",12972,1617993,801.7
,"Census Region 3: South","CENS-R3","2015","2015","57 years","57",13721,1601739,856.6
,"Census Region 3: South","CENS-R3","2015","2015","58 years","58",14481,1587320,912.3
,"Census Region 3: South","CENS-R3","2015","2015","59 years","59",14952,1529452,977.6
,"Census Region 3: South","CENS-R3","2015","2015","60 years","60",15410,1513308,1018.3
,"Census Region 3: South","CENS-R3","2015","2015","61 years","61",16068,1457092,1102.7
,"Census Region 3: South","CENS-R3","2015","2015","62 years","62",16704,1401331,1192.0
,"Census Region 3: South","CENS-R3","2015","2015","63 years","63",17271,1349677,1279.6
,"Census Region 3: South","CENS-R3","2015","2015","64 years","64",17613,1316176,1338.2
,"Census Region 3: South","CENS-R3","2015","2015","65 years","65",17965,1289476,1393.2
,"Census Region 3: South","CENS-R3","2015","2015","66 years","66",19154,1267264,1511.4
,"Census Region 3: South","CENS-R3","2015","2015","67 years","67",20359,1264731,1609.7
,"Census Region 3: South","CENS-R3","2015","2015","68 years","68",21776,1312522,1659.1
,"Census Region 3: South","CENS-R3","2015","2015","69 years","69",19001,976704,1945.4
,"Census Region 3: South","CENS-R3","2015","2015","70 years","70",19535,967246,2019.7
,"Census Region 3: South","CENS-R3","2015","2015","71 years","71",21096,941544,2240.6
,"Census Region 3: South","CENS-R3","2015","2015","72 years","72",23091,951170,2427.6
,"Census Region 3: South","CENS-R3","2015","2015","73 years","73",22103,827796,2670.1
,"Census Region 3: South","CENS-R3","2015","2015","74 years","74",22069,758820,2908.3
,"Census Region 3: South","CENS-R3","2015","2015","75 years","75",22541,714208,3156.1
,"Census Region 3: South","CENS-R3","2015","2015","76 years","76",22736,663432,3427.0
,"Census Region 3: South","CENS-R3","2015","2015","77 years","77",23496,629254,3733.9
,"Census Region 3: South","CENS-R3","2015","2015","78 years","78",23751,572042,4152.0
,"Census Region 3: South","CENS-R3","2015","2015","79 years","79",24732,541112,4570.6
,"Census Region 3: South","CENS-R3","2015","2015","80 years","80",25915,513244,5049.3
,"Census Region 3: South","CENS-R3","2015","2015","81 years","81",25991,451424,5757.6
,"Census Region 3: South","CENS-R3","2015","2015","82 years","82",26667,427544,6237.3
,"Census Region 3: South","CENS-R3","2015","2015","83 years","83",27468,398149,6898.9
,"Census Region 3: South","CENS-R3","2015","2015","84 years","84",28155,366650,7679.0
,"Census Region 3: South","CENS-R3","2015","2015","85 years","85",28794,Not Applicable,Not Applicable
,"Census Region 3: South","CENS-R3","2015","2015","86 years","86",28635,Not Applicable,Not Applicable
,"Census Region 3: South","CENS-R3","2015","2015","87 years","87",28383,Not Applicable,Not Applicable
,"Census Region 3: South","CENS-R3","2015","2015","88 years","88",27949,Not Applicable,Not Applicable
,"Census Region 3: South","CENS-R3","2015","2015","89 years","89",26562,Not Applicable,Not Applicable
,"Census Region 3: South","CENS-R3","2015","2015","90 years","90",25488,Not Applicable,Not Applicable
,"Census Region 3: South","CENS-R3","2015","2015","91 years","91",23642,Not Applicable,Not Applicable
,"Census Region 3: South","CENS-R3","2015","2015","92 years","92",20824,Not Applicable,Not Applicable
,"Census Region 3: South","CENS-R3","2015","2015","93 years","93",18981,Not Applicable,Not Applicable
,"Census Region 3: South","CENS-R3","2015","2015","94 years","94",15977,Not Applicable,Not Applicable
,"Census Region 3: South","CENS-R3","2015","2015","95 years","95",13130,Not Applicable,Not Applicable
,"Census Region 3: South","CENS-R3","2015","2015","96 years","96",9743,Not Applicable,Not Applicable
,"Census Region 3: South","CENS-R3","2015","2015","97 years","97",7647,Not Applicable,Not Applicable
,"Census Region 3: South","CENS-R3","2015","2015","98 years","98",5711,Not Applicable,Not Applicable
,"Census Region 3: South","CENS-R3","2015","2015","99 years","99",4142,Not Applicable,Not Applicable
,"Census Region 3: South","CENS-R3","2016","2016","1 year","1",688,1552415,44.3
,"Census Region 3: South","CENS-R3","2016","2016","2 years","2",465,1547518,30.0
,"Census Region 3: South","CENS-R3","2016","2016","3 years","3",338,1533892,22.0
,"Census Region 3: South","CENS-R3","2016","2016","4 years","4",289,1542737,18.7
,"Census Region 3: South","CENS-R3","2016","2016","5 years","5",266,1556876,17.1
,"Census Region 3: South","CENS-R3","2016","2016","6 years","6",212,1553894,13.6
,"Census Region 3: South","CENS-R3","2016","2016","7 years","7",242,1561463,15.5
,"Census Region 3: South","CENS-R3","2016","2016","8 years","8",203,1612438,12.6
,"Census Region 3: South","CENS-R3","2016","2016","9 years","9",194,1617360,12.0
,"Census Region 3: South","CENS-R3","2016","2016","10 years","10",183,1599548,11.4
,"Census Region 3: South","CENS-R3","2016","2016","11 years","11",215,1590365,13.5
,"Census Region 3: South","CENS-R3","2016","2016","12 years","12",222,1584843,14.0
,"Census Region 3: South","CENS-R3","2016","2016","13 years","13",292,1575527,18.5
,"Census Region 3: South","CENS-R3","2016","2016","14 years","14",375,1572174,23.9
,"Census Region 3: South","CENS-R3","2016","2016","15 years","15",486,1610776,30.2
,"Census Region 3: South","CENS-R3","2016","2016","16 years","16",665,1631139,40.8
,"Census Region 3: South","CENS-R3","2016","2016","17 years","17",888,1598080,55.6
,"Census Region 3: South","CENS-R3","2016","2016","18 years","18",1276,1581862,80.7
,"Census Region 3: South","CENS-R3","2016","2016","19 years","19",1384,1578330,87.7
,"Census Region 3: South","CENS-R3","2016","2016","20 years","20",1449,1591230,91.1
,"Census Region 3: South","CENS-R3","2016","2016","21 years","21",1745,1632351,106.9
,"Census Region 3: South","CENS-R3","2016","2016","22 years","22",1787,1679532,106.4
,"Census Region 3: South","CENS-R3","2016","2016","23 years","23",1952,1711858,114.0
,"Census Region 3: South","CENS-R3","2016","2016","24 years","24",2030,1759483,115.4
,"Census Region 3: South","CENS-R3","2016","2016","25 years","25",2171,1798809,120.7
,"Census Region 3: South","CENS-R3","2016","2016","26 years","26",2067,1794280,115.2
,"Census Region 3: South","CENS-R3","2016","2016","27 years","27",2256,1719976,131.2
,"Census Region 3: South","CENS-R3","2016","2016","28 years","28",2315,1669574,138.7
,"Census Region 3: South","CENS-R3","2016","2016","29 years","29",2241,1637310,136.9
,"Census Region 3: South","CENS-R3","2016","2016","30 years","30",2281,1644205,138.7
,"Census Region 3: South","CENS-R3","2016","2016","31 years","31",2404,1655049,145.3
,"Census Region 3: South","CENS-R3","2016","2016","32 years","32",2591,1611327,160.8
,"Census Region 3: South","CENS-R3","2016","2016","33 years","33",2639,1639362,161.0
,"Census Region 3: South","CENS-R3","2016","2016","34 years","34",2782,1639026,169.7
,"Census Region 3: South","CENS-R3","2016","2016","35 years","35",2855,1627729,175.4
,"Census Region 3: South","CENS-R3","2016","2016","36 years","36",2988,1654693,180.6
,"Census Region 3: South","CENS-R3","2016","2016","37 years","37",3032,1557920,194.6
,"Census Region 3: South","CENS-R3","2016","2016","38 years","38",3094,1533464,201.8
,"Census Region 3: South","CENS-R3","2016","2016","39 years","39",3073,1519158,202.3
,"Census Region 3: South","CENS-R3","2016","2016","40 years","40",3235,1477854,218.9
,"Census Region 3: South","CENS-R3","2016","2016","41 years","41",3375,1521435,221.8
,"Census Region 3: South","CENS-R3","2016","2016","42 years","42",3550,1485914,238.9
,"Census Region 3: South","CENS-R3","2016","2016","43 years","43",4167,1519009,274.3
,"Census Region 3: South","CENS-R3","2016","2016","44 years","44",4445,1587790,279.9
,"Census Region 3: South","CENS-R3","2016","2016","45 years","45",5000,1662330,300.8
,"Census Region 3: South","CENS-R3","2016","2016","46 years","46",5303,1656793,320.1
,"Census Region 3: South","CENS-R3","2016","2016","47 years","47",5500,1565214,351.4
,"Census Region 3: South","CENS-R3","2016","2016","48 years","48",5921,1529672,387.1
,"Census Region 3: South","CENS-R3","2016","2016","49 years","49",6567,1529746,429.3
,"Census Region 3: South","CENS-R3","2016","2016","50 years","50",7309,1558163,469.1
,"Census Region 3: South","CENS-R3","2016","2016","51 years","51",8221,1651381,497.8
,"Census Region 3: South","CENS-R3","2016","2016","52 years","52",9497,1678099,565.9
,"Census Region 3: South","CENS-R3","2016","2016","53 years","53",10220,1670163,611.9
,"Census Region 3: South","CENS-R3","2016","2016","54 years","54",11241,1656345,678.7
,"Census Region 3: South","CENS-R3","2016","2016","55 years","55",12169,1665498,730.7
,"Census Region 3: South","CENS-R3","2016","2016","56 years","56",12956,1670924,775.4
,"Census Region 3: South","CENS-R3","2016","2016","57 years","57",13881,1611563,861.3
,"Census Region 3: South","CENS-R3","2016","2016","58 years","58",14626,1594053,917.5
,"Census Region 3: South","CENS-R3","2016","2016","59 years","59",15522,1579863,982.5
,"Census Region 3: South","CENS-R3","2016","2016","60 years","60",15945,1521295,1048.1
,"Census Region 3: South","CENS-R3","2016","2016","61 years","61",16857,1506113,1119.2
,"Census Region 3: South","CENS-R3","2016","2016","62 years","62",17306,1449661,1193.8
,"Census Region 3: South","CENS-R3","2016","2016","63 years","63",17635,1392644,1266.3
,"Census Region 3: South","CENS-R3","2016","2016","64 years","64",18333,1340885,1367.2
,"Census Region 3: South","CENS-R3","2016","2016","65 years","65",18681,1308115,1428.1
,"Census Region 3: South","CENS-R3","2016","2016","66 years","66",19140,1281304,1493.8
,"Census Region 3: South","CENS-R3","2016","2016","67 years","67",20331,1256397,1618.2
,"Census Region 3: South","CENS-R3","2016","2016","68 years","68",21456,1252323,1713.3
,"Census Region 3: South","CENS-R3","2016","2016","69 years","69",23584,1295509,1820.4
,"Census Region 3: South","CENS-R3","2016","2016","70 years","70",19925,963492,2068.0
,"Census Region 3: South","CENS-R3","2016","2016","71 years","71",20977,953079,2201.0
,"Census Region 3: South","CENS-R3","2016","2016","72 years","72",22299,925748,2408.8
,"Census Region 3: South","CENS-R3","2016","2016","73 years","73",24362,932616,2612.2
,"Census Region 3: South","CENS-R3","2016","2016","74 years","74",23484,809262,2901.9
,"Census Region 3: South","CENS-R3","2016","2016","75 years","75",23113,739786,3124.3
,"Census Region 3: South","CENS-R3","2016","2016","76 years","76",23288,693990,3355.7
,"Census Region 3: South","CENS-R3","2016","2016","77 years","77",23830,642030,3711.7
,"Census Region 3: South","CENS-R3","2016","2016","78 years","78",24287,606533,4004.2
,"Census Region 3: South","CENS-R3","2016","2016","79 years","79",24694,548750,4500.0
,"Census Region 3: South","CENS-R3","2016","2016","80 years","80",25936,516916,5017.4
,"Census Region 3: South","CENS-R3","2016","2016","81 years","81",26505,487609,5435.7
,"Census Region 3: South","CENS-R3","2016","2016","82 years","82",26280,426443,6162.6
,"Census Region 3: South","CENS-R3","2016","2016","83 years","83",26661,400604,6655.2
,"Census Region 3: South","CENS-R3","2016","2016","84 years","84",27627,370575,7455.2
,"Census Region 3: South","CENS-R3","2016","2016","85 years","85",28384,Not Applicable,Not Applicable
,"Census Region 3: South","CENS-R3","2016","2016","86 years","86",28778,Not Applicable,Not Applicable
,"Census Region 3: South","CENS-R3","2016","2016","87 years","87",27554,Not Applicable,Not Applicable
,"Census Region 3: South","CENS-R3","2016","2016","88 years","88",27543,Not Applicable,Not Applicable
,"Census Region 3: South","CENS-R3","2016","2016","89 years","89",26910,Not Applicable,Not Applicable
,"Census Region 3: South","CENS-R3","2016","2016","90 years","90",25156,Not Applicable,Not Applicable
,"Census Region 3: South","CENS-R3","2016","2016","91 years","91",23471,Not Applicable,Not Applicable
,"Census Region 3: South","CENS-R3","2016","2016","92 years","92",20959,Not Applicable,Not Applicable
,"Census Region 3: South","CENS-R3","2016","2016","93 years","93",18544,Not Applicable,Not Applicable
,"Census Region 3: South","CENS-R3","2016","2016","94 years","94",16312,Not Applicable,Not Applicable
,"Census Region 3: South","CENS-R3","2016","2016","95 years","95",13407,Not Applicable,Not Applicable
,"Census Region 3: South","CENS-R3","2016","2016","96 years","96",10562,Not Applicable,Not Applicable
,"Census Region 3: South","CENS-R3","2016","2016","97 years","97",7760,Not Applicable,Not Applicable
,"Census Region 3: South","CENS-R3","2016","2016","98 years","98",6045,Not Applicable,Not Applicable
,"Census Region 3: South","CENS-R3","2016","2016","99 years","99",4122,Not Applicable,Not Applicable
,"Census Region 3: South","CENS-R3","2017","2017","1 year","1",709,1551447,45.7
,"Census Region 3: South","CENS-R3","2017","2017","2 years","2",466,1561481,29.8
,"Census Region 3: South","CENS-R3","2017","2017","3 years","3",351,1554762,22.6
,"Census Region 3: South","CENS-R3","2017","2017","4 years","4",280,1542955,18.1
,"Census Region 3: South","CENS-R3","2017","2017","5 years","5",235,1549334,15.2
,"Census Region 3: South","CENS-R3","2017","2017","6 years","6",184,1562194,11.8
,"Census Region 3: South","CENS-R3","2017","2017","7 years","7",197,1565291,12.6
,"Census Region 3: South","CENS-R3","2017","2017","8 years","8",193,1571270,12.3
,"Census Region 3: South","CENS-R3","2017","2017","9 years","9",199,1623147,12.3
,"Census Region 3: South","CENS-R3","2017","2017","10 years","10",230,1629944,14.1
,"Census Region 3: South","CENS-R3","2017","2017","11 years","11",214,1612260,13.3
,"Census Region 3: South","CENS-R3","2017","2017","12 years","12",256,1602162,16.0
,"Census Region 3: South","CENS-R3","2017","2017","13 years","13",286,1599436,17.9
,"Census Region 3: South","CENS-R3","2017","2017","14 years","14",379,1585324,23.9
,"Census Region 3: South","CENS-R3","2017","2017","15 years","15",490,1586441,30.9
,"Census Region 3: South","CENS-R3","2017","2017","16 years","16",725,1625553,44.6
,"Census Region 3: South","CENS-R3","2017","2017","17 years","17",852,1649629,51.6
,"Census Region 3: South","CENS-R3","2017","2017","18 years","18",1198,1601284,74.8
,"Census Region 3: South","CENS-R3","2017","2017","19 years","19",1375,1597884,86.1
,"Census Region 3: South","CENS-R3","2017","2017","20 years","20",1451,1599951,90.7
,"Census Region 3: South","CENS-R3","2017","2017","21 years","21",1625,1611405,100.8
,"Census Region 3: South","CENS-R3","2017","2017","22 years","22",1711,1655672,103.3
,"Census Region 3: South","CENS-R3","2017","2017","23 years","23",1910,1699215,112.4
,"Census Region 3: South","CENS-R3","2017","2017","24 years","24",2054,1728574,118.8
,"Census Region 3: South","CENS-R3","2017","2017","25 years","25",2198,1776594,123.7
,"Census Region 3: South","CENS-R3","2017","2017","26 years","26",2209,1815707,121.7
,"Census Region 3: South","CENS-R3","2017","2017","27 years","27",2347,1807962,129.8
,"Census Region 3: South","CENS-R3","2017","2017","28 years","28",2467,1734353,142.2
,"Census Region 3: South","CENS-R3","2017","2017","29 years","29",2367,1684660,140.5
,"Census Region 3: South","CENS-R3","2017","2017","30 years","30",2397,1655953,144.8
,"Census Region 3: South","CENS-R3","2017","2017","31 years","31",2548,1657032,153.8
,"Census Region 3: South","CENS-R3","2017","2017","32 years","32",2666,1669409,159.7
,"Census Region 3: South","CENS-R3","2017","2017","33 years","33",2744,1622251,169.1
,"Census Region 3: South","CENS-R3","2017","2017","34 years","34",2883,1652650,174.4
,"Census Region 3: South","CENS-R3","2017","2017","35 years","35",3000,1649259,181.9
,"Census Region 3: South","CENS-R3","2017","2017","36 years","36",3066,1637740,187.2
,"Census Region 3: South","CENS-R3","2017","2017","37 years","37",3207,1671195,191.9
,"Census Region 3: South","CENS-R3","2017","2017","38 years","38",3218,1570452,204.9
,"Census Region 3: South","CENS-R3","2017","2017","39 years","39",3268,1543884,211.7
,"Census Region 3: South","CENS-R3","2017","2017","40 years","40",3425,1532961,223.4
,"Census Region 3: South","CENS-R3","2017","2017","41 years","41",3426,1487918,230.3
,"Census Region 3: South","CENS-R3","2017","2017","42 years","42",3640,1533661,237.3
,"Census Region 3: South","CENS-R3","2017","2017","43 years","43",3920,1494213,262.3
,"Census Region 3: South","CENS-R3","2017","2017","44 years","44",4244,1526580,278.0
,"Census Region 3: South","CENS-R3","2017","2017","45 years","45",4760,1593038,298.8
,"Census Region 3: South","CENS-R3","2017","2017","46 years","46",5509,1666834,330.5
,"Census Region 3: South","CENS-R3","2017","2017","47 years","47",5845,1665566,350.9
,"Census Region 3: South","CENS-R3","2017","2017","48 years","48",5958,1569047,379.7
,"Census Region 3: South","CENS-R3","2017","2017","49 years","49",6362,1534085,414.7
,"Census Region 3: South","CENS-R3","2017","2017","50 years","50",6938,1531138,453.1
,"Census Region 3: South","CENS-R3","2017","2017","51 years","51",7924,1559147,508.2
,"Census Region 3: South","CENS-R3","2017","2017","52 years","52",8969,1651372,543.1
,"Census Region 3: South","CENS-R3","2017","2017","53 years","53",10156,1678935,604.9
,"Census Region 3: South","CENS-R3","2017","2017","54 years","54",10960,1666814,657.5
,"Census Region 3: South","CENS-R3","2017","2017","55 years","55",12097,1653204,731.7
,"Census Region 3: South","CENS-R3","2017","2017","56 years","56",13117,1660979,789.7
,"Census Region 3: South","CENS-R3","2017","2017","57 years","57",14216,1667805,852.4
,"Census Region 3: South","CENS-R3","2017","2017","58 years","58",14735,1606461,917.2
,"Census Region 3: South","CENS-R3","2017","2017","59 years","59",15655,1588204,985.7
,"Census Region 3: South","CENS-R3","2017","2017","60 years","60",16729,1571936,1064.2
,"Census Region 3: South","CENS-R3","2017","2017","61 years","61",17074,1515548,1126.6
,"Census Region 3: South","CENS-R3","2017","2017","62 years","62",17805,1499647,1187.3
,"Census Region 3: South","CENS-R3","2017","2017","63 years","63",18582,1441679,1288.9
,"Census Region 3: South","CENS-R3","2017","2017","64 years","64",19030,1385011,1374.0
,"Census Region 3: South","CENS-R3","2017","2017","65 years","65",19235,1330639,1445.5
,"Census Region 3: South","CENS-R3","2017","2017","66 years","66",19528,1297973,1504.5
,"Census Region 3: South","CENS-R3","2017","2017","67 years","67",20286,1268894,1598.7
,"Census Region 3: South","CENS-R3","2017","2017","68 years","68",21453,1239111,1731.3
,"Census Region 3: South","CENS-R3","2017","2017","69 years","69",23049,1231138,1872.2
,"Census Region 3: South","CENS-R3","2017","2017","70 years","70",24943,1284063,1942.5
,"Census Region 3: South","CENS-R3","2017","2017","71 years","71",21434,947156,2263.0
,"Census Region 3: South","CENS-R3","2017","2017","72 years","72",22175,934743,2372.3
,"Census Region 3: South","CENS-R3","2017","2017","73 years","73",23922,905003,2643.3
,"Census Region 3: South","CENS-R3","2017","2017","74 years","74",25907,913858,2834.9
,"Census Region 3: South","CENS-R3","2017","2017","75 years","75",24530,788695,3110.2
,"Census Region 3: South","CENS-R3","2017","2017","76 years","76",24562,719773,3412.5
,"Census Region 3: South","CENS-R3","2017","2017","77 years","77",24731,672072,3679.8
,"Census Region 3: South","CENS-R3","2017","2017","78 years","78",25336,620226,4085.0
,"Census Region 3: South","CENS-R3","2017","2017","79 years","79",26126,582154,4487.8
,"Census Region 3: South","CENS-R3","2017","2017","80 years","80",26422,524449,5038.0
,"Census Region 3: South","CENS-R3","2017","2017","81 years","81",27119,490988,5523.4
,"Census Region 3: South","CENS-R3","2017","2017","82 years","82",27898,460535,6057.7
,"Census Region 3: South","CENS-R3","2017","2017","83 years","83",27183,399613,6802.3
,"Census Region 3: South","CENS-R3","2017","2017","84 years","84",28287,372565,7592.5
,"Census Region 3: South","CENS-R3","2017","2017","85 years","85",28400,Not Applicable,Not Applicable
,"Census Region 3: South","CENS-R3","2017","2017","86 years","86",28650,Not Applicable,Not Applicable
,"Census Region 3: South","CENS-R3","2017","2017","87 years","87",28855,Not Applicable,Not Applicable
,"Census Region 3: South","CENS-R3","2017","2017","88 years","88",27819,Not Applicable,Not Applicable
,"Census Region 3: South","CENS-R3","2017","2017","89 years","89",27102,Not Applicable,Not Applicable
,"Census Region 3: South","CENS-R3","2017","2017","90 years","90",25841,Not Applicable,Not Applicable
,"Census Region 3: South","CENS-R3","2017","2017","91 years","91",23752,Not Applicable,Not Applicable
,"Census Region 3: South","CENS-R3","2017","2017","92 years","92",22164,Not Applicable,Not Applicable
,"Census Region 3: South","CENS-R3","2017","2017","93 years","93",19286,Not Applicable,Not Applicable
,"Census Region 3: South","CENS-R3","2017","2017","94 years","94",16555,Not Applicable,Not Applicable
,"Census Region 3: South","CENS-R3","2017","2017","95 years","95",14319,Not Applicable,Not Applicable
,"Census Region 3: South","CENS-R3","2017","2017","96 years","96",11265,Not Applicable,Not Applicable
,"Census Region 3: South","CENS-R3","2017","2017","97 years","97",8782,Not Applicable,Not Applicable
,"Census Region 3: South","CENS-R3","2017","2017","98 years","98",6197,Not Applicable,Not Applicable
,"Census Region 3: South","CENS-R3","2017","2017","99 years","99",4574,Not Applicable,Not Applicable
,"Census Region 3: South","CENS-R3","2018","2018","1 year","1",636,1525836,41.7
,"Census Region 3: South","CENS-R3","2018","2018","2 years","2",487,1558257,31.3
,"Census Region 3: South","CENS-R3","2018","2018","3 years","3",350,1572495,22.3
,"Census Region 3: South","CENS-R3","2018","2018","4 years","4",280,1565438,17.9
,"Census Region 3: South","CENS-R3","2018","2018","5 years","5",220,1553471,14.2
,"Census Region 3: South","CENS-R3","2018","2018","6 years","6",194,1561109,12.4
,"Census Region 3: South","CENS-R3","2018","2018","7 years","7",196,1573700,12.5
,"Census Region 3: South","CENS-R3","2018","2018","8 years","8",203,1577362,12.9
,"Census Region 3: South","CENS-R3","2018","2018","9 years","9",204,1582339,12.9
,"Census Region 3: South","CENS-R3","2018","2018","10 years","10",194,1634271,11.9
,"Census Region 3: South","CENS-R3","2018","2018","11 years","11",204,1640460,12.4
,"Census Region 3: South","CENS-R3","2018","2018","12 years","12",245,1622606,15.1
,"Census Region 3: South","CENS-R3","2018","2018","13 years","13",269,1611922,16.7
,"Census Region 3: South","CENS-R3","2018","2018","14 years","14",376,1608988,23.4
,"Census Region 3: South","CENS-R3","2018","2018","15 years","15",499,1594836,31.3
,"Census Region 3: South","CENS-R3","2018","2018","16 years","16",617,1596454,38.6
,"Census Region 3: South","CENS-R3","2018","2018","17 years","17",847,1637013,51.7
,"Census Region 3: South","CENS-R3","2018","2018","18 years","18",1216,1649612,73.7
,"Census Region 3: South","CENS-R3","2018","2018","19 years","19",1321,1617473,81.7
,"Census Region 3: South","CENS-R3","2018","2018","20 years","20",1373,1617957,84.9
,"Census Region 3: South","CENS-R3","2018","2018","21 years","21",1597,1618848,98.7
,"Census Region 3: South","CENS-R3","2018","2018","22 years","22",1613,1632446,98.8
,"Census Region 3: South","CENS-R3","2018","2018","23 years","23",1783,1675996,106.4
,"Census Region 3: South","CENS-R3","2018","2018","24 years","24",1902,1713249,111.0
,"Census Region 3: South","CENS-R3","2018","2018","25 years","25",2041,1739941,117.3
,"Census Region 3: South","CENS-R3","2018","2018","26 years","26",2097,1788226,117.3
,"Census Region 3: South","CENS-R3","2018","2018","27 years","27",2249,1826302,123.1
,"Census Region 3: South","CENS-R3","2018","2018","28 years","28",2371,1817857,130.4
,"Census Region 3: South","CENS-R3","2018","2018","29 years","29",2445,1744406,140.2
,"Census Region 3: South","CENS-R3","2018","2018","30 years","30",2518,1695277,148.5
,"Census Region 3: South","CENS-R3","2018","2018","31 years","31",2408,1666384,144.5
,"Census Region 3: South","CENS-R3","2018","2018","32 years","32",2709,1667524,162.5
,"Census Region 3: South","CENS-R3","2018","2018","33 years","33",2738,1680368,162.9
,"Census Region 3: South","CENS-R3","2018","2018","34 years","34",2742,1633020,167.9
,"Census Region 3: South","CENS-R3","2018","2018","35 years","35",2983,1661682,179.5
,"Census Region 3: South","CENS-R3","2018","2018","36 years","36",2976,1658824,179.4
,"Census Region 3: South","CENS-R3","2018","2018","37 years","37",3210,1646399,195.0
,"Census Region 3: South","CENS-R3","2018","2018","38 years","38",3398,1678880,202.4
,"Census Region 3: South","CENS-R3","2018","2018","39 years","39",3495,1576419,221.7
,"Census Region 3: South","CENS-R3","2018","2018","40 years","40",3462,1548541,223.6
,"Census Region 3: South","CENS-R3","2018","2018","41 years","41",3582,1539271,232.7
,"Census Region 3: South","CENS-R3","2018","2018","42 years","42",3623,1491404,242.9
,"Census Region 3: South","CENS-R3","2018","2018","43 years","43",3895,1537048,253.4
,"Census Region 3: South","CENS-R3","2018","2018","44 years","44",4097,1496506,273.8
,"Census Region 3: South","CENS-R3","2018","2018","45 years","45",4689,1527398,307.0
,"Census Region 3: South","CENS-R3","2018","2018","46 years","46",5203,1593875,326.4
,"Census Region 3: South","CENS-R3","2018","2018","47 years","47",5747,1668352,344.5
,"Census Region 3: South","CENS-R3","2018","2018","48 years","48",6183,1664914,371.4
,"Census Region 3: South","CENS-R3","2018","2018","49 years","49",6501,1567324,414.8
,"Census Region 3: South","CENS-R3","2018","2018","50 years","50",6786,1531302,443.2
,"Census Region 3: South","CENS-R3","2018","2018","51 years","51",7525,1528634,492.3
,"Census Region 3: South","CENS-R3","2018","2018","52 years","52",8352,1556393,536.6
,"Census Region 3: South","CENS-R3","2018","2018","53 years","53",9636,1647589,584.9
,"Census Region 3: South","CENS-R3","2018","2018","54 years","54",10941,1674135,653.5
,"Census Region 3: South","CENS-R3","2018","2018","55 years","55",11828,1660809,712.2
,"Census Region 3: South","CENS-R3","2018","2018","56 years","56",12788,1647590,776.2
,"Census Region 3: South","CENS-R3","2018","2018","57 years","57",14056,1654145,849.7
,"Census Region 3: South","CENS-R3","2018","2018","58 years","58",14976,1660245,902.0
,"Census Region 3: South","CENS-R3","2018","2018","59 years","59",15676,1597795,981.1
,"Census Region 3: South","CENS-R3","2018","2018","60 years","60",16402,1578677,1039.0
,"Census Region 3: South","CENS-R3","2018","2018","61 years","61",17624,1562573,1127.9
,"Census Region 3: South","CENS-R3","2018","2018","62 years","62",18204,1505971,1208.8
,"Census Region 3: South","CENS-R3","2018","2018","63 years","63",19012,1489800,1276.1
,"Census Region 3: South","CENS-R3","2018","2018","64 years","64",19577,1430935,1368.1
,"Census Region 3: South","CENS-R3","2018","2018","65 years","65",19757,1373445,1438.5
,"Census Region 3: South","CENS-R3","2018","2018","66 years","66",20209,1319274,1531.8
,"Census Region 3: South","CENS-R3","2018","2018","67 years","67",20809,1284928,1619.5
,"Census Region 3: South","CENS-R3","2018","2018","68 years","68",21555,1254041,1718.8
,"Census Region 3: South","CENS-R3","2018","2018","69 years","69",22881,1222265,1872.0
,"Census Region 3: South","CENS-R3","2018","2018","70 years","70",24477,1212889,2018.1
,"Census Region 3: South","CENS-R3","2018","2018","71 years","71",26686,1264331,2110.7
,"Census Region 3: South","CENS-R3","2018","2018","72 years","72",22741,930267,2444.6
,"Census Region 3: South","CENS-R3","2018","2018","73 years","73",23553,916382,2570.2
,"Census Region 3: South","CENS-R3","2018","2018","74 years","74",25269,884658,2856.4
,"Census Region 3: South","CENS-R3","2018","2018","75 years","75",27488,890702,3086.1
,"Census Region 3: South","CENS-R3","2018","2018","76 years","76",26076,766450,3402.2
,"Census Region 3: South","CENS-R3","2018","2018","77 years","77",25886,696512,3716.5
,"Census Region 3: South","CENS-R3","2018","2018","78 years","78",25838,647957,3987.6
,"Census Region 3: South","CENS-R3","2018","2018","79 years","79",26371,595509,4428.3
,"Census Region 3: South","CENS-R3","2018","2018","80 years","80",27301,556893,4902.4
,"Census Region 3: South","CENS-R3","2018","2018","81 years","81",27053,498466,5427.3
,"Census Region 3: South","CENS-R3","2018","2018","82 years","82",28136,463910,6065.0
,"Census Region 3: South","CENS-R3","2018","2018","83 years","83",28664,431821,6637.9
,"Census Region 3: South","CENS-R3","2018","2018","84 years","84",27832,371980,7482.1
,"Census Region 3: South","CENS-R3","2018","2018","85 years","85",28484,Not Applicable,Not Applicable
,"Census Region 3: South","CENS-R3","2018","2018","86 years","86",28395,Not Applicable,Not Applicable
,"Census Region 3: South","CENS-R3","2018","2018","87 years","87",28279,Not Applicable,Not Applicable
,"Census Region 3: South","CENS-R3","2018","2018","88 years","88",28689,Not Applicable,Not Applicable
,"Census Region 3: South","CENS-R3","2018","2018","89 years","89",27104,Not Applicable,Not Applicable
,"Census Region 3: South","CENS-R3","2018","2018","90 years","90",25971,Not Applicable,Not Applicable
,"Census Region 3: South","CENS-R3","2018","2018","91 years","91",24388,Not Applicable,Not Applicable
,"Census Region 3: South","CENS-R3","2018","2018","92 years","92",21611,Not Applicable,Not Applicable
,"Census Region 3: South","CENS-R3","2018","2018","93 years","93",19663,Not Applicable,Not Applicable
,"Census Region 3: South","CENS-R3","2018","2018","94 years","94",17015,Not Applicable,Not Applicable
,"Census Region 3: South","CENS-R3","2018","2018","95 years","95",13991,Not Applicable,Not Applicable
,"Census Region 3: South","CENS-R3","2018","2018","96 years","96",11634,Not Applicable,Not Applicable
,"Census Region 3: South","CENS-R3","2018","2018","97 years","97",9299,Not Applicable,Not Applicable
,"Census Region 3: South","CENS-R3","2018","2018","98 years","98",6803,Not Applicable,Not Applicable
,"Census Region 3: South","CENS-R3","2018","2018","99 years","99",4684,Not Applicable,Not Applicable
,"Census Region 3: South","CENS-R3","2019","2019","1 year","1",710,1499167,47.4
,"Census Region 3: South","CENS-R3","2019","2019","2 years","2",427,1534258,27.8
,"Census Region 3: South","CENS-R3","2019","2019","3 years","3",330,1565497,21.1
,"Census Region 3: South","CENS-R3","2019","2019","4 years","4",261,1580260,16.5
,"Census Region 3: South","CENS-R3","2019","2019","5 years","5",225,1573538,14.3
,"Census Region 3: South","CENS-R3","2019","2019","6 years","6",229,1562015,14.7
,"Census Region 3: South","CENS-R3","2019","2019","7 years","7",190,1569326,12.1
,"Census Region 3: South","CENS-R3","2019","2019","8 years","8",199,1581083,12.6
,"Census Region 3: South","CENS-R3","2019","2019","9 years","9",180,1584417,11.4
,"Census Region 3: South","CENS-R3","2019","2019","10 years","10",222,1589873,14.0
,"Census Region 3: South","CENS-R3","2019","2019","11 years","11",214,1641898,13.0
,"Census Region 3: South","CENS-R3","2019","2019","12 years","12",269,1647702,16.3
,"Census Region 3: South","CENS-R3","2019","2019","13 years","13",289,1629775,17.7
,"Census Region 3: South","CENS-R3","2019","2019","14 years","14",343,1618918,21.2
,"Census Region 3: South","CENS-R3","2019","2019","15 years","15",493,1615310,30.5
,"Census Region 3: South","CENS-R3","2019","2019","16 years","16",660,1600457,41.2
,"Census Region 3: South","CENS-R3","2019","2019","17 years","17",848,1603407,52.9
,"Census Region 3: South","CENS-R3","2019","2019","18 years","18",1201,1631080,73.6
,"Census Region 3: South","CENS-R3","2019","2019","19 years","19",1393,1655833,84.1
,"Census Region 3: South","CENS-R3","2019","2019","20 years","20",1483,1626193,91.2
,"Census Region 3: South","CENS-R3","2019","2019","21 years","21",1651,1627436,101.4
,"Census Region 3: South","CENS-R3","2019","2019","22 years","22",1663,1631934,101.9
,"Census Region 3: South","CENS-R3","2019","2019","23 years","23",1772,1646345,107.6
,"Census Region 3: South","CENS-R3","2019","2019","24 years","24",1837,1682660,109.2
,"Census Region 3: South","CENS-R3","2019","2019","25 years","25",1921,1716137,111.9
,"Census Region 3: South","CENS-R3","2019","2019","26 years","26",2057,1742089,118.1
,"Census Region 3: South","CENS-R3","2019","2019","27 years","27",2243,1790448,125.3
,"Census Region 3: South","CENS-R3","2019","2019","28 years","28",2380,1828207,130.2
,"Census Region 3: South","CENS-R3","2019","2019","29 years","29",2418,1820035,132.9
,"Census Region 3: South","CENS-R3","2019","2019","30 years","30",2574,1748124,147.2
,"Census Region 3: South","CENS-R3","2019","2019","31 years","31",2555,1699229,150.4
,"Census Region 3: South","CENS-R3","2019","2019","32 years","32",2588,1670359,154.9
,"Census Region 3: South","CENS-R3","2019","2019","33 years","33",2844,1671866,170.1
,"Census Region 3: South","CENS-R3","2019","2019","34 years","34",2883,1685830,171.0
,"Census Region 3: South","CENS-R3","2019","2019","35 years","35",2948,1636335,180.2
,"Census Region 3: South","CENS-R3","2019","2019","36 years","36",3077,1666323,184.7
,"Census Region 3: South","CENS-R3","2019","2019","37 years","37",3281,1663155,197.3
,"Census Region 3: South","CENS-R3","2019","2019","38 years","38",3536,1649211,214.4
,"Census Region 3: South","CENS-R3","2019","2019","39 years","39",3702,1680985,220.2
,"Census Region 3: South","CENS-R3","2019","2019","40 years","40",3744,1576902,237.4
,"Census Region 3: South","CENS-R3","2019","2019","41 years","41",3644,1550752,235.0
,"Census Region 3: South","CENS-R3","2019","2019","42 years","42",3850,1540275,250.0
,"Census Region 3: South","CENS-R3","2019","2019","43 years","43",3891,1492277,260.7
,"Census Region 3: South","CENS-R3","2019","2019","44 years","44",4172,1537882,271.3
,"Census Region 3: South","CENS-R3","2019","2019","45 years","45",4515,1496462,301.7
,"Census Region 3: South","CENS-R3","2019","2019","46 years","46",4970,1527674,325.3
,"Census Region 3: South","CENS-R3","2019","2019","47 years","47",5630,1594036,353.2
,"Census Region 3: South","CENS-R3","2019","2019","48 years","48",6283,1666329,377.1
,"Census Region 3: South","CENS-R3","2019","2019","49 years","49",6559,1663027,394.4
,"Census Region 3: South","CENS-R3","2019","2019","50 years","50",7002,1564415,447.6
,"Census Region 3: South","CENS-R3","2019","2019","51 years","51",7396,1529404,483.6
,"Census Region 3: South","CENS-R3","2019","2019","52 years","52",8007,1526215,524.6
,"Census Region 3: South","CENS-R3","2019","2019","53 years","53",8908,1552537,573.8
,"Census Region 3: South","CENS-R3","2019","2019","54 years","54",10258,1642942,624.4
,"Census Region 3: South","CENS-R3","2019","2019","55 years","55",11509,1668440,689.8
,"Census Region 3: South","CENS-R3","2019","2019","56 years","56",12483,1655573,754.0
,"Census Region 3: South","CENS-R3","2019","2019","57 years","57",13526,1641483,824.0
,"Census Region 3: South","CENS-R3","2019","2019","58 years","58",14794,1646164,898.7
,"Census Region 3: South","CENS-R3","2019","2019","59 years","59",15592,1651650,944.0
,"Census Region 3: South","CENS-R3","2019","2019","60 years","60",16649,1588758,1047.9
,"Census Region 3: South","CENS-R3","2019","2019","61 years","61",17640,1569669,1123.8
,"Census Region 3: South","CENS-R3","2019","2019","62 years","62",18646,1552155,1201.3
,"Census Region 3: South","CENS-R3","2019","2019","63 years","63",19382,1496171,1295.4
,"Census Region 3: South","CENS-R3","2019","2019","64 years","64",19856,1478526,1343.0
,"Census Region 3: South","CENS-R3","2019","2019","65 years","65",20277,1417710,1430.3
,"Census Region 3: South","CENS-R3","2019","2019","66 years","66",20767,1360914,1526.0
,"Census Region 3: South","CENS-R3","2019","2019","67 years","67",21188,1305092,1623.5
,"Census Region 3: South","CENS-R3","2019","2019","68 years","68",22003,1269425,1733.3
,"Census Region 3: South","CENS-R3","2019","2019","69 years","69",22532,1237195,1821.2
,"Census Region 3: South","CENS-R3","2019","2019","70 years","70",23958,1204302,1989.4
,"Census Region 3: South","CENS-R3","2019","2019","71 years","71",25537,1192671,2141.2
,"Census Region 3: South","CENS-R3","2019","2019","72 years","72",27862,1240113,2246.7
,"Census Region 3: South","CENS-R3","2019","2019","73 years","73",23851,909804,2621.6
,"Census Region 3: South","CENS-R3","2019","2019","74 years","74",24135,893640,2700.8
,"Census Region 3: South","CENS-R3","2019","2019","75 years","75",26195,860200,3045.2
,"Census Region 3: South","CENS-R3","2019","2019","76 years","76",28103,864215,3251.9
,"Census Region 3: South","CENS-R3","2019","2019","77 years","77",26837,740301,3625.1
,"Census Region 3: South","CENS-R3","2019","2019","78 years","78",26846,670887,4001.6
,"Census Region 3: South","CENS-R3","2019","2019","79 years","79",27079,621938,4354.0
,"Census Region 3: South","CENS-R3","2019","2019","80 years","80",27382,569468,4808.3
,"Census Region 3: South","CENS-R3","2019","2019","81 years","81",28042,529521,5295.7
,"Census Region 3: South","CENS-R3","2019","2019","82 years","82",27869,471264,5913.7
,"Census Region 3: South","CENS-R3","2019","2019","83 years","83",28788,435347,6612.7
,"Census Region 3: South","CENS-R3","2019","2019","84 years","84",28923,402809,7180.3
,"Census Region 3: South","CENS-R3","2019","2019","85 years","85",28073,Not Applicable,Not Applicable
,"Census Region 3: South","CENS-R3","2019","2019","86 years","86",28294,Not Applicable,Not Applicable
,"Census Region 3: South","CENS-R3","2019","2019","87 years","87",28436,Not Applicable,Not Applicable
,"Census Region 3: South","CENS-R3","2019","2019","88 years","88",27727,Not Applicable,Not Applicable
,"Census Region 3: South","CENS-R3","2019","2019","89 years","89",27092,Not Applicable,Not Applicable
,"Census Region 3: South","CENS-R3","2019","2019","90 years","90",25650,Not Applicable,Not Applicable
,"Census Region 3: South","CENS-R3","2019","2019","91 years","91",24160,Not Applicable,Not Applicable
,"Census Region 3: South","CENS-R3","2019","2019","92 years","92",22182,Not Applicable,Not Applicable
,"Census Region 3: South","CENS-R3","2019","2019","93 years","93",19427,Not Applicable,Not Applicable
,"Census Region 3: South","CENS-R3","2019","2019","94 years","94",17150,Not Applicable,Not Applicable
,"Census Region 3: South","CENS-R3","2019","2019","95 years","95",14303,Not Applicable,Not Applicable
,"Census Region 3: South","CENS-R3","2019","2019","96 years","96",11556,Not Applicable,Not Applicable
,"Census Region 3: South","CENS-R3","2019","2019","97 years","97",9297,Not Applicable,Not Applicable
,"Census Region 3: South","CENS-R3","2019","2019","98 years","98",7083,Not Applicable,Not Applicable
,"Census Region 3: South","CENS-R3","2019","2019","99 years","99",4956,Not Applicable,Not Applicable
,"Census Region 3: South","CENS-R3","2020","2020","1 year","1",640,1485169,43.1
,"Census Region 3: South","CENS-R3","2020","2020","2 years","2",423,1517802,27.9
,"Census Region 3: South","CENS-R3","2020","2020","3 years","3",329,1536754,21.4
,"Census Region 3: South","CENS-R3","2020","2020","4 years","4",240,1582222,15.2
,"Census Region 3: South","CENS-R3","2020","2020","5 years","5",245,1591814,15.4
,"Census Region 3: South","CENS-R3","2020","2020","6 years","6",207,1585776,13.1
,"Census Region 3: South","CENS-R3","2020","2020","7 years","7",202,1573462,12.8
,"Census Region 3: South","CENS-R3","2020","2020","8 years","8",183,1580679,11.6
,"Census Region 3: South","CENS-R3","2020","2020","9 years","9",179,1592860,11.2
,"Census Region 3: South","CENS-R3","2020","2020","10 years","10",209,1596675,13.1
,"Census Region 3: South","CENS-R3","2020","2020","11 years","11",234,1602267,14.6
,"Census Region 3: South","CENS-R3","2020","2020","12 years","12",274,1654045,16.6
,"Census Region 3: South","CENS-R3","2020","2020","13 years","13",362,1659212,21.8
,"Census Region 3: South","CENS-R3","2020","2020","14 years","14",413,1640009,25.2
,"Census Region 3: South","CENS-R3","2020","2020","15 years","15",547,1629257,33.6
,"Census Region 3: South","CENS-R3","2020","2020","16 years","16",780,1625395,48.0
,"Census Region 3: South","CENS-R3","2020","2020","17 years","17",989,1611174,61.4
,"Census Region 3: South","CENS-R3","2020","2020","18 years","18",1383,1601710,86.3
,"Census Region 3: South","CENS-R3","2020","2020","19 years","19",1644,1642098,100.1
,"Census Region 3: South","CENS-R3","2020","2020","20 years","20",1793,1671064,107.3
,"Census Region 3: South","CENS-R3","2020","2020","21 years","21",1991,1642651,121.2
,"Census Region 3: South","CENS-R3","2020","2020","22 years","22",2021,1647755,122.7
,"Census Region 3: South","CENS-R3","2020","2020","23 years","23",2145,1654370,129.7
,"Census Region 3: South","CENS-R3","2020","2020","24 years","24",2182,1660065,131.4
,"Census Region 3: South","CENS-R3","2020","2020","25 years","25",2438,1692911,144.0
,"Census Region 3: South","CENS-R3","2020","2020","26 years","26",2471,1726633,143.1
,"Census Region 3: South","CENS-R3","2020","2020","27 years","27",2726,1753489,155.5
,"Census Region 3: South","CENS-R3","2020","2020","28 years","28",2868,1801557,159.2
,"Census Region 3: South","CENS-R3","2020","2020","29 years","29",3131,1839898,170.2
,"Census Region 3: South","CENS-R3","2020","2020","30 years","30",3247,1832011,177.2
,"Census Region 3: South","CENS-R3","2020","2020","31 years","31",3233,1761196,183.6
,"Census Region 3: South","CENS-R3","2020","2020","32 years","32",3416,1712196,199.5
,"Census Region 3: South","CENS-R3","2020","2020","33 years","33",3539,1682266,210.4
,"Census Region 3: South","CENS-R3","2020","2020","34 years","34",3689,1684635,219.0
,"Census Region 3: South","CENS-R3","2020","2020","35 years","35",3686,1695677,217.4
,"Census Region 3: South","CENS-R3","2020","2020","36 years","36",3800,1646202,230.8
,"Census Region 3: South","CENS-R3","2020","2020","37 years","37",4207,1675761,251.1
,"Census Region 3: South","CENS-R3","2020","2020","38 years","38",4263,1671520,255.0
,"Census Region 3: South","CENS-R3","2020","2020","39 years","39",4596,1656404,277.5
,"Census Region 3: South","CENS-R3","2020","2020","40 years","40",4745,1687021,281.3
,"Census Region 3: South","CENS-R3","2020","2020","41 years","41",4989,1583368,315.1
,"Census Region 3: South","CENS-R3","2020","2020","42 years","42",4888,1555354,314.3
,"Census Region 3: South","CENS-R3","2020","2020","43 years","43",5078,1545436,328.6
,"Census Region 3: South","CENS-R3","2020","2020","44 years","44",5153,1496875,344.3
,"Census Region 3: South","CENS-R3","2020","2020","45 years","45",5622,1541217,364.8
,"Census Region 3: South","CENS-R3","2020","2020","46 years","46",5891,1498834,393.0
,"Census Region 3: South","CENS-R3","2020","2020","47 years","47",6430,1529796,420.3
,"Census Region 3: South","CENS-R3","2020","2020","48 years","48",7346,1594207,460.8
,"Census Region 3: South","CENS-R3","2020","2020","49 years","49",8238,1666854,494.2
,"Census Region 3: South","CENS-R3","2020","2020","50 years","50",8645,1662569,520.0
,"Census Region 3: South","CENS-R3","2020","2020","51 years","51",8989,1564200,574.7
,"Census Region 3: South","CENS-R3","2020","2020","52 years","52",9685,1529104,633.4
,"Census Region 3: South","CENS-R3","2020","2020","53 years","53",10256,1524788,672.6
,"Census Region 3: South","CENS-R3","2020","2020","54 years","54",11517,1550096,743.0
,"Census Region 3: South","CENS-R3","2020","2020","55 years","55",13180,1639706,803.8
,"Census Region 3: South","CENS-R3","2020","2020","56 years","56",14414,1665634,865.4
,"Census Region 3: South","CENS-R3","2020","2020","57 years","57",15671,1651289,949.0
,"Census Region 3: South","CENS-R3","2020","2020","58 years","58",16800,1635376,1027.3
,"Census Region 3: South","CENS-R3","2020","2020","59 years","59",18349,1639014,1119.5
,"Census Region 3: South","CENS-R3","2020","2020","60 years","60",19524,1643107,1188.2
,"Census Region 3: South","CENS-R3","2020","2020","61 years","61",20609,1580957,1303.6
,"Census Region 3: South","CENS-R3","2020","2020","62 years","62",21758,1560667,1394.1
,"Census Region 3: South","CENS-R3","2020","2020","63 years","63",23247,1542716,1506.9
,"Census Region 3: South","CENS-R3","2020","2020","64 years","64",23572,1485718,1586.6
,"Census Region 3: South","CENS-R3","2020","2020","65 years","65",24042,1466492,1639.4
,"Census Region 3: South","CENS-R3","2020","2020","66 years","66",25105,1406811,1784.5
,"Census Region 3: South","CENS-R3","2020","2020","67 years","67",25513,1348021,1892.6
,"Census Region 3: South","CENS-R3","2020","2020","68 years","68",26165,1290186,2028.0
,"Census Region 3: South","CENS-R3","2020","2020","69 years","69",26594,1253535,2121.5
,"Census Region 3: South","CENS-R3","2020","2020","70 years","70",27839,1220063,2281.8
,"Census Region 3: South","CENS-R3","2020","2020","71 years","71",29496,1185424,2488.2
,"Census Region 3: South","CENS-R3","2020","2020","72 years","72",31369,1171186,2678.4
,"Census Region 3: South","CENS-R3","2020","2020","73 years","73",34013,1216163,2796.7
,"Census Region 3: South","CENS-R3","2020","2020","74 years","74",29329,889147,3298.6
,"Census Region 3: South","CENS-R3","2020","2020","75 years","75",29809,870456,3424.5
,"Census Region 3: South","CENS-R3","2020","2020","76 years","76",32072,836219,3835.4
,"Census Region 3: South","CENS-R3","2020","2020","77 years","77",34628,837161,4136.4
,"Census Region 3: South","CENS-R3","2020","2020","78 years","78",33086,713953,4634.2
,"Census Region 3: South","CENS-R3","2020","2020","79 years","79",32606,644445,5059.5
,"Census Region 3: South","CENS-R3","2020","2020","80 years","80",32921,594242,5540.0
,"Census Region 3: South","CENS-R3","2020","2020","81 years","81",33014,540565,6107.3
,"Census Region 3: South","CENS-R3","2020","2020","82 years","82",33581,499712,6720.1
,"Census Region 3: South","CENS-R3","2020","2020","83 years","83",33112,441141,7506.0
,"Census Region 3: South","CENS-R3","2020","2020","84 years","84",33840,403993,8376.4
,"Census Region 3: South","CENS-R3","2020","2020","85 years","85",34168,Not Applicable,Not Applicable
,"Census Region 3: South","CENS-R3","2020","2020","86 years","86",32239,Not Applicable,Not Applicable
,"Census Region 3: South","CENS-R3","2020","2020","87 years","87",32231,Not Applicable,Not Applicable
,"Census Region 3: South","CENS-R3","2020","2020","88 years","88",32096,Not Applicable,Not Applicable
,"Census Region 3: South","CENS-R3","2020","2020","89 years","89",31164,Not Applicable,Not Applicable
,"Census Region 3: South","CENS-R3","2020","2020","90 years","90",29950,Not Applicable,Not Applicable
,"Census Region 3: South","CENS-R3","2020","2020","91 years","91",27265,Not Applicable,Not Applicable
,"Census Region 3: South","CENS-R3","2020","2020","92 years","92",25286,Not Applicable,Not Applicable
,"Census Region 3: South","CENS-R3","2020","2020","93 years","93",22927,Not Applicable,Not Applicable
,"Census Region 3: South","CENS-R3","2020","2020","94 years","94",19454,Not Applicable,Not Applicable
,"Census Region 3: South","CENS-R3","2020","2020","95 years","95",16477,Not Applicable,Not Applicable
,"Census Region 3: South","CENS-R3","2020","2020","96 years","96",13730,Not Applicable,Not Applicable
,"Census Region 3: South","CENS-R3","2020","2020","97 years","97",10714,Not Applicable,Not Applicable
,"Census Region 3: South","CENS-R3","2020","2020","98 years","98",8115,Not Applicable,Not Applicable
,"Census Region 3: South","CENS-R3","2020","2020","99 years","99",6113,Not Applicable,Not Applicable
,"Census Region 4: West","CENS-R4","1999","1999","1 year","1",464,902317,51.4
,"Census Region 4: West","CENS-R4","1999","1999","2 years","2",317,902477,35.1
,"Census Region 4: West","CENS-R4","1999","1999","3 years","3",198,922129,21.5
,"Census Region 4: West","CENS-R4","1999","1999","4 years","4",161,951405,16.9
,"Census Region 4: West","CENS-R4","1999","1999","5 years","5",172,961765,17.9
,"Census Region 4: West","CENS-R4","1999","1999","6 years","6",132,967148,13.6
,"Census Region 4: West","CENS-R4","1999","1999","7 years","7",148,999138,14.8
,"Census Region 4: West","CENS-R4","1999","1999","8 years","8",154,999490,15.4
,"Census Region 4: West","CENS-R4","1999","1999","9 years","9",133,985065,13.5
,"Census Region 4: West","CENS-R4","1999","1999","10 years","10",155,958996,16.2
,"Census Region 4: West","CENS-R4","1999","1999","11 years","11",153,933079,16.4
,"Census Region 4: West","CENS-R4","1999","1999","12 years","12",151,926816,16.3
,"Census Region 4: West","CENS-R4","1999","1999","13 years","13",172,922323,18.6
,"Census Region 4: West","CENS-R4","1999","1999","14 years","14",248,921059,26.9
,"Census Region 4: West","CENS-R4","1999","1999","15 years","15",344,904371,38.0
,"Census Region 4: West","CENS-R4","1999","1999","16 years","16",487,925484,52.6
,"Census Region 4: West","CENS-R4","1999","1999","17 years","17",587,927293,63.3
,"Census Region 4: West","CENS-R4","1999","1999","18 years","18",712,905177,78.7
,"Census Region 4: West","CENS-R4","1999","1999","19 years","19",750,917117,81.8
,"Census Region 4: West","CENS-R4","1999","1999","20 years","20",768,883246,87.0
,"Census Region 4: West","CENS-R4","1999","1999","21 years","21",741,859066,86.3
,"Census Region 4: West","CENS-R4","1999","1999","22 years","22",696,864092,80.5
,"Census Region 4: West","CENS-R4","1999","1999","23 years","23",668,844652,79.1
,"Census Region 4: West","CENS-R4","1999","1999","24 years","24",687,870014,79.0
,"Census Region 4: West","CENS-R4","1999","1999","25 years","25",645,872793,73.9
,"Census Region 4: West","CENS-R4","1999","1999","26 years","26",702,876430,80.1
,"Census Region 4: West","CENS-R4","1999","1999","27 years","27",726,913763,79.5
,"Census Region 4: West","CENS-R4","1999","1999","28 years","28",760,964336,78.8
,"Census Region 4: West","CENS-R4","1999","1999","29 years","29",870,990754,87.8
,"Census Region 4: West","CENS-R4","1999","1999","30 years","30",846,1007240,84.0
,"Census Region 4: West","CENS-R4","1999","1999","31 years","31",915,934376,97.9
,"Census Region 4: West","CENS-R4","1999","1999","32 years","32",952,945142,100.7
,"Census Region 4: West","CENS-R4","1999","1999","33 years","33",996,939169,106.1
,"Census Region 4: West","CENS-R4","1999","1999","34 years","34",1160,986399,117.6
,"Census Region 4: West","CENS-R4","1999","1999","35 years","35",1288,1043631,123.4
,"Census Region 4: West","CENS-R4","1999","1999","36 years","36",1391,1029894,135.1
,"Census Region 4: West","CENS-R4","1999","1999","37 years","37",1488,1033574,144.0
,"Census Region 4: West","CENS-R4","1999","1999","38 years","38",1628,1024826,158.9
,"Census Region 4: West","CENS-R4","1999","1999","39 years","39",1704,1030887,165.3
,"Census Region 4: West","CENS-R4","1999","1999","40 years","40",1877,1044259,179.7
,"Census Region 4: West","CENS-R4","1999","1999","41 years","41",1923,985715,195.1
,"Census Region 4: West","CENS-R4","1999","1999","42 years","42",2053,1001991,204.9
,"Census Region 4: West","CENS-R4","1999","1999","43 years","43",2198,959642,229.0
,"Census Region 4: West","CENS-R4","1999","1999","44 years","44",2384,949291,251.1
,"Census Region 4: West","CENS-R4","1999","1999","45 years","45",2617,947972,276.1
,"Census Region 4: West","CENS-R4","1999","1999","46 years","46",2695,892424,302.0
,"Census Region 4: West","CENS-R4","1999","1999","47 years","47",2739,874207,313.3
,"Census Region 4: West","CENS-R4","1999","1999","48 years","48",2903,821764,353.3
,"Census Region 4: West","CENS-R4","1999","1999","49 years","49",3009,832269,361.5
,"Census Region 4: West","CENS-R4","1999","1999","50 years","50",3062,831375,368.3
,"Census Region 4: West","CENS-R4","1999","1999","51 years","51",3337,782048,426.7
,"Census Region 4: West","CENS-R4","1999","1999","52 years","52",3581,835726,428.5
,"Census Region 4: West","CENS-R4","1999","1999","53 years","53",3155,604492,521.9
,"Census Region 4: West","CENS-R4","1999","1999","54 years","54",3312,634290,522.2
,"Census Region 4: West","CENS-R4","1999","1999","55 years","55",3660,612743,597.3
,"Census Region 4: West","CENS-R4","1999","1999","56 years","56",3870,618269,625.9
,"Census Region 4: West","CENS-R4","1999","1999","57 years","57",3850,529397,727.2
,"Census Region 4: West","CENS-R4","1999","1999","58 years","58",3914,505847,773.8
,"Census Region 4: West","CENS-R4","1999","1999","59 years","59",4032,482290,836.0
,"Census Region 4: West","CENS-R4","1999","1999","60 years","60",4307,479720,897.8
,"Census Region 4: West","CENS-R4","1999","1999","61 years","61",4658,445918,1044.6
,"Census Region 4: West","CENS-R4","1999","1999","62 years","62",4877,423773,1150.9
,"Census Region 4: West","CENS-R4","1999","1999","63 years","63",5128,419093,1223.6
,"Census Region 4: West","CENS-R4","1999","1999","64 years","64",5654,415984,1359.2
,"Census Region 4: West","CENS-R4","1999","1999","65 years","65",5812,387337,1500.5
,"Census Region 4: West","CENS-R4","1999","1999","66 years","66",6136,383102,1601.7
,"Census Region 4: West","CENS-R4","1999","1999","67 years","67",6566,382234,1717.8
,"Census Region 4: West","CENS-R4","1999","1999","68 years","68",7307,381549,1915.1
,"Census Region 4: West","CENS-R4","1999","1999","69 years","69",7972,377897,2109.6
,"Census Region 4: West","CENS-R4","1999","1999","70 years","70",8222,372239,2208.8
,"Census Region 4: West","CENS-R4","1999","1999","71 years","71",8947,357639,2501.7
,"Census Region 4: West","CENS-R4","1999","1999","72 years","72",9527,340315,2799.5
,"Census Region 4: West","CENS-R4","1999","1999","73 years","73",10274,334837,3068.4
,"Census Region 4: West","CENS-R4","1999","1999","74 years","74",10966,337392,3250.2
,"Census Region 4: West","CENS-R4","1999","1999","75 years","75",11606,324930,3571.8
,"Census Region 4: West","CENS-R4","1999","1999","76 years","76",11914,306606,3885.8
,"Census Region 4: West","CENS-R4","1999","1999","77 years","77",12623,299245,4218.3
,"Census Region 4: West","CENS-R4","1999","1999","78 years","78",13257,281086,4716.4
,"Census Region 4: West","CENS-R4","1999","1999","79 years","79",13259,250574,5291.5
,"Census Region 4: West","CENS-R4","1999","1999","80 years","80",13158,233211,5642.1
,"Census Region 4: West","CENS-R4","1999","1999","81 years","81",13309,204368,6512.3
,"Census Region 4: West","CENS-R4","1999","1999","82 years","82",13275,189216,7015.8
,"Census Region 4: West","CENS-R4","1999","1999","83 years","83",13427,168373,7974.6
,"Census Region 4: West","CENS-R4","1999","1999","84 years","84",13458,153559,8764.1
,"Census Region 4: West","CENS-R4","1999","1999","85 years","85",12993,Not Applicable,Not Applicable
,"Census Region 4: West","CENS-R4","1999","1999","86 years","86",12869,Not Applicable,Not Applicable
,"Census Region 4: West","CENS-R4","1999","1999","87 years","87",12100,Not Applicable,Not Applicable
,"Census Region 4: West","CENS-R4","1999","1999","88 years","88",11443,Not Applicable,Not Applicable
,"Census Region 4: West","CENS-R4","1999","1999","89 years","89",10644,Not Applicable,Not Applicable
,"Census Region 4: West","CENS-R4","1999","1999","90 years","90",9684,Not Applicable,Not Applicable
,"Census Region 4: West","CENS-R4","1999","1999","91 years","91",8909,Not Applicable,Not Applicable
,"Census Region 4: West","CENS-R4","1999","1999","92 years","92",7767,Not Applicable,Not Applicable
,"Census Region 4: West","CENS-R4","1999","1999","93 years","93",6538,Not Applicable,Not Applicable
,"Census Region 4: West","CENS-R4","1999","1999","94 years","94",5645,Not Applicable,Not Applicable
,"Census Region 4: West","CENS-R4","1999","1999","95 years","95",4611,Not Applicable,Not Applicable
,"Census Region 4: West","CENS-R4","1999","1999","96 years","96",3746,Not Applicable,Not Applicable
,"Census Region 4: West","CENS-R4","1999","1999","97 years","97",2900,Not Applicable,Not Applicable
,"Census Region 4: West","CENS-R4","1999","1999","98 years","98",2100,Not Applicable,Not Applicable
,"Census Region 4: West","CENS-R4","1999","1999","99 years","99",1528,Not Applicable,Not Applicable
,"Census Region 4: West","CENS-R4","2000","2000","1 year","1",421,908072,46.4
,"Census Region 4: West","CENS-R4","2000","2000","2 years","2",289,902071,32.0
,"Census Region 4: West","CENS-R4","2000","2000","3 years","3",198,920567,21.5
,"Census Region 4: West","CENS-R4","2000","2000","4 years","4",195,943813,20.7
,"Census Region 4: West","CENS-R4","2000","2000","5 years","5",159,953019,16.7
,"Census Region 4: West","CENS-R4","2000","2000","6 years","6",164,961025,17.1
,"Census Region 4: West","CENS-R4","2000","2000","7 years","7",138,980742,14.1
,"Census Region 4: West","CENS-R4","2000","2000","8 years","8",128,997214,12.8
,"Census Region 4: West","CENS-R4","2000","2000","9 years","9",126,1011683,12.5
,"Census Region 4: West","CENS-R4","2000","2000","10 years","10",141,1001639,14.1
,"Census Region 4: West","CENS-R4","2000","2000","11 years","11",186,958862,19.4
,"Census Region 4: West","CENS-R4","2000","2000","12 years","12",147,947205,15.5
,"Census Region 4: West","CENS-R4","2000","2000","13 years","13",192,927905,20.7
,"Census Region 4: West","CENS-R4","2000","2000","14 years","14",270,932692,28.9
,"Census Region 4: West","CENS-R4","2000","2000","15 years","15",319,925620,34.5
,"Census Region 4: West","CENS-R4","2000","2000","16 years","16",450,918090,49.0
,"Census Region 4: West","CENS-R4","2000","2000","17 years","17",555,936552,59.3
,"Census Region 4: West","CENS-R4","2000","2000","18 years","18",752,929376,80.9
,"Census Region 4: West","CENS-R4","2000","2000","19 years","19",766,932970,82.1
,"Census Region 4: West","CENS-R4","2000","2000","20 years","20",768,921304,83.4
,"Census Region 4: West","CENS-R4","2000","2000","21 years","21",779,886268,87.9
,"Census Region 4: West","CENS-R4","2000","2000","22 years","22",730,883498,82.6
,"Census Region 4: West","CENS-R4","2000","2000","23 years","23",702,883258,79.5
,"Census Region 4: West","CENS-R4","2000","2000","24 years","24",681,882227,77.2
,"Census Region 4: West","CENS-R4","2000","2000","25 years","25",694,908496,76.4
,"Census Region 4: West","CENS-R4","2000","2000","26 years","26",705,873066,80.7
,"Census Region 4: West","CENS-R4","2000","2000","27 years","27",727,904788,80.4
,"Census Region 4: West","CENS-R4","2000","2000","28 years","28",704,937976,75.1
,"Census Region 4: West","CENS-R4","2000","2000","29 years","29",768,998508,76.9
,"Census Region 4: West","CENS-R4","2000","2000","30 years","30",796,1027853,77.4
,"Census Region 4: West","CENS-R4","2000","2000","31 years","31",941,947892,99.3
,"Census Region 4: West","CENS-R4","2000","2000","32 years","32",909,934615,97.3
,"Census Region 4: West","CENS-R4","2000","2000","33 years","33",997,925060,107.8
,"Census Region 4: West","CENS-R4","2000","2000","34 years","34",1055,950289,111.0
,"Census Region 4: West","CENS-R4","2000","2000","35 years","35",1204,1024617,117.5
,"Census Region 4: West","CENS-R4","2000","2000","36 years","36",1324,1015443,130.4
,"Census Region 4: West","CENS-R4","2000","2000","37 years","37",1420,1020379,139.2
,"Census Region 4: West","CENS-R4","2000","2000","38 years","38",1645,1027070,160.2
,"Census Region 4: West","CENS-R4","2000","2000","39 years","39",1638,1032330,158.7
,"Census Region 4: West","CENS-R4","2000","2000","40 years","40",1888,1060102,178.1
,"Census Region 4: West","CENS-R4","2000","2000","41 years","41",1948,986501,197.5
,"Census Region 4: West","CENS-R4","2000","2000","42 years","42",2109,1009796,208.9
,"Census Region 4: West","CENS-R4","2000","2000","43 years","43",2308,979421,235.6
,"Census Region 4: West","CENS-R4","2000","2000","44 years","44",2453,959376,255.7
,"Census Region 4: West","CENS-R4","2000","2000","45 years","45",2555,971266,263.1
,"Census Region 4: West","CENS-R4","2000","2000","46 years","46",2621,913833,286.8
,"Census Region 4: West","CENS-R4","2000","2000","47 years","47",2868,898580,319.2
,"Census Region 4: West","CENS-R4","2000","2000","48 years","48",2949,858384,343.6
,"Census Region 4: West","CENS-R4","2000","2000","49 years","49",3044,835094,364.5
,"Census Region 4: West","CENS-R4","2000","2000","50 years","50",3262,850990,383.3
,"Census Region 4: West","CENS-R4","2000","2000","51 years","51",3328,791775,420.3
,"Census Region 4: West","CENS-R4","2000","2000","52 years","52",3581,803850,445.5
,"Census Region 4: West","CENS-R4","2000","2000","53 years","53",3933,783572,501.9
,"Census Region 4: West","CENS-R4","2000","2000","54 years","54",3305,617372,535.3
,"Census Region 4: West","CENS-R4","2000","2000","55 years","55",3577,623264,573.9
,"Census Region 4: West","CENS-R4","2000","2000","56 years","56",3871,605396,639.4
,"Census Region 4: West","CENS-R4","2000","2000","57 years","57",4136,596756,693.1
,"Census Region 4: West","CENS-R4","2000","2000","58 years","58",4088,529455,772.1
,"Census Region 4: West","CENS-R4","2000","2000","59 years","59",4246,496658,854.9
,"Census Region 4: West","CENS-R4","2000","2000","60 years","60",4426,486562,909.6
,"Census Region 4: West","CENS-R4","2000","2000","61 years","61",4703,458568,1025.6
,"Census Region 4: West","CENS-R4","2000","2000","62 years","62",4986,446106,1117.7
,"Census Region 4: West","CENS-R4","2000","2000","63 years","63",4977,422012,1179.4
,"Census Region 4: West","CENS-R4","2000","2000","64 years","64",5434,412371,1317.7
,"Census Region 4: West","CENS-R4","2000","2000","65 years","65",5785,412375,1402.8
,"Census Region 4: West","CENS-R4","2000","2000","66 years","66",5907,377046,1566.7
,"Census Region 4: West","CENS-R4","2000","2000","67 years","67",6390,379310,1684.6
,"Census Region 4: West","CENS-R4","2000","2000","68 years","68",7023,371668,1889.6
,"Census Region 4: West","CENS-R4","2000","2000","69 years","69",7598,376333,2019.0
,"Census Region 4: West","CENS-R4","2000","2000","70 years","70",8375,375006,2233.3
,"Census Region 4: West","CENS-R4","2000","2000","71 years","71",8594,351021,2448.3
,"Census Region 4: West","CENS-R4","2000","2000","72 years","72",9175,349644,2624.1
,"Census Region 4: West","CENS-R4","2000","2000","73 years","73",9959,337813,2948.1
,"Census Region 4: West","CENS-R4","2000","2000","74 years","74",10425,332935,3131.2
,"Census Region 4: West","CENS-R4","2000","2000","75 years","75",11378,329073,3457.6
,"Census Region 4: West","CENS-R4","2000","2000","76 years","76",12010,311547,3855.0
,"Census Region 4: West","CENS-R4","2000","2000","77 years","77",12423,293339,4235.0
,"Census Region 4: West","CENS-R4","2000","2000","78 years","78",13231,287296,4605.4
,"Census Region 4: West","CENS-R4","2000","2000","79 years","79",13492,263510,5120.1
,"Census Region 4: West","CENS-R4","2000","2000","80 years","80",13658,238516,5726.2
,"Census Region 4: West","CENS-R4","2000","2000","81 years","81",13042,210689,6190.2
,"Census Region 4: West","CENS-R4","2000","2000","82 years","82",13610,192300,7077.5
,"Census Region 4: West","CENS-R4","2000","2000","83 years","83",13126,171030,7674.7
,"Census Region 4: West","CENS-R4","2000","2000","84 years","84",13422,155391,8637.6
,"Census Region 4: West","CENS-R4","2000","2000","85 years","85",13310,Not Applicable,Not Applicable
,"Census Region 4: West","CENS-R4","2000","2000","86 years","86",13016,Not Applicable,Not Applicable
,"Census Region 4: West","CENS-R4","2000","2000","87 years","87",12362,Not Applicable,Not Applicable
,"Census Region 4: West","CENS-R4","2000","2000","88 years","88",11646,Not Applicable,Not Applicable
,"Census Region 4: West","CENS-R4","2000","2000","89 years","89",10735,Not Applicable,Not Applicable
,"Census Region 4: West","CENS-R4","2000","2000","90 years","90",10078,Not Applicable,Not Applicable
,"Census Region 4: West","CENS-R4","2000","2000","91 years","91",8856,Not Applicable,Not Applicable
,"Census Region 4: West","CENS-R4","2000","2000","92 years","92",8122,Not Applicable,Not Applicable
,"Census Region 4: West","CENS-R4","2000","2000","93 years","93",6736,Not Applicable,Not Applicable
,"Census Region 4: West","CENS-R4","2000","2000","94 years","94",5703,Not Applicable,Not Applicable
,"Census Region 4: West","CENS-R4","2000","2000","95 years","95",4585,Not Applicable,Not Applicable
,"Census Region 4: West","CENS-R4","2000","2000","96 years","96",3798,Not Applicable,Not Applicable
,"Census Region 4: West","CENS-R4","2000","2000","97 years","97",2924,Not Applicable,Not Applicable
,"Census Region 4: West","CENS-R4","2000","2000","98 years","98",2185,Not Applicable,Not Applicable
,"Census Region 4: West","CENS-R4","2000","2000","99 years","99",1613,Not Applicable,Not Applicable
,"Census Region 4: West","CENS-R4","2001","2001","1 year","1",450,921701,48.8
,"Census Region 4: West","CENS-R4","2001","2001","2 years","2",290,904995,32.0
,"Census Region 4: West","CENS-R4","2001","2001","3 years","3",187,904845,20.7
,"Census Region 4: West","CENS-R4","2001","2001","4 years","4",181,917414,19.7
,"Census Region 4: West","CENS-R4","2001","2001","5 years","5",152,938278,16.2
,"Census Region 4: West","CENS-R4","2001","2001","6 years","6",174,953118,18.3
,"Census Region 4: West","CENS-R4","2001","2001","7 years","7",135,958933,14.1
,"Census Region 4: West","CENS-R4","2001","2001","8 years","8",123,975788,12.6
,"Census Region 4: West","CENS-R4","2001","2001","9 years","9",134,998288,13.4
,"Census Region 4: West","CENS-R4","2001","2001","10 years","10",137,1016006,13.5
,"Census Region 4: West","CENS-R4","2001","2001","11 years","11",139,1021296,13.6
,"Census Region 4: West","CENS-R4","2001","2001","12 years","12",155,976320,15.9
,"Census Region 4: West","CENS-R4","2001","2001","13 years","13",204,959001,21.3
,"Census Region 4: West","CENS-R4","2001","2001","14 years","14",250,941950,26.5
,"Census Region 4: West","CENS-R4","2001","2001","15 years","15",307,944717,32.5
,"Census Region 4: West","CENS-R4","2001","2001","16 years","16",460,950460,48.4
,"Census Region 4: West","CENS-R4","2001","2001","17 years","17",598,937234,63.8
,"Census Region 4: West","CENS-R4","2001","2001","18 years","18",763,938042,81.3
,"Census Region 4: West","CENS-R4","2001","2001","19 years","19",831,939722,88.4
,"Census Region 4: West","CENS-R4","2001","2001","20 years","20",827,960081,86.1
,"Census Region 4: West","CENS-R4","2001","2001","21 years","21",877,966845,90.7
,"Census Region 4: West","CENS-R4","2001","2001","22 years","22",778,937570,83.0
,"Census Region 4: West","CENS-R4","2001","2001","23 years","23",775,919524,84.3
,"Census Region 4: West","CENS-R4","2001","2001","24 years","24",714,912039,78.3
,"Census Region 4: West","CENS-R4","2001","2001","25 years","25",727,894819,81.2
,"Census Region 4: West","CENS-R4","2001","2001","26 years","26",762,921549,82.7
,"Census Region 4: West","CENS-R4","2001","2001","27 years","27",772,894042,86.3
,"Census Region 4: West","CENS-R4","2001","2001","28 years","28",783,906258,86.4
,"Census Region 4: West","CENS-R4","2001","2001","29 years","29",813,940218,86.5
,"Census Region 4: West","CENS-R4","2001","2001","30 years","30",895,999120,89.6
,"Census Region 4: West","CENS-R4","2001","2001","31 years","31",909,1032905,88.0
,"Census Region 4: West","CENS-R4","2001","2001","32 years","32",971,967741,100.3
,"Census Region 4: West","CENS-R4","2001","2001","33 years","33",1032,944250,109.3
,"Census Region 4: West","CENS-R4","2001","2001","34 years","34",1051,930210,113.0
,"Census Region 4: West","CENS-R4","2001","2001","35 years","35",1197,948602,126.2
,"Census Region 4: West","CENS-R4","2001","2001","36 years","36",1310,1016149,128.9
,"Census Region 4: West","CENS-R4","2001","2001","37 years","37",1405,1023415,137.3
,"Census Region 4: West","CENS-R4","2001","2001","38 years","38",1675,1024846,163.4
,"Census Region 4: West","CENS-R4","2001","2001","39 years","39",1774,1029791,172.3
,"Census Region 4: West","CENS-R4","2001","2001","40 years","40",1847,1032047,179.0
,"Census Region 4: West","CENS-R4","2001","2001","41 years","41",2045,1061519,192.6
,"Census Region 4: West","CENS-R4","2001","2001","42 years","42",2117,999706,211.8
,"Census Region 4: West","CENS-R4","2001","2001","43 years","43",2333,1005725,232.0
,"Census Region 4: West","CENS-R4","2001","2001","44 years","44",2452,994368,246.6
,"Census Region 4: West","CENS-R4","2001","2001","45 years","45",2622,959380,273.3
,"Census Region 4: West","CENS-R4","2001","2001","46 years","46",2798,971472,288.0
,"Census Region 4: West","CENS-R4","2001","2001","47 years","47",2913,930080,313.2
,"Census Region 4: West","CENS-R4","2001","2001","48 years","48",3232,900034,359.1
,"Census Region 4: West","CENS-R4","2001","2001","49 years","49",3263,863715,377.8
,"Census Region 4: West","CENS-R4","2001","2001","50 years","50",3326,842828,394.6
,"Census Region 4: West","CENS-R4","2001","2001","51 years","51",3510,851411,412.3
,"Census Region 4: West","CENS-R4","2001","2001","52 years","52",3644,802152,454.3
,"Census Region 4: West","CENS-R4","2001","2001","53 years","53",3888,790221,492.0
,"Census Region 4: West","CENS-R4","2001","2001","54 years","54",4274,820664,520.8
,"Census Region 4: West","CENS-R4","2001","2001","55 years","55",3639,626498,580.8
,"Census Region 4: West","CENS-R4","2001","2001","56 years","56",3922,625218,627.3
,"Census Region 4: West","CENS-R4","2001","2001","57 years","57",4145,601957,688.6
,"Census Region 4: West","CENS-R4","2001","2001","58 years","58",4569,605836,754.2
,"Census Region 4: West","CENS-R4","2001","2001","59 years","59",4447,536992,828.1
,"Census Region 4: West","CENS-R4","2001","2001","60 years","60",4490,498964,899.9
,"Census Region 4: West","CENS-R4","2001","2001","61 years","61",4716,489478,963.5
,"Census Region 4: West","CENS-R4","2001","2001","62 years","62",5073,459777,1103.4
,"Census Region 4: West","CENS-R4","2001","2001","63 years","63",5267,448353,1174.7
,"Census Region 4: West","CENS-R4","2001","2001","64 years","64",5594,422619,1323.7
,"Census Region 4: West","CENS-R4","2001","2001","65 years","65",5889,409703,1437.4
,"Census Region 4: West","CENS-R4","2001","2001","66 years","66",6178,411768,1500.4
,"Census Region 4: West","CENS-R4","2001","2001","67 years","67",6425,377840,1700.5
,"Census Region 4: West","CENS-R4","2001","2001","68 years","68",6832,373386,1829.7
,"Census Region 4: West","CENS-R4","2001","2001","69 years","69",7363,368100,2000.3
,"Census Region 4: West","CENS-R4","2001","2001","70 years","70",7997,365472,2188.1
,"Census Region 4: West","CENS-R4","2001","2001","71 years","71",8541,371847,2296.9
,"Census Region 4: West","CENS-R4","2001","2001","72 years","72",9190,344962,2664.1
,"Census Region 4: West","CENS-R4","2001","2001","73 years","73",9820,340679,2882.5
,"Census Region 4: West","CENS-R4","2001","2001","74 years","74",10297,331559,3105.6
,"Census Region 4: West","CENS-R4","2001","2001","75 years","75",11032,321801,3428.2
,"Census Region 4: West","CENS-R4","2001","2001","76 years","76",11995,318694,3763.8
,"Census Region 4: West","CENS-R4","2001","2001","77 years","77",12456,302718,4114.7
,"Census Region 4: West","CENS-R4","2001","2001","78 years","78",12985,283982,4572.5
,"Census Region 4: West","CENS-R4","2001","2001","79 years","79",13799,272606,5061.9
,"Census Region 4: West","CENS-R4","2001","2001","80 years","80",14294,252895,5652.1
,"Census Region 4: West","CENS-R4","2001","2001","81 years","81",13926,229904,6057.3
,"Census Region 4: West","CENS-R4","2001","2001","82 years","82",13592,196789,6906.9
,"Census Region 4: West","CENS-R4","2001","2001","83 years","83",13919,182946,7608.3
,"Census Region 4: West","CENS-R4","2001","2001","84 years","84",13662,157652,8665.9
,"Census Region 4: West","CENS-R4","2001","2001","85 years","85",13474,Not Applicable,Not Applicable
,"Census Region 4: West","CENS-R4","2001","2001","86 years","86",13502,Not Applicable,Not Applicable
,"Census Region 4: West","CENS-R4","2001","2001","87 years","87",13045,Not Applicable,Not Applicable
,"Census Region 4: West","CENS-R4","2001","2001","88 years","88",12241,Not Applicable,Not Applicable
,"Census Region 4: West","CENS-R4","2001","2001","89 years","89",11384,Not Applicable,Not Applicable
,"Census Region 4: West","CENS-R4","2001","2001","90 years","90",10376,Not Applicable,Not Applicable
,"Census Region 4: West","CENS-R4","2001","2001","91 years","91",9072,Not Applicable,Not Applicable
,"Census Region 4: West","CENS-R4","2001","2001","92 years","92",8083,Not Applicable,Not Applicable
,"Census Region 4: West","CENS-R4","2001","2001","93 years","93",7091,Not Applicable,Not Applicable
,"Census Region 4: West","CENS-R4","2001","2001","94 years","94",5879,Not Applicable,Not Applicable
,"Census Region 4: West","CENS-R4","2001","2001","95 years","95",4808,Not Applicable,Not Applicable
,"Census Region 4: West","CENS-R4","2001","2001","96 years","96",3866,Not Applicable,Not Applicable
,"Census Region 4: West","CENS-R4","2001","2001","97 years","97",2975,Not Applicable,Not Applicable
,"Census Region 4: West","CENS-R4","2001","2001","98 years","98",2291,Not Applicable,Not Applicable
,"Census Region 4: West","CENS-R4","2001","2001","99 years","99",1556,Not Applicable,Not Applicable
,"Census Region 4: West","CENS-R4","2002","2002","1 year","1",424,968398,43.8
,"Census Region 4: West","CENS-R4","2002","2002","2 years","2",291,919887,31.6
,"Census Region 4: West","CENS-R4","2002","2002","3 years","3",215,904654,23.8
,"Census Region 4: West","CENS-R4","2002","2002","4 years","4",173,904149,19.1
,"Census Region 4: West","CENS-R4","2002","2002","5 years","5",162,916579,17.7
,"Census Region 4: West","CENS-R4","2002","2002","6 years","6",140,936188,15.0
,"Census Region 4: West","CENS-R4","2002","2002","7 years","7",129,954725,13.5
,"Census Region 4: West","CENS-R4","2002","2002","8 years","8",122,959002,12.7
,"Census Region 4: West","CENS-R4","2002","2002","9 years","9",124,980129,12.7
,"Census Region 4: West","CENS-R4","2002","2002","10 years","10",131,1014911,12.9
,"Census Region 4: West","CENS-R4","2002","2002","11 years","11",142,1021397,13.9
,"Census Region 4: West","CENS-R4","2002","2002","12 years","12",174,1030502,16.9
,"Census Region 4: West","CENS-R4","2002","2002","13 years","13",195,983479,19.8
,"Census Region 4: West","CENS-R4","2002","2002","14 years","14",258,964921,26.7
,"Census Region 4: West","CENS-R4","2002","2002","15 years","15",336,953498,35.2
,"Census Region 4: West","CENS-R4","2002","2002","16 years","16",484,959328,50.5
,"Census Region 4: West","CENS-R4","2002","2002","17 years","17",603,964644,62.5
,"Census Region 4: West","CENS-R4","2002","2002","18 years","18",780,938437,83.1
,"Census Region 4: West","CENS-R4","2002","2002","19 years","19",880,940932,93.5
,"Census Region 4: West","CENS-R4","2002","2002","20 years","20",863,960361,89.9
,"Census Region 4: West","CENS-R4","2002","2002","21 years","21",890,986495,90.2
,"Census Region 4: West","CENS-R4","2002","2002","22 years","22",835,997302,83.7
,"Census Region 4: West","CENS-R4","2002","2002","23 years","23",745,963415,77.3
,"Census Region 4: West","CENS-R4","2002","2002","24 years","24",757,934031,81.0
,"Census Region 4: West","CENS-R4","2002","2002","25 years","25",754,924062,81.6
,"Census Region 4: West","CENS-R4","2002","2002","26 years","26",757,899909,84.1
,"Census Region 4: West","CENS-R4","2002","2002","27 years","27",713,930431,76.6
,"Census Region 4: West","CENS-R4","2002","2002","28 years","28",785,898956,87.3
,"Census Region 4: West","CENS-R4","2002","2002","29 years","29",777,907820,85.6
,"Census Region 4: West","CENS-R4","2002","2002","30 years","30",849,950995,89.3
,"Census Region 4: West","CENS-R4","2002","2002","31 years","31",899,993919,90.5
,"Census Region 4: West","CENS-R4","2002","2002","32 years","32",1035,1041307,99.4
,"Census Region 4: West","CENS-R4","2002","2002","33 years","33",1049,971648,108.0
,"Census Region 4: West","CENS-R4","2002","2002","34 years","34",1072,947676,113.1
,"Census Region 4: West","CENS-R4","2002","2002","35 years","35",1148,935054,122.8
,"Census Region 4: West","CENS-R4","2002","2002","36 years","36",1198,949775,126.1
,"Census Region 4: West","CENS-R4","2002","2002","37 years","37",1420,1016955,139.6
,"Census Region 4: West","CENS-R4","2002","2002","38 years","38",1598,1023894,156.1
,"Census Region 4: West","CENS-R4","2002","2002","39 years","39",1820,1025503,177.5
,"Census Region 4: West","CENS-R4","2002","2002","40 years","40",1888,1029873,183.3
,"Census Region 4: West","CENS-R4","2002","2002","41 years","41",2092,1033441,202.4
,"Census Region 4: West","CENS-R4","2002","2002","42 years","42",2249,1061614,211.8
,"Census Region 4: West","CENS-R4","2002","2002","43 years","43",2351,1000419,235.0
,"Census Region 4: West","CENS-R4","2002","2002","44 years","44",2551,1003878,254.1
,"Census Region 4: West","CENS-R4","2002","2002","45 years","45",2759,992849,277.9
,"Census Region 4: West","CENS-R4","2002","2002","46 years","46",2898,960007,301.9
,"Census Region 4: West","CENS-R4","2002","2002","47 years","47",3086,972000,317.5
,"Census Region 4: West","CENS-R4","2002","2002","48 years","48",3305,928843,355.8
,"Census Region 4: West","CENS-R4","2002","2002","49 years","49",3405,901072,377.9
,"Census Region 4: West","CENS-R4","2002","2002","50 years","50",3496,862120,405.5
,"Census Region 4: West","CENS-R4","2002","2002","51 years","51",3549,843947,420.5
,"Census Region 4: West","CENS-R4","2002","2002","52 years","52",3810,849870,448.3
,"Census Region 4: West","CENS-R4","2002","2002","53 years","53",3963,802524,493.8
,"Census Region 4: West","CENS-R4","2002","2002","54 years","54",4183,791173,528.7
,"Census Region 4: West","CENS-R4","2002","2002","55 years","55",4641,818100,567.3
,"Census Region 4: West","CENS-R4","2002","2002","56 years","56",4019,627241,640.7
,"Census Region 4: West","CENS-R4","2002","2002","57 years","57",4068,624156,651.8
,"Census Region 4: West","CENS-R4","2002","2002","58 years","58",4426,600708,736.8
,"Census Region 4: West","CENS-R4","2002","2002","59 years","59",4926,604065,815.5
,"Census Region 4: West","CENS-R4","2002","2002","60 years","60",4865,533765,911.4
,"Census Region 4: West","CENS-R4","2002","2002","61 years","61",4867,498622,976.1
,"Census Region 4: West","CENS-R4","2002","2002","62 years","62",5140,487781,1053.8
,"Census Region 4: West","CENS-R4","2002","2002","63 years","63",5427,457796,1185.5
,"Census Region 4: West","CENS-R4","2002","2002","64 years","64",5664,444858,1273.2
,"Census Region 4: West","CENS-R4","2002","2002","65 years","65",5757,420570,1368.9
,"Census Region 4: West","CENS-R4","2002","2002","66 years","66",6048,405996,1489.7
,"Census Region 4: West","CENS-R4","2002","2002","67 years","67",6617,408014,1621.8
,"Census Region 4: West","CENS-R4","2002","2002","68 years","68",6656,373510,1782.0
,"Census Region 4: West","CENS-R4","2002","2002","69 years","69",7147,368356,1940.2
,"Census Region 4: West","CENS-R4","2002","2002","70 years","70",7861,361588,2174.0
,"Census Region 4: West","CENS-R4","2002","2002","71 years","71",8446,359754,2347.7
,"Census Region 4: West","CENS-R4","2002","2002","72 years","72",9178,363987,2521.5
,"Census Region 4: West","CENS-R4","2002","2002","73 years","73",9477,337349,2809.3
,"Census Region 4: West","CENS-R4","2002","2002","74 years","74",10443,331526,3150.0
,"Census Region 4: West","CENS-R4","2002","2002","75 years","75",10913,320490,3405.1
,"Census Region 4: West","CENS-R4","2002","2002","76 years","76",11454,312231,3668.4
,"Census Region 4: West","CENS-R4","2002","2002","77 years","77",12689,306691,4137.4
,"Census Region 4: West","CENS-R4","2002","2002","78 years","78",12911,290607,4442.8
,"Census Region 4: West","CENS-R4","2002","2002","79 years","79",13311,271075,4910.4
,"Census Region 4: West","CENS-R4","2002","2002","80 years","80",14406,258111,5581.3
,"Census Region 4: West","CENS-R4","2002","2002","81 years","81",14661,238981,6134.8
,"Census Region 4: West","CENS-R4","2002","2002","82 years","82",14551,215156,6763.0
,"Census Region 4: West","CENS-R4","2002","2002","83 years","83",13828,183008,7556.0
,"Census Region 4: West","CENS-R4","2002","2002","84 years","84",14089,168185,8377.1
,"Census Region 4: West","CENS-R4","2002","2002","85 years","85",13519,Not Applicable,Not Applicable
,"Census Region 4: West","CENS-R4","2002","2002","86 years","86",13544,Not Applicable,Not Applicable
,"Census Region 4: West","CENS-R4","2002","2002","87 years","87",13327,Not Applicable,Not Applicable
,"Census Region 4: West","CENS-R4","2002","2002","88 years","88",12776,Not Applicable,Not Applicable
,"Census Region 4: West","CENS-R4","2002","2002","89 years","89",11775,Not Applicable,Not Applicable
,"Census Region 4: West","CENS-R4","2002","2002","90 years","90",10594,Not Applicable,Not Applicable
,"Census Region 4: West","CENS-R4","2002","2002","91 years","91",9393,Not Applicable,Not Applicable
,"Census Region 4: West","CENS-R4","2002","2002","92 years","92",8314,Not Applicable,Not Applicable
,"Census Region 4: West","CENS-R4","2002","2002","93 years","93",7424,Not Applicable,Not Applicable
,"Census Region 4: West","CENS-R4","2002","2002","94 years","94",6356,Not Applicable,Not Applicable
,"Census Region 4: West","CENS-R4","2002","2002","95 years","95",4944,Not Applicable,Not Applicable
,"Census Region 4: West","CENS-R4","2002","2002","96 years","96",3966,Not Applicable,Not Applicable
,"Census Region 4: West","CENS-R4","2002","2002","97 years","97",3037,Not Applicable,Not Applicable
,"Census Region 4: West","CENS-R4","2002","2002","98 years","98",2323,Not Applicable,Not Applicable
,"Census Region 4: West","CENS-R4","2002","2002","99 years","99",1656,Not Applicable,Not Applicable
,"Census Region 4: West","CENS-R4","2003","2003","1 year","1",446,956250,46.6
,"Census Region 4: West","CENS-R4","2003","2003","2 years","2",300,965146,31.1
,"Census Region 4: West","CENS-R4","2003","2003","3 years","3",243,918924,26.4
,"Census Region 4: West","CENS-R4","2003","2003","4 years","4",170,903740,18.8
,"Census Region 4: West","CENS-R4","2003","2003","5 years","5",156,902595,17.3
,"Census Region 4: West","CENS-R4","2003","2003","6 years","6",129,914554,14.1
,"Census Region 4: West","CENS-R4","2003","2003","7 years","7",124,938334,13.2
,"Census Region 4: West","CENS-R4","2003","2003","8 years","8",134,954835,14.0
,"Census Region 4: West","CENS-R4","2003","2003","9 years","9",127,964878,13.2
,"Census Region 4: West","CENS-R4","2003","2003","10 years","10",165,1002790,16.5
,"Census Region 4: West","CENS-R4","2003","2003","11 years","11",144,1018828,14.1
,"Census Region 4: West","CENS-R4","2003","2003","12 years","12",173,1030836,16.8
,"Census Region 4: West","CENS-R4","2003","2003","13 years","13",225,1036565,21.7
,"Census Region 4: West","CENS-R4","2003","2003","14 years","14",270,987819,27.3
,"Census Region 4: West","CENS-R4","2003","2003","15 years","15",337,976443,34.5
,"Census Region 4: West","CENS-R4","2003","2003","16 years","16",496,967459,51.3
,"Census Region 4: West","CENS-R4","2003","2003","17 years","17",586,971110,60.3
,"Census Region 4: West","CENS-R4","2003","2003","18 years","18",855,966171,88.5
,"Census Region 4: West","CENS-R4","2003","2003","19 years","19",844,937371,90.0
,"Census Region 4: West","CENS-R4","2003","2003","20 years","20",877,952541,92.1
,"Census Region 4: West","CENS-R4","2003","2003","21 years","21",885,977517,90.5
,"Census Region 4: West","CENS-R4","2003","2003","22 years","22",920,1006550,91.4
,"Census Region 4: West","CENS-R4","2003","2003","23 years","23",861,1015200,84.8
,"Census Region 4: West","CENS-R4","2003","2003","24 years","24",808,971511,83.2
,"Census Region 4: West","CENS-R4","2003","2003","25 years","25",833,942876,88.3
,"Census Region 4: West","CENS-R4","2003","2003","26 years","26",840,923875,90.9
,"Census Region 4: West","CENS-R4","2003","2003","27 years","27",761,906035,84.0
,"Census Region 4: West","CENS-R4","2003","2003","28 years","28",719,931138,77.2
,"Census Region 4: West","CENS-R4","2003","2003","29 years","29",722,895374,80.6
,"Census Region 4: West","CENS-R4","2003","2003","30 years","30",801,919159,87.1
,"Census Region 4: West","CENS-R4","2003","2003","31 years","31",875,941065,93.0
,"Census Region 4: West","CENS-R4","2003","2003","32 years","32",973,1002602,97.0
,"Census Region 4: West","CENS-R4","2003","2003","33 years","33",1100,1043909,105.4
,"Census Region 4: West","CENS-R4","2003","2003","34 years","34",1161,972818,119.3
,"Census Region 4: West","CENS-R4","2003","2003","35 years","35",1210,952069,127.1
,"Census Region 4: West","CENS-R4","2003","2003","36 years","36",1238,933686,132.6
,"Census Region 4: West","CENS-R4","2003","2003","37 years","37",1347,948108,142.1
,"Census Region 4: West","CENS-R4","2003","2003","38 years","38",1521,1016066,149.7
,"Census Region 4: West","CENS-R4","2003","2003","39 years","39",1750,1023435,171.0
,"Census Region 4: West","CENS-R4","2003","2003","40 years","40",1974,1024344,192.7
,"Census Region 4: West","CENS-R4","2003","2003","41 years","41",2081,1030741,201.9
,"Census Region 4: West","CENS-R4","2003","2003","42 years","42",2241,1031304,217.3
,"Census Region 4: West","CENS-R4","2003","2003","43 years","43",2473,1061878,232.9
,"Census Region 4: West","CENS-R4","2003","2003","44 years","44",2605,996548,261.4
,"Census Region 4: West","CENS-R4","2003","2003","45 years","45",2721,1001433,271.7
,"Census Region 4: West","CENS-R4","2003","2003","46 years","46",3087,993678,310.7
,"Census Region 4: West","CENS-R4","2003","2003","47 years","47",3165,960792,329.4
,"Census Region 4: West","CENS-R4","2003","2003","48 years","48",3308,969376,341.3
,"Census Region 4: West","CENS-R4","2003","2003","49 years","49",3599,930408,386.8
,"Census Region 4: West","CENS-R4","2003","2003","50 years","50",3606,898816,401.2
,"Census Region 4: West","CENS-R4","2003","2003","51 years","51",3774,864226,436.7
,"Census Region 4: West","CENS-R4","2003","2003","52 years","52",4087,841316,485.8
,"Census Region 4: West","CENS-R4","2003","2003","53 years","53",4071,850749,478.5
,"Census Region 4: West","CENS-R4","2003","2003","54 years","54",4457,803542,554.7
,"Census Region 4: West","CENS-R4","2003","2003","55 years","55",4558,787506,578.8
,"Census Region 4: West","CENS-R4","2003","2003","56 years","56",5014,819704,611.7
,"Census Region 4: West","CENS-R4","2003","2003","57 years","57",4348,625894,694.7
,"Census Region 4: West","CENS-R4","2003","2003","58 years","58",4549,622735,730.5
,"Census Region 4: West","CENS-R4","2003","2003","59 years","59",4964,598595,829.3
,"Census Region 4: West","CENS-R4","2003","2003","60 years","60",5409,599361,902.5
,"Census Region 4: West","CENS-R4","2003","2003","61 years","61",5184,534049,970.7
,"Census Region 4: West","CENS-R4","2003","2003","62 years","62",5239,497002,1054.1
,"Census Region 4: West","CENS-R4","2003","2003","63 years","63",5573,485854,1147.1
,"Census Region 4: West","CENS-R4","2003","2003","64 years","64",5598,453658,1234.0
,"Census Region 4: West","CENS-R4","2003","2003","65 years","65",5931,443016,1338.8
,"Census Region 4: West","CENS-R4","2003","2003","66 years","66",6155,417042,1475.9
,"Census Region 4: West","CENS-R4","2003","2003","67 years","67",6445,402362,1601.8
,"Census Region 4: West","CENS-R4","2003","2003","68 years","68",6917,403280,1715.2
,"Census Region 4: West","CENS-R4","2003","2003","69 years","69",7113,368551,1930.0
,"Census Region 4: West","CENS-R4","2003","2003","70 years","70",7577,361862,2093.9
,"Census Region 4: West","CENS-R4","2003","2003","71 years","71",8120,356514,2277.6
,"Census Region 4: West","CENS-R4","2003","2003","72 years","72",8828,352155,2506.9
,"Census Region 4: West","CENS-R4","2003","2003","73 years","73",9632,356497,2701.8
,"Census Region 4: West","CENS-R4","2003","2003","74 years","74",9960,328138,3035.3
,"Census Region 4: West","CENS-R4","2003","2003","75 years","75",10940,320080,3417.9
,"Census Region 4: West","CENS-R4","2003","2003","76 years","76",11322,311816,3631.0
,"Census Region 4: West","CENS-R4","2003","2003","77 years","77",12126,300420,4036.3
,"Census Region 4: West","CENS-R4","2003","2003","78 years","78",12866,294782,4364.6
,"Census Region 4: West","CENS-R4","2003","2003","79 years","79",13607,277945,4895.6
,"Census Region 4: West","CENS-R4","2003","2003","80 years","80",14057,256732,5475.4
,"Census Region 4: West","CENS-R4","2003","2003","81 years","81",14578,244530,5961.6
,"Census Region 4: West","CENS-R4","2003","2003","82 years","82",15078,223897,6734.3
,"Census Region 4: West","CENS-R4","2003","2003","83 years","83",14856,200378,7414.0
,"Census Region 4: West","CENS-R4","2003","2003","84 years","84",14217,168759,8424.4
,"Census Region 4: West","CENS-R4","2003","2003","85 years","85",14267,Not Applicable,Not Applicable
,"Census Region 4: West","CENS-R4","2003","2003","86 years","86",13717,Not Applicable,Not Applicable
,"Census Region 4: West","CENS-R4","2003","2003","87 years","87",13269,Not Applicable,Not Applicable
,"Census Region 4: West","CENS-R4","2003","2003","88 years","88",12823,Not Applicable,Not Applicable
,"Census Region 4: West","CENS-R4","2003","2003","89 years","89",12113,Not Applicable,Not Applicable
,"Census Region 4: West","CENS-R4","2003","2003","90 years","90",11067,Not Applicable,Not Applicable
,"Census Region 4: West","CENS-R4","2003","2003","91 years","91",10103,Not Applicable,Not Applicable
,"Census Region 4: West","CENS-R4","2003","2003","92 years","92",8670,Not Applicable,Not Applicable
,"Census Region 4: West","CENS-R4","2003","2003","93 years","93",7629,Not Applicable,Not Applicable
,"Census Region 4: West","CENS-R4","2003","2003","94 years","94",6286,Not Applicable,Not Applicable
,"Census Region 4: West","CENS-R4","2003","2003","95 years","95",5386,Not Applicable,Not Applicable
,"Census Region 4: West","CENS-R4","2003","2003","96 years","96",4285,Not Applicable,Not Applicable
,"Census Region 4: West","CENS-R4","2003","2003","97 years","97",3183,Not Applicable,Not Applicable
,"Census Region 4: West","CENS-R4","2003","2003","98 years","98",2423,Not Applicable,Not Applicable
,"Census Region 4: West","CENS-R4","2003","2003","99 years","99",1705,Not Applicable,Not Applicable
,"Census Region 4: West","CENS-R4","2004","2004","1 year","1",461,968781,47.6
,"Census Region 4: West","CENS-R4","2004","2004","2 years","2",259,952285,27.2
,"Census Region 4: West","CENS-R4","2004","2004","3 years","3",196,964106,20.3
,"Census Region 4: West","CENS-R4","2004","2004","4 years","4",150,918578,16.3
,"Census Region 4: West","CENS-R4","2004","2004","5 years","5",140,902298,15.5
,"Census Region 4: West","CENS-R4","2004","2004","6 years","6",119,900744,13.2
,"Census Region 4: West","CENS-R4","2004","2004","7 years","7",98,918638,10.7
,"Census Region 4: West","CENS-R4","2004","2004","8 years","8",109,938639,11.6
,"Census Region 4: West","CENS-R4","2004","2004","9 years","9",148,962513,15.4
,"Census Region 4: West","CENS-R4","2004","2004","10 years","10",122,993699,12.3
,"Census Region 4: West","CENS-R4","2004","2004","11 years","11",124,1005652,12.3
,"Census Region 4: West","CENS-R4","2004","2004","12 years","12",176,1028177,17.1
,"Census Region 4: West","CENS-R4","2004","2004","13 years","13",195,1035400,18.8
,"Census Region 4: West","CENS-R4","2004","2004","14 years","14",266,1039249,25.6
,"Census Region 4: West","CENS-R4","2004","2004","15 years","15",339,999363,33.9
,"Census Region 4: West","CENS-R4","2004","2004","16 years","16",466,989766,47.1
,"Census Region 4: West","CENS-R4","2004","2004","17 years","17",612,976931,62.6
,"Census Region 4: West","CENS-R4","2004","2004","18 years","18",827,972797,85.0
,"Census Region 4: West","CENS-R4","2004","2004","19 years","19",867,966260,89.7
,"Census Region 4: West","CENS-R4","2004","2004","20 years","20",838,952426,88.0
,"Census Region 4: West","CENS-R4","2004","2004","21 years","21",902,974455,92.6
,"Census Region 4: West","CENS-R4","2004","2004","22 years","22",907,1000541,90.7
,"Census Region 4: West","CENS-R4","2004","2004","23 years","23",832,1028409,80.9
,"Census Region 4: West","CENS-R4","2004","2004","24 years","24",881,1025866,85.9
,"Census Region 4: West","CENS-R4","2004","2004","25 years","25",807,985549,81.9
,"Census Region 4: West","CENS-R4","2004","2004","26 years","26",864,942908,91.6
,"Census Region 4: West","CENS-R4","2004","2004","27 years","27",837,934370,89.6
,"Census Region 4: West","CENS-R4","2004","2004","28 years","28",768,907780,84.6
,"Census Region 4: West","CENS-R4","2004","2004","29 years","29",765,928009,82.4
,"Census Region 4: West","CENS-R4","2004","2004","30 years","30",805,912627,88.2
,"Census Region 4: West","CENS-R4","2004","2004","31 years","31",810,907991,89.2
,"Census Region 4: West","CENS-R4","2004","2004","32 years","32",935,955369,97.9
,"Census Region 4: West","CENS-R4","2004","2004","33 years","33",1014,1006377,100.8
,"Census Region 4: West","CENS-R4","2004","2004","34 years","34",1160,1047411,110.7
,"Census Region 4: West","CENS-R4","2004","2004","35 years","35",1186,980073,121.0
,"Census Region 4: West","CENS-R4","2004","2004","36 years","36",1226,951596,128.8
,"Census Region 4: West","CENS-R4","2004","2004","37 years","37",1298,933831,139.0
,"Census Region 4: West","CENS-R4","2004","2004","38 years","38",1379,948225,145.4
,"Census Region 4: West","CENS-R4","2004","2004","39 years","39",1614,1018047,158.5
,"Census Region 4: West","CENS-R4","2004","2004","40 years","40",1742,1023653,170.2
,"Census Region 4: West","CENS-R4","2004","2004","41 years","41",1947,1026744,189.6
,"Census Region 4: West","CENS-R4","2004","2004","42 years","42",2202,1029515,213.9
,"Census Region 4: West","CENS-R4","2004","2004","43 years","43",2311,1032182,223.9
,"Census Region 4: West","CENS-R4","2004","2004","44 years","44",2543,1057052,240.6
,"Census Region 4: West","CENS-R4","2004","2004","45 years","45",2694,993475,271.2
,"Census Region 4: West","CENS-R4","2004","2004","46 years","46",3020,1002774,301.2
,"Census Region 4: West","CENS-R4","2004","2004","47 years","47",3188,995031,320.4
,"Census Region 4: West","CENS-R4","2004","2004","48 years","48",3317,957575,346.4
,"Census Region 4: West","CENS-R4","2004","2004","49 years","49",3487,971704,358.9
,"Census Region 4: West","CENS-R4","2004","2004","50 years","50",3753,927420,404.7
,"Census Region 4: West","CENS-R4","2004","2004","51 years","51",3888,901721,431.2
,"Census Region 4: West","CENS-R4","2004","2004","52 years","52",3991,860600,463.7
,"Census Region 4: West","CENS-R4","2004","2004","53 years","53",4185,841999,497.0
,"Census Region 4: West","CENS-R4","2004","2004","54 years","54",4279,851969,502.2
,"Census Region 4: West","CENS-R4","2004","2004","55 years","55",4570,798366,572.4
,"Census Region 4: West","CENS-R4","2004","2004","56 years","56",4805,789631,608.5
,"Census Region 4: West","CENS-R4","2004","2004","57 years","57",5124,816947,627.2
,"Census Region 4: West","CENS-R4","2004","2004","58 years","58",4470,623768,716.6
,"Census Region 4: West","CENS-R4","2004","2004","59 years","59",4711,620103,759.7
,"Census Region 4: West","CENS-R4","2004","2004","60 years","60",5115,593164,862.3
,"Census Region 4: West","CENS-R4","2004","2004","61 years","61",5633,600706,937.7
,"Census Region 4: West","CENS-R4","2004","2004","62 years","62",5384,532100,1011.8
,"Census Region 4: West","CENS-R4","2004","2004","63 years","63",5497,494377,1111.9
,"Census Region 4: West","CENS-R4","2004","2004","64 years","64",5573,481127,1158.3
,"Census Region 4: West","CENS-R4","2004","2004","65 years","65",5834,451988,1290.7
,"Census Region 4: West","CENS-R4","2004","2004","66 years","66",6199,439077,1411.8
,"Census Region 4: West","CENS-R4","2004","2004","67 years","67",6264,413079,1516.4
,"Census Region 4: West","CENS-R4","2004","2004","68 years","68",6656,397332,1675.2
,"Census Region 4: West","CENS-R4","2004","2004","69 years","69",7025,397833,1765.8
,"Census Region 4: West","CENS-R4","2004","2004","70 years","70",7395,361359,2046.4
,"Census Region 4: West","CENS-R4","2004","2004","71 years","71",7603,356865,2130.5
,"Census Region 4: West","CENS-R4","2004","2004","72 years","72",8296,348577,2380.0
,"Census Region 4: West","CENS-R4","2004","2004","73 years","73",9068,344300,2633.7
,"Census Region 4: West","CENS-R4","2004","2004","74 years","74",9854,346065,2847.4
,"Census Region 4: West","CENS-R4","2004","2004","75 years","75",10027,316054,3172.6
,"Census Region 4: West","CENS-R4","2004","2004","76 years","76",10922,311735,3503.6
,"Census Region 4: West","CENS-R4","2004","2004","77 years","77",11358,299869,3787.7
,"Census Region 4: West","CENS-R4","2004","2004","78 years","78",12160,288734,4211.5
,"Census Region 4: West","CENS-R4","2004","2004","79 years","79",12874,281769,4569.0
,"Census Region 4: West","CENS-R4","2004","2004","80 years","80",13491,262474,5139.9
,"Census Region 4: West","CENS-R4","2004","2004","81 years","81",13995,243593,5745.2
,"Census Region 4: West","CENS-R4","2004","2004","82 years","82",14744,228572,6450.5
,"Census Region 4: West","CENS-R4","2004","2004","83 years","83",14967,208816,7167.6
,"Census Region 4: West","CENS-R4","2004","2004","84 years","84",14585,184374,7910.6
,"Census Region 4: West","CENS-R4","2004","2004","85 years","85",13337,Not Applicable,Not Applicable
,"Census Region 4: West","CENS-R4","2004","2004","86 years","86",13657,Not Applicable,Not Applicable
,"Census Region 4: West","CENS-R4","2004","2004","87 years","87",12862,Not Applicable,Not Applicable
,"Census Region 4: West","CENS-R4","2004","2004","88 years","88",12348,Not Applicable,Not Applicable
,"Census Region 4: West","CENS-R4","2004","2004","89 years","89",11855,Not Applicable,Not Applicable
,"Census Region 4: West","CENS-R4","2004","2004","90 years","90",10978,Not Applicable,Not Applicable
,"Census Region 4: West","CENS-R4","2004","2004","91 years","91",9808,Not Applicable,Not Applicable
,"Census Region 4: West","CENS-R4","2004","2004","92 years","92",8590,Not Applicable,Not Applicable
,"Census Region 4: West","CENS-R4","2004","2004","93 years","93",7349,Not Applicable,Not Applicable
,"Census Region 4: West","CENS-R4","2004","2004","94 years","94",6249,Not Applicable,Not Applicable
,"Census Region 4: West","CENS-R4","2004","2004","95 years","95",5107,Not Applicable,Not Applicable
,"Census Region 4: West","CENS-R4","2004","2004","96 years","96",4081,Not Applicable,Not Applicable
,"Census Region 4: West","CENS-R4","2004","2004","97 years","97",3161,Not Applicable,Not Applicable
,"Census Region 4: West","CENS-R4","2004","2004","98 years","98",2232,Not Applicable,Not Applicable
,"Census Region 4: West","CENS-R4","2004","2004","99 years","99",1666,Not Applicable,Not Applicable
,"Census Region 4: West","CENS-R4","2005","2005","1 year","1",461,976306,47.2
,"Census Region 4: West","CENS-R4","2005","2005","2 years","2",324,964198,33.6
,"Census Region 4: West","CENS-R4","2005","2005","3 years","3",199,950852,20.9
,"Census Region 4: West","CENS-R4","2005","2005","4 years","4",164,963763,17.0
,"Census Region 4: West","CENS-R4","2005","2005","5 years","5",114,916851,12.4
,"Census Region 4: West","CENS-R4","2005","2005","6 years","6",146,899694,16.2
,"Census Region 4: West","CENS-R4","2005","2005","7 years","7",111,905439,12.3
,"Census Region 4: West","CENS-R4","2005","2005","8 years","8",117,918824,12.7
,"Census Region 4: West","CENS-R4","2005","2005","9 years","9",114,947715,12.0
,"Census Region 4: West","CENS-R4","2005","2005","10 years","10",114,997104,11.4
,"Census Region 4: West","CENS-R4","2005","2005","11 years","11",121,994720,12.2
,"Census Region 4: West","CENS-R4","2005","2005","12 years","12",160,1015486,15.8
,"Census Region 4: West","CENS-R4","2005","2005","13 years","13",188,1031795,18.2
,"Census Region 4: West","CENS-R4","2005","2005","14 years","14",274,1036133,26.4
,"Census Region 4: West","CENS-R4","2005","2005","15 years","15",377,1050846,35.9
,"Census Region 4: West","CENS-R4","2005","2005","16 years","16",468,1012655,46.2
,"Census Region 4: West","CENS-R4","2005","2005","17 years","17",608,997510,61.0
,"Census Region 4: West","CENS-R4","2005","2005","18 years","18",760,980372,77.5
,"Census Region 4: West","CENS-R4","2005","2005","19 years","19",888,974358,91.1
,"Census Region 4: West","CENS-R4","2005","2005","20 years","20",928,980167,94.7
,"Census Region 4: West","CENS-R4","2005","2005","21 years","21",917,976657,93.9
,"Census Region 4: West","CENS-R4","2005","2005","22 years","22",933,995985,93.7
,"Census Region 4: West","CENS-R4","2005","2005","23 years","23",947,1022601,92.6
,"Census Region 4: West","CENS-R4","2005","2005","24 years","24",917,1041008,88.1
,"Census Region 4: West","CENS-R4","2005","2005","25 years","25",903,1041132,86.7
,"Census Region 4: West","CENS-R4","2005","2005","26 years","26",858,984980,87.1
,"Census Region 4: West","CENS-R4","2005","2005","27 years","27",861,954942,90.2
,"Census Region 4: West","CENS-R4","2005","2005","28 years","28",834,936200,89.1
,"Census Region 4: West","CENS-R4","2005","2005","29 years","29",853,903072,94.5
,"Census Region 4: West","CENS-R4","2005","2005","30 years","30",821,949707,86.4
,"Census Region 4: West","CENS-R4","2005","2005","31 years","31",883,899081,98.2
,"Census Region 4: West","CENS-R4","2005","2005","32 years","32",932,924806,100.8
,"Census Region 4: West","CENS-R4","2005","2005","33 years","33",925,959240,96.4
,"Census Region 4: West","CENS-R4","2005","2005","34 years","34",1086,1008988,107.6
,"Census Region 4: West","CENS-R4","2005","2005","35 years","35",1214,1056002,115.0
,"Census Region 4: West","CENS-R4","2005","2005","36 years","36",1255,978387,128.3
,"Census Region 4: West","CENS-R4","2005","2005","37 years","37",1226,950983,128.9
,"Census Region 4: West","CENS-R4","2005","2005","38 years","38",1359,934013,145.5
,"Census Region 4: West","CENS-R4","2005","2005","39 years","39",1527,950290,160.7
,"Census Region 4: West","CENS-R4","2005","2005","40 years","40",1779,1018162,174.7
,"Census Region 4: West","CENS-R4","2005","2005","41 years","41",1938,1026585,188.8
,"Census Region 4: West","CENS-R4","2005","2005","42 years","42",2145,1024353,209.4
,"Census Region 4: West","CENS-R4","2005","2005","43 years","43",2395,1030531,232.4
,"Census Region 4: West","CENS-R4","2005","2005","44 years","44",2522,1025462,245.9
,"Census Region 4: West","CENS-R4","2005","2005","45 years","45",2756,1053999,261.5
,"Census Region 4: West","CENS-R4","2005","2005","46 years","46",2898,995550,291.1
,"Census Region 4: West","CENS-R4","2005","2005","47 years","47",3287,1004541,327.2
,"Census Region 4: West","CENS-R4","2005","2005","48 years","48",3430,990910,346.1
,"Census Region 4: West","CENS-R4","2005","2005","49 years","49",3707,960317,386.0
,"Census Region 4: West","CENS-R4","2005","2005","50 years","50",3888,967743,401.8
,"Census Region 4: West","CENS-R4","2005","2005","51 years","51",3950,931224,424.2
,"Census Region 4: West","CENS-R4","2005","2005","52 years","52",4373,897192,487.4
,"Census Region 4: West","CENS-R4","2005","2005","53 years","53",4429,861921,513.9
,"Census Region 4: West","CENS-R4","2005","2005","54 years","54",4496,843344,533.1
,"Census Region 4: West","CENS-R4","2005","2005","55 years","55",4745,844920,561.6
,"Census Region 4: West","CENS-R4","2005","2005","56 years","56",4672,801475,582.9
,"Census Region 4: West","CENS-R4","2005","2005","57 years","57",5188,786843,659.3
,"Census Region 4: West","CENS-R4","2005","2005","58 years","58",5494,813537,675.3
,"Census Region 4: West","CENS-R4","2005","2005","59 years","59",4882,620279,787.1
,"Census Region 4: West","CENS-R4","2005","2005","60 years","60",5122,613533,834.8
,"Census Region 4: West","CENS-R4","2005","2005","61 years","61",5443,595385,914.2
,"Census Region 4: West","CENS-R4","2005","2005","62 years","62",6008,597946,1004.8
,"Census Region 4: West","CENS-R4","2005","2005","63 years","63",5831,529350,1101.5
,"Census Region 4: West","CENS-R4","2005","2005","64 years","64",5900,488567,1207.6
,"Census Region 4: West","CENS-R4","2005","2005","65 years","65",6064,479979,1263.4
,"Census Region 4: West","CENS-R4","2005","2005","66 years","66",6284,447914,1402.9
,"Census Region 4: West","CENS-R4","2005","2005","67 years","67",6587,435014,1514.2
,"Census Region 4: West","CENS-R4","2005","2005","68 years","68",6738,407849,1652.1
,"Census Region 4: West","CENS-R4","2005","2005","69 years","69",7061,392027,1801.2
,"Census Region 4: West","CENS-R4","2005","2005","70 years","70",7567,389541,1942.5
,"Census Region 4: West","CENS-R4","2005","2005","71 years","71",7704,357184,2156.9
,"Census Region 4: West","CENS-R4","2005","2005","72 years","72",8297,348857,2378.3
,"Census Region 4: West","CENS-R4","2005","2005","73 years","73",9118,341470,2670.2
,"Census Region 4: West","CENS-R4","2005","2005","74 years","74",9562,334233,2860.9
,"Census Region 4: West","CENS-R4","2005","2005","75 years","75",10332,333521,3097.9
,"Census Region 4: West","CENS-R4","2005","2005","76 years","76",10717,308748,3471.1
,"Census Region 4: West","CENS-R4","2005","2005","77 years","77",11456,300313,3814.7
,"Census Region 4: West","CENS-R4","2005","2005","78 years","78",12239,288786,4238.1
,"Census Region 4: West","CENS-R4","2005","2005","79 years","79",12862,276376,4653.8
,"Census Region 4: West","CENS-R4","2005","2005","80 years","80",13701,266459,5141.9
,"Census Region 4: West","CENS-R4","2005","2005","81 years","81",14191,249895,5678.8
,"Census Region 4: West","CENS-R4","2005","2005","82 years","82",14384,228536,6294.0
,"Census Region 4: West","CENS-R4","2005","2005","83 years","83",15273,213760,7144.9
,"Census Region 4: West","CENS-R4","2005","2005","84 years","84",15260,193093,7902.9
,"Census Region 4: West","CENS-R4","2005","2005","85 years","85",14901,Not Applicable,Not Applicable
,"Census Region 4: West","CENS-R4","2005","2005","86 years","86",13825,Not Applicable,Not Applicable
,"Census Region 4: West","CENS-R4","2005","2005","87 years","87",13730,Not Applicable,Not Applicable
,"Census Region 4: West","CENS-R4","2005","2005","88 years","88",12882,Not Applicable,Not Applicable
,"Census Region 4: West","CENS-R4","2005","2005","89 years","89",12168,Not Applicable,Not Applicable
,"Census Region 4: West","CENS-R4","2005","2005","90 years","90",11590,Not Applicable,Not Applicable
,"Census Region 4: West","CENS-R4","2005","2005","91 years","91",10469,Not Applicable,Not Applicable
,"Census Region 4: West","CENS-R4","2005","2005","92 years","92",9211,Not Applicable,Not Applicable
,"Census Region 4: West","CENS-R4","2005","2005","93 years","93",7842,Not Applicable,Not Applicable
,"Census Region 4: West","CENS-R4","2005","2005","94 years","94",6624,Not Applicable,Not Applicable
,"Census Region 4: West","CENS-R4","2005","2005","95 years","95",5480,Not Applicable,Not Applicable
,"Census Region 4: West","CENS-R4","2005","2005","96 years","96",4333,Not Applicable,Not Applicable
,"Census Region 4: West","CENS-R4","2005","2005","97 years","97",3438,Not Applicable,Not Applicable
,"Census Region 4: West","CENS-R4","2005","2005","98 years","98",2408,Not Applicable,Not Applicable
,"Census Region 4: West","CENS-R4","2005","2005","99 years","99",1796,Not Applicable,Not Applicable
,"Census Region 4: West","CENS-R4","2006","2006","1 year","1",446,985707,45.2
,"Census Region 4: West","CENS-R4","2006","2006","2 years","2",281,974987,28.8
,"Census Region 4: West","CENS-R4","2006","2006","3 years","3",197,965538,20.4
,"Census Region 4: West","CENS-R4","2006","2006","4 years","4",168,951999,17.6
,"Census Region 4: West","CENS-R4","2006","2006","5 years","5",155,963294,16.1
,"Census Region 4: West","CENS-R4","2006","2006","6 years","6",112,915406,12.2
,"Census Region 4: West","CENS-R4","2006","2006","7 years","7",121,906452,13.3
,"Census Region 4: West","CENS-R4","2006","2006","8 years","8",120,906485,13.2
,"Census Region 4: West","CENS-R4","2006","2006","9 years","9",111,930963,11.9
,"Census Region 4: West","CENS-R4","2006","2006","10 years","10",135,988943,13.7
,"Census Region 4: West","CENS-R4","2006","2006","11 years","11",138,997793,13.8
,"Census Region 4: West","CENS-R4","2006","2006","12 years","12",141,1005537,14.0
,"Census Region 4: West","CENS-R4","2006","2006","13 years","13",184,1018396,18.1
,"Census Region 4: West","CENS-R4","2006","2006","14 years","14",243,1031544,23.6
,"Census Region 4: West","CENS-R4","2006","2006","15 years","15",343,1048712,32.7
,"Census Region 4: West","CENS-R4","2006","2006","16 years","16",517,1065128,48.5
,"Census Region 4: West","CENS-R4","2006","2006","17 years","17",624,1019815,61.2
,"Census Region 4: West","CENS-R4","2006","2006","18 years","18",817,1003919,81.4
,"Census Region 4: West","CENS-R4","2006","2006","19 years","19",981,981837,99.9
,"Census Region 4: West","CENS-R4","2006","2006","20 years","20",914,985496,92.7
,"Census Region 4: West","CENS-R4","2006","2006","21 years","21",956,1000077,95.6
,"Census Region 4: West","CENS-R4","2006","2006","22 years","22",986,994242,99.2
,"Census Region 4: West","CENS-R4","2006","2006","23 years","23",923,1016802,90.8
,"Census Region 4: West","CENS-R4","2006","2006","24 years","24",994,1036758,95.9
,"Census Region 4: West","CENS-R4","2006","2006","25 years","25",964,1060678,90.9
,"Census Region 4: West","CENS-R4","2006","2006","26 years","26",881,1039718,84.7
,"Census Region 4: West","CENS-R4","2006","2006","27 years","27",945,1000024,94.5
,"Census Region 4: West","CENS-R4","2006","2006","28 years","28",835,957061,87.2
,"Census Region 4: West","CENS-R4","2006","2006","29 years","29",856,931659,91.9
,"Census Region 4: West","CENS-R4","2006","2006","30 years","30",832,929532,89.5
,"Census Region 4: West","CENS-R4","2006","2006","31 years","31",905,932976,97.0
,"Census Region 4: West","CENS-R4","2006","2006","32 years","32",916,921074,99.4
,"Census Region 4: West","CENS-R4","2006","2006","33 years","33",948,930765,101.9
,"Census Region 4: West","CENS-R4","2006","2006","34 years","34",1080,963945,112.0
,"Census Region 4: West","CENS-R4","2006","2006","35 years","35",1182,1019177,116.0
,"Census Region 4: West","CENS-R4","2006","2006","36 years","36",1266,1054820,120.0
,"Census Region 4: West","CENS-R4","2006","2006","37 years","37",1304,977946,133.3
,"Census Region 4: West","CENS-R4","2006","2006","38 years","38",1359,951916,142.8
,"Census Region 4: West","CENS-R4","2006","2006","39 years","39",1556,937421,166.0
,"Census Region 4: West","CENS-R4","2006","2006","40 years","40",1697,951161,178.4
,"Census Region 4: West","CENS-R4","2006","2006","41 years","41",1824,1022812,178.3
,"Census Region 4: West","CENS-R4","2006","2006","42 years","42",2048,1024346,199.9
,"Census Region 4: West","CENS-R4","2006","2006","43 years","43",2291,1026227,223.2
,"Census Region 4: West","CENS-R4","2006","2006","44 years","44",2460,1023388,240.4
,"Census Region 4: West","CENS-R4","2006","2006","45 years","45",2717,1022316,265.8
,"Census Region 4: West","CENS-R4","2006","2006","46 years","46",2960,1057826,279.8
,"Census Region 4: West","CENS-R4","2006","2006","47 years","47",3178,998841,318.2
,"Census Region 4: West","CENS-R4","2006","2006","48 years","48",3472,1000001,347.2
,"Census Region 4: West","CENS-R4","2006","2006","49 years","49",3690,995287,370.7
,"Census Region 4: West","CENS-R4","2006","2006","50 years","50",3824,956500,399.8
,"Census Region 4: West","CENS-R4","2006","2006","51 years","51",4018,973625,412.7
,"Census Region 4: West","CENS-R4","2006","2006","52 years","52",4358,926357,470.4
,"Census Region 4: West","CENS-R4","2006","2006","53 years","53",4534,899666,504.0
,"Census Region 4: West","CENS-R4","2006","2006","54 years","54",4680,864345,541.5
,"Census Region 4: West","CENS-R4","2006","2006","55 years","55",4697,835627,562.1
,"Census Region 4: West","CENS-R4","2006","2006","56 years","56",5001,849776,588.5
,"Census Region 4: West","CENS-R4","2006","2006","57 years","57",5166,799136,646.4
,"Census Region 4: West","CENS-R4","2006","2006","58 years","58",5491,784164,700.2
,"Census Region 4: West","CENS-R4","2006","2006","59 years","59",6074,809107,750.7
,"Census Region 4: West","CENS-R4","2006","2006","60 years","60",5212,613179,850.0
,"Census Region 4: West","CENS-R4","2006","2006","61 years","61",5298,617922,857.4
,"Census Region 4: West","CENS-R4","2006","2006","62 years","62",5762,593342,971.1
,"Census Region 4: West","CENS-R4","2006","2006","63 years","63",6252,595505,1049.9
,"Census Region 4: West","CENS-R4","2006","2006","64 years","64",6022,522931,1151.6
,"Census Region 4: West","CENS-R4","2006","2006","65 years","65",6068,486875,1246.3
,"Census Region 4: West","CENS-R4","2006","2006","66 years","66",6219,475342,1308.3
,"Census Region 4: West","CENS-R4","2006","2006","67 years","67",6604,443520,1489.0
,"Census Region 4: West","CENS-R4","2006","2006","68 years","68",6775,428998,1579.3
,"Census Region 4: West","CENS-R4","2006","2006","69 years","69",7109,402070,1768.1
,"Census Region 4: West","CENS-R4","2006","2006","70 years","70",7359,383351,1919.7
,"Census Region 4: West","CENS-R4","2006","2006","71 years","71",7792,385151,2023.1
,"Census Region 4: West","CENS-R4","2006","2006","72 years","72",7909,348747,2267.8
,"Census Region 4: West","CENS-R4","2006","2006","73 years","73",8645,341932,2528.3
,"Census Region 4: West","CENS-R4","2006","2006","74 years","74",9310,330785,2814.5
,"Census Region 4: West","CENS-R4","2006","2006","75 years","75",9864,321095,3072.0
,"Census Region 4: West","CENS-R4","2006","2006","76 years","76",10761,326440,3296.5
,"Census Region 4: West","CENS-R4","2006","2006","77 years","77",11130,297148,3745.6
,"Census Region 4: West","CENS-R4","2006","2006","78 years","78",11723,289180,4053.9
,"Census Region 4: West","CENS-R4","2006","2006","79 years","79",12477,276405,4514.0
,"Census Region 4: West","CENS-R4","2006","2006","80 years","80",13080,260843,5014.5
,"Census Region 4: West","CENS-R4","2006","2006","81 years","81",14293,253633,5635.3
,"Census Region 4: West","CENS-R4","2006","2006","82 years","82",14651,234006,6261.0
,"Census Region 4: West","CENS-R4","2006","2006","83 years","83",14704,213747,6879.2
,"Census Region 4: West","CENS-R4","2006","2006","84 years","84",15350,197493,7772.4
,"Census Region 4: West","CENS-R4","2006","2006","85 years","85",15382,Not Applicable,Not Applicable
,"Census Region 4: West","CENS-R4","2006","2006","86 years","86",14734,Not Applicable,Not Applicable
,"Census Region 4: West","CENS-R4","2006","2006","87 years","87",13543,Not Applicable,Not Applicable
,"Census Region 4: West","CENS-R4","2006","2006","88 years","88",13463,Not Applicable,Not Applicable
,"Census Region 4: West","CENS-R4","2006","2006","89 years","89",12330,Not Applicable,Not Applicable
,"Census Region 4: West","CENS-R4","2006","2006","90 years","90",11411,Not Applicable,Not Applicable
,"Census Region 4: West","CENS-R4","2006","2006","91 years","91",10865,Not Applicable,Not Applicable
,"Census Region 4: West","CENS-R4","2006","2006","92 years","92",9561,Not Applicable,Not Applicable
,"Census Region 4: West","CENS-R4","2006","2006","93 years","93",8108,Not Applicable,Not Applicable
,"Census Region 4: West","CENS-R4","2006","2006","94 years","94",6788,Not Applicable,Not Applicable
,"Census Region 4: West","CENS-R4","2006","2006","95 years","95",5700,Not Applicable,Not Applicable
,"Census Region 4: West","CENS-R4","2006","2006","96 years","96",4381,Not Applicable,Not Applicable
,"Census Region 4: West","CENS-R4","2006","2006","97 years","97",3383,Not Applicable,Not Applicable
,"Census Region 4: West","CENS-R4","2006","2006","98 years","98",2697,Not Applicable,Not Applicable
,"Census Region 4: West","CENS-R4","2006","2006","99 years","99",1811,Not Applicable,Not Applicable
,"Census Region 4: West","CENS-R4","2007","2007","1 year","1",436,991410,44.0
,"Census Region 4: West","CENS-R4","2007","2007","2 years","2",243,982215,24.7
,"Census Region 4: West","CENS-R4","2007","2007","3 years","3",189,976724,19.4
,"Census Region 4: West","CENS-R4","2007","2007","4 years","4",172,966761,17.8
,"Census Region 4: West","CENS-R4","2007","2007","5 years","5",142,950520,14.9
,"Census Region 4: West","CENS-R4","2007","2007","6 years","6",98,960443,10.2
,"Census Region 4: West","CENS-R4","2007","2007","7 years","7",117,923370,12.7
,"Census Region 4: West","CENS-R4","2007","2007","8 years","8",130,907174,14.3
,"Census Region 4: West","CENS-R4","2007","2007","9 years","9",116,918966,12.6
,"Census Region 4: West","CENS-R4","2007","2007","10 years","10",127,976782,13.0
,"Census Region 4: West","CENS-R4","2007","2007","11 years","11",120,987802,12.1
,"Census Region 4: West","CENS-R4","2007","2007","12 years","12",126,1008681,12.5
,"Census Region 4: West","CENS-R4","2007","2007","13 years","13",159,1006953,15.8
,"Census Region 4: West","CENS-R4","2007","2007","14 years","14",225,1016500,22.1
,"Census Region 4: West","CENS-R4","2007","2007","15 years","15",331,1044003,31.7
,"Census Region 4: West","CENS-R4","2007","2007","16 years","16",433,1061602,40.8
,"Census Region 4: West","CENS-R4","2007","2007","17 years","17",577,1069032,54.0
,"Census Region 4: West","CENS-R4","2007","2007","18 years","18",772,1026920,75.2
,"Census Region 4: West","CENS-R4","2007","2007","19 years","19",842,1004253,83.8
,"Census Region 4: West","CENS-R4","2007","2007","20 years","20",869,988543,87.9
,"Census Region 4: West","CENS-R4","2007","2007","21 years","21",919,1002992,91.6
,"Census Region 4: West","CENS-R4","2007","2007","22 years","22",971,1012620,95.9
,"Census Region 4: West","CENS-R4","2007","2007","23 years","23",880,1012223,86.9
,"Census Region 4: West","CENS-R4","2007","2007","24 years","24",970,1027821,94.4
,"Census Region 4: West","CENS-R4","2007","2007","25 years","25",889,1053730,84.4
,"Census Region 4: West","CENS-R4","2007","2007","26 years","26",945,1052316,89.8
,"Census Region 4: West","CENS-R4","2007","2007","27 years","27",921,1051993,87.5
,"Census Region 4: West","CENS-R4","2007","2007","28 years","28",884,995847,88.8
,"Census Region 4: West","CENS-R4","2007","2007","29 years","29",878,946579,92.8
,"Census Region 4: West","CENS-R4","2007","2007","30 years","30",900,959097,93.8
,"Census Region 4: West","CENS-R4","2007","2007","31 years","31",903,906997,99.6
,"Census Region 4: West","CENS-R4","2007","2007","32 years","32",876,956445,91.6
,"Census Region 4: West","CENS-R4","2007","2007","33 years","33",945,924925,102.2
,"Census Region 4: West","CENS-R4","2007","2007","34 years","34",1016,933268,108.9
,"Census Region 4: West","CENS-R4","2007","2007","35 years","35",1075,973274,110.5
,"Census Region 4: West","CENS-R4","2007","2007","36 years","36",1223,1014355,120.6
,"Census Region 4: West","CENS-R4","2007","2007","37 years","37",1305,1052059,124.0
,"Census Region 4: West","CENS-R4","2007","2007","38 years","38",1401,976742,143.4
,"Census Region 4: West","CENS-R4","2007","2007","39 years","39",1488,954099,156.0
,"Census Region 4: West","CENS-R4","2007","2007","40 years","40",1549,937544,165.2
,"Census Region 4: West","CENS-R4","2007","2007","41 years","41",1704,953950,178.6
,"Census Region 4: West","CENS-R4","2007","2007","42 years","42",1947,1018850,191.1
,"Census Region 4: West","CENS-R4","2007","2007","43 years","43",2227,1025587,217.1
,"Census Region 4: West","CENS-R4","2007","2007","44 years","44",2422,1017222,238.1
,"Census Region 4: West","CENS-R4","2007","2007","45 years","45",2617,1019189,256.8
,"Census Region 4: West","CENS-R4","2007","2007","46 years","46",2977,1025590,290.3
,"Census Region 4: West","CENS-R4","2007","2007","47 years","47",3183,1061297,299.9
,"Census Region 4: West","CENS-R4","2007","2007","48 years","48",3375,992811,339.9
,"Census Region 4: West","CENS-R4","2007","2007","49 years","49",3571,1004445,355.5
,"Census Region 4: West","CENS-R4","2007","2007","50 years","50",3963,989593,400.5
,"Census Region 4: West","CENS-R4","2007","2007","51 years","51",4199,962058,436.5
,"Census Region 4: West","CENS-R4","2007","2007","52 years","52",4353,966838,450.2
,"Census Region 4: West","CENS-R4","2007","2007","53 years","53",4684,928105,504.7
,"Census Region 4: West","CENS-R4","2007","2007","54 years","54",4733,901901,524.8
,"Census Region 4: West","CENS-R4","2007","2007","55 years","55",4939,854715,577.9
,"Census Region 4: West","CENS-R4","2007","2007","56 years","56",5177,839985,616.3
,"Census Region 4: West","CENS-R4","2007","2007","57 years","57",5200,846465,614.3
,"Census Region 4: West","CENS-R4","2007","2007","58 years","58",5398,795348,678.7
,"Census Region 4: West","CENS-R4","2007","2007","59 years","59",5805,778902,745.3
,"Census Region 4: West","CENS-R4","2007","2007","60 years","60",6308,797752,790.7
,"Census Region 4: West","CENS-R4","2007","2007","61 years","61",5363,618034,867.8
,"Census Region 4: West","CENS-R4","2007","2007","62 years","62",5607,615314,911.2
,"Census Region 4: West","CENS-R4","2007","2007","63 years","63",6017,590903,1018.3
,"Census Region 4: West","CENS-R4","2007","2007","64 years","64",6763,587346,1151.5
,"Census Region 4: West","CENS-R4","2007","2007","65 years","65",6346,521925,1215.9
,"Census Region 4: West","CENS-R4","2007","2007","66 years","66",6263,482030,1299.3
,"Census Region 4: West","CENS-R4","2007","2007","67 years","67",6513,471013,1382.8
,"Census Region 4: West","CENS-R4","2007","2007","68 years","68",6673,437727,1524.5
,"Census Region 4: West","CENS-R4","2007","2007","69 years","69",7166,422785,1695.0
,"Census Region 4: West","CENS-R4","2007","2007","70 years","70",7233,393087,1840.1
,"Census Region 4: West","CENS-R4","2007","2007","71 years","71",7753,379740,2041.7
,"Census Region 4: West","CENS-R4","2007","2007","72 years","72",8223,376070,2186.6
,"Census Region 4: West","CENS-R4","2007","2007","73 years","73",8454,342016,2471.8
,"Census Region 4: West","CENS-R4","2007","2007","74 years","74",9034,331215,2727.5
,"Census Region 4: West","CENS-R4","2007","2007","75 years","75",9678,317313,3050.0
,"Census Region 4: West","CENS-R4","2007","2007","76 years","76",10281,314903,3264.8
,"Census Region 4: West","CENS-R4","2007","2007","77 years","77",10935,314440,3477.6
,"Census Region 4: West","CENS-R4","2007","2007","78 years","78",11462,286615,3999.1
,"Census Region 4: West","CENS-R4","2007","2007","79 years","79",12255,276913,4425.6
,"Census Region 4: West","CENS-R4","2007","2007","80 years","80",12500,260843,4792.2
,"Census Region 4: West","CENS-R4","2007","2007","81 years","81",13444,249261,5393.5
,"Census Region 4: West","CENS-R4","2007","2007","82 years","82",14286,237589,6012.9
,"Census Region 4: West","CENS-R4","2007","2007","83 years","83",14619,219328,6665.4
,"Census Region 4: West","CENS-R4","2007","2007","84 years","84",14822,197877,7490.5
,"Census Region 4: West","CENS-R4","2007","2007","85 years","85",15236,Not Applicable,Not Applicable
,"Census Region 4: West","CENS-R4","2007","2007","86 years","86",15199,Not Applicable,Not Applicable
,"Census Region 4: West","CENS-R4","2007","2007","87 years","87",14340,Not Applicable,Not Applicable
,"Census Region 4: West","CENS-R4","2007","2007","88 years","88",12984,Not Applicable,Not Applicable
,"Census Region 4: West","CENS-R4","2007","2007","89 years","89",12647,Not Applicable,Not Applicable
,"Census Region 4: West","CENS-R4","2007","2007","90 years","90",11421,Not Applicable,Not Applicable
,"Census Region 4: West","CENS-R4","2007","2007","91 years","91",10552,Not Applicable,Not Applicable
,"Census Region 4: West","CENS-R4","2007","2007","92 years","92",9450,Not Applicable,Not Applicable
,"Census Region 4: West","CENS-R4","2007","2007","93 years","93",8387,Not Applicable,Not Applicable
,"Census Region 4: West","CENS-R4","2007","2007","94 years","94",7091,Not Applicable,Not Applicable
,"Census Region 4: West","CENS-R4","2007","2007","95 years","95",5717,Not Applicable,Not Applicable
,"Census Region 4: West","CENS-R4","2007","2007","96 years","96",4479,Not Applicable,Not Applicable
,"Census Region 4: West","CENS-R4","2007","2007","97 years","97",3530,Not Applicable,Not Applicable
,"Census Region 4: West","CENS-R4","2007","2007","98 years","98",2616,Not Applicable,Not Applicable
,"Census Region 4: West","CENS-R4","2007","2007","99 years","99",1874,Not Applicable,Not Applicable
,"Census Region 4: West","CENS-R4","2008","2008","1 year","1",436,1016759,42.9
,"Census Region 4: West","CENS-R4","2008","2008","2 years","2",252,987986,25.5
,"Census Region 4: West","CENS-R4","2008","2008","3 years","3",177,986167,17.9
,"Census Region 4: West","CENS-R4","2008","2008","4 years","4",162,981767,16.5
,"Census Region 4: West","CENS-R4","2008","2008","5 years","5",148,967962,15.3
,"Census Region 4: West","CENS-R4","2008","2008","6 years","6",117,949948,12.3
,"Census Region 4: West","CENS-R4","2008","2008","7 years","7",109,971418,11.2
,"Census Region 4: West","CENS-R4","2008","2008","8 years","8",111,925659,12.0
,"Census Region 4: West","CENS-R4","2008","2008","9 years","9",102,923769,11.0
,"Census Region 4: West","CENS-R4","2008","2008","10 years","10",108,971244,11.1
,"Census Region 4: West","CENS-R4","2008","2008","11 years","11",130,976473,13.3
,"Census Region 4: West","CENS-R4","2008","2008","12 years","12",139,1000621,13.9
,"Census Region 4: West","CENS-R4","2008","2008","13 years","13",151,1011138,14.9
,"Census Region 4: West","CENS-R4","2008","2008","14 years","14",204,1005017,20.3
,"Census Region 4: West","CENS-R4","2008","2008","15 years","15",300,1030628,29.1
,"Census Region 4: West","CENS-R4","2008","2008","16 years","16",411,1058150,38.8
,"Census Region 4: West","CENS-R4","2008","2008","17 years","17",515,1064417,48.4
,"Census Region 4: West","CENS-R4","2008","2008","18 years","18",724,1079523,67.1
,"Census Region 4: West","CENS-R4","2008","2008","19 years","19",771,1028364,75.0
,"Census Region 4: West","CENS-R4","2008","2008","20 years","20",841,1008204,83.4
,"Census Region 4: West","CENS-R4","2008","2008","21 years","21",878,1007697,87.1
,"Census Region 4: West","CENS-R4","2008","2008","22 years","22",869,1015147,85.6
,"Census Region 4: West","CENS-R4","2008","2008","23 years","23",876,1029952,85.1
,"Census Region 4: West","CENS-R4","2008","2008","24 years","24",850,1025070,82.9
,"Census Region 4: West","CENS-R4","2008","2008","25 years","25",863,1048733,82.3
,"Census Region 4: West","CENS-R4","2008","2008","26 years","26",860,1046399,82.2
,"Census Region 4: West","CENS-R4","2008","2008","27 years","27",904,1067410,84.7
,"Census Region 4: West","CENS-R4","2008","2008","28 years","28",880,1047675,84.0
,"Census Region 4: West","CENS-R4","2008","2008","29 years","29",877,984952,89.0
,"Census Region 4: West","CENS-R4","2008","2008","30 years","30",876,979758,89.4
,"Census Region 4: West","CENS-R4","2008","2008","31 years","31",902,934085,96.6
,"Census Region 4: West","CENS-R4","2008","2008","32 years","32",851,933980,91.1
,"Census Region 4: West","CENS-R4","2008","2008","33 years","33",962,962446,100.0
,"Census Region 4: West","CENS-R4","2008","2008","34 years","34",954,929594,102.6
,"Census Region 4: West","CENS-R4","2008","2008","35 years","35",979,944850,103.6
,"Census Region 4: West","CENS-R4","2008","2008","36 years","36",1109,970490,114.3
,"Census Region 4: West","CENS-R4","2008","2008","37 years","37",1275,1012278,126.0
,"Census Region 4: West","CENS-R4","2008","2008","38 years","38",1405,1052576,133.5
,"Census Region 4: West","CENS-R4","2008","2008","39 years","39",1475,980095,150.5
,"Census Region 4: West","CENS-R4","2008","2008","40 years","40",1426,954975,149.3
,"Census Region 4: West","CENS-R4","2008","2008","41 years","41",1653,942021,175.5
,"Census Region 4: West","CENS-R4","2008","2008","42 years","42",1872,950312,197.0
,"Census Region 4: West","CENS-R4","2008","2008","43 years","43",2022,1020924,198.1
,"Census Region 4: West","CENS-R4","2008","2008","44 years","44",2256,1015968,222.1
,"Census Region 4: West","CENS-R4","2008","2008","45 years","45",2539,1013145,250.6
,"Census Region 4: West","CENS-R4","2008","2008","46 years","46",2762,1023290,269.9
,"Census Region 4: West","CENS-R4","2008","2008","47 years","47",3093,1029416,300.5
,"Census Region 4: West","CENS-R4","2008","2008","48 years","48",3310,1054179,314.0
,"Census Region 4: West","CENS-R4","2008","2008","49 years","49",3602,998383,360.8
,"Census Region 4: West","CENS-R4","2008","2008","50 years","50",3818,998466,382.4
,"Census Region 4: West","CENS-R4","2008","2008","51 years","51",4200,997283,421.1
,"Census Region 4: West","CENS-R4","2008","2008","52 years","52",4331,954676,453.7
,"Census Region 4: West","CENS-R4","2008","2008","53 years","53",4558,969793,470.0
,"Census Region 4: West","CENS-R4","2008","2008","54 years","54",4854,931271,521.2
,"Census Region 4: West","CENS-R4","2008","2008","55 years","55",5098,890367,572.6
,"Census Region 4: West","CENS-R4","2008","2008","56 years","56",5153,860170,599.1
,"Census Region 4: West","CENS-R4","2008","2008","57 years","57",5277,836103,631.1
,"Census Region 4: West","CENS-R4","2008","2008","58 years","58",5492,842528,651.8
,"Census Region 4: West","CENS-R4","2008","2008","59 years","59",5806,789700,735.2
,"Census Region 4: West","CENS-R4","2008","2008","60 years","60",6298,767164,820.9
,"Census Region 4: West","CENS-R4","2008","2008","61 years","61",6825,806573,846.2
,"Census Region 4: West","CENS-R4","2008","2008","62 years","62",5847,615591,949.8
,"Census Region 4: West","CENS-R4","2008","2008","63 years","63",6013,612803,981.2
,"Census Region 4: West","CENS-R4","2008","2008","64 years","64",6518,582137,1119.7
,"Census Region 4: West","CENS-R4","2008","2008","65 years","65",7053,587450,1200.6
,"Census Region 4: West","CENS-R4","2008","2008","66 years","66",6708,517565,1296.1
,"Census Region 4: West","CENS-R4","2008","2008","67 years","67",6754,478005,1413.0
,"Census Region 4: West","CENS-R4","2008","2008","68 years","68",6893,465369,1481.2
,"Census Region 4: West","CENS-R4","2008","2008","69 years","69",7320,431975,1694.5
,"Census Region 4: West","CENS-R4","2008","2008","70 years","70",7526,413045,1822.1
,"Census Region 4: West","CENS-R4","2008","2008","71 years","71",7643,390112,1959.2
,"Census Region 4: West","CENS-R4","2008","2008","72 years","72",8216,370783,2215.9
,"Census Region 4: West","CENS-R4","2008","2008","73 years","73",8745,369348,2367.7
,"Census Region 4: West","CENS-R4","2008","2008","74 years","74",8840,331141,2669.6
,"Census Region 4: West","CENS-R4","2008","2008","75 years","75",9361,317557,2947.8
,"Census Region 4: West","CENS-R4","2008","2008","76 years","76",9919,312071,3178.4
,"Census Region 4: West","CENS-R4","2008","2008","77 years","77",10844,303354,3574.7
,"Census Region 4: West","CENS-R4","2008","2008","78 years","78",11411,303731,3756.9
,"Census Region 4: West","CENS-R4","2008","2008","79 years","79",11952,274733,4350.4
,"Census Region 4: West","CENS-R4","2008","2008","80 years","80",12449,261126,4767.4
,"Census Region 4: West","CENS-R4","2008","2008","81 years","81",13345,249371,5351.5
,"Census Region 4: West","CENS-R4","2008","2008","82 years","82",14112,233474,6044.4
,"Census Region 4: West","CENS-R4","2008","2008","83 years","83",14672,223175,6574.2
,"Census Region 4: West","CENS-R4","2008","2008","84 years","84",15043,203407,7395.5
,"Census Region 4: West","CENS-R4","2008","2008","85 years","85",15022,Not Applicable,Not Applicable
,"Census Region 4: West","CENS-R4","2008","2008","86 years","86",15628,Not Applicable,Not Applicable
,"Census Region 4: West","CENS-R4","2008","2008","87 years","87",15009,Not Applicable,Not Applicable
,"Census Region 4: West","CENS-R4","2008","2008","88 years","88",14439,Not Applicable,Not Applicable
,"Census Region 4: West","CENS-R4","2008","2008","89 years","89",12742,Not Applicable,Not Applicable
,"Census Region 4: West","CENS-R4","2008","2008","90 years","90",12341,Not Applicable,Not Applicable
,"Census Region 4: West","CENS-R4","2008","2008","91 years","91",11034,Not Applicable,Not Applicable
,"Census Region 4: West","CENS-R4","2008","2008","92 years","92",9790,Not Applicable,Not Applicable
,"Census Region 4: West","CENS-R4","2008","2008","93 years","93",8492,Not Applicable,Not Applicable
,"Census Region 4: West","CENS-R4","2008","2008","94 years","94",7366,Not Applicable,Not Applicable
,"Census Region 4: West","CENS-R4","2008","2008","95 years","95",6127,Not Applicable,Not Applicable
,"Census Region 4: West","CENS-R4","2008","2008","96 years","96",4872,Not Applicable,Not Applicable
,"Census Region 4: West","CENS-R4","2008","2008","97 years","97",3777,Not Applicable,Not Applicable
,"Census Region 4: West","CENS-R4","2008","2008","98 years","98",2679,Not Applicable,Not Applicable
,"Census Region 4: West","CENS-R4","2008","2008","99 years","99",2028,Not Applicable,Not Applicable
,"Census Region 4: West","CENS-R4","2009","2009","1 year","1",404,1012947,39.9
,"Census Region 4: West","CENS-R4","2009","2009","2 years","2",241,1012640,23.8
,"Census Region 4: West","CENS-R4","2009","2009","3 years","3",185,990127,18.7
,"Census Region 4: West","CENS-R4","2009","2009","4 years","4",151,990377,15.2
,"Census Region 4: West","CENS-R4","2009","2009","5 years","5",138,983980,14.0
,"Census Region 4: West","CENS-R4","2009","2009","6 years","6",126,967492,13.0
,"Census Region 4: West","CENS-R4","2009","2009","7 years","7",96,961683,10.0
,"Census Region 4: West","CENS-R4","2009","2009","8 years","8",107,973974,11.0
,"Census Region 4: West","CENS-R4","2009","2009","9 years","9",125,944537,13.2
,"Census Region 4: West","CENS-R4","2009","2009","10 years","10",100,982318,10.2
,"Census Region 4: West","CENS-R4","2009","2009","11 years","11",123,969312,12.7
,"Census Region 4: West","CENS-R4","2009","2009","12 years","12",124,989344,12.5
,"Census Region 4: West","CENS-R4","2009","2009","13 years","13",149,1002033,14.9
,"Census Region 4: West","CENS-R4","2009","2009","14 years","14",191,1007892,19.0
,"Census Region 4: West","CENS-R4","2009","2009","15 years","15",283,1019106,27.8
,"Census Region 4: West","CENS-R4","2009","2009","16 years","16",392,1044547,37.5
,"Census Region 4: West","CENS-R4","2009","2009","17 years","17",513,1058609,48.5
,"Census Region 4: West","CENS-R4","2009","2009","18 years","18",727,1074748,67.6
,"Census Region 4: West","CENS-R4","2009","2009","19 years","19",741,1079147,68.7
,"Census Region 4: West","CENS-R4","2009","2009","20 years","20",792,1028681,77.0
,"Census Region 4: West","CENS-R4","2009","2009","21 years","21",839,1023250,82.0
,"Census Region 4: West","CENS-R4","2009","2009","22 years","22",792,1013418,78.2
,"Census Region 4: West","CENS-R4","2009","2009","23 years","23",862,1028656,83.8
,"Census Region 4: West","CENS-R4","2009","2009","24 years","24",824,1039771,79.2
,"Census Region 4: West","CENS-R4","2009","2009","25 years","25",835,1045238,79.9
,"Census Region 4: West","CENS-R4","2009","2009","26 years","26",894,1037237,86.2
,"Census Region 4: West","CENS-R4","2009","2009","27 years","27",826,1061066,77.8
,"Census Region 4: West","CENS-R4","2009","2009","28 years","28",893,1059722,84.3
,"Census Region 4: West","CENS-R4","2009","2009","29 years","29",940,1031291,91.1
,"Census Region 4: West","CENS-R4","2009","2009","30 years","30",886,1021382,86.7
,"Census Region 4: West","CENS-R4","2009","2009","31 years","31",892,948982,94.0
,"Census Region 4: West","CENS-R4","2009","2009","32 years","32",939,964820,97.3
,"Census Region 4: West","CENS-R4","2009","2009","33 years","33",956,938689,101.8
,"Census Region 4: West","CENS-R4","2009","2009","34 years","34",1019,966468,105.4
,"Census Region 4: West","CENS-R4","2009","2009","35 years","35",1088,941355,115.6
,"Census Region 4: West","CENS-R4","2009","2009","36 years","36",1058,940423,112.5
,"Census Region 4: West","CENS-R4","2009","2009","37 years","37",1179,967940,121.8
,"Census Region 4: West","CENS-R4","2009","2009","38 years","38",1372,1011277,135.7
,"Census Region 4: West","CENS-R4","2009","2009","39 years","39",1450,1056487,137.2
,"Census Region 4: West","CENS-R4","2009","2009","40 years","40",1556,981099,158.6
,"Census Region 4: West","CENS-R4","2009","2009","41 years","41",1729,959377,180.2
,"Census Region 4: West","CENS-R4","2009","2009","42 years","42",1815,937344,193.6
,"Census Region 4: West","CENS-R4","2009","2009","43 years","43",1988,951652,208.9
,"Census Region 4: West","CENS-R4","2009","2009","44 years","44",2251,1009442,223.0
,"Census Region 4: West","CENS-R4","2009","2009","45 years","45",2593,1011000,256.5
,"Census Region 4: West","CENS-R4","2009","2009","46 years","46",2834,1017285,278.6
,"Census Region 4: West","CENS-R4","2009","2009","47 years","47",3025,1027435,294.4
,"Census Region 4: West","CENS-R4","2009","2009","48 years","48",3406,1021333,333.5
,"Census Region 4: West","CENS-R4","2009","2009","49 years","49",3553,1060528,335.0
,"Census Region 4: West","CENS-R4","2009","2009","50 years","50",3847,991090,388.2
,"Census Region 4: West","CENS-R4","2009","2009","51 years","51",4080,1006790,405.2
,"Census Region 4: West","CENS-R4","2009","2009","52 years","52",4567,988761,461.9
,"Census Region 4: West","CENS-R4","2009","2009","53 years","53",4794,957674,500.6
,"Census Region 4: West","CENS-R4","2009","2009","54 years","54",4880,973327,501.4
,"Census Region 4: West","CENS-R4","2009","2009","55 years","55",5095,917851,555.1
,"Census Region 4: West","CENS-R4","2009","2009","56 years","56",5312,897440,591.9
,"Census Region 4: West","CENS-R4","2009","2009","57 years","57",5550,855950,648.4
,"Census Region 4: West","CENS-R4","2009","2009","58 years","58",5726,832074,688.2
,"Census Region 4: West","CENS-R4","2009","2009","59 years","59",5958,836141,712.6
,"Census Region 4: West","CENS-R4","2009","2009","60 years","60",6238,777009,802.8
,"Census Region 4: West","CENS-R4","2009","2009","61 years","61",6520,777259,838.8
,"Census Region 4: West","CENS-R4","2009","2009","62 years","62",7087,804525,880.9
,"Census Region 4: West","CENS-R4","2009","2009","63 years","63",6119,613340,997.7
,"Census Region 4: West","CENS-R4","2009","2009","64 years","64",6332,603702,1048.9
,"Census Region 4: West","CENS-R4","2009","2009","65 years","65",6963,582989,1194.4
,"Census Region 4: West","CENS-R4","2009","2009","66 years","66",7290,583233,1249.9
,"Census Region 4: West","CENS-R4","2009","2009","67 years","67",7020,513876,1366.1
,"Census Region 4: West","CENS-R4","2009","2009","68 years","68",7025,472655,1486.3
,"Census Region 4: West","CENS-R4","2009","2009","69 years","69",7172,459627,1560.4
,"Census Region 4: West","CENS-R4","2009","2009","70 years","70",7410,422235,1754.9
,"Census Region 4: West","CENS-R4","2009","2009","71 years","71",7880,410976,1917.4
,"Census Region 4: West","CENS-R4","2009","2009","72 years","72",8049,381138,2111.8
,"Census Region 4: West","CENS-R4","2009","2009","73 years","73",8384,364860,2297.9
,"Census Region 4: West","CENS-R4","2009","2009","74 years","74",8967,357692,2506.9
,"Census Region 4: West","CENS-R4","2009","2009","75 years","75",8984,317459,2830.0
,"Census Region 4: West","CENS-R4","2009","2009","76 years","76",9580,313822,3052.7
,"Census Region 4: West","CENS-R4","2009","2009","77 years","77",10340,301222,3432.7
,"Census Region 4: West","CENS-R4","2009","2009","78 years","78",11131,293777,3788.9
,"Census Region 4: West","CENS-R4","2009","2009","79 years","79",11730,292067,4016.2
,"Census Region 4: West","CENS-R4","2009","2009","80 years","80",12060,259203,4652.7
,"Census Region 4: West","CENS-R4","2009","2009","81 years","81",12586,250842,5017.5
,"Census Region 4: West","CENS-R4","2009","2009","82 years","82",13546,234224,5783.4
,"Census Region 4: West","CENS-R4","2009","2009","83 years","83",13979,220019,6353.5
,"Census Region 4: West","CENS-R4","2009","2009","84 years","84",14611,207482,7042.1
,"Census Region 4: West","CENS-R4","2009","2009","85 years","85",14993,Not Applicable,Not Applicable
,"Census Region 4: West","CENS-R4","2009","2009","86 years","86",15085,Not Applicable,Not Applicable
,"Census Region 4: West","CENS-R4","2009","2009","87 years","87",15313,Not Applicable,Not Applicable
,"Census Region 4: West","CENS-R4","2009","2009","88 years","88",14513,Not Applicable,Not Applicable
,"Census Region 4: West","CENS-R4","2009","2009","89 years","89",13282,Not Applicable,Not Applicable
,"Census Region 4: West","CENS-R4","2009","2009","90 years","90",11931,Not Applicable,Not Applicable
,"Census Region 4: West","CENS-R4","2009","2009","91 years","91",10921,Not Applicable,Not Applicable
,"Census Region 4: West","CENS-R4","2009","2009","92 years","92",9758,Not Applicable,Not Applicable
,"Census Region 4: West","CENS-R4","2009","2009","93 years","93",8505,Not Applicable,Not Applicable
,"Census Region 4: West","CENS-R4","2009","2009","94 years","94",7258,Not Applicable,Not Applicable
,"Census Region 4: West","CENS-R4","2009","2009","95 years","95",6210,Not Applicable,Not Applicable
,"Census Region 4: West","CENS-R4","2009","2009","96 years","96",4869,Not Applicable,Not Applicable
,"Census Region 4: West","CENS-R4","2009","2009","97 years","97",3738,Not Applicable,Not Applicable
,"Census Region 4: West","CENS-R4","2009","2009","98 years","98",2724,Not Applicable,Not Applicable
,"Census Region 4: West","CENS-R4","2009","2009","99 years","99",1940,Not Applicable,Not Applicable
,"Census Region 4: West","CENS-R4","2010","2010","1 year","1",417,981863,42.5
,"Census Region 4: West","CENS-R4","2010","2010","2 years","2",236,1011791,23.3
,"Census Region 4: West","CENS-R4","2010","2010","3 years","3",187,1013669,18.4
,"Census Region 4: West","CENS-R4","2010","2010","4 years","4",153,992311,15.4
,"Census Region 4: West","CENS-R4","2010","2010","5 years","5",115,988548,11.6
,"Census Region 4: West","CENS-R4","2010","2010","6 years","6",117,982511,11.9
,"Census Region 4: West","CENS-R4","2010","2010","7 years","7",103,974230,10.6
,"Census Region 4: West","CENS-R4","2010","2010","8 years","8",86,966598,8.9
,"Census Region 4: West","CENS-R4","2010","2010","9 years","9",94,992704,9.5
,"Census Region 4: West","CENS-R4","2010","2010","10 years","10",88,993859,8.9
,"Census Region 4: West","CENS-R4","2010","2010","11 years","11",109,982096,11.1
,"Census Region 4: West","CENS-R4","2010","2010","12 years","12",135,981491,13.8
,"Census Region 4: West","CENS-R4","2010","2010","13 years","13",140,991924,14.1
,"Census Region 4: West","CENS-R4","2010","2010","14 years","14",185,1002868,18.4
,"Census Region 4: West","CENS-R4","2010","2010","15 years","15",256,1019590,25.1
,"Census Region 4: West","CENS-R4","2010","2010","16 years","16",311,1034368,30.1
,"Census Region 4: West","CENS-R4","2010","2010","17 years","17",439,1050218,41.8
,"Census Region 4: West","CENS-R4","2010","2010","18 years","18",649,1070792,60.6
,"Census Region 4: West","CENS-R4","2010","2010","19 years","19",701,1078928,65.0
,"Census Region 4: West","CENS-R4","2010","2010","20 years","20",775,1064562,72.8
,"Census Region 4: West","CENS-R4","2010","2010","21 years","21",796,1035325,76.9
,"Census Region 4: West","CENS-R4","2010","2010","22 years","22",858,1023228,83.9
,"Census Region 4: West","CENS-R4","2010","2010","23 years","23",756,1021202,74.0
,"Census Region 4: West","CENS-R4","2010","2010","24 years","24",869,1039702,83.6
,"Census Region 4: West","CENS-R4","2010","2010","25 years","25",820,1053583,77.8
,"Census Region 4: West","CENS-R4","2010","2010","26 years","26",803,1029703,78.0
,"Census Region 4: West","CENS-R4","2010","2010","27 years","27",807,1055146,76.5
,"Census Region 4: West","CENS-R4","2010","2010","28 years","28",898,1049893,85.5
,"Census Region 4: West","CENS-R4","2010","2010","29 years","29",863,1044702,82.6
,"Census Region 4: West","CENS-R4","2010","2010","30 years","30",894,1062349,84.2
,"Census Region 4: West","CENS-R4","2010","2010","31 years","31",911,974173,93.5
,"Census Region 4: West","CENS-R4","2010","2010","32 years","32",927,981135,94.5
,"Census Region 4: West","CENS-R4","2010","2010","33 years","33",934,959179,97.4
,"Census Region 4: West","CENS-R4","2010","2010","34 years","34",917,947064,96.8
,"Census Region 4: West","CENS-R4","2010","2010","35 years","35",973,976887,99.6
,"Census Region 4: West","CENS-R4","2010","2010","36 years","36",1054,927213,113.7
,"Census Region 4: West","CENS-R4","2010","2010","37 years","37",1088,946129,115.0
,"Census Region 4: West","CENS-R4","2010","2010","38 years","38",1208,974202,124.0
,"Census Region 4: West","CENS-R4","2010","2010","39 years","39",1408,1030442,136.6
,"Census Region 4: West","CENS-R4","2010","2010","40 years","40",1472,1051461,140.0
,"Census Region 4: West","CENS-R4","2010","2010","41 years","41",1589,972088,163.5
,"Census Region 4: West","CENS-R4","2010","2010","42 years","42",1707,949767,179.7
,"Census Region 4: West","CENS-R4","2010","2010","43 years","43",1805,938018,192.4
,"Census Region 4: West","CENS-R4","2010","2010","44 years","44",2005,951379,210.7
,"Census Region 4: West","CENS-R4","2010","2010","45 years","45",2194,1016823,215.8
,"Census Region 4: West","CENS-R4","2010","2010","46 years","46",2699,1013353,266.3
,"Census Region 4: West","CENS-R4","2010","2010","47 years","47",2766,1021901,270.7
,"Census Region 4: West","CENS-R4","2010","2010","48 years","48",3141,1017340,308.7
,"Census Region 4: West","CENS-R4","2010","2010","49 years","49",3579,1032873,346.5
,"Census Region 4: West","CENS-R4","2010","2010","50 years","50",3691,1049871,351.6
,"Census Region 4: West","CENS-R4","2010","2010","51 years","51",3868,991025,390.3
,"Census Region 4: West","CENS-R4","2010","2010","52 years","52",4287,1003153,427.4
,"Census Region 4: West","CENS-R4","2010","2010","53 years","53",4413,978094,451.2
,"Census Region 4: West","CENS-R4","2010","2010","54 years","54",4783,962699,496.8
,"Census Region 4: West","CENS-R4","2010","2010","55 years","55",5099,958752,531.8
,"Census Region 4: West","CENS-R4","2010","2010","56 years","56",5350,911220,587.1
,"Census Region 4: West","CENS-R4","2010","2010","57 years","57",5681,889901,638.4
,"Census Region 4: West","CENS-R4","2010","2010","58 years","58",5752,847138,679.0
,"Census Region 4: West","CENS-R4","2010","2010","59 years","59",6067,819083,740.7
,"Census Region 4: West","CENS-R4","2010","2010","60 years","60",6221,819504,759.1
,"Census Region 4: West","CENS-R4","2010","2010","61 years","61",6357,777494,817.6
,"Census Region 4: West","CENS-R4","2010","2010","62 years","62",6881,787709,873.5
,"Census Region 4: West","CENS-R4","2010","2010","63 years","63",7515,766184,980.8
,"Census Region 4: West","CENS-R4","2010","2010","64 years","64",6444,594942,1083.1
,"Census Region 4: West","CENS-R4","2010","2010","65 years","65",6526,599669,1088.3
,"Census Region 4: West","CENS-R4","2010","2010","66 years","66",7112,577698,1231.1
,"Census Region 4: West","CENS-R4","2010","2010","67 years","67",7534,567986,1326.4
,"Census Region 4: West","CENS-R4","2010","2010","68 years","68",7459,498569,1496.1
,"Census Region 4: West","CENS-R4","2010","2010","69 years","69",7329,462516,1584.6
,"Census Region 4: West","CENS-R4","2010","2010","70 years","70",7618,442754,1720.6
,"Census Region 4: West","CENS-R4","2010","2010","71 years","71",7808,416484,1874.7
,"Census Region 4: West","CENS-R4","2010","2010","72 years","72",8178,396922,2060.4
,"Census Region 4: West","CENS-R4","2010","2010","73 years","73",8477,370113,2290.4
,"Census Region 4: West","CENS-R4","2010","2010","74 years","74",8835,353254,2501.0
,"Census Region 4: West","CENS-R4","2010","2010","75 years","75",9304,340119,2735.5
,"Census Region 4: West","CENS-R4","2010","2010","76 years","76",9629,309549,3110.7
,"Census Region 4: West","CENS-R4","2010","2010","77 years","77",10131,303277,3340.5
,"Census Region 4: West","CENS-R4","2010","2010","78 years","78",10835,290471,3730.1
,"Census Region 4: West","CENS-R4","2010","2010","79 years","79",11440,285935,4000.9
,"Census Region 4: West","CENS-R4","2010","2010","80 years","80",12430,271957,4570.6
,"Census Region 4: West","CENS-R4","2010","2010","81 years","81",12973,248054,5229.9
,"Census Region 4: West","CENS-R4","2010","2010","82 years","82",13483,236165,5709.1
,"Census Region 4: West","CENS-R4","2010","2010","83 years","83",13656,219439,6223.1
,"Census Region 4: West","CENS-R4","2010","2010","84 years","84",14612,204792,7135.0
,"Census Region 4: West","CENS-R4","2010","2010","85 years","85",15357,Not Applicable,Not Applicable
,"Census Region 4: West","CENS-R4","2010","2010","86 years","86",15271,Not Applicable,Not Applicable
,"Census Region 4: West","CENS-R4","2010","2010","87 years","87",15107,Not Applicable,Not Applicable
,"Census Region 4: West","CENS-R4","2010","2010","88 years","88",15180,Not Applicable,Not Applicable
,"Census Region 4: West","CENS-R4","2010","2010","89 years","89",14481,Not Applicable,Not Applicable
,"Census Region 4: West","CENS-R4","2010","2010","90 years","90",12999,Not Applicable,Not Applicable
,"Census Region 4: West","CENS-R4","2010","2010","91 years","91",11346,Not Applicable,Not Applicable
,"Census Region 4: West","CENS-R4","2010","2010","92 years","92",10564,Not Applicable,Not Applicable
,"Census Region 4: West","CENS-R4","2010","2010","93 years","93",8922,Not Applicable,Not Applicable
,"Census Region 4: West","CENS-R4","2010","2010","94 years","94",7624,Not Applicable,Not Applicable
,"Census Region 4: West","CENS-R4","2010","2010","95 years","95",6403,Not Applicable,Not Applicable
,"Census Region 4: West","CENS-R4","2010","2010","96 years","96",5202,Not Applicable,Not Applicable
,"Census Region 4: West","CENS-R4","2010","2010","97 years","97",3999,Not Applicable,Not Applicable
,"Census Region 4: West","CENS-R4","2010","2010","98 years","98",2992,Not Applicable,Not Applicable
,"Census Region 4: West","CENS-R4","2010","2010","99 years","99",2255,Not Applicable,Not Applicable
,"Census Region 4: West","CENS-R4","2011","2011","1 year","1",385,978587,39.3
,"Census Region 4: West","CENS-R4","2011","2011","2 years","2",241,980774,24.6
,"Census Region 4: West","CENS-R4","2011","2011","3 years","3",192,1012884,19.0
,"Census Region 4: West","CENS-R4","2011","2011","4 years","4",141,1015161,13.9
,"Census Region 4: West","CENS-R4","2011","2011","5 years","5",141,999411,14.1
,"Census Region 4: West","CENS-R4","2011","2011","6 years","6",101,995277,10.1
,"Census Region 4: West","CENS-R4","2011","2011","7 years","7",92,989087,9.3
,"Census Region 4: West","CENS-R4","2011","2011","8 years","8",93,980734,9.5
,"Census Region 4: West","CENS-R4","2011","2011","9 years","9",93,965448,9.6
,"Census Region 4: West","CENS-R4","2011","2011","10 years","10",88,989461,8.9
,"Census Region 4: West","CENS-R4","2011","2011","11 years","11",101,999811,10.1
,"Census Region 4: West","CENS-R4","2011","2011","12 years","12",126,984860,12.8
,"Census Region 4: West","CENS-R4","2011","2011","13 years","13",143,984400,14.5
,"Census Region 4: West","CENS-R4","2011","2011","14 years","14",201,993608,20.2
,"Census Region 4: West","CENS-R4","2011","2011","15 years","15",245,1001267,24.5
,"Census Region 4: West","CENS-R4","2011","2011","16 years","16",332,1022002,32.5
,"Census Region 4: West","CENS-R4","2011","2011","17 years","17",427,1039867,41.1
,"Census Region 4: West","CENS-R4","2011","2011","18 years","18",640,1037091,61.7
,"Census Region 4: West","CENS-R4","2011","2011","19 years","19",694,1042316,66.6
,"Census Region 4: West","CENS-R4","2011","2011","20 years","20",768,1095038,70.1
,"Census Region 4: West","CENS-R4","2011","2011","21 years","21",824,1101848,74.8
,"Census Region 4: West","CENS-R4","2011","2011","22 years","22",854,1077324,79.3
,"Census Region 4: West","CENS-R4","2011","2011","23 years","23",867,1060065,81.8
,"Census Region 4: West","CENS-R4","2011","2011","24 years","24",832,1041915,79.9
,"Census Region 4: West","CENS-R4","2011","2011","25 years","25",862,1049034,82.2
,"Census Region 4: West","CENS-R4","2011","2011","26 years","26",868,1069592,81.2
,"Census Region 4: West","CENS-R4","2011","2011","27 years","27",881,1040708,84.7
,"Census Region 4: West","CENS-R4","2011","2011","28 years","28",855,1058932,80.7
,"Census Region 4: West","CENS-R4","2011","2011","29 years","29",859,1064046,80.7
,"Census Region 4: West","CENS-R4","2011","2011","30 years","30",939,1047516,89.6
,"Census Region 4: West","CENS-R4","2011","2011","31 years","31",976,1070572,91.2
,"Census Region 4: West","CENS-R4","2011","2011","32 years","32",947,994759,95.2
,"Census Region 4: West","CENS-R4","2011","2011","33 years","33",946,978386,96.7
,"Census Region 4: West","CENS-R4","2011","2011","34 years","34",988,971955,101.7
,"Census Region 4: West","CENS-R4","2011","2011","35 years","35",996,945111,105.4
,"Census Region 4: West","CENS-R4","2011","2011","36 years","36",1081,974613,110.9
,"Census Region 4: West","CENS-R4","2011","2011","37 years","37",1073,934723,114.8
,"Census Region 4: West","CENS-R4","2011","2011","38 years","38",1277,938573,136.1
,"Census Region 4: West","CENS-R4","2011","2011","39 years","39",1307,966827,135.2
,"Census Region 4: West","CENS-R4","2011","2011","40 years","40",1539,1022444,150.5
,"Census Region 4: West","CENS-R4","2011","2011","41 years","41",1660,1049155,158.2
,"Census Region 4: West","CENS-R4","2011","2011","42 years","42",1778,982627,180.9
,"Census Region 4: West","CENS-R4","2011","2011","43 years","43",1822,950960,191.6
,"Census Region 4: West","CENS-R4","2011","2011","44 years","44",1988,934509,212.7
,"Census Region 4: West","CENS-R4","2011","2011","45 years","45",2197,943323,232.9
,"Census Region 4: West","CENS-R4","2011","2011","46 years","46",2499,1000212,249.8
,"Census Region 4: West","CENS-R4","2011","2011","47 years","47",2803,1012928,276.7
,"Census Region 4: West","CENS-R4","2011","2011","48 years","48",3170,1018437,311.3
,"Census Region 4: West","CENS-R4","2011","2011","49 years","49",3517,1014953,346.5
,"Census Region 4: West","CENS-R4","2011","2011","50 years","50",3719,1025915,362.5
,"Census Region 4: West","CENS-R4","2011","2011","51 years","51",4084,1043892,391.2
,"Census Region 4: West","CENS-R4","2011","2011","52 years","52",4354,994794,437.7
,"Census Region 4: West","CENS-R4","2011","2011","53 years","53",4641,993538,467.1
,"Census Region 4: West","CENS-R4","2011","2011","54 years","54",5014,985085,509.0
,"Census Region 4: West","CENS-R4","2011","2011","55 years","55",5337,957336,557.5
,"Census Region 4: West","CENS-R4","2011","2011","56 years","56",5510,954209,577.4
,"Census Region 4: West","CENS-R4","2011","2011","57 years","57",5848,918015,637.0
,"Census Region 4: West","CENS-R4","2011","2011","58 years","58",5809,886379,655.4
,"Census Region 4: West","CENS-R4","2011","2011","59 years","59",6141,844555,727.1
,"Census Region 4: West","CENS-R4","2011","2011","60 years","60",6403,823111,777.9
,"Census Region 4: West","CENS-R4","2011","2011","61 years","61",6630,812320,816.2
,"Census Region 4: West","CENS-R4","2011","2011","62 years","62",6941,777776,892.4
,"Census Region 4: West","CENS-R4","2011","2011","63 years","63",7481,767441,974.8
,"Census Region 4: West","CENS-R4","2011","2011","64 years","64",7948,793094,1002.2
,"Census Region 4: West","CENS-R4","2011","2011","65 years","65",6698,600907,1114.6
,"Census Region 4: West","CENS-R4","2011","2011","66 years","66",6845,594600,1151.2
,"Census Region 4: West","CENS-R4","2011","2011","67 years","67",7474,570370,1310.4
,"Census Region 4: West","CENS-R4","2011","2011","68 years","68",8163,571081,1429.4
,"Census Region 4: West","CENS-R4","2011","2011","69 years","69",7839,500997,1564.7
,"Census Region 4: West","CENS-R4","2011","2011","70 years","70",7910,461758,1713.0
,"Census Region 4: West","CENS-R4","2011","2011","71 years","71",7907,440689,1794.2
,"Census Region 4: West","CENS-R4","2011","2011","72 years","72",8437,411404,2050.8
,"Census Region 4: West","CENS-R4","2011","2011","73 years","73",8728,393891,2215.8
,"Census Region 4: West","CENS-R4","2011","2011","74 years","74",8948,365266,2449.7
,"Census Region 4: West","CENS-R4","2011","2011","75 years","75",9361,345768,2707.3
,"Census Region 4: West","CENS-R4","2011","2011","76 years","76",10140,334174,3034.3
,"Census Region 4: West","CENS-R4","2011","2011","77 years","77",10374,303009,3423.7
,"Census Region 4: West","CENS-R4","2011","2011","78 years","78",10623,292831,3627.7
,"Census Region 4: West","CENS-R4","2011","2011","79 years","79",11533,280770,4107.6
,"Census Region 4: West","CENS-R4","2011","2011","80 years","80",12447,271246,4588.8
,"Census Region 4: West","CENS-R4","2011","2011","81 years","81",13096,262609,4986.9
,"Census Region 4: West","CENS-R4","2011","2011","82 years","82",13439,236413,5684.5
,"Census Region 4: West","CENS-R4","2011","2011","83 years","83",14015,222842,6289.2
,"Census Region 4: West","CENS-R4","2011","2011","84 years","84",14594,207169,7044.5
,"Census Region 4: West","CENS-R4","2011","2011","85 years","85",15069,Not Applicable,Not Applicable
,"Census Region 4: West","CENS-R4","2011","2011","86 years","86",15553,Not Applicable,Not Applicable
,"Census Region 4: West","CENS-R4","2011","2011","87 years","87",15484,Not Applicable,Not Applicable
,"Census Region 4: West","CENS-R4","2011","2011","88 years","88",15283,Not Applicable,Not Applicable
,"Census Region 4: West","CENS-R4","2011","2011","89 years","89",15149,Not Applicable,Not Applicable
,"Census Region 4: West","CENS-R4","2011","2011","90 years","90",14273,Not Applicable,Not Applicable
,"Census Region 4: West","CENS-R4","2011","2011","91 years","91",12944,Not Applicable,Not Applicable
,"Census Region 4: West","CENS-R4","2011","2011","92 years","92",10920,Not Applicable,Not Applicable
,"Census Region 4: West","CENS-R4","2011","2011","93 years","93",9572,Not Applicable,Not Applicable
,"Census Region 4: West","CENS-R4","2011","2011","94 years","94",7999,Not Applicable,Not Applicable
,"Census Region 4: West","CENS-R4","2011","2011","95 years","95",6673,Not Applicable,Not Applicable
,"Census Region 4: West","CENS-R4","2011","2011","96 years","96",5543,Not Applicable,Not Applicable
,"Census Region 4: West","CENS-R4","2011","2011","97 years","97",4406,Not Applicable,Not Applicable
,"Census Region 4: West","CENS-R4","2011","2011","98 years","98",3238,Not Applicable,Not Applicable
,"Census Region 4: West","CENS-R4","2011","2011","99 years","99",2356,Not Applicable,Not Applicable
,"Census Region 4: West","CENS-R4","2012","2012","1 year","1",357,987444,36.2
,"Census Region 4: West","CENS-R4","2012","2012","2 years","2",226,976744,23.1
,"Census Region 4: West","CENS-R4","2012","2012","3 years","3",165,980634,16.8
,"Census Region 4: West","CENS-R4","2012","2012","4 years","4",145,1012739,14.3
,"Census Region 4: West","CENS-R4","2012","2012","5 years","5",111,1015103,10.9
,"Census Region 4: West","CENS-R4","2012","2012","6 years","6",101,999536,10.1
,"Census Region 4: West","CENS-R4","2012","2012","7 years","7",97,994456,9.8
,"Census Region 4: West","CENS-R4","2012","2012","8 years","8",93,988335,9.4
,"Census Region 4: West","CENS-R4","2012","2012","9 years","9",83,981210,8.5
,"Census Region 4: West","CENS-R4","2012","2012","10 years","10",93,966238,9.6
,"Census Region 4: West","CENS-R4","2012","2012","11 years","11",87,990547,8.8
,"Census Region 4: West","CENS-R4","2012","2012","12 years","12",121,1001104,12.1
,"Census Region 4: West","CENS-R4","2012","2012","13 years","13",122,986308,12.4
,"Census Region 4: West","CENS-R4","2012","2012","14 years","14",198,986580,20.1
,"Census Region 4: West","CENS-R4","2012","2012","15 years","15",259,996975,26.0
,"Census Region 4: West","CENS-R4","2012","2012","16 years","16",297,1005938,29.5
,"Census Region 4: West","CENS-R4","2012","2012","17 years","17",377,1027439,36.7
,"Census Region 4: West","CENS-R4","2012","2012","18 years","18",586,1031525,56.8
,"Census Region 4: West","CENS-R4","2012","2012","19 years","19",636,1011013,62.9
,"Census Region 4: West","CENS-R4","2012","2012","20 years","20",734,1058489,69.3
,"Census Region 4: West","CENS-R4","2012","2012","21 years","21",822,1119708,73.4
,"Census Region 4: West","CENS-R4","2012","2012","22 years","22",885,1133310,78.1
,"Census Region 4: West","CENS-R4","2012","2012","23 years","23",789,1105274,71.4
,"Census Region 4: West","CENS-R4","2012","2012","24 years","24",875,1073429,81.5
,"Census Region 4: West","CENS-R4","2012","2012","25 years","25",885,1053423,84.0
,"Census Region 4: West","CENS-R4","2012","2012","26 years","26",867,1059918,81.8
,"Census Region 4: West","CENS-R4","2012","2012","27 years","27",894,1076369,83.1
,"Census Region 4: West","CENS-R4","2012","2012","28 years","28",913,1047452,87.2
,"Census Region 4: West","CENS-R4","2012","2012","29 years","29",972,1064609,91.3
,"Census Region 4: West","CENS-R4","2012","2012","30 years","30",977,1070090,91.3
,"Census Region 4: West","CENS-R4","2012","2012","31 years","31",1022,1050666,97.3
,"Census Region 4: West","CENS-R4","2012","2012","32 years","32",1004,1074090,93.5
,"Census Region 4: West","CENS-R4","2012","2012","33 years","33",1025,997503,102.8
,"Census Region 4: West","CENS-R4","2012","2012","34 years","34",1020,979724,104.1
,"Census Region 4: West","CENS-R4","2012","2012","35 years","35",1076,974648,110.4
,"Census Region 4: West","CENS-R4","2012","2012","36 years","36",1067,945529,112.8
,"Census Region 4: West","CENS-R4","2012","2012","37 years","37",1109,975076,113.7
,"Census Region 4: West","CENS-R4","2012","2012","38 years","38",1175,935459,125.6
,"Census Region 4: West","CENS-R4","2012","2012","39 years","39",1229,938121,131.0
,"Census Region 4: West","CENS-R4","2012","2012","40 years","40",1438,966698,148.8
,"Census Region 4: West","CENS-R4","2012","2012","41 years","41",1595,1019680,156.4
,"Census Region 4: West","CENS-R4","2012","2012","42 years","42",1727,1048551,164.7
,"Census Region 4: West","CENS-R4","2012","2012","43 years","43",1896,981732,193.1
,"Census Region 4: West","CENS-R4","2012","2012","44 years","44",1959,949575,206.3
,"Census Region 4: West","CENS-R4","2012","2012","45 years","45",2048,933372,219.4
,"Census Region 4: West","CENS-R4","2012","2012","46 years","46",2323,941506,246.7
,"Census Region 4: West","CENS-R4","2012","2012","47 years","47",2778,998392,278.2
,"Census Region 4: West","CENS-R4","2012","2012","48 years","48",3104,1011224,307.0
,"Census Region 4: West","CENS-R4","2012","2012","49 years","49",3380,1016237,332.6
,"Census Region 4: West","CENS-R4","2012","2012","50 years","50",3686,1013006,363.9
,"Census Region 4: West","CENS-R4","2012","2012","51 years","51",4036,1021996,394.9
,"Census Region 4: West","CENS-R4","2012","2012","52 years","52",4406,1040986,423.3
,"Census Region 4: West","CENS-R4","2012","2012","53 years","53",4625,991031,466.7
,"Census Region 4: West","CENS-R4","2012","2012","54 years","54",4983,990017,503.3
,"Census Region 4: West","CENS-R4","2012","2012","55 years","55",5363,981507,546.4
,"Census Region 4: West","CENS-R4","2012","2012","56 years","56",5572,952698,584.9
,"Census Region 4: West","CENS-R4","2012","2012","57 years","57",5753,949822,605.7
,"Census Region 4: West","CENS-R4","2012","2012","58 years","58",6185,913764,676.9
,"Census Region 4: West","CENS-R4","2012","2012","59 years","59",6638,882044,752.6
,"Census Region 4: West","CENS-R4","2012","2012","60 years","60",6579,840400,782.8
,"Census Region 4: West","CENS-R4","2012","2012","61 years","61",6961,817619,851.4
,"Census Region 4: West","CENS-R4","2012","2012","62 years","62",6973,807580,863.4
,"Census Region 4: West","CENS-R4","2012","2012","63 years","63",7526,772554,974.2
,"Census Region 4: West","CENS-R4","2012","2012","64 years","64",7903,761988,1037.2
,"Census Region 4: West","CENS-R4","2012","2012","65 years","65",8429,785923,1072.5
,"Census Region 4: West","CENS-R4","2012","2012","66 years","66",7350,594913,1235.5
,"Census Region 4: West","CENS-R4","2012","2012","67 years","67",7460,588068,1268.6
,"Census Region 4: West","CENS-R4","2012","2012","68 years","68",8058,563474,1430.1
,"Census Region 4: West","CENS-R4","2012","2012","69 years","69",8604,563463,1527.0
,"Census Region 4: West","CENS-R4","2012","2012","70 years","70",8317,494118,1683.2
,"Census Region 4: West","CENS-R4","2012","2012","71 years","71",8368,454574,1840.8
,"Census Region 4: West","CENS-R4","2012","2012","72 years","72",8591,433184,1983.2
,"Census Region 4: West","CENS-R4","2012","2012","73 years","73",8836,403647,2189.0
,"Census Region 4: West","CENS-R4","2012","2012","74 years","74",9134,385106,2371.8
,"Census Region 4: West","CENS-R4","2012","2012","75 years","75",9647,356633,2705.0
,"Census Region 4: West","CENS-R4","2012","2012","76 years","76",9862,336873,2927.5
,"Census Region 4: West","CENS-R4","2012","2012","77 years","77",10650,324572,3281.2
,"Census Region 4: West","CENS-R4","2012","2012","78 years","78",10476,293052,3574.8
,"Census Region 4: West","CENS-R4","2012","2012","79 years","79",11375,282241,4030.2
,"Census Region 4: West","CENS-R4","2012","2012","80 years","80",11985,269428,4448.3
,"Census Region 4: West","CENS-R4","2012","2012","81 years","81",12873,258883,4972.5
,"Census Region 4: West","CENS-R4","2012","2012","82 years","82",13316,249520,5336.6
,"Census Region 4: West","CENS-R4","2012","2012","83 years","83",14006,223018,6280.2
,"Census Region 4: West","CENS-R4","2012","2012","84 years","84",14601,209111,6982.4
,"Census Region 4: West","CENS-R4","2012","2012","85 years","85",14647,Not Applicable,Not Applicable
,"Census Region 4: West","CENS-R4","2012","2012","86 years","86",14989,Not Applicable,Not Applicable
,"Census Region 4: West","CENS-R4","2012","2012","87 years","87",15365,Not Applicable,Not Applicable
,"Census Region 4: West","CENS-R4","2012","2012","88 years","88",15509,Not Applicable,Not Applicable
,"Census Region 4: West","CENS-R4","2012","2012","89 years","89",15253,Not Applicable,Not Applicable
,"Census Region 4: West","CENS-R4","2012","2012","90 years","90",14640,Not Applicable,Not Applicable
,"Census Region 4: West","CENS-R4","2012","2012","91 years","91",13445,Not Applicable,Not Applicable
,"Census Region 4: West","CENS-R4","2012","2012","92 years","92",11623,Not Applicable,Not Applicable
,"Census Region 4: West","CENS-R4","2012","2012","93 years","93",9626,Not Applicable,Not Applicable
,"Census Region 4: West","CENS-R4","2012","2012","94 years","94",8679,Not Applicable,Not Applicable
,"Census Region 4: West","CENS-R4","2012","2012","95 years","95",6913,Not Applicable,Not Applicable
,"Census Region 4: West","CENS-R4","2012","2012","96 years","96",5565,Not Applicable,Not Applicable
,"Census Region 4: West","CENS-R4","2012","2012","97 years","97",4461,Not Applicable,Not Applicable
,"Census Region 4: West","CENS-R4","2012","2012","98 years","98",3381,Not Applicable,Not Applicable
,"Census Region 4: West","CENS-R4","2012","2012","99 years","99",2461,Not Applicable,Not Applicable
,"Census Region 4: West","CENS-R4","2013","2013","1 year","1",354,966365,36.6
,"Census Region 4: West","CENS-R4","2013","2013","2 years","2",222,982690,22.6
,"Census Region 4: West","CENS-R4","2013","2013","3 years","3",176,979246,18.0
,"Census Region 4: West","CENS-R4","2013","2013","4 years","4",148,981013,15.1
,"Census Region 4: West","CENS-R4","2013","2013","5 years","5",128,1014737,12.6
,"Census Region 4: West","CENS-R4","2013","2013","6 years","6",111,1017757,10.9
,"Census Region 4: West","CENS-R4","2013","2013","7 years","7",85,1002916,8.5
,"Census Region 4: West","CENS-R4","2013","2013","8 years","8",94,996701,9.4
,"Census Region 4: West","CENS-R4","2013","2013","9 years","9",89,991050,9.0
,"Census Region 4: West","CENS-R4","2013","2013","10 years","10",94,982157,9.6
,"Census Region 4: West","CENS-R4","2013","2013","11 years","11",105,969133,10.8
,"Census Region 4: West","CENS-R4","2013","2013","12 years","12",118,991319,11.9
,"Census Region 4: West","CENS-R4","2013","2013","13 years","13",156,1002775,15.6
,"Census Region 4: West","CENS-R4","2013","2013","14 years","14",182,987020,18.4
,"Census Region 4: West","CENS-R4","2013","2013","15 years","15",231,989825,23.3
,"Census Region 4: West","CENS-R4","2013","2013","16 years","16",313,999613,31.3
,"Census Region 4: West","CENS-R4","2013","2013","17 years","17",382,1009469,37.8
,"Census Region 4: West","CENS-R4","2013","2013","18 years","18",525,1017379,51.6
,"Census Region 4: West","CENS-R4","2013","2013","19 years","19",671,1005559,66.7
,"Census Region 4: West","CENS-R4","2013","2013","20 years","20",676,1027111,65.8
,"Census Region 4: West","CENS-R4","2013","2013","21 years","21",810,1077843,75.2
,"Census Region 4: West","CENS-R4","2013","2013","22 years","22",864,1142599,75.6
,"Census Region 4: West","CENS-R4","2013","2013","23 years","23",979,1164410,84.1
,"Census Region 4: West","CENS-R4","2013","2013","24 years","24",881,1121959,78.5
,"Census Region 4: West","CENS-R4","2013","2013","25 years","25",869,1091300,79.6
,"Census Region 4: West","CENS-R4","2013","2013","26 years","26",910,1065260,85.4
,"Census Region 4: West","CENS-R4","2013","2013","27 years","27",884,1069333,82.7
,"Census Region 4: West","CENS-R4","2013","2013","28 years","28",920,1083207,84.9
,"Census Region 4: West","CENS-R4","2013","2013","29 years","29",958,1053843,90.9
,"Census Region 4: West","CENS-R4","2013","2013","30 years","30",1009,1071574,94.2
,"Census Region 4: West","CENS-R4","2013","2013","31 years","31",1009,1073024,94.0
,"Census Region 4: West","CENS-R4","2013","2013","32 years","32",1034,1056406,97.9
,"Census Region 4: West","CENS-R4","2013","2013","33 years","33",1071,1077158,99.4
,"Census Region 4: West","CENS-R4","2013","2013","34 years","34",1124,1001603,112.2
,"Census Region 4: West","CENS-R4","2013","2013","35 years","35",1098,983301,111.7
,"Census Region 4: West","CENS-R4","2013","2013","36 years","36",1104,975275,113.2
,"Census Region 4: West","CENS-R4","2013","2013","37 years","37",1199,946994,126.6
,"Census Region 4: West","CENS-R4","2013","2013","38 years","38",1172,975152,120.2
,"Census Region 4: West","CENS-R4","2013","2013","39 years","39",1270,936926,135.5
,"Census Region 4: West","CENS-R4","2013","2013","40 years","40",1348,939417,143.5
,"Census Region 4: West","CENS-R4","2013","2013","41 years","41",1526,965178,158.1
,"Census Region 4: West","CENS-R4","2013","2013","42 years","42",1740,1014707,171.5
,"Census Region 4: West","CENS-R4","2013","2013","43 years","43",1919,1041946,184.2
,"Census Region 4: West","CENS-R4","2013","2013","44 years","44",2032,982440,206.8
,"Census Region 4: West","CENS-R4","2013","2013","45 years","45",2153,949738,226.7
,"Census Region 4: West","CENS-R4","2013","2013","46 years","46",2286,932660,245.1
,"Census Region 4: West","CENS-R4","2013","2013","47 years","47",2605,939453,277.3
,"Census Region 4: West","CENS-R4","2013","2013","48 years","48",2842,992773,286.3
,"Census Region 4: West","CENS-R4","2013","2013","49 years","49",3364,1007395,333.9
,"Census Region 4: West","CENS-R4","2013","2013","50 years","50",3609,1010486,357.2
,"Census Region 4: West","CENS-R4","2013","2013","51 years","51",4027,1006352,400.2
,"Census Region 4: West","CENS-R4","2013","2013","52 years","52",4335,1016582,426.4
,"Census Region 4: West","CENS-R4","2013","2013","53 years","53",4636,1033866,448.4
,"Census Region 4: West","CENS-R4","2013","2013","54 years","54",4898,987658,495.9
,"Census Region 4: West","CENS-R4","2013","2013","55 years","55",5405,983511,549.6
,"Census Region 4: West","CENS-R4","2013","2013","56 years","56",5630,974656,577.6
,"Census Region 4: West","CENS-R4","2013","2013","57 years","57",5919,946180,625.6
,"Census Region 4: West","CENS-R4","2013","2013","58 years","58",6315,942742,669.9
,"Census Region 4: West","CENS-R4","2013","2013","59 years","59",6655,906444,734.2
,"Census Region 4: West","CENS-R4","2013","2013","60 years","60",6840,875863,780.9
,"Census Region 4: West","CENS-R4","2013","2013","61 years","61",7105,835166,850.7
,"Census Region 4: West","CENS-R4","2013","2013","62 years","62",7279,810648,897.9
,"Census Region 4: West","CENS-R4","2013","2013","63 years","63",7726,799762,966.0
,"Census Region 4: West","CENS-R4","2013","2013","64 years","64",8109,768083,1055.7
,"Census Region 4: West","CENS-R4","2013","2013","65 years","65",8361,758831,1101.8
,"Census Region 4: West","CENS-R4","2013","2013","66 years","66",9149,782377,1169.4
,"Census Region 4: West","CENS-R4","2013","2013","67 years","67",7690,589629,1304.2
,"Census Region 4: West","CENS-R4","2013","2013","68 years","68",7828,581926,1345.2
,"Census Region 4: West","CENS-R4","2013","2013","69 years","69",8577,560081,1531.4
,"Census Region 4: West","CENS-R4","2013","2013","70 years","70",9321,560121,1664.1
,"Census Region 4: West","CENS-R4","2013","2013","71 years","71",8855,488218,1813.7
,"Census Region 4: West","CENS-R4","2013","2013","72 years","72",8843,447322,1976.9
,"Census Region 4: West","CENS-R4","2013","2013","73 years","73",9222,425331,2168.2
,"Census Region 4: West","CENS-R4","2013","2013","74 years","74",9699,396366,2447.0
,"Census Region 4: West","CENS-R4","2013","2013","75 years","75",9890,377168,2622.2
,"Census Region 4: West","CENS-R4","2013","2013","76 years","76",10351,347702,2977.0
,"Census Region 4: West","CENS-R4","2013","2013","77 years","77",10647,328279,3243.3
,"Census Region 4: West","CENS-R4","2013","2013","78 years","78",11248,313478,3588.1
,"Census Region 4: West","CENS-R4","2013","2013","79 years","79",11174,282123,3960.7
,"Census Region 4: West","CENS-R4","2013","2013","80 years","80",12096,271548,4454.5
,"Census Region 4: West","CENS-R4","2013","2013","81 years","81",12680,257112,4931.7
,"Census Region 4: West","CENS-R4","2013","2013","82 years","82",13513,245482,5504.7
,"Census Region 4: West","CENS-R4","2013","2013","83 years","83",14133,235125,6010.8
,"Census Region 4: West","CENS-R4","2013","2013","84 years","84",14385,209750,6858.2
,"Census Region 4: West","CENS-R4","2013","2013","85 years","85",15117,Not Applicable,Not Applicable
,"Census Region 4: West","CENS-R4","2013","2013","86 years","86",15173,Not Applicable,Not Applicable
,"Census Region 4: West","CENS-R4","2013","2013","87 years","87",15607,Not Applicable,Not Applicable
,"Census Region 4: West","CENS-R4","2013","2013","88 years","88",15769,Not Applicable,Not Applicable
,"Census Region 4: West","CENS-R4","2013","2013","89 years","89",15277,Not Applicable,Not Applicable
,"Census Region 4: West","CENS-R4","2013","2013","90 years","90",14569,Not Applicable,Not Applicable
,"Census Region 4: West","CENS-R4","2013","2013","91 years","91",13747,Not Applicable,Not Applicable
,"Census Region 4: West","CENS-R4","2013","2013","92 years","92",12609,Not Applicable,Not Applicable
,"Census Region 4: West","CENS-R4","2013","2013","93 years","93",10848,Not Applicable,Not Applicable
,"Census Region 4: West","CENS-R4","2013","2013","94 years","94",8762,Not Applicable,Not Applicable
,"Census Region 4: West","CENS-R4","2013","2013","95 years","95",7517,Not Applicable,Not Applicable
,"Census Region 4: West","CENS-R4","2013","2013","96 years","96",5863,Not Applicable,Not Applicable
,"Census Region 4: West","CENS-R4","2013","2013","97 years","97",4683,Not Applicable,Not Applicable
,"Census Region 4: West","CENS-R4","2013","2013","98 years","98",3528,Not Applicable,Not Applicable
,"Census Region 4: West","CENS-R4","2013","2013","99 years","99",2533,Not Applicable,Not Applicable
,"Census Region 4: West","CENS-R4","2014","2014","1 year","1",314,976548,32.2
,"Census Region 4: West","CENS-R4","2014","2014","2 years","2",212,963926,22.0
,"Census Region 4: West","CENS-R4","2014","2014","3 years","3",153,985887,15.5
,"Census Region 4: West","CENS-R4","2014","2014","4 years","4",128,981820,13.0
,"Census Region 4: West","CENS-R4","2014","2014","5 years","5",114,983011,11.6
,"Census Region 4: West","CENS-R4","2014","2014","6 years","6",93,1016441,9.1
,"Census Region 4: West","CENS-R4","2014","2014","7 years","7",101,1019120,9.9
,"Census Region 4: West","CENS-R4","2014","2014","8 years","8",84,1004465,8.4
,"Census Region 4: West","CENS-R4","2014","2014","9 years","9",89,998452,8.9
,"Census Region 4: West","CENS-R4","2014","2014","10 years","10",106,992544,10.7
,"Census Region 4: West","CENS-R4","2014","2014","11 years","11",107,983405,10.9
,"Census Region 4: West","CENS-R4","2014","2014","12 years","12",114,970772,11.7
,"Census Region 4: West","CENS-R4","2014","2014","13 years","13",138,992865,13.9
,"Census Region 4: West","CENS-R4","2014","2014","14 years","14",192,1005262,19.1
,"Census Region 4: West","CENS-R4","2014","2014","15 years","15",217,990917,21.9
,"Census Region 4: West","CENS-R4","2014","2014","16 years","16",325,995296,32.7
,"Census Region 4: West","CENS-R4","2014","2014","17 years","17",375,1005487,37.3
,"Census Region 4: West","CENS-R4","2014","2014","18 years","18",560,1003967,55.8
,"Census Region 4: West","CENS-R4","2014","2014","19 years","19",659,997138,66.1
,"Census Region 4: West","CENS-R4","2014","2014","20 years","20",731,1026430,71.2
,"Census Region 4: West","CENS-R4","2014","2014","21 years","21",778,1053825,73.8
,"Census Region 4: West","CENS-R4","2014","2014","22 years","22",859,1112798,77.2
,"Census Region 4: West","CENS-R4","2014","2014","23 years","23",936,1177725,79.5
,"Census Region 4: West","CENS-R4","2014","2014","24 years","24",860,1182366,72.7
,"Census Region 4: West","CENS-R4","2014","2014","25 years","25",981,1137630,86.2
,"Census Region 4: West","CENS-R4","2014","2014","26 years","26",914,1104790,82.7
,"Census Region 4: West","CENS-R4","2014","2014","27 years","27",886,1078292,82.2
,"Census Region 4: West","CENS-R4","2014","2014","28 years","28",979,1081355,90.5
,"Census Region 4: West","CENS-R4","2014","2014","29 years","29",1027,1095033,93.8
,"Census Region 4: West","CENS-R4","2014","2014","30 years","30",1024,1065122,96.1
,"Census Region 4: West","CENS-R4","2014","2014","31 years","31",1009,1079064,93.5
,"Census Region 4: West","CENS-R4","2014","2014","32 years","32",1032,1081950,95.4
,"Census Region 4: West","CENS-R4","2014","2014","33 years","33",1048,1063145,98.6
,"Census Region 4: West","CENS-R4","2014","2014","34 years","34",1161,1083021,107.2
,"Census Region 4: West","CENS-R4","2014","2014","35 years","35",1167,1009202,115.6
,"Census Region 4: West","CENS-R4","2014","2014","36 years","36",1150,989370,116.2
,"Census Region 4: West","CENS-R4","2014","2014","37 years","37",1247,981223,127.1
,"Census Region 4: West","CENS-R4","2014","2014","38 years","38",1302,953020,136.6
,"Census Region 4: West","CENS-R4","2014","2014","39 years","39",1321,980262,134.8
,"Census Region 4: West","CENS-R4","2014","2014","40 years","40",1428,943122,151.4
,"Census Region 4: West","CENS-R4","2014","2014","41 years","41",1538,942548,163.2
,"Census Region 4: West","CENS-R4","2014","2014","42 years","42",1692,969408,174.5
,"Census Region 4: West","CENS-R4","2014","2014","43 years","43",1871,1018832,183.6
,"Census Region 4: West","CENS-R4","2014","2014","44 years","44",2045,1045982,195.5
,"Census Region 4: West","CENS-R4","2014","2014","45 years","45",2081,986515,210.9
,"Census Region 4: West","CENS-R4","2014","2014","46 years","46",2377,953209,249.4
,"Census Region 4: West","CENS-R4","2014","2014","47 years","47",2555,936069,272.9
,"Census Region 4: West","CENS-R4","2014","2014","48 years","48",2836,942299,301.0
,"Census Region 4: West","CENS-R4","2014","2014","49 years","49",3241,994924,325.8
,"Census Region 4: West","CENS-R4","2014","2014","50 years","50",3603,1009603,356.9
,"Census Region 4: West","CENS-R4","2014","2014","51 years","51",3990,1010577,394.8
,"Census Region 4: West","CENS-R4","2014","2014","52 years","52",4246,1007147,421.6
,"Census Region 4: West","CENS-R4","2014","2014","53 years","53",4682,1016139,460.8
,"Census Region 4: West","CENS-R4","2014","2014","54 years","54",5043,1032883,488.2
,"Census Region 4: West","CENS-R4","2014","2014","55 years","55",5490,986949,556.3
,"Census Region 4: West","CENS-R4","2014","2014","56 years","56",5645,981400,575.2
,"Census Region 4: West","CENS-R4","2014","2014","57 years","57",6193,972543,636.8
,"Census Region 4: West","CENS-R4","2014","2014","58 years","58",6465,943788,685.0
,"Census Region 4: West","CENS-R4","2014","2014","59 years","59",6817,939728,725.4
,"Census Region 4: West","CENS-R4","2014","2014","60 years","60",7262,903259,804.0
,"Census Region 4: West","CENS-R4","2014","2014","61 years","61",7473,871788,857.2
,"Census Region 4: West","CENS-R4","2014","2014","62 years","62",7543,831189,907.5
,"Census Region 4: West","CENS-R4","2014","2014","63 years","63",7909,805553,981.8
,"Census Region 4: West","CENS-R4","2014","2014","64 years","64",7915,795215,995.3
,"Census Region 4: West","CENS-R4","2014","2014","65 years","65",8296,764682,1084.9
,"Census Region 4: West","CENS-R4","2014","2014","66 years","66",8880,753573,1178.4
,"Census Region 4: West","CENS-R4","2014","2014","67 years","67",9622,775021,1241.5
,"Census Region 4: West","CENS-R4","2014","2014","68 years","68",8211,585599,1402.2
,"Census Region 4: West","CENS-R4","2014","2014","69 years","69",8360,577012,1448.8
,"Census Region 4: West","CENS-R4","2014","2014","70 years","70",9169,554117,1654.7
,"Census Region 4: West","CENS-R4","2014","2014","71 years","71",9890,551885,1792.0
,"Census Region 4: West","CENS-R4","2014","2014","72 years","72",9585,481317,1991.4
,"Census Region 4: West","CENS-R4","2014","2014","73 years","73",9406,440387,2135.8
,"Census Region 4: West","CENS-R4","2014","2014","74 years","74",9505,417845,2274.8
,"Census Region 4: West","CENS-R4","2014","2014","75 years","75",10149,389040,2608.7
,"Census Region 4: West","CENS-R4","2014","2014","76 years","76",10437,368399,2833.1
,"Census Region 4: West","CENS-R4","2014","2014","77 years","77",10562,338878,3116.8
,"Census Region 4: West","CENS-R4","2014","2014","78 years","78",10936,318910,3429.2
,"Census Region 4: West","CENS-R4","2014","2014","79 years","79",11650,303014,3844.7
,"Census Region 4: West","CENS-R4","2014","2014","80 years","80",11958,271817,4399.3
,"Census Region 4: West","CENS-R4","2014","2014","81 years","81",12322,259877,4741.5
,"Census Region 4: West","CENS-R4","2014","2014","82 years","82",13098,245026,5345.6
,"Census Region 4: West","CENS-R4","2014","2014","83 years","83",13783,232368,5931.5
,"Census Region 4: West","CENS-R4","2014","2014","84 years","84",14727,221480,6649.4
,"Census Region 4: West","CENS-R4","2014","2014","85 years","85",14597,Not Applicable,Not Applicable
,"Census Region 4: West","CENS-R4","2014","2014","86 years","86",14831,Not Applicable,Not Applicable
,"Census Region 4: West","CENS-R4","2014","2014","87 years","87",15071,Not Applicable,Not Applicable
,"Census Region 4: West","CENS-R4","2014","2014","88 years","88",14991,Not Applicable,Not Applicable
,"Census Region 4: West","CENS-R4","2014","2014","89 years","89",14770,Not Applicable,Not Applicable
,"Census Region 4: West","CENS-R4","2014","2014","90 years","90",14484,Not Applicable,Not Applicable
,"Census Region 4: West","CENS-R4","2014","2014","91 years","91",13452,Not Applicable,Not Applicable
,"Census Region 4: West","CENS-R4","2014","2014","92 years","92",12781,Not Applicable,Not Applicable
,"Census Region 4: West","CENS-R4","2014","2014","93 years","93",11234,Not Applicable,Not Applicable
,"Census Region 4: West","CENS-R4","2014","2014","94 years","94",9364,Not Applicable,Not Applicable
,"Census Region 4: West","CENS-R4","2014","2014","95 years","95",7278,Not Applicable,Not Applicable
,"Census Region 4: West","CENS-R4","2014","2014","96 years","96",6085,Not Applicable,Not Applicable
,"Census Region 4: West","CENS-R4","2014","2014","97 years","97",4672,Not Applicable,Not Applicable
,"Census Region 4: West","CENS-R4","2014","2014","98 years","98",3541,Not Applicable,Not Applicable
,"Census Region 4: West","CENS-R4","2014","2014","99 years","99",2557,Not Applicable,Not Applicable
,"Census Region 4: West","CENS-R4","2015","2015","1 year","1",327,970463,33.7
,"Census Region 4: West","CENS-R4","2015","2015","2 years","2",207,972160,21.3
,"Census Region 4: West","CENS-R4","2015","2015","3 years","3",152,967435,15.7
,"Census Region 4: West","CENS-R4","2015","2015","4 years","4",135,988559,13.7
,"Census Region 4: West","CENS-R4","2015","2015","5 years","5",102,984469,10.4
,"Census Region 4: West","CENS-R4","2015","2015","6 years","6",97,985815,9.8
,"Census Region 4: West","CENS-R4","2015","2015","7 years","7",98,1019520,9.6
,"Census Region 4: West","CENS-R4","2015","2015","8 years","8",91,1021936,8.9
,"Census Region 4: West","CENS-R4","2015","2015","9 years","9",100,1007263,9.9
,"Census Region 4: West","CENS-R4","2015","2015","10 years","10",96,1001110,9.6
,"Census Region 4: West","CENS-R4","2015","2015","11 years","11",88,995397,8.8
,"Census Region 4: West","CENS-R4","2015","2015","12 years","12",108,985792,11.0
,"Census Region 4: West","CENS-R4","2015","2015","13 years","13",148,973815,15.2
,"Census Region 4: West","CENS-R4","2015","2015","14 years","14",216,996031,21.7
,"Census Region 4: West","CENS-R4","2015","2015","15 years","15",248,1009243,24.6
,"Census Region 4: West","CENS-R4","2015","2015","16 years","16",349,994453,35.1
,"Census Region 4: West","CENS-R4","2015","2015","17 years","17",453,998780,45.4
,"Census Region 4: West","CENS-R4","2015","2015","18 years","18",547,1002588,54.6
,"Census Region 4: West","CENS-R4","2015","2015","19 years","19",674,986755,68.3
,"Census Region 4: West","CENS-R4","2015","2015","20 years","20",701,1017594,68.9
,"Census Region 4: West","CENS-R4","2015","2015","21 years","21",843,1053601,80.0
,"Census Region 4: West","CENS-R4","2015","2015","22 years","22",880,1090564,80.7
,"Census Region 4: West","CENS-R4","2015","2015","23 years","23",937,1147476,81.7
,"Census Region 4: West","CENS-R4","2015","2015","24 years","24",952,1197935,79.5
,"Census Region 4: West","CENS-R4","2015","2015","25 years","25",1016,1199704,84.7
,"Census Region 4: West","CENS-R4","2015","2015","26 years","26",959,1153500,83.1
,"Census Region 4: West","CENS-R4","2015","2015","27 years","27",1035,1119011,92.5
,"Census Region 4: West","CENS-R4","2015","2015","28 years","28",958,1092759,87.7
,"Census Region 4: West","CENS-R4","2015","2015","29 years","29",1112,1094167,101.6
,"Census Region 4: West","CENS-R4","2015","2015","30 years","30",1077,1107890,97.2
,"Census Region 4: West","CENS-R4","2015","2015","31 years","31",1061,1075298,98.7
,"Census Region 4: West","CENS-R4","2015","2015","32 years","32",1170,1089061,107.4
,"Census Region 4: West","CENS-R4","2015","2015","33 years","33",1211,1089957,111.1
,"Census Region 4: West","CENS-R4","2015","2015","34 years","34",1218,1068915,113.9
,"Census Region 4: West","CENS-R4","2015","2015","35 years","35",1248,1089492,114.5
,"Census Region 4: West","CENS-R4","2015","2015","36 years","36",1351,1013434,133.3
,"Census Region 4: West","CENS-R4","2015","2015","37 years","37",1311,993398,132.0
,"Census Region 4: West","CENS-R4","2015","2015","38 years","38",1356,985664,137.6
,"Census Region 4: West","CENS-R4","2015","2015","39 years","39",1375,956190,143.8
,"Census Region 4: West","CENS-R4","2015","2015","40 years","40",1508,984248,153.2
,"Census Region 4: West","CENS-R4","2015","2015","41 years","41",1509,944085,159.8
,"Census Region 4: West","CENS-R4","2015","2015","42 years","42",1668,944208,176.7
,"Census Region 4: West","CENS-R4","2015","2015","43 years","43",1738,970468,179.1
,"Census Region 4: West","CENS-R4","2015","2015","44 years","44",2199,1019723,215.6
,"Census Region 4: West","CENS-R4","2015","2015","45 years","45",2319,1046783,221.5
,"Census Region 4: West","CENS-R4","2015","2015","46 years","46",2397,987005,242.9
,"Census Region 4: West","CENS-R4","2015","2015","47 years","47",2491,953171,261.3
,"Census Region 4: West","CENS-R4","2015","2015","48 years","48",2756,935862,294.5
,"Census Region 4: West","CENS-R4","2015","2015","49 years","49",3107,941758,329.9
,"Census Region 4: West","CENS-R4","2015","2015","50 years","50",3489,994255,350.9
,"Census Region 4: West","CENS-R4","2015","2015","51 years","51",3890,1006852,386.4
,"Census Region 4: West","CENS-R4","2015","2015","52 years","52",4327,1008323,429.1
,"Census Region 4: West","CENS-R4","2015","2015","53 years","53",4587,1004287,456.7
,"Census Region 4: West","CENS-R4","2015","2015","54 years","54",5163,1013036,509.7
,"Census Region 4: West","CENS-R4","2015","2015","55 years","55",5399,1030246,524.0
,"Census Region 4: West","CENS-R4","2015","2015","56 years","56",5731,983475,582.7
,"Census Region 4: West","CENS-R4","2015","2015","57 years","57",6282,977788,642.5
,"Census Region 4: West","CENS-R4","2015","2015","58 years","58",6516,968211,673.0
,"Census Region 4: West","CENS-R4","2015","2015","59 years","59",7023,939101,747.8
,"Census Region 4: West","CENS-R4","2015","2015","60 years","60",7313,935105,782.1
,"Census Region 4: West","CENS-R4","2015","2015","61 years","61",7749,897753,863.2
,"Census Region 4: West","CENS-R4","2015","2015","62 years","62",7948,866642,917.1
,"Census Region 4: West","CENS-R4","2015","2015","63 years","63",8278,825125,1003.2
,"Census Region 4: West","CENS-R4","2015","2015","64 years","64",8307,799168,1039.5
,"Census Region 4: West","CENS-R4","2015","2015","65 years","65",8817,790680,1115.1
,"Census Region 4: West","CENS-R4","2015","2015","66 years","66",8980,759379,1182.5
,"Census Region 4: West","CENS-R4","2015","2015","67 years","67",9644,746536,1291.8
,"Census Region 4: West","CENS-R4","2015","2015","68 years","68",10356,767152,1349.9
,"Census Region 4: West","CENS-R4","2015","2015","69 years","69",8848,579239,1527.5
,"Census Region 4: West","CENS-R4","2015","2015","70 years","70",9393,570258,1647.1
,"Census Region 4: West","CENS-R4","2015","2015","71 years","71",10099,546573,1847.7
,"Census Region 4: West","CENS-R4","2015","2015","72 years","72",10750,543221,1978.9
,"Census Region 4: West","CENS-R4","2015","2015","73 years","73",10316,472946,2181.2
,"Census Region 4: West","CENS-R4","2015","2015","74 years","74",10257,431410,2377.6
,"Census Region 4: West","CENS-R4","2015","2015","75 years","75",10495,408359,2570.0
,"Census Region 4: West","CENS-R4","2015","2015","76 years","76",10909,379024,2878.2
,"Census Region 4: West","CENS-R4","2015","2015","77 years","77",11430,357830,3194.3
,"Census Region 4: West","CENS-R4","2015","2015","78 years","78",11601,328281,3533.9
,"Census Region 4: West","CENS-R4","2015","2015","79 years","79",12039,308047,3908.2
,"Census Region 4: West","CENS-R4","2015","2015","80 years","80",12715,291244,4365.8
,"Census Region 4: West","CENS-R4","2015","2015","81 years","81",12683,259649,4884.7
,"Census Region 4: West","CENS-R4","2015","2015","82 years","82",13501,247328,5458.7
,"Census Region 4: West","CENS-R4","2015","2015","83 years","83",14070,231353,6081.6
,"Census Region 4: West","CENS-R4","2015","2015","84 years","84",15014,218212,6880.5
,"Census Region 4: West","CENS-R4","2015","2015","85 years","85",15289,Not Applicable,Not Applicable
,"Census Region 4: West","CENS-R4","2015","2015","86 years","86",15229,Not Applicable,Not Applicable
,"Census Region 4: West","CENS-R4","2015","2015","87 years","87",15773,Not Applicable,Not Applicable
,"Census Region 4: West","CENS-R4","2015","2015","88 years","88",15670,Not Applicable,Not Applicable
,"Census Region 4: West","CENS-R4","2015","2015","89 years","89",15178,Not Applicable,Not Applicable
,"Census Region 4: West","CENS-R4","2015","2015","90 years","90",15220,Not Applicable,Not Applicable
,"Census Region 4: West","CENS-R4","2015","2015","91 years","91",14438,Not Applicable,Not Applicable
,"Census Region 4: West","CENS-R4","2015","2015","92 years","92",13107,Not Applicable,Not Applicable
,"Census Region 4: West","CENS-R4","2015","2015","93 years","93",12041,Not Applicable,Not Applicable
,"Census Region 4: West","CENS-R4","2015","2015","94 years","94",10277,Not Applicable,Not Applicable
,"Census Region 4: West","CENS-R4","2015","2015","95 years","95",8577,Not Applicable,Not Applicable
,"Census Region 4: West","CENS-R4","2015","2015","96 years","96",6479,Not Applicable,Not Applicable
,"Census Region 4: West","CENS-R4","2015","2015","97 years","97",5137,Not Applicable,Not Applicable
,"Census Region 4: West","CENS-R4","2015","2015","98 years","98",3867,Not Applicable,Not Applicable
,"Census Region 4: West","CENS-R4","2015","2015","99 years","99",2837,Not Applicable,Not Applicable
,"Census Region 4: West","CENS-R4","2016","2016","1 year","1",354,980314,36.1
,"Census Region 4: West","CENS-R4","2016","2016","2 years","2",205,974346,21.0
,"Census Region 4: West","CENS-R4","2016","2016","3 years","3",188,978313,19.2
,"Census Region 4: West","CENS-R4","2016","2016","4 years","4",129,973389,13.3
,"Census Region 4: West","CENS-R4","2016","2016","5 years","5",104,991620,10.5
,"Census Region 4: West","CENS-R4","2016","2016","6 years","6",113,986284,11.5
,"Census Region 4: West","CENS-R4","2016","2016","7 years","7",106,987586,10.7
,"Census Region 4: West","CENS-R4","2016","2016","8 years","8",120,1020964,11.8
,"Census Region 4: West","CENS-R4","2016","2016","9 years","9",99,1023278,9.7
,"Census Region 4: West","CENS-R4","2016","2016","10 years","10",109,1008571,10.8
,"Census Region 4: West","CENS-R4","2016","2016","11 years","11",127,1002359,12.7
,"Census Region 4: West","CENS-R4","2016","2016","12 years","12",122,996040,12.2
,"Census Region 4: West","CENS-R4","2016","2016","13 years","13",131,986613,13.3
,"Census Region 4: West","CENS-R4","2016","2016","14 years","14",178,975570,18.2
,"Census Region 4: West","CENS-R4","2016","2016","15 years","15",295,998441,29.5
,"Census Region 4: West","CENS-R4","2016","2016","16 years","16",339,1012642,33.5
,"Census Region 4: West","CENS-R4","2016","2016","17 years","17",467,998606,46.8
,"Census Region 4: West","CENS-R4","2016","2016","18 years","18",581,998223,58.2
,"Census Region 4: West","CENS-R4","2016","2016","19 years","19",686,983713,69.7
,"Census Region 4: West","CENS-R4","2016","2016","20 years","20",762,1001485,76.1
,"Census Region 4: West","CENS-R4","2016","2016","21 years","21",889,1040261,85.5
,"Census Region 4: West","CENS-R4","2016","2016","22 years","22",897,1084145,82.7
,"Census Region 4: West","CENS-R4","2016","2016","23 years","23",992,1121691,88.4
,"Census Region 4: West","CENS-R4","2016","2016","24 years","24",1033,1161408,88.9
,"Census Region 4: West","CENS-R4","2016","2016","25 years","25",1067,1210030,88.2
,"Census Region 4: West","CENS-R4","2016","2016","26 years","26",1086,1207240,90.0
,"Census Region 4: West","CENS-R4","2016","2016","27 years","27",1115,1159964,96.1
,"Census Region 4: West","CENS-R4","2016","2016","28 years","28",1134,1124707,100.8
,"Census Region 4: West","CENS-R4","2016","2016","29 years","29",1082,1098667,98.5
,"Census Region 4: West","CENS-R4","2016","2016","30 years","30",1172,1099246,106.6
,"Census Region 4: West","CENS-R4","2016","2016","31 years","31",1197,1110821,107.8
,"Census Region 4: West","CENS-R4","2016","2016","32 years","32",1242,1078779,115.1
,"Census Region 4: West","CENS-R4","2016","2016","33 years","33",1274,1091015,116.8
,"Census Region 4: West","CENS-R4","2016","2016","34 years","34",1286,1090478,117.9
,"Census Region 4: West","CENS-R4","2016","2016","35 years","35",1371,1070100,128.1
,"Census Region 4: West","CENS-R4","2016","2016","36 years","36",1450,1088679,133.2
,"Census Region 4: West","CENS-R4","2016","2016","37 years","37",1354,1012140,133.8
,"Census Region 4: West","CENS-R4","2016","2016","38 years","38",1402,991431,141.4
,"Census Region 4: West","CENS-R4","2016","2016","39 years","39",1488,982655,151.4
,"Census Region 4: West","CENS-R4","2016","2016","40 years","40",1509,953991,158.2
,"Census Region 4: West","CENS-R4","2016","2016","41 years","41",1580,979653,161.3
,"Census Region 4: West","CENS-R4","2016","2016","42 years","42",1614,941389,171.4
,"Census Region 4: West","CENS-R4","2016","2016","43 years","43",1804,940727,191.8
,"Census Region 4: West","CENS-R4","2016","2016","44 years","44",1941,967385,200.6
,"Census Region 4: West","CENS-R4","2016","2016","45 years","45",2332,1016301,229.5
,"Census Region 4: West","CENS-R4","2016","2016","46 years","46",2510,1042509,240.8
,"Census Region 4: West","CENS-R4","2016","2016","47 years","47",2541,982220,258.7
,"Census Region 4: West","CENS-R4","2016","2016","48 years","48",2779,948785,292.9
,"Census Region 4: West","CENS-R4","2016","2016","49 years","49",3066,930922,329.4
,"Census Region 4: West","CENS-R4","2016","2016","50 years","50",3270,937768,348.7
,"Census Region 4: West","CENS-R4","2016","2016","51 years","51",3827,987815,387.4
,"Census Region 4: West","CENS-R4","2016","2016","52 years","52",4104,1001227,409.9
,"Census Region 4: West","CENS-R4","2016","2016","53 years","53",4773,1001982,476.4
,"Census Region 4: West","CENS-R4","2016","2016","54 years","54",5032,998300,504.1
,"Census Region 4: West","CENS-R4","2016","2016","55 years","55",5543,1007717,550.1
,"Census Region 4: West","CENS-R4","2016","2016","56 years","56",5827,1023414,569.4
,"Census Region 4: West","CENS-R4","2016","2016","57 years","57",6155,976651,630.2
,"Census Region 4: West","CENS-R4","2016","2016","58 years","58",6697,970260,690.2
,"Census Region 4: West","CENS-R4","2016","2016","59 years","59",7086,960164,738.0
,"Census Region 4: West","CENS-R4","2016","2016","60 years","60",7418,931593,796.3
,"Census Region 4: West","CENS-R4","2016","2016","61 years","61",7858,926616,848.0
,"Census Region 4: West","CENS-R4","2016","2016","62 years","62",8251,889777,927.3
,"Census Region 4: West","CENS-R4","2016","2016","63 years","63",8599,858432,1001.7
,"Census Region 4: West","CENS-R4","2016","2016","64 years","64",8678,816916,1062.3
,"Census Region 4: West","CENS-R4","2016","2016","65 years","65",8884,792336,1121.2
,"Census Region 4: West","CENS-R4","2016","2016","66 years","66",9108,782855,1163.4
,"Census Region 4: West","CENS-R4","2016","2016","67 years","67",9547,749946,1273.0
,"Census Region 4: West","CENS-R4","2016","2016","68 years","68",10178,736704,1381.6
,"Census Region 4: West","CENS-R4","2016","2016","69 years","69",11119,756473,1469.8
,"Census Region 4: West","CENS-R4","2016","2016","70 years","70",9412,570452,1649.9
,"Census Region 4: West","CENS-R4","2016","2016","71 years","71",9811,560822,1749.4
,"Census Region 4: West","CENS-R4","2016","2016","72 years","72",10443,536530,1946.4
,"Census Region 4: West","CENS-R4","2016","2016","73 years","73",11379,532348,2137.5
,"Census Region 4: West","CENS-R4","2016","2016","74 years","74",10933,461892,2367.0
,"Census Region 4: West","CENS-R4","2016","2016","75 years","75",11227,420958,2667.0
,"Census Region 4: West","CENS-R4","2016","2016","76 years","76",11171,397197,2812.5
,"Census Region 4: West","CENS-R4","2016","2016","77 years","77",11745,367585,3195.2
,"Census Region 4: West","CENS-R4","2016","2016","78 years","78",12005,346037,3469.3
,"Census Region 4: West","CENS-R4","2016","2016","79 years","79",12418,316252,3926.6
,"Census Region 4: West","CENS-R4","2016","2016","80 years","80",12786,295337,4329.3
,"Census Region 4: West","CENS-R4","2016","2016","81 years","81",13204,277366,4760.5
,"Census Region 4: West","CENS-R4","2016","2016","82 years","82",13311,246284,5404.7
,"Census Region 4: West","CENS-R4","2016","2016","83 years","83",13757,233203,5899.2
,"Census Region 4: West","CENS-R4","2016","2016","84 years","84",14503,216879,6687.1
,"Census Region 4: West","CENS-R4","2016","2016","85 years","85",15236,Not Applicable,Not Applicable
,"Census Region 4: West","CENS-R4","2016","2016","86 years","86",15521,Not Applicable,Not Applicable
,"Census Region 4: West","CENS-R4","2016","2016","87 years","87",15464,Not Applicable,Not Applicable
,"Census Region 4: West","CENS-R4","2016","2016","88 years","88",15420,Not Applicable,Not Applicable
,"Census Region 4: West","CENS-R4","2016","2016","89 years","89",15371,Not Applicable,Not Applicable
,"Census Region 4: West","CENS-R4","2016","2016","90 years","90",14935,Not Applicable,Not Applicable
,"Census Region 4: West","CENS-R4","2016","2016","91 years","91",14550,Not Applicable,Not Applicable
,"Census Region 4: West","CENS-R4","2016","2016","92 years","92",13443,Not Applicable,Not Applicable
,"Census Region 4: West","CENS-R4","2016","2016","93 years","93",11942,Not Applicable,Not Applicable
,"Census Region 4: West","CENS-R4","2016","2016","94 years","94",10546,Not Applicable,Not Applicable
,"Census Region 4: West","CENS-R4","2016","2016","95 years","95",8861,Not Applicable,Not Applicable
,"Census Region 4: West","CENS-R4","2016","2016","96 years","96",7106,Not Applicable,Not Applicable
,"Census Region 4: West","CENS-R4","2016","2016","97 years","97",5283,Not Applicable,Not Applicable
,"Census Region 4: West","CENS-R4","2016","2016","98 years","98",4041,Not Applicable,Not Applicable
,"Census Region 4: West","CENS-R4","2016","2016","99 years","99",2977,Not Applicable,Not Applicable
,"Census Region 4: West","CENS-R4","2017","2017","1 year","1",321,965662,33.2
,"Census Region 4: West","CENS-R4","2017","2017","2 years","2",197,981670,20.1
,"Census Region 4: West","CENS-R4","2017","2017","3 years","3",175,978658,17.9
,"Census Region 4: West","CENS-R4","2017","2017","4 years","4",110,980379,11.2
,"Census Region 4: West","CENS-R4","2017","2017","5 years","5",97,977304,9.9
,"Census Region 4: West","CENS-R4","2017","2017","6 years","6",97,997031,9.7
,"Census Region 4: West","CENS-R4","2017","2017","7 years","7",114,988405,11.5
,"Census Region 4: West","CENS-R4","2017","2017","8 years","8",95,988271,9.6
,"Census Region 4: West","CENS-R4","2017","2017","9 years","9",91,1022739,8.9
,"Census Region 4: West","CENS-R4","2017","2017","10 years","10",92,1024231,9.0
,"Census Region 4: West","CENS-R4","2017","2017","11 years","11",117,1010573,11.6
,"Census Region 4: West","CENS-R4","2017","2017","12 years","12",143,1004373,14.2
,"Census Region 4: West","CENS-R4","2017","2017","13 years","13",154,999777,15.4
,"Census Region 4: West","CENS-R4","2017","2017","14 years","14",203,990053,20.5
,"Census Region 4: West","CENS-R4","2017","2017","15 years","15",263,978560,26.9
,"Census Region 4: West","CENS-R4","2017","2017","16 years","16",362,1004247,36.0
,"Census Region 4: West","CENS-R4","2017","2017","17 years","17",431,1019522,42.3
,"Census Region 4: West","CENS-R4","2017","2017","18 years","18",598,1002085,59.7
,"Census Region 4: West","CENS-R4","2017","2017","19 years","19",675,979821,68.9
,"Census Region 4: West","CENS-R4","2017","2017","20 years","20",809,996161,81.2
,"Census Region 4: West","CENS-R4","2017","2017","21 years","21",869,1022628,85.0
,"Census Region 4: West","CENS-R4","2017","2017","22 years","22",915,1064864,85.9
,"Census Region 4: West","CENS-R4","2017","2017","23 years","23",897,1109244,80.9
,"Census Region 4: West","CENS-R4","2017","2017","24 years","24",985,1133678,86.9
,"Census Region 4: West","CENS-R4","2017","2017","25 years","25",1042,1182370,88.1
,"Census Region 4: West","CENS-R4","2017","2017","26 years","26",1151,1225372,93.9
,"Census Region 4: West","CENS-R4","2017","2017","27 years","27",1191,1223187,97.4
,"Census Region 4: West","CENS-R4","2017","2017","28 years","28",1141,1170483,97.5
,"Census Region 4: West","CENS-R4","2017","2017","29 years","29",1145,1140476,100.4
,"Census Region 4: West","CENS-R4","2017","2017","30 years","30",1118,1116610,100.1
,"Census Region 4: West","CENS-R4","2017","2017","31 years","31",1219,1119409,108.9
,"Census Region 4: West","CENS-R4","2017","2017","32 years","32",1265,1126362,112.3
,"Census Region 4: West","CENS-R4","2017","2017","33 years","33",1305,1093599,119.3
,"Census Region 4: West","CENS-R4","2017","2017","34 years","34",1320,1103623,119.6
,"Census Region 4: West","CENS-R4","2017","2017","35 years","35",1368,1100845,124.3
,"Census Region 4: West","CENS-R4","2017","2017","36 years","36",1482,1080276,137.2
,"Census Region 4: West","CENS-R4","2017","2017","37 years","37",1542,1094444,140.9
,"Census Region 4: West","CENS-R4","2017","2017","38 years","38",1454,1018719,142.7
,"Census Region 4: West","CENS-R4","2017","2017","39 years","39",1509,997337,151.3
,"Census Region 4: West","CENS-R4","2017","2017","40 years","40",1599,987387,161.9
,"Census Region 4: West","CENS-R4","2017","2017","41 years","41",1566,959243,163.3
,"Census Region 4: West","CENS-R4","2017","2017","42 years","42",1762,982045,179.4
,"Census Region 4: West","CENS-R4","2017","2017","43 years","43",1829,943511,193.9
,"Census Region 4: West","CENS-R4","2017","2017","44 years","44",1855,943148,196.7
,"Census Region 4: West","CENS-R4","2017","2017","45 years","45",2230,968328,230.3
,"Census Region 4: West","CENS-R4","2017","2017","46 years","46",2479,1016616,243.8
,"Census Region 4: West","CENS-R4","2017","2017","47 years","47",2686,1040553,258.1
,"Census Region 4: West","CENS-R4","2017","2017","48 years","48",2863,981414,291.7
,"Census Region 4: West","CENS-R4","2017","2017","49 years","49",2909,947540,307.0
,"Census Region 4: West","CENS-R4","2017","2017","50 years","50",3254,930349,349.8
,"Census Region 4: West","CENS-R4","2017","2017","51 years","51",3566,934398,381.6
,"Census Region 4: West","CENS-R4","2017","2017","52 years","52",3947,985375,400.6
,"Census Region 4: West","CENS-R4","2017","2017","53 years","53",4458,997070,447.1
,"Census Region 4: West","CENS-R4","2017","2017","54 years","54",4907,998652,491.4
,"Census Region 4: West","CENS-R4","2017","2017","55 years","55",5430,995205,545.6
,"Census Region 4: West","CENS-R4","2017","2017","56 years","56",5956,1003182,593.7
,"Census Region 4: West","CENS-R4","2017","2017","57 years","57",6195,1017921,608.6
,"Census Region 4: West","CENS-R4","2017","2017","58 years","58",6678,971391,687.5
,"Census Region 4: West","CENS-R4","2017","2017","59 years","59",7091,964459,735.2
,"Census Region 4: West","CENS-R4","2017","2017","60 years","60",7416,955182,776.4
,"Census Region 4: West","CENS-R4","2017","2017","61 years","61",7874,924215,852.0
,"Census Region 4: West","CENS-R4","2017","2017","62 years","62",8104,920042,880.8
,"Census Region 4: West","CENS-R4","2017","2017","63 years","63",8640,882840,978.7
,"Census Region 4: West","CENS-R4","2017","2017","64 years","64",8930,850573,1049.9
,"Census Region 4: West","CENS-R4","2017","2017","65 years","65",9212,810747,1136.2
,"Census Region 4: West","CENS-R4","2017","2017","66 years","66",9268,782922,1183.8
,"Census Region 4: West","CENS-R4","2017","2017","67 years","67",9938,771349,1288.4
,"Census Region 4: West","CENS-R4","2017","2017","68 years","68",10409,738484,1409.5
,"Census Region 4: West","CENS-R4","2017","2017","69 years","69",10824,724157,1494.7
,"Census Region 4: West","CENS-R4","2017","2017","70 years","70",11776,744102,1582.6
,"Census Region 4: West","CENS-R4","2017","2017","71 years","71",9996,558526,1789.7
,"Census Region 4: West","CENS-R4","2017","2017","72 years","72",10545,548705,1921.8
,"Census Region 4: West","CENS-R4","2017","2017","73 years","73",11115,523707,2122.4
,"Census Region 4: West","CENS-R4","2017","2017","74 years","74",12263,518037,2367.2
,"Census Region 4: West","CENS-R4","2017","2017","75 years","75",11756,449180,2617.2
,"Census Region 4: West","CENS-R4","2017","2017","76 years","76",11626,407275,2854.6
,"Census Region 4: West","CENS-R4","2017","2017","77 years","77",11920,383384,3109.2
,"Census Region 4: West","CENS-R4","2017","2017","78 years","78",12440,353582,3518.3
,"Census Region 4: West","CENS-R4","2017","2017","79 years","79",12950,331079,3911.5
,"Census Region 4: West","CENS-R4","2017","2017","80 years","80",13042,301613,4324.1
,"Census Region 4: West","CENS-R4","2017","2017","81 years","81",13475,279247,4825.5
,"Census Region 4: West","CENS-R4","2017","2017","82 years","82",13979,261811,5339.3
,"Census Region 4: West","CENS-R4","2017","2017","83 years","83",14261,230767,6179.8
,"Census Region 4: West","CENS-R4","2017","2017","84 years","84",14644,216905,6751.3
,"Census Region 4: West","CENS-R4","2017","2017","85 years","85",15172,Not Applicable,Not Applicable
,"Census Region 4: West","CENS-R4","2017","2017","86 years","86",15728,Not Applicable,Not Applicable
,"Census Region 4: West","CENS-R4","2017","2017","87 years","87",15883,Not Applicable,Not Applicable
,"Census Region 4: West","CENS-R4","2017","2017","88 years","88",15775,Not Applicable,Not Applicable
,"Census Region 4: West","CENS-R4","2017","2017","89 years","89",15393,Not Applicable,Not Applicable
,"Census Region 4: West","CENS-R4","2017","2017","90 years","90",15343,Not Applicable,Not Applicable
,"Census Region 4: West","CENS-R4","2017","2017","91 years","91",14517,Not Applicable,Not Applicable
,"Census Region 4: West","CENS-R4","2017","2017","92 years","92",13906,Not Applicable,Not Applicable
,"Census Region 4: West","CENS-R4","2017","2017","93 years","93",12502,Not Applicable,Not Applicable
,"Census Region 4: West","CENS-R4","2017","2017","94 years","94",10830,Not Applicable,Not Applicable
,"Census Region 4: West","CENS-R4","2017","2017","95 years","95",9309,Not Applicable,Not Applicable
,"Census Region 4: West","CENS-R4","2017","2017","96 years","96",7753,Not Applicable,Not Applicable
,"Census Region 4: West","CENS-R4","2017","2017","97 years","97",5908,Not Applicable,Not Applicable
,"Census Region 4: West","CENS-R4","2017","2017","98 years","98",4226,Not Applicable,Not Applicable
,"Census Region 4: West","CENS-R4","2017","2017","99 years","99",3208,Not Applicable,Not Applicable
,"Census Region 4: West","CENS-R4","2018","2018","1 year","1",314,951527,33.0
,"Census Region 4: West","CENS-R4","2018","2018","2 years","2",214,968503,22.1
,"Census Region 4: West","CENS-R4","2018","2018","3 years","3",139,985424,14.1
,"Census Region 4: West","CENS-R4","2018","2018","4 years","4",112,982715,11.4
,"Census Region 4: West","CENS-R4","2018","2018","5 years","5",114,984509,11.6
,"Census Region 4: West","CENS-R4","2018","2018","6 years","6",100,980570,10.2
,"Census Region 4: West","CENS-R4","2018","2018","7 years","7",74,1000485,7.4
,"Census Region 4: West","CENS-R4","2018","2018","8 years","8",96,990745,9.7
,"Census Region 4: West","CENS-R4","2018","2018","9 years","9",91,990533,9.2
,"Census Region 4: West","CENS-R4","2018","2018","10 years","10",97,1024771,9.5
,"Census Region 4: West","CENS-R4","2018","2018","11 years","11",113,1026056,11.0
,"Census Region 4: West","CENS-R4","2018","2018","12 years","12",123,1012445,12.1
,"Census Region 4: West","CENS-R4","2018","2018","13 years","13",160,1006941,15.9
,"Census Region 4: West","CENS-R4","2018","2018","14 years","14",194,1002471,19.4
,"Census Region 4: West","CENS-R4","2018","2018","15 years","15",282,993513,28.4
,"Census Region 4: West","CENS-R4","2018","2018","16 years","16",339,983465,34.5
,"Census Region 4: West","CENS-R4","2018","2018","17 years","17",458,1010362,45.3
,"Census Region 4: West","CENS-R4","2018","2018","18 years","18",623,1022500,60.9
,"Census Region 4: West","CENS-R4","2018","2018","19 years","19",661,983996,67.2
,"Census Region 4: West","CENS-R4","2018","2018","20 years","20",760,992434,76.6
,"Census Region 4: West","CENS-R4","2018","2018","21 years","21",842,1016308,82.8
,"Census Region 4: West","CENS-R4","2018","2018","22 years","22",891,1050208,84.8
,"Census Region 4: West","CENS-R4","2018","2018","23 years","23",915,1096224,83.5
,"Census Region 4: West","CENS-R4","2018","2018","24 years","24",944,1128193,83.7
,"Census Region 4: West","CENS-R4","2018","2018","25 years","25",974,1151324,84.6
,"Census Region 4: West","CENS-R4","2018","2018","26 years","26",1079,1198114,90.1
,"Census Region 4: West","CENS-R4","2018","2018","27 years","27",1282,1239173,103.5
,"Census Region 4: West","CENS-R4","2018","2018","28 years","28",1182,1235831,95.6
,"Census Region 4: West","CENS-R4","2018","2018","29 years","29",1171,1180815,99.2
,"Census Region 4: West","CENS-R4","2018","2018","30 years","30",1213,1150480,105.4
,"Census Region 4: West","CENS-R4","2018","2018","31 years","31",1299,1124288,115.5
,"Census Region 4: West","CENS-R4","2018","2018","32 years","32",1222,1126652,108.5
,"Census Region 4: West","CENS-R4","2018","2018","33 years","33",1332,1131858,117.7
,"Census Region 4: West","CENS-R4","2018","2018","34 years","34",1357,1097982,123.6
,"Census Region 4: West","CENS-R4","2018","2018","35 years","35",1466,1108697,132.2
,"Census Region 4: West","CENS-R4","2018","2018","36 years","36",1529,1102623,138.7
,"Census Region 4: West","CENS-R4","2018","2018","37 years","37",1517,1081185,140.3
,"Census Region 4: West","CENS-R4","2018","2018","38 years","38",1605,1094933,146.6
,"Census Region 4: West","CENS-R4","2018","2018","39 years","39",1625,1018173,159.6
,"Census Region 4: West","CENS-R4","2018","2018","40 years","40",1583,996774,158.8
,"Census Region 4: West","CENS-R4","2018","2018","41 years","41",1642,983938,166.9
,"Census Region 4: West","CENS-R4","2018","2018","42 years","42",1685,956805,176.1
,"Census Region 4: West","CENS-R4","2018","2018","43 years","43",1807,978244,184.7
,"Census Region 4: West","CENS-R4","2018","2018","44 years","44",1916,940294,203.8
,"Census Region 4: West","CENS-R4","2018","2018","45 years","45",2046,939273,217.8
,"Census Region 4: West","CENS-R4","2018","2018","46 years","46",2401,962860,249.4
,"Census Region 4: West","CENS-R4","2018","2018","47 years","47",2632,1010430,260.5
,"Census Region 4: West","CENS-R4","2018","2018","48 years","48",2835,1034328,274.1
,"Census Region 4: West","CENS-R4","2018","2018","49 years","49",3066,975391,314.3
,"Census Region 4: West","CENS-R4","2018","2018","50 years","50",3191,942000,338.7
,"Census Region 4: West","CENS-R4","2018","2018","51 years","51",3503,922977,379.5
,"Census Region 4: West","CENS-R4","2018","2018","52 years","52",3785,927230,408.2
,"Census Region 4: West","CENS-R4","2018","2018","53 years","53",4240,977653,433.7
,"Census Region 4: West","CENS-R4","2018","2018","54 years","54",4797,989199,484.9
,"Census Region 4: West","CENS-R4","2018","2018","55 years","55",5220,990835,526.8
,"Census Region 4: West","CENS-R4","2018","2018","56 years","56",5861,986352,594.2
,"Census Region 4: West","CENS-R4","2018","2018","57 years","57",6268,994122,630.5
,"Census Region 4: West","CENS-R4","2018","2018","58 years","58",6518,1008067,646.6
,"Census Region 4: West","CENS-R4","2018","2018","59 years","59",6978,961985,725.4
,"Census Region 4: West","CENS-R4","2018","2018","60 years","60",7503,954937,785.7
,"Census Region 4: West","CENS-R4","2018","2018","61 years","61",8071,944492,854.5
,"Census Region 4: West","CENS-R4","2018","2018","62 years","62",8334,913928,911.9
,"Census Region 4: West","CENS-R4","2018","2018","63 years","63",8826,909152,970.8
,"Census Region 4: West","CENS-R4","2018","2018","64 years","64",8915,871872,1022.5
,"Census Region 4: West","CENS-R4","2018","2018","65 years","65",9353,840098,1113.3
,"Census Region 4: West","CENS-R4","2018","2018","66 years","66",9730,800562,1215.4
,"Census Region 4: West","CENS-R4","2018","2018","67 years","67",9891,772512,1280.4
,"Census Region 4: West","CENS-R4","2018","2018","68 years","68",10199,760988,1340.2
,"Census Region 4: West","CENS-R4","2018","2018","69 years","69",10757,727728,1478.2
,"Census Region 4: West","CENS-R4","2018","2018","70 years","70",11385,712825,1597.2
,"Census Region 4: West","CENS-R4","2018","2018","71 years","71",12615,731248,1725.1
,"Census Region 4: West","CENS-R4","2018","2018","72 years","72",10504,548147,1916.3
,"Census Region 4: West","CENS-R4","2018","2018","73 years","73",11057,537771,2056.1
,"Census Region 4: West","CENS-R4","2018","2018","74 years","74",11982,511982,2340.3
,"Census Region 4: West","CENS-R4","2018","2018","75 years","75",12991,505838,2568.2
,"Census Region 4: West","CENS-R4","2018","2018","76 years","76",12172,436718,2787.2
,"Census Region 4: West","CENS-R4","2018","2018","77 years","77",12199,395142,3087.2
,"Census Region 4: West","CENS-R4","2018","2018","78 years","78",12498,370718,3371.3
,"Census Region 4: West","CENS-R4","2018","2018","79 years","79",13063,340293,3838.8
,"Census Region 4: West","CENS-R4","2018","2018","80 years","80",13463,317706,4237.6
,"Census Region 4: West","CENS-R4","2018","2018","81 years","81",13538,287611,4707.1
,"Census Region 4: West","CENS-R4","2018","2018","82 years","82",13934,265519,5247.8
,"Census Region 4: West","CENS-R4","2018","2018","83 years","83",14478,247080,5859.6
,"Census Region 4: West","CENS-R4","2018","2018","84 years","84",14577,216693,6727.0
,"Census Region 4: West","CENS-R4","2018","2018","85 years","85",14802,Not Applicable,Not Applicable
,"Census Region 4: West","CENS-R4","2018","2018","86 years","86",15349,Not Applicable,Not Applicable
,"Census Region 4: West","CENS-R4","2018","2018","87 years","87",15506,Not Applicable,Not Applicable
,"Census Region 4: West","CENS-R4","2018","2018","88 years","88",15929,Not Applicable,Not Applicable
,"Census Region 4: West","CENS-R4","2018","2018","89 years","89",15247,Not Applicable,Not Applicable
,"Census Region 4: West","CENS-R4","2018","2018","90 years","90",15077,Not Applicable,Not Applicable
,"Census Region 4: West","CENS-R4","2018","2018","91 years","91",14197,Not Applicable,Not Applicable
,"Census Region 4: West","CENS-R4","2018","2018","92 years","92",13211,Not Applicable,Not Applicable
,"Census Region 4: West","CENS-R4","2018","2018","93 years","93",12356,Not Applicable,Not Applicable
,"Census Region 4: West","CENS-R4","2018","2018","94 years","94",10777,Not Applicable,Not Applicable
,"Census Region 4: West","CENS-R4","2018","2018","95 years","95",9336,Not Applicable,Not Applicable
,"Census Region 4: West","CENS-R4","2018","2018","96 years","96",7843,Not Applicable,Not Applicable
,"Census Region 4: West","CENS-R4","2018","2018","97 years","97",6190,Not Applicable,Not Applicable
,"Census Region 4: West","CENS-R4","2018","2018","98 years","98",4625,Not Applicable,Not Applicable
,"Census Region 4: West","CENS-R4","2018","2018","99 years","99",3117,Not Applicable,Not Applicable
,"Census Region 4: West","CENS-R4","2019","2019","1 year","1",294,917455,32.0
,"Census Region 4: West","CENS-R4","2019","2019","2 years","2",178,947318,18.8
,"Census Region 4: West","CENS-R4","2019","2019","3 years","3",141,968145,14.6
,"Census Region 4: West","CENS-R4","2019","2019","4 years","4",96,985142,9.7
,"Census Region 4: West","CENS-R4","2019","2019","5 years","5",125,982305,12.7
,"Census Region 4: West","CENS-R4","2019","2019","6 years","6",102,984202,10.4
,"Census Region 4: West","CENS-R4","2019","2019","7 years","7",92,980349,9.4
,"Census Region 4: West","CENS-R4","2019","2019","8 years","8",93,1000464,9.3
,"Census Region 4: West","CENS-R4","2019","2019","9 years","9",92,990834,9.3
,"Census Region 4: West","CENS-R4","2019","2019","10 years","10",108,989958,10.9
,"Census Region 4: West","CENS-R4","2019","2019","11 years","11",107,1023932,10.4
,"Census Region 4: West","CENS-R4","2019","2019","12 years","12",123,1025402,12.0
,"Census Region 4: West","CENS-R4","2019","2019","13 years","13",160,1012367,15.8
,"Census Region 4: West","CENS-R4","2019","2019","14 years","14",197,1006918,19.6
,"Census Region 4: West","CENS-R4","2019","2019","15 years","15",247,1003301,24.6
,"Census Region 4: West","CENS-R4","2019","2019","16 years","16",356,995043,35.8
,"Census Region 4: West","CENS-R4","2019","2019","17 years","17",418,986037,42.4
,"Census Region 4: West","CENS-R4","2019","2019","18 years","18",618,1010219,61.2
,"Census Region 4: West","CENS-R4","2019","2019","19 years","19",682,999779,68.2
,"Census Region 4: West","CENS-R4","2019","2019","20 years","20",762,990863,76.9
,"Census Region 4: West","CENS-R4","2019","2019","21 years","21",847,1006960,84.1
,"Census Region 4: West","CENS-R4","2019","2019","22 years","22",873,1038606,84.1
,"Census Region 4: West","CENS-R4","2019","2019","23 years","23",871,1074227,81.1
,"Census Region 4: West","CENS-R4","2019","2019","24 years","24",978,1108863,88.2
,"Census Region 4: West","CENS-R4","2019","2019","25 years","25",1062,1140097,93.1
,"Census Region 4: West","CENS-R4","2019","2019","26 years","26",1100,1161606,94.7
,"Census Region 4: West","CENS-R4","2019","2019","27 years","27",1146,1207489,94.9
,"Census Region 4: West","CENS-R4","2019","2019","28 years","28",1231,1247351,98.7
,"Census Region 4: West","CENS-R4","2019","2019","29 years","29",1298,1242618,104.5
,"Census Region 4: West","CENS-R4","2019","2019","30 years","30",1293,1186344,109.0
,"Census Region 4: West","CENS-R4","2019","2019","31 years","31",1335,1154028,115.7
,"Census Region 4: West","CENS-R4","2019","2019","32 years","32",1313,1127213,116.5
,"Census Region 4: West","CENS-R4","2019","2019","33 years","33",1393,1128692,123.4
,"Census Region 4: West","CENS-R4","2019","2019","34 years","34",1459,1132221,128.9
,"Census Region 4: West","CENS-R4","2019","2019","35 years","35",1499,1098877,136.4
,"Census Region 4: West","CENS-R4","2019","2019","36 years","36",1549,1107621,139.8
,"Census Region 4: West","CENS-R4","2019","2019","37 years","37",1605,1100925,145.8
,"Census Region 4: West","CENS-R4","2019","2019","38 years","38",1712,1079364,158.6
,"Census Region 4: West","CENS-R4","2019","2019","39 years","39",1742,1091893,159.5
,"Census Region 4: West","CENS-R4","2019","2019","40 years","40",1815,1015684,178.7
,"Census Region 4: West","CENS-R4","2019","2019","41 years","41",1704,991440,171.9
,"Census Region 4: West","CENS-R4","2019","2019","42 years","42",1849,979418,188.8
,"Census Region 4: West","CENS-R4","2019","2019","43 years","43",1872,951731,196.7
,"Census Region 4: West","CENS-R4","2019","2019","44 years","44",1927,973722,197.9
,"Census Region 4: West","CENS-R4","2019","2019","45 years","45",2085,935819,222.8
,"Census Region 4: West","CENS-R4","2019","2019","46 years","46",2206,933314,236.4
,"Census Region 4: West","CENS-R4","2019","2019","47 years","47",2497,956666,261.0
,"Census Region 4: West","CENS-R4","2019","2019","48 years","48",2960,1004398,294.7
,"Census Region 4: West","CENS-R4","2019","2019","49 years","49",3185,1027779,309.9
,"Census Region 4: West","CENS-R4","2019","2019","50 years","50",3314,969054,342.0
,"Census Region 4: West","CENS-R4","2019","2019","51 years","51",3409,933970,365.0
,"Census Region 4: West","CENS-R4","2019","2019","52 years","52",3758,915902,410.3
,"Census Region 4: West","CENS-R4","2019","2019","53 years","53",3950,919606,429.5
,"Census Region 4: West","CENS-R4","2019","2019","54 years","54",4656,969991,480.0
,"Census Region 4: West","CENS-R4","2019","2019","55 years","55",5197,981814,529.3
,"Census Region 4: West","CENS-R4","2019","2019","56 years","56",5660,981883,576.4
,"Census Region 4: West","CENS-R4","2019","2019","57 years","57",6191,977730,633.2
,"Census Region 4: West","CENS-R4","2019","2019","58 years","58",6624,985076,672.4
,"Census Region 4: West","CENS-R4","2019","2019","59 years","59",7006,999056,701.3
,"Census Region 4: West","CENS-R4","2019","2019","60 years","60",7448,952775,781.7
,"Census Region 4: West","CENS-R4","2019","2019","61 years","61",8001,944619,847.0
,"Census Region 4: West","CENS-R4","2019","2019","62 years","62",8534,934216,913.5
,"Census Region 4: West","CENS-R4","2019","2019","63 years","63",8726,903192,966.1
,"Census Region 4: West","CENS-R4","2019","2019","64 years","64",9370,897768,1043.7
,"Census Region 4: West","CENS-R4","2019","2019","65 years","65",9546,860400,1109.5
,"Census Region 4: West","CENS-R4","2019","2019","66 years","66",9807,829141,1182.8
,"Census Region 4: West","CENS-R4","2019","2019","67 years","67",9879,789439,1251.4
,"Census Region 4: West","CENS-R4","2019","2019","68 years","68",10090,761486,1325.0
,"Census Region 4: West","CENS-R4","2019","2019","69 years","69",10642,748971,1420.9
,"Census Region 4: West","CENS-R4","2019","2019","70 years","70",11327,715435,1583.2
,"Census Region 4: West","CENS-R4","2019","2019","71 years","71",12177,699793,1740.1
,"Census Region 4: West","CENS-R4","2019","2019","72 years","72",13384,717010,1866.6
,"Census Region 4: West","CENS-R4","2019","2019","73 years","73",11396,535983,2126.2
,"Census Region 4: West","CENS-R4","2019","2019","74 years","74",11613,524755,2213.0
,"Census Region 4: West","CENS-R4","2019","2019","75 years","75",12666,498851,2539.0
,"Census Region 4: West","CENS-R4","2019","2019","76 years","76",13474,491025,2744.1
,"Census Region 4: West","CENS-R4","2019","2019","77 years","77",13079,423091,3091.3
,"Census Region 4: West","CENS-R4","2019","2019","78 years","78",12925,381635,3386.7
,"Census Region 4: West","CENS-R4","2019","2019","79 years","79",13155,356778,3687.2
,"Census Region 4: West","CENS-R4","2019","2019","80 years","80",13660,326675,4181.5
,"Census Region 4: West","CENS-R4","2019","2019","81 years","81",14079,302799,4649.6
,"Census Region 4: West","CENS-R4","2019","2019","82 years","82",14309,273390,5233.9
,"Census Region 4: West","CENS-R4","2019","2019","83 years","83",14611,250530,5832.0
,"Census Region 4: West","CENS-R4","2019","2019","84 years","84",15081,231660,6510.0
,"Census Region 4: West","CENS-R4","2019","2019","85 years","85",14719,Not Applicable,Not Applicable
,"Census Region 4: West","CENS-R4","2019","2019","86 years","86",15015,Not Applicable,Not Applicable
,"Census Region 4: West","CENS-R4","2019","2019","87 years","87",15453,Not Applicable,Not Applicable
,"Census Region 4: West","CENS-R4","2019","2019","88 years","88",15748,Not Applicable,Not Applicable
,"Census Region 4: West","CENS-R4","2019","2019","89 years","89",15692,Not Applicable,Not Applicable
,"Census Region 4: West","CENS-R4","2019","2019","90 years","90",14793,Not Applicable,Not Applicable
,"Census Region 4: West","CENS-R4","2019","2019","91 years","91",14403,Not Applicable,Not Applicable
,"Census Region 4: West","CENS-R4","2019","2019","92 years","92",13324,Not Applicable,Not Applicable
,"Census Region 4: West","CENS-R4","2019","2019","93 years","93",12141,Not Applicable,Not Applicable
,"Census Region 4: West","CENS-R4","2019","2019","94 years","94",10968,Not Applicable,Not Applicable
,"Census Region 4: West","CENS-R4","2019","2019","95 years","95",9437,Not Applicable,Not Applicable
,"Census Region 4: West","CENS-R4","2019","2019","96 years","96",7785,Not Applicable,Not Applicable
,"Census Region 4: West","CENS-R4","2019","2019","97 years","97",6316,Not Applicable,Not Applicable
,"Census Region 4: West","CENS-R4","2019","2019","98 years","98",4906,Not Applicable,Not Applicable
,"Census Region 4: West","CENS-R4","2019","2019","99 years","99",3336,Not Applicable,Not Applicable
,"Census Region 4: West","CENS-R4","2020","2020","1 year","1",265,896696,29.6
,"Census Region 4: West","CENS-R4","2020","2020","2 years","2",166,912625,18.2
,"Census Region 4: West","CENS-R4","2020","2020","3 years","3",152,947794,16.0
,"Census Region 4: West","CENS-R4","2020","2020","4 years","4",103,969318,10.6
,"Census Region 4: West","CENS-R4","2020","2020","5 years","5",103,985753,10.4
,"Census Region 4: West","CENS-R4","2020","2020","6 years","6",91,982951,9.3
,"Census Region 4: West","CENS-R4","2020","2020","7 years","7",82,985164,8.3
,"Census Region 4: West","CENS-R4","2020","2020","8 years","8",83,981577,8.5
,"Census Region 4: West","CENS-R4","2020","2020","9 years","9",80,1001245,8.0
,"Census Region 4: West","CENS-R4","2020","2020","10 years","10",106,990386,10.7
,"Census Region 4: West","CENS-R4","2020","2020","11 years","11",126,989835,12.7
,"Census Region 4: West","CENS-R4","2020","2020","12 years","12",150,1023335,14.7
,"Census Region 4: West","CENS-R4","2020","2020","13 years","13",186,1024959,18.1
,"Census Region 4: West","CENS-R4","2020","2020","14 years","14",235,1012170,23.2
,"Census Region 4: West","CENS-R4","2020","2020","15 years","15",338,1007093,33.6
,"Census Region 4: West","CENS-R4","2020","2020","16 years","16",453,1003853,45.1
,"Census Region 4: West","CENS-R4","2020","2020","17 years","17",529,996479,53.1
,"Census Region 4: West","CENS-R4","2020","2020","18 years","18",737,986577,74.7
,"Census Region 4: West","CENS-R4","2020","2020","19 years","19",892,989163,90.2
,"Census Region 4: West","CENS-R4","2020","2020","20 years","20",925,1007452,91.8
,"Census Region 4: West","CENS-R4","2020","2020","21 years","21",1013,1006577,100.6
,"Census Region 4: West","CENS-R4","2020","2020","22 years","22",1088,1029613,105.7
,"Census Region 4: West","CENS-R4","2020","2020","23 years","23",1161,1063185,109.2
,"Census Region 4: West","CENS-R4","2020","2020","24 years","24",1190,1087241,109.5
,"Census Region 4: West","CENS-R4","2020","2020","25 years","25",1256,1120697,112.1
,"Census Region 4: West","CENS-R4","2020","2020","26 years","26",1303,1150433,113.3
,"Census Region 4: West","CENS-R4","2020","2020","27 years","27",1413,1171348,120.6
,"Census Region 4: West","CENS-R4","2020","2020","28 years","28",1570,1216681,129.0
,"Census Region 4: West","CENS-R4","2020","2020","29 years","29",1685,1253522,134.4
,"Census Region 4: West","CENS-R4","2020","2020","30 years","30",1806,1248594,144.6
,"Census Region 4: West","CENS-R4","2020","2020","31 years","31",1741,1189152,146.4
,"Census Region 4: West","CENS-R4","2020","2020","32 years","32",1739,1157907,150.2
,"Census Region 4: West","CENS-R4","2020","2020","33 years","33",1797,1129542,159.1
,"Census Region 4: West","CENS-R4","2020","2020","34 years","34",1822,1129475,161.3
,"Census Region 4: West","CENS-R4","2020","2020","35 years","35",1845,1133036,162.8
,"Census Region 4: West","CENS-R4","2020","2020","36 years","36",1964,1097755,178.9
,"Census Region 4: West","CENS-R4","2020","2020","37 years","37",2095,1105986,189.4
,"Census Region 4: West","CENS-R4","2020","2020","38 years","38",2045,1099888,185.9
,"Census Region 4: West","CENS-R4","2020","2020","39 years","39",2326,1077460,215.9
,"Census Region 4: West","CENS-R4","2020","2020","40 years","40",2299,1089788,211.0
,"Census Region 4: West","CENS-R4","2020","2020","41 years","41",2296,1011241,227.0
,"Census Region 4: West","CENS-R4","2020","2020","42 years","42",2303,987537,233.2
,"Census Region 4: West","CENS-R4","2020","2020","43 years","43",2412,975358,247.3
,"Census Region 4: West","CENS-R4","2020","2020","44 years","44",2501,948241,263.8
,"Census Region 4: West","CENS-R4","2020","2020","45 years","45",2659,969817,274.2
,"Census Region 4: West","CENS-R4","2020","2020","46 years","46",2809,931035,301.7
,"Census Region 4: West","CENS-R4","2020","2020","47 years","47",3036,928106,327.1
,"Census Region 4: West","CENS-R4","2020","2020","48 years","48",3435,951118,361.2
,"Census Region 4: West","CENS-R4","2020","2020","49 years","49",3731,998224,373.8
,"Census Region 4: West","CENS-R4","2020","2020","50 years","50",4155,1021835,406.6
,"Census Region 4: West","CENS-R4","2020","2020","51 years","51",4268,961587,443.8
,"Census Region 4: West","CENS-R4","2020","2020","52 years","52",4570,926994,493.0
,"Census Region 4: West","CENS-R4","2020","2020","53 years","53",4890,909034,537.9
,"Census Region 4: West","CENS-R4","2020","2020","54 years","54",5372,912366,588.8
,"Census Region 4: West","CENS-R4","2020","2020","55 years","55",5983,962804,621.4
,"Census Region 4: West","CENS-R4","2020","2020","56 years","56",6652,972855,683.8
,"Census Region 4: West","CENS-R4","2020","2020","57 years","57",7238,972728,744.1
,"Census Region 4: West","CENS-R4","2020","2020","58 years","58",7672,968406,792.2
,"Census Region 4: West","CENS-R4","2020","2020","59 years","59",8362,975206,857.5
,"Census Region 4: West","CENS-R4","2020","2020","60 years","60",9003,989385,910.0
,"Census Region 4: West","CENS-R4","2020","2020","61 years","61",9456,941622,1004.2
,"Census Region 4: West","CENS-R4","2020","2020","62 years","62",9840,933923,1053.6
,"Census Region 4: West","CENS-R4","2020","2020","63 years","63",10592,922342,1148.4
,"Census Region 4: West","CENS-R4","2020","2020","64 years","64",10976,891076,1231.8
,"Census Region 4: West","CENS-R4","2020","2020","65 years","65",11516,885530,1300.5
,"Census Region 4: West","CENS-R4","2020","2020","66 years","66",11726,847766,1383.2
,"Census Region 4: West","CENS-R4","2020","2020","67 years","67",12141,815162,1489.4
,"Census Region 4: West","CENS-R4","2020","2020","68 years","68",12245,775120,1579.8
,"Census Region 4: West","CENS-R4","2020","2020","69 years","69",12674,747066,1696.5
,"Census Region 4: West","CENS-R4","2020","2020","70 years","70",13297,734301,1810.8
,"Census Region 4: West","CENS-R4","2020","2020","71 years","71",13813,700831,1970.9
,"Census Region 4: West","CENS-R4","2020","2020","72 years","72",14841,684720,2167.5
,"Census Region 4: West","CENS-R4","2020","2020","73 years","73",16187,700282,2311.5
,"Census Region 4: West","CENS-R4","2020","2020","74 years","74",13897,522196,2661.3
,"Census Region 4: West","CENS-R4","2020","2020","75 years","75",14436,511220,2823.8
,"Census Region 4: West","CENS-R4","2020","2020","76 years","76",15365,483938,3175.0
,"Census Region 4: West","CENS-R4","2020","2020","77 years","77",16349,474692,3444.1
,"Census Region 4: West","CENS-R4","2020","2020","78 years","78",15796,407819,3873.3
,"Census Region 4: West","CENS-R4","2020","2020","79 years","79",15545,366400,4242.6
,"Census Region 4: West","CENS-R4","2020","2020","80 years","80",15983,341538,4679.7
,"Census Region 4: West","CENS-R4","2020","2020","81 years","81",16168,310403,5208.7
,"Census Region 4: West","CENS-R4","2020","2020","82 years","82",16808,286477,5867.1
,"Census Region 4: West","CENS-R4","2020","2020","83 years","83",17048,256952,6634.7
,"Census Region 4: West","CENS-R4","2020","2020","84 years","84",17035,234095,7277.0
,"Census Region 4: West","CENS-R4","2020","2020","85 years","85",17571,Not Applicable,Not Applicable
,"Census Region 4: West","CENS-R4","2020","2020","86 years","86",17203,Not Applicable,Not Applicable
,"Census Region 4: West","CENS-R4","2020","2020","87 years","87",17392,Not Applicable,Not Applicable
,"Census Region 4: West","CENS-R4","2020","2020","88 years","88",17361,Not Applicable,Not Applicable
,"Census Region 4: West","CENS-R4","2020","2020","89 years","89",17399,Not Applicable,Not Applicable
,"Census Region 4: West","CENS-R4","2020","2020","90 years","90",17026,Not Applicable,Not Applicable
,"Census Region 4: West","CENS-R4","2020","2020","91 years","91",15660,Not Applicable,Not Applicable
,"Census Region 4: West","CENS-R4","2020","2020","92 years","92",14726,Not Applicable,Not Applicable
,"Census Region 4: West","CENS-R4","2020","2020","93 years","93",13497,Not Applicable,Not Applicable
,"Census Region 4: West","CENS-R4","2020","2020","94 years","94",11876,Not Applicable,Not Applicable
,"Census Region 4: West","CENS-R4","2020","2020","95 years","95",10478,Not Applicable,Not Applicable
,"Census Region 4: West","CENS-R4","2020","2020","96 years","96",8823,Not Applicable,Not Applicable
,"Census Region 4: West","CENS-R4","2020","2020","97 years","97",7067,Not Applicable,Not Applicable
,"Census Region 4: West","CENS-R4","2020","2020","98 years","98",5524,Not Applicable,Not Applicable
,"Census Region 4: West","CENS-R4","2020","2020","99 years","99",4066,Not Applicable,Not Applicable
"---"
"Dataset: Multiple Cause of Death, 1999-2020"
"Query Parameters:"
"Single-Year Ages: 1 year; 2 years; 3 years; 4 years; 5 years; 6 years; 7 years; 8 years; 9 years; 10 years; 11 years; 12 years;"
"13 years; 14 years; 15 years; 16 years; 17 years; 18 years; 19 years; 20 years; 21 years; 22 years; 23 years; 24 years; 25"
"years; 26 years; 27 years; 28 years; 29 years; 30 years; 31 years; 32 years; 33 years; 34 years; 35 years; 36 years; 37 years;"
"38 years; 39 years; 40 years; 41 years; 42 years; 43 years; 44 years; 45 years; 46 years; 47 years; 48 years; 49 years; 50"
"years; 51 years; 52 years; 53 years; 54 years; 55 years; 56 years; 57 years; 58 years; 59 years; 60 years; 61 years; 62 years;"
"63 years; 64 years; 65 years; 66 years; 67 years; 68 years; 69 years; 70 years; 71 years; 72 years; 73 years; 74 years; 75"
"years; 76 years; 77 years; 78 years; 79 years; 80 years; 81 years; 82 years; 83 years; 84 years; 85 years; 86 years; 87 years;"
"88 years; 89 years; 90 years; 91 years; 92 years; 93 years; 94 years; 95 years; 96 years; 97 years; 98 years; 99 years"
"Group By: Census Region; Year; Single-Year Ages"
"Show Totals: False"
"Show Zero Values: True"
"Show Suppressed: True"
"Calculate Rates Per: 100,000"
"Rate Options: Default intercensal populations for years 2001-2009 (except Infant Age Groups)"
"---"
"Help: See http://wonder.cdc.gov/wonder/help/mcd.html for more information."
"---"
"Query Date: Feb 23, 2026 6:53:47 AM"
"---"
"Suggested Citation: Centers for Disease Control and Prevention, National Center for Health Statistics. National Vital Statistics"
"System, Mortality 1999-2020 on CDC WONDER Online Database, released in 2021. Data are from the Multiple Cause of Death Files,"
"1999-2020, as compiled from data provided by the 57 vital statistics jurisdictions through the Vital Statistics Cooperative"
"Program. Accessed at http://wonder.cdc.gov/mcd-icd10.html on Feb 23, 2026 6:53:47 AM"
"---"
Caveats:
"1. Population and rates are labeled 'Not Applicable' when they include a subset of ages 85-100+ because populations are not"
"available for those ages. More information: http://wonder.cdc.gov/wonder/help/mcd.html#Ages 85-100."
"2. As of April 3, 2017, the underlying cause of death has been revised for 125 deaths in 2014. More information:"
"http://wonder.cdc.gov/wonder/help/mcd.html#2014-Revision."
"3. Deaths of persons with Age ""Not Stated"" are included in ""All"" counts and rates, but are not distributed among age groups,"
"so are not included in age-specific counts, age-specific rates or in any age-adjusted rates. More information:"
"http://wonder.cdc.gov/wonder/help/mcd.html#Not Stated."
"4. The population figures for year 2020 are bridged-race estimates of the July 1 resident population, from the Vintage 2020"
"postcensal series released by NCHS on September 22, 2021. The population figures for year 2019 are bridged-race estimates of the"
"July 1 resident population, from the Vintage 2019 postcensal series released by NCHS on July 9, 2020. The population figures for"
"year 2018 are bridged-race estimates of the July 1 resident population, from the Vintage 2018 postcensal series released by NCHS"
"on June 25, 2019. The population figures for year 2017 are bridged-race estimates of the July 1 resident population, from the"
"Vintage 2017 postcensal series released by NCHS on June 27, 2018. The population figures for year 2016 are bridged-race"
"estimates of the July 1 resident population, from the Vintage 2016 postcensal series released by NCHS on June 26, 2017. The"
"population figures for year 2015 are bridged-race estimates of the July 1 resident population, from the Vintage 2015 postcensal"
"series released by NCHS on June 28, 2016. The population figures for year 2014 are bridged-race estimates of the July 1 resident"
"population, from the Vintage 2014 postcensal series released by NCHS on June 30, 2015. The population figures for year 2013 are"
"bridged-race estimates of the July 1 resident population, from the Vintage 2013 postcensal series released by NCHS on June 26,"
"2014. The population figures for year 2012 are bridged-race estimates of the July 1 resident population, from the Vintage 2012"
"postcensal series released by NCHS on June 13, 2013. Population figures for 2011 are bridged-race estimates of the July 1"
"resident population, from the county-level postcensal Vintage 2011 series released by NCHS on July 18, 2012. Population figures"
"for 2010 are April 1 Census counts. The population figures for years 2001 - 2009, are bridged-race estimates of the July 1"
"resident population, from the revised intercensal county-level 2000 - 2009 series released by NCHS on October 26, 2012."
"Population figures for 2000 are April 1 Census counts. Population figures for 1999 are from the 1990-1999 intercensal series of"
"July 1 estimates. Population figures for Infant Age Groups are the number of live births. <br/><b>Note:</b> Rates and population"
"figures for years 2001 - 2009 differ slightly from previously published reports, due to use of the population estimates which"
"were available at the time of release."