"Region","Sex","Age_Group","Age","Year","Month","Deaths","Population","Total_Population"
"Northeast","Female","15-19",15,2005,1,1,1895949,54598185
"Northeast","Female","15-19",15,2005,2,2,1895949,54598185
"Northeast","Female","15-19",15,2005,3,2,1895949,54598185
"Northeast","Female","15-19",15,2005,4,7,1895949,54598185
"Northeast","Female","15-19",15,2005,5,2,1895949,54598185
"Northeast","Female","15-19",15,2005,6,5,1895949,54598185
"Northeast","Female","15-19",15,2005,7,3,1895949,54598185
"Northeast","Female","15-19",15,2005,8,4,1895949,54598185
"Northeast","Female","15-19",15,2005,9,5,1895949,54598185
"Northeast","Female","15-19",15,2005,10,2,1895949,54598185
"Northeast","Female","15-19",15,2005,11,5,1895949,54598185
"Northeast","Female","15-19",15,2005,12,4,1895949,54598185
"Northeast","Female","20-24",20,2005,1,13,1758828,54598185
"Northeast","Female","20-24",20,2005,2,8,1758828,54598185
"Northeast","Female","20-24",20,2005,3,9,1758828,54598185
"Northeast","Female","20-24",20,2005,4,10,1758828,54598185
"Northeast","Female","20-24",20,2005,5,11,1758828,54598185
"Northeast","Female","20-24",20,2005,6,11,1758828,54598185
"Northeast","Female","20-24",20,2005,7,15,1758828,54598185
"Northeast","Female","20-24",20,2005,8,2,1758828,54598185
"Northeast","Female","20-24",20,2005,9,9,1758828,54598185
"Northeast","Female","20-24",20,2005,10,12,1758828,54598185
"Northeast","Female","20-24",20,2005,11,11,1758828,54598185
"Northeast","Female","20-24",20,2005,12,7,1758828,54598185
"Northeast","Female","25-29",25,2005,1,6,1721581,54598185
"Northeast","Female","25-29",25,2005,2,8,1721581,54598185
"Northeast","Female","25-29",25,2005,3,11,1721581,54598185
"Northeast","Female","25-29",25,2005,4,6,1721581,54598185
"Northeast","Female","25-29",25,2005,5,17,1721581,54598185
"Northeast","Female","25-29",25,2005,6,7,1721581,54598185
"Northeast","Female","25-29",25,2005,7,6,1721581,54598185
"Northeast","Female","25-29",25,2005,8,12,1721581,54598185
"Northeast","Female","25-29",25,2005,9,3,1721581,54598185
"Northeast","Female","25-29",25,2005,10,12,1721581,54598185
"Northeast","Female","25-29",25,2005,11,11,1721581,54598185
"Northeast","Female","25-29",25,2005,12,8,1721581,54598185
"Northeast","Female","30-34",30,2005,1,11,1760362,54598185
"Northeast","Female","30-34",30,2005,2,12,1760362,54598185
"Northeast","Female","30-34",30,2005,3,15,1760362,54598185
"Northeast","Female","30-34",30,2005,4,12,1760362,54598185
"Northeast","Female","30-34",30,2005,5,12,1760362,54598185
"Northeast","Female","30-34",30,2005,6,15,1760362,54598185
"Northeast","Female","30-34",30,2005,7,14,1760362,54598185
"Northeast","Female","30-34",30,2005,8,11,1760362,54598185
"Northeast","Female","30-34",30,2005,9,9,1760362,54598185
"Northeast","Female","30-34",30,2005,10,11,1760362,54598185
"Northeast","Female","30-34",30,2005,11,6,1760362,54598185
"Northeast","Female","30-34",30,2005,12,12,1760362,54598185
"Northeast","Female","35-39",35,2005,1,20,2000330,54598185
"Northeast","Female","35-39",35,2005,2,18,2000330,54598185
"Northeast","Female","35-39",35,2005,3,23,2000330,54598185
"Northeast","Female","35-39",35,2005,4,16,2000330,54598185
"Northeast","Female","35-39",35,2005,5,19,2000330,54598185
"Northeast","Female","35-39",35,2005,6,21,2000330,54598185
"Northeast","Female","35-39",35,2005,7,19,2000330,54598185
"Northeast","Female","35-39",35,2005,8,18,2000330,54598185
"Northeast","Female","35-39",35,2005,9,22,2000330,54598185
"Northeast","Female","35-39",35,2005,10,22,2000330,54598185
"Northeast","Female","35-39",35,2005,11,18,2000330,54598185
"Northeast","Female","35-39",35,2005,12,15,2000330,54598185
"Northeast","Female","40-44",40,2005,1,22,2211862,54598185
"Northeast","Female","40-44",40,2005,2,32,2211862,54598185
"Northeast","Female","40-44",40,2005,3,34,2211862,54598185
"Northeast","Female","40-44",40,2005,4,22,2211862,54598185
"Northeast","Female","40-44",40,2005,5,23,2211862,54598185
"Northeast","Female","40-44",40,2005,6,20,2211862,54598185
"Northeast","Female","40-44",40,2005,7,36,2211862,54598185
"Northeast","Female","40-44",40,2005,8,27,2211862,54598185
"Northeast","Female","40-44",40,2005,9,22,2211862,54598185
"Northeast","Female","40-44",40,2005,10,29,2211862,54598185
"Northeast","Female","40-44",40,2005,11,23,2211862,54598185
"Northeast","Female","40-44",40,2005,12,18,2211862,54598185
"Northeast","Female","45-49",45,2005,1,24,2193903,54598185
"Northeast","Female","45-49",45,2005,2,25,2193903,54598185
"Northeast","Female","45-49",45,2005,3,22,2193903,54598185
"Northeast","Female","45-49",45,2005,4,22,2193903,54598185
"Northeast","Female","45-49",45,2005,5,28,2193903,54598185
"Northeast","Female","45-49",45,2005,6,30,2193903,54598185
"Northeast","Female","45-49",45,2005,7,24,2193903,54598185
"Northeast","Female","45-49",45,2005,8,25,2193903,54598185
"Northeast","Female","45-49",45,2005,9,26,2193903,54598185
"Northeast","Female","45-49",45,2005,10,24,2193903,54598185
"Northeast","Female","45-49",45,2005,11,17,2193903,54598185
"Northeast","Female","45-49",45,2005,12,32,2193903,54598185
"Northeast","Female","50-54",50,2005,1,16,1960801,54598185
"Northeast","Female","50-54",50,2005,2,18,1960801,54598185
"Northeast","Female","50-54",50,2005,3,21,1960801,54598185
"Northeast","Female","50-54",50,2005,4,12,1960801,54598185
"Northeast","Female","50-54",50,2005,5,20,1960801,54598185
"Northeast","Female","50-54",50,2005,6,13,1960801,54598185
"Northeast","Female","50-54",50,2005,7,12,1960801,54598185
"Northeast","Female","50-54",50,2005,8,21,1960801,54598185
"Northeast","Female","50-54",50,2005,9,19,1960801,54598185
"Northeast","Female","50-54",50,2005,10,14,1960801,54598185
"Northeast","Female","50-54",50,2005,11,30,1960801,54598185
"Northeast","Female","50-54",50,2005,12,17,1960801,54598185
"Northeast","Male","15-19",15,2005,1,7,1990394,54598185
"Northeast","Male","15-19",15,2005,2,9,1990394,54598185
"Northeast","Male","15-19",15,2005,3,7,1990394,54598185
"Northeast","Male","15-19",15,2005,4,7,1990394,54598185
"Northeast","Male","15-19",15,2005,5,7,1990394,54598185
"Northeast","Male","15-19",15,2005,6,7,1990394,54598185
"Northeast","Male","15-19",15,2005,7,3,1990394,54598185
"Northeast","Male","15-19",15,2005,8,13,1990394,54598185
"Northeast","Male","15-19",15,2005,9,4,1990394,54598185
"Northeast","Male","15-19",15,2005,10,10,1990394,54598185
"Northeast","Male","15-19",15,2005,11,6,1990394,54598185
"Northeast","Male","15-19",15,2005,12,8,1990394,54598185
"Northeast","Male","20-24",20,2005,1,30,1813981,54598185
"Northeast","Male","20-24",20,2005,2,28,1813981,54598185
"Northeast","Male","20-24",20,2005,3,19,1813981,54598185
"Northeast","Male","20-24",20,2005,4,24,1813981,54598185
"Northeast","Male","20-24",20,2005,5,22,1813981,54598185
"Northeast","Male","20-24",20,2005,6,28,1813981,54598185
"Northeast","Male","20-24",20,2005,7,28,1813981,54598185
"Northeast","Male","20-24",20,2005,8,28,1813981,54598185
"Northeast","Male","20-24",20,2005,9,24,1813981,54598185
"Northeast","Male","20-24",20,2005,10,23,1813981,54598185
"Northeast","Male","20-24",20,2005,11,37,1813981,54598185
"Northeast","Male","20-24",20,2005,12,23,1813981,54598185
"Northeast","Male","25-29",25,2005,1,25,1699081,54598185
"Northeast","Male","25-29",25,2005,2,17,1699081,54598185
"Northeast","Male","25-29",25,2005,3,36,1699081,54598185
"Northeast","Male","25-29",25,2005,4,28,1699081,54598185
"Northeast","Male","25-29",25,2005,5,23,1699081,54598185
"Northeast","Male","25-29",25,2005,6,23,1699081,54598185
"Northeast","Male","25-29",25,2005,7,32,1699081,54598185
"Northeast","Male","25-29",25,2005,8,27,1699081,54598185
"Northeast","Male","25-29",25,2005,9,27,1699081,54598185
"Northeast","Male","25-29",25,2005,10,34,1699081,54598185
"Northeast","Male","25-29",25,2005,11,27,1699081,54598185
"Northeast","Male","25-29",25,2005,12,30,1699081,54598185
"Northeast","Male","30-34",30,2005,1,36,1711804,54598185
"Northeast","Male","30-34",30,2005,2,30,1711804,54598185
"Northeast","Male","30-34",30,2005,3,27,1711804,54598185
"Northeast","Male","30-34",30,2005,4,45,1711804,54598185
"Northeast","Male","30-34",30,2005,5,24,1711804,54598185
"Northeast","Male","30-34",30,2005,6,29,1711804,54598185
"Northeast","Male","30-34",30,2005,7,40,1711804,54598185
"Northeast","Male","30-34",30,2005,8,31,1711804,54598185
"Northeast","Male","30-34",30,2005,9,20,1711804,54598185
"Northeast","Male","30-34",30,2005,10,24,1711804,54598185
"Northeast","Male","30-34",30,2005,11,25,1711804,54598185
"Northeast","Male","30-34",30,2005,12,25,1711804,54598185
"Northeast","Male","35-39",35,2005,1,39,1931823,54598185
"Northeast","Male","35-39",35,2005,2,38,1931823,54598185
"Northeast","Male","35-39",35,2005,3,38,1931823,54598185
"Northeast","Male","35-39",35,2005,4,45,1931823,54598185
"Northeast","Male","35-39",35,2005,5,41,1931823,54598185
"Northeast","Male","35-39",35,2005,6,36,1931823,54598185
"Northeast","Male","35-39",35,2005,7,40,1931823,54598185
"Northeast","Male","35-39",35,2005,8,34,1931823,54598185
"Northeast","Male","35-39",35,2005,9,40,1931823,54598185
"Northeast","Male","35-39",35,2005,10,32,1931823,54598185
"Northeast","Male","35-39",35,2005,11,35,1931823,54598185
"Northeast","Male","35-39",35,2005,12,44,1931823,54598185
"Northeast","Male","40-44",40,2005,1,44,2135952,54598185
"Northeast","Male","40-44",40,2005,2,43,2135952,54598185
"Northeast","Male","40-44",40,2005,3,41,2135952,54598185
"Northeast","Male","40-44",40,2005,4,51,2135952,54598185
"Northeast","Male","40-44",40,2005,5,47,2135952,54598185
"Northeast","Male","40-44",40,2005,6,62,2135952,54598185
"Northeast","Male","40-44",40,2005,7,56,2135952,54598185
"Northeast","Male","40-44",40,2005,8,38,2135952,54598185
"Northeast","Male","40-44",40,2005,9,60,2135952,54598185
"Northeast","Male","40-44",40,2005,10,40,2135952,54598185
"Northeast","Male","40-44",40,2005,11,51,2135952,54598185
"Northeast","Male","40-44",40,2005,12,50,2135952,54598185
"Northeast","Male","45-49",45,2005,1,47,2102729,54598185
"Northeast","Male","45-49",45,2005,2,54,2102729,54598185
"Northeast","Male","45-49",45,2005,3,48,2102729,54598185
"Northeast","Male","45-49",45,2005,4,43,2102729,54598185
"Northeast","Male","45-49",45,2005,5,57,2102729,54598185
"Northeast","Male","45-49",45,2005,6,47,2102729,54598185
"Northeast","Male","45-49",45,2005,7,53,2102729,54598185
"Northeast","Male","45-49",45,2005,8,47,2102729,54598185
"Northeast","Male","45-49",45,2005,9,50,2102729,54598185
"Northeast","Male","45-49",45,2005,10,73,2102729,54598185
"Northeast","Male","45-49",45,2005,11,46,2102729,54598185
"Northeast","Male","45-49",45,2005,12,41,2102729,54598185
"Northeast","Male","50-54",50,2005,1,31,1856327,54598185
"Northeast","Male","50-54",50,2005,2,29,1856327,54598185
"Northeast","Male","50-54",50,2005,3,29,1856327,54598185
"Northeast","Male","50-54",50,2005,4,35,1856327,54598185
"Northeast","Male","50-54",50,2005,5,38,1856327,54598185
"Northeast","Male","50-54",50,2005,6,33,1856327,54598185
"Northeast","Male","50-54",50,2005,7,38,1856327,54598185
"Northeast","Male","50-54",50,2005,8,41,1856327,54598185
"Northeast","Male","50-54",50,2005,9,37,1856327,54598185
"Northeast","Male","50-54",50,2005,10,28,1856327,54598185
"Northeast","Male","50-54",50,2005,11,49,1856327,54598185
"Northeast","Male","50-54",50,2005,12,41,1856327,54598185
"Midwest","Female","15-19",15,2005,1,2,2361751,65806421
"Midwest","Female","15-19",15,2005,2,2,2361751,65806421
"Midwest","Female","15-19",15,2005,3,7,2361751,65806421
"Midwest","Female","15-19",15,2005,4,2,2361751,65806421
"Midwest","Female","15-19",15,2005,5,3,2361751,65806421
"Midwest","Female","15-19",15,2005,6,7,2361751,65806421
"Midwest","Female","15-19",15,2005,7,5,2361751,65806421
"Midwest","Female","15-19",15,2005,8,5,2361751,65806421
"Midwest","Female","15-19",15,2005,9,1,2361751,65806421
"Midwest","Female","15-19",15,2005,10,1,2361751,65806421
"Midwest","Female","15-19",15,2005,11,6,2361751,65806421
"Midwest","Female","15-19",15,2005,12,2,2361751,65806421
"Midwest","Female","20-24",20,2005,1,7,2294184,65806421
"Midwest","Female","20-24",20,2005,2,6,2294184,65806421
"Midwest","Female","20-24",20,2005,3,18,2294184,65806421
"Midwest","Female","20-24",20,2005,4,5,2294184,65806421
"Midwest","Female","20-24",20,2005,5,5,2294184,65806421
"Midwest","Female","20-24",20,2005,6,17,2294184,65806421
"Midwest","Female","20-24",20,2005,7,6,2294184,65806421
"Midwest","Female","20-24",20,2005,8,13,2294184,65806421
"Midwest","Female","20-24",20,2005,9,4,2294184,65806421
"Midwest","Female","20-24",20,2005,10,10,2294184,65806421
"Midwest","Female","20-24",20,2005,11,10,2294184,65806421
"Midwest","Female","20-24",20,2005,12,16,2294184,65806421
"Midwest","Female","25-29",25,2005,1,12,2055685,65806421
"Midwest","Female","25-29",25,2005,2,8,2055685,65806421
"Midwest","Female","25-29",25,2005,3,11,2055685,65806421
"Midwest","Female","25-29",25,2005,4,16,2055685,65806421
"Midwest","Female","25-29",25,2005,5,21,2055685,65806421
"Midwest","Female","25-29",25,2005,6,11,2055685,65806421
"Midwest","Female","25-29",25,2005,7,13,2055685,65806421
"Midwest","Female","25-29",25,2005,8,13,2055685,65806421
"Midwest","Female","25-29",25,2005,9,11,2055685,65806421
"Midwest","Female","25-29",25,2005,10,10,2055685,65806421
"Midwest","Female","25-29",25,2005,11,19,2055685,65806421
"Midwest","Female","25-29",25,2005,12,19,2055685,65806421
"Midwest","Female","30-34",30,2005,1,15,2103604,65806421
"Midwest","Female","30-34",30,2005,2,21,2103604,65806421
"Midwest","Female","30-34",30,2005,3,16,2103604,65806421
"Midwest","Female","30-34",30,2005,4,16,2103604,65806421
"Midwest","Female","30-34",30,2005,5,22,2103604,65806421
"Midwest","Female","30-34",30,2005,6,22,2103604,65806421
"Midwest","Female","30-34",30,2005,7,22,2103604,65806421
"Midwest","Female","30-34",30,2005,8,23,2103604,65806421
"Midwest","Female","30-34",30,2005,9,20,2103604,65806421
"Midwest","Female","30-34",30,2005,10,25,2103604,65806421
"Midwest","Female","30-34",30,2005,11,14,2103604,65806421
"Midwest","Female","30-34",30,2005,12,19,2103604,65806421
"Midwest","Female","35-39",35,2005,1,23,2223338,65806421
"Midwest","Female","35-39",35,2005,2,19,2223338,65806421
"Midwest","Female","35-39",35,2005,3,27,2223338,65806421
"Midwest","Female","35-39",35,2005,4,22,2223338,65806421
"Midwest","Female","35-39",35,2005,5,27,2223338,65806421
"Midwest","Female","35-39",35,2005,6,22,2223338,65806421
"Midwest","Female","35-39",35,2005,7,26,2223338,65806421
"Midwest","Female","35-39",35,2005,8,20,2223338,65806421
"Midwest","Female","35-39",35,2005,9,30,2223338,65806421
"Midwest","Female","35-39",35,2005,10,25,2223338,65806421
"Midwest","Female","35-39",35,2005,11,26,2223338,65806421
"Midwest","Female","35-39",35,2005,12,28,2223338,65806421
"Midwest","Female","40-44",40,2005,1,40,2522073,65806421
"Midwest","Female","40-44",40,2005,2,32,2522073,65806421
"Midwest","Female","40-44",40,2005,3,41,2522073,65806421
"Midwest","Female","40-44",40,2005,4,28,2522073,65806421
"Midwest","Female","40-44",40,2005,5,28,2522073,65806421
"Midwest","Female","40-44",40,2005,6,31,2522073,65806421
"Midwest","Female","40-44",40,2005,7,38,2522073,65806421
"Midwest","Female","40-44",40,2005,8,24,2522073,65806421
"Midwest","Female","40-44",40,2005,9,38,2522073,65806421
"Midwest","Female","40-44",40,2005,10,43,2522073,65806421
"Midwest","Female","40-44",40,2005,11,45,2522073,65806421
"Midwest","Female","40-44",40,2005,12,43,2522073,65806421
"Midwest","Female","45-49",45,2005,1,44,2569230,65806421
"Midwest","Female","45-49",45,2005,2,44,2569230,65806421
"Midwest","Female","45-49",45,2005,3,36,2569230,65806421
"Midwest","Female","45-49",45,2005,4,40,2569230,65806421
"Midwest","Female","45-49",45,2005,5,40,2569230,65806421
"Midwest","Female","45-49",45,2005,6,43,2569230,65806421
"Midwest","Female","45-49",45,2005,7,42,2569230,65806421
"Midwest","Female","45-49",45,2005,8,30,2569230,65806421
"Midwest","Female","45-49",45,2005,9,36,2569230,65806421
"Midwest","Female","45-49",45,2005,10,41,2569230,65806421
"Midwest","Female","45-49",45,2005,11,48,2569230,65806421
"Midwest","Female","45-49",45,2005,12,42,2569230,65806421
"Midwest","Female","50-54",50,2005,1,23,2317829,65806421
"Midwest","Female","50-54",50,2005,2,25,2317829,65806421
"Midwest","Female","50-54",50,2005,3,20,2317829,65806421
"Midwest","Female","50-54",50,2005,4,24,2317829,65806421
"Midwest","Female","50-54",50,2005,5,27,2317829,65806421
"Midwest","Female","50-54",50,2005,6,26,2317829,65806421
"Midwest","Female","50-54",50,2005,7,22,2317829,65806421
"Midwest","Female","50-54",50,2005,8,26,2317829,65806421
"Midwest","Female","50-54",50,2005,9,34,2317829,65806421
"Midwest","Female","50-54",50,2005,10,24,2317829,65806421
"Midwest","Female","50-54",50,2005,11,32,2317829,65806421
"Midwest","Female","50-54",50,2005,12,32,2317829,65806421
"Midwest","Male","15-19",15,2005,1,5,2493753,65806421
"Midwest","Male","15-19",15,2005,2,8,2493753,65806421
"Midwest","Male","15-19",15,2005,3,10,2493753,65806421
"Midwest","Male","15-19",15,2005,4,6,2493753,65806421
"Midwest","Male","15-19",15,2005,5,19,2493753,65806421
"Midwest","Male","15-19",15,2005,6,9,2493753,65806421
"Midwest","Male","15-19",15,2005,7,7,2493753,65806421
"Midwest","Male","15-19",15,2005,8,6,2493753,65806421
"Midwest","Male","15-19",15,2005,9,8,2493753,65806421
"Midwest","Male","15-19",15,2005,10,9,2493753,65806421
"Midwest","Male","15-19",15,2005,11,12,2493753,65806421
"Midwest","Male","15-19",15,2005,12,6,2493753,65806421
"Midwest","Male","20-24",20,2005,1,36,2375404,65806421
"Midwest","Male","20-24",20,2005,2,34,2375404,65806421
"Midwest","Male","20-24",20,2005,3,20,2375404,65806421
"Midwest","Male","20-24",20,2005,4,29,2375404,65806421
"Midwest","Male","20-24",20,2005,5,31,2375404,65806421
"Midwest","Male","20-24",20,2005,6,28,2375404,65806421
"Midwest","Male","20-24",20,2005,7,37,2375404,65806421
"Midwest","Male","20-24",20,2005,8,24,2375404,65806421
"Midwest","Male","20-24",20,2005,9,38,2375404,65806421
"Midwest","Male","20-24",20,2005,10,36,2375404,65806421
"Midwest","Male","20-24",20,2005,11,35,2375404,65806421
"Midwest","Male","20-24",20,2005,12,43,2375404,65806421
"Midwest","Male","25-29",25,2005,1,31,2090857,65806421
"Midwest","Male","25-29",25,2005,2,23,2090857,65806421
"Midwest","Male","25-29",25,2005,3,36,2090857,65806421
"Midwest","Male","25-29",25,2005,4,32,2090857,65806421
"Midwest","Male","25-29",25,2005,5,37,2090857,65806421
"Midwest","Male","25-29",25,2005,6,37,2090857,65806421
"Midwest","Male","25-29",25,2005,7,33,2090857,65806421
"Midwest","Male","25-29",25,2005,8,42,2090857,65806421
"Midwest","Male","25-29",25,2005,9,32,2090857,65806421
"Midwest","Male","25-29",25,2005,10,30,2090857,65806421
"Midwest","Male","25-29",25,2005,11,30,2090857,65806421
"Midwest","Male","25-29",25,2005,12,38,2090857,65806421
"Midwest","Male","30-34",30,2005,1,33,2121433,65806421
"Midwest","Male","30-34",30,2005,2,25,2121433,65806421
"Midwest","Male","30-34",30,2005,3,38,2121433,65806421
"Midwest","Male","30-34",30,2005,4,34,2121433,65806421
"Midwest","Male","30-34",30,2005,5,30,2121433,65806421
"Midwest","Male","30-34",30,2005,6,22,2121433,65806421
"Midwest","Male","30-34",30,2005,7,30,2121433,65806421
"Midwest","Male","30-34",30,2005,8,33,2121433,65806421
"Midwest","Male","30-34",30,2005,9,29,2121433,65806421
"Midwest","Male","30-34",30,2005,10,38,2121433,65806421
"Midwest","Male","30-34",30,2005,11,43,2121433,65806421
"Midwest","Male","30-34",30,2005,12,37,2121433,65806421
"Midwest","Male","35-39",35,2005,1,47,2234944,65806421
"Midwest","Male","35-39",35,2005,2,26,2234944,65806421
"Midwest","Male","35-39",35,2005,3,38,2234944,65806421
"Midwest","Male","35-39",35,2005,4,35,2234944,65806421
"Midwest","Male","35-39",35,2005,5,42,2234944,65806421
"Midwest","Male","35-39",35,2005,6,38,2234944,65806421
"Midwest","Male","35-39",35,2005,7,31,2234944,65806421
"Midwest","Male","35-39",35,2005,8,45,2234944,65806421
"Midwest","Male","35-39",35,2005,9,28,2234944,65806421
"Midwest","Male","35-39",35,2005,10,52,2234944,65806421
"Midwest","Male","35-39",35,2005,11,29,2234944,65806421
"Midwest","Male","35-39",35,2005,12,47,2234944,65806421
"Midwest","Male","40-44",40,2005,1,70,2492262,65806421
"Midwest","Male","40-44",40,2005,2,66,2492262,65806421
"Midwest","Male","40-44",40,2005,3,65,2492262,65806421
"Midwest","Male","40-44",40,2005,4,43,2492262,65806421
"Midwest","Male","40-44",40,2005,5,57,2492262,65806421
"Midwest","Male","40-44",40,2005,6,52,2492262,65806421
"Midwest","Male","40-44",40,2005,7,52,2492262,65806421
"Midwest","Male","40-44",40,2005,8,46,2492262,65806421
"Midwest","Male","40-44",40,2005,9,61,2492262,65806421
"Midwest","Male","40-44",40,2005,10,51,2492262,65806421
"Midwest","Male","40-44",40,2005,11,53,2492262,65806421
"Midwest","Male","40-44",40,2005,12,60,2492262,65806421
"Midwest","Male","45-49",45,2005,1,59,2523598,65806421
"Midwest","Male","45-49",45,2005,2,50,2523598,65806421
"Midwest","Male","45-49",45,2005,3,65,2523598,65806421
"Midwest","Male","45-49",45,2005,4,64,2523598,65806421
"Midwest","Male","45-49",45,2005,5,67,2523598,65806421
"Midwest","Male","45-49",45,2005,6,58,2523598,65806421
"Midwest","Male","45-49",45,2005,7,52,2523598,65806421
"Midwest","Male","45-49",45,2005,8,55,2523598,65806421
"Midwest","Male","45-49",45,2005,9,64,2523598,65806421
"Midwest","Male","45-49",45,2005,10,55,2523598,65806421
"Midwest","Male","45-49",45,2005,11,80,2523598,65806421
"Midwest","Male","45-49",45,2005,12,71,2523598,65806421
"Midwest","Male","50-54",50,2005,1,32,2264091,65806421
"Midwest","Male","50-54",50,2005,2,48,2264091,65806421
"Midwest","Male","50-54",50,2005,3,41,2264091,65806421
"Midwest","Male","50-54",50,2005,4,46,2264091,65806421
"Midwest","Male","50-54",50,2005,5,46,2264091,65806421
"Midwest","Male","50-54",50,2005,6,39,2264091,65806421
"Midwest","Male","50-54",50,2005,7,51,2264091,65806421
"Midwest","Male","50-54",50,2005,8,42,2264091,65806421
"Midwest","Male","50-54",50,2005,9,40,2264091,65806421
"Midwest","Male","50-54",50,2005,10,43,2264091,65806421
"Midwest","Male","50-54",50,2005,11,33,2264091,65806421
"Midwest","Male","50-54",50,2005,12,42,2264091,65806421
"South","Female","15-19",15,2005,1,11,3755168,107411036
"South","Female","15-19",15,2005,2,3,3755168,107411036
"South","Female","15-19",15,2005,3,10,3755168,107411036
"South","Female","15-19",15,2005,4,4,3755168,107411036
"South","Female","15-19",15,2005,5,5,3755168,107411036
"South","Female","15-19",15,2005,6,4,3755168,107411036
"South","Female","15-19",15,2005,7,6,3755168,107411036
"South","Female","15-19",15,2005,8,4,3755168,107411036
"South","Female","15-19",15,2005,9,7,3755168,107411036
"South","Female","15-19",15,2005,10,11,3755168,107411036
"South","Female","15-19",15,2005,11,8,3755168,107411036
"South","Female","15-19",15,2005,12,3,3755168,107411036
"South","Female","20-24",20,2005,1,26,3768141,107411036
"South","Female","20-24",20,2005,2,15,3768141,107411036
"South","Female","20-24",20,2005,3,15,3768141,107411036
"South","Female","20-24",20,2005,4,17,3768141,107411036
"South","Female","20-24",20,2005,5,15,3768141,107411036
"South","Female","20-24",20,2005,6,16,3768141,107411036
"South","Female","20-24",20,2005,7,29,3768141,107411036
"South","Female","20-24",20,2005,8,21,3768141,107411036
"South","Female","20-24",20,2005,9,14,3768141,107411036
"South","Female","20-24",20,2005,10,21,3768141,107411036
"South","Female","20-24",20,2005,11,15,3768141,107411036
"South","Female","20-24",20,2005,12,22,3768141,107411036
"South","Female","25-29",25,2005,1,27,3577385,107411036
"South","Female","25-29",25,2005,2,19,3577385,107411036
"South","Female","25-29",25,2005,3,35,3577385,107411036
"South","Female","25-29",25,2005,4,22,3577385,107411036
"South","Female","25-29",25,2005,5,33,3577385,107411036
"South","Female","25-29",25,2005,6,18,3577385,107411036
"South","Female","25-29",25,2005,7,25,3577385,107411036
"South","Female","25-29",25,2005,8,16,3577385,107411036
"South","Female","25-29",25,2005,9,25,3577385,107411036
"South","Female","25-29",25,2005,10,29,3577385,107411036
"South","Female","25-29",25,2005,11,27,3577385,107411036
"South","Female","25-29",25,2005,12,31,3577385,107411036
"South","Female","30-34",30,2005,1,31,3653293,107411036
"South","Female","30-34",30,2005,2,30,3653293,107411036
"South","Female","30-34",30,2005,3,38,3653293,107411036
"South","Female","30-34",30,2005,4,31,3653293,107411036
"South","Female","30-34",30,2005,5,33,3653293,107411036
"South","Female","30-34",30,2005,6,34,3653293,107411036
"South","Female","30-34",30,2005,7,38,3653293,107411036
"South","Female","30-34",30,2005,8,25,3653293,107411036
"South","Female","30-34",30,2005,9,29,3653293,107411036
"South","Female","30-34",30,2005,10,39,3653293,107411036
"South","Female","30-34",30,2005,11,38,3653293,107411036
"South","Female","30-34",30,2005,12,32,3653293,107411036
"South","Female","35-39",35,2005,1,67,3793434,107411036
"South","Female","35-39",35,2005,2,40,3793434,107411036
"South","Female","35-39",35,2005,3,65,3793434,107411036
"South","Female","35-39",35,2005,4,42,3793434,107411036
"South","Female","35-39",35,2005,5,48,3793434,107411036
"South","Female","35-39",35,2005,6,38,3793434,107411036
"South","Female","35-39",35,2005,7,46,3793434,107411036
"South","Female","35-39",35,2005,8,46,3793434,107411036
"South","Female","35-39",35,2005,9,44,3793434,107411036
"South","Female","35-39",35,2005,10,47,3793434,107411036
"South","Female","35-39",35,2005,11,47,3793434,107411036
"South","Female","35-39",35,2005,12,36,3793434,107411036
"South","Female","40-44",40,2005,1,66,4168623,107411036
"South","Female","40-44",40,2005,2,77,4168623,107411036
"South","Female","40-44",40,2005,3,62,4168623,107411036
"South","Female","40-44",40,2005,4,69,4168623,107411036
"South","Female","40-44",40,2005,5,67,4168623,107411036
"South","Female","40-44",40,2005,6,75,4168623,107411036
"South","Female","40-44",40,2005,7,71,4168623,107411036
"South","Female","40-44",40,2005,8,72,4168623,107411036
"South","Female","40-44",40,2005,9,70,4168623,107411036
"South","Female","40-44",40,2005,10,63,4168623,107411036
"South","Female","40-44",40,2005,11,63,4168623,107411036
"South","Female","40-44",40,2005,12,60,4168623,107411036
"South","Female","45-49",45,2005,1,62,4083357,107411036
"South","Female","45-49",45,2005,2,67,4083357,107411036
"South","Female","45-49",45,2005,3,77,4083357,107411036
"South","Female","45-49",45,2005,4,90,4083357,107411036
"South","Female","45-49",45,2005,5,69,4083357,107411036
"South","Female","45-49",45,2005,6,70,4083357,107411036
"South","Female","45-49",45,2005,7,58,4083357,107411036
"South","Female","45-49",45,2005,8,81,4083357,107411036
"South","Female","45-49",45,2005,9,63,4083357,107411036
"South","Female","45-49",45,2005,10,79,4083357,107411036
"South","Female","45-49",45,2005,11,74,4083357,107411036
"South","Female","45-49",45,2005,12,77,4083357,107411036
"South","Female","50-54",50,2005,1,58,3695502,107411036
"South","Female","50-54",50,2005,2,54,3695502,107411036
"South","Female","50-54",50,2005,3,60,3695502,107411036
"South","Female","50-54",50,2005,4,60,3695502,107411036
"South","Female","50-54",50,2005,5,38,3695502,107411036
"South","Female","50-54",50,2005,6,53,3695502,107411036
"South","Female","50-54",50,2005,7,58,3695502,107411036
"South","Female","50-54",50,2005,8,35,3695502,107411036
"South","Female","50-54",50,2005,9,34,3695502,107411036
"South","Female","50-54",50,2005,10,52,3695502,107411036
"South","Female","50-54",50,2005,11,51,3695502,107411036
"South","Female","50-54",50,2005,12,46,3695502,107411036
"South","Male","15-19",15,2005,1,23,3973458,107411036
"South","Male","15-19",15,2005,2,28,3973458,107411036
"South","Male","15-19",15,2005,3,32,3973458,107411036
"South","Male","15-19",15,2005,4,15,3973458,107411036
"South","Male","15-19",15,2005,5,27,3973458,107411036
"South","Male","15-19",15,2005,6,19,3973458,107411036
"South","Male","15-19",15,2005,7,19,3973458,107411036
"South","Male","15-19",15,2005,8,23,3973458,107411036
"South","Male","15-19",15,2005,9,28,3973458,107411036
"South","Male","15-19",15,2005,10,27,3973458,107411036
"South","Male","15-19",15,2005,11,19,3973458,107411036
"South","Male","15-19",15,2005,12,22,3973458,107411036
"South","Male","20-24",20,2005,1,64,3932999,107411036
"South","Male","20-24",20,2005,2,61,3932999,107411036
"South","Male","20-24",20,2005,3,67,3932999,107411036
"South","Male","20-24",20,2005,4,64,3932999,107411036
"South","Male","20-24",20,2005,5,43,3932999,107411036
"South","Male","20-24",20,2005,6,48,3932999,107411036
"South","Male","20-24",20,2005,7,67,3932999,107411036
"South","Male","20-24",20,2005,8,57,3932999,107411036
"South","Male","20-24",20,2005,9,50,3932999,107411036
"South","Male","20-24",20,2005,10,64,3932999,107411036
"South","Male","20-24",20,2005,11,62,3932999,107411036
"South","Male","20-24",20,2005,12,69,3932999,107411036
"South","Male","25-29",25,2005,1,70,3569795,107411036
"South","Male","25-29",25,2005,2,64,3569795,107411036
"South","Male","25-29",25,2005,3,71,3569795,107411036
"South","Male","25-29",25,2005,4,67,3569795,107411036
"South","Male","25-29",25,2005,5,65,3569795,107411036
"South","Male","25-29",25,2005,6,71,3569795,107411036
"South","Male","25-29",25,2005,7,72,3569795,107411036
"South","Male","25-29",25,2005,8,54,3569795,107411036
"South","Male","25-29",25,2005,9,78,3569795,107411036
"South","Male","25-29",25,2005,10,70,3569795,107411036
"South","Male","25-29",25,2005,11,69,3569795,107411036
"South","Male","25-29",25,2005,12,65,3569795,107411036
"South","Male","30-34",30,2005,1,71,3631619,107411036
"South","Male","30-34",30,2005,2,70,3631619,107411036
"South","Male","30-34",30,2005,3,80,3631619,107411036
"South","Male","30-34",30,2005,4,72,3631619,107411036
"South","Male","30-34",30,2005,5,73,3631619,107411036
"South","Male","30-34",30,2005,6,68,3631619,107411036
"South","Male","30-34",30,2005,7,63,3631619,107411036
"South","Male","30-34",30,2005,8,70,3631619,107411036
"South","Male","30-34",30,2005,9,59,3631619,107411036
"South","Male","30-34",30,2005,10,90,3631619,107411036
"South","Male","30-34",30,2005,11,57,3631619,107411036
"South","Male","30-34",30,2005,12,73,3631619,107411036
"South","Male","35-39",35,2005,1,83,3745109,107411036
"South","Male","35-39",35,2005,2,97,3745109,107411036
"South","Male","35-39",35,2005,3,77,3745109,107411036
"South","Male","35-39",35,2005,4,86,3745109,107411036
"South","Male","35-39",35,2005,5,88,3745109,107411036
"South","Male","35-39",35,2005,6,87,3745109,107411036
"South","Male","35-39",35,2005,7,70,3745109,107411036
"South","Male","35-39",35,2005,8,81,3745109,107411036
"South","Male","35-39",35,2005,9,80,3745109,107411036
"South","Male","35-39",35,2005,10,79,3745109,107411036
"South","Male","35-39",35,2005,11,71,3745109,107411036
"South","Male","35-39",35,2005,12,82,3745109,107411036
"South","Male","40-44",40,2005,1,111,4051020,107411036
"South","Male","40-44",40,2005,2,101,4051020,107411036
"South","Male","40-44",40,2005,3,128,4051020,107411036
"South","Male","40-44",40,2005,4,105,4051020,107411036
"South","Male","40-44",40,2005,5,110,4051020,107411036
"South","Male","40-44",40,2005,6,112,4051020,107411036
"South","Male","40-44",40,2005,7,116,4051020,107411036
"South","Male","40-44",40,2005,8,106,4051020,107411036
"South","Male","40-44",40,2005,9,102,4051020,107411036
"South","Male","40-44",40,2005,10,103,4051020,107411036
"South","Male","40-44",40,2005,11,111,4051020,107411036
"South","Male","40-44",40,2005,12,84,4051020,107411036
"South","Male","45-49",45,2005,1,103,3939037,107411036
"South","Male","45-49",45,2005,2,98,3939037,107411036
"South","Male","45-49",45,2005,3,99,3939037,107411036
"South","Male","45-49",45,2005,4,110,3939037,107411036
"South","Male","45-49",45,2005,5,107,3939037,107411036
"South","Male","45-49",45,2005,6,101,3939037,107411036
"South","Male","45-49",45,2005,7,114,3939037,107411036
"South","Male","45-49",45,2005,8,102,3939037,107411036
"South","Male","45-49",45,2005,9,103,3939037,107411036
"South","Male","45-49",45,2005,10,94,3939037,107411036
"South","Male","45-49",45,2005,11,99,3939037,107411036
"South","Male","45-49",45,2005,12,104,3939037,107411036
"South","Male","50-54",50,2005,1,67,3482759,107411036
"South","Male","50-54",50,2005,2,60,3482759,107411036
"South","Male","50-54",50,2005,3,64,3482759,107411036
"South","Male","50-54",50,2005,4,80,3482759,107411036
"South","Male","50-54",50,2005,5,65,3482759,107411036
"South","Male","50-54",50,2005,6,64,3482759,107411036
"South","Male","50-54",50,2005,7,58,3482759,107411036
"South","Male","50-54",50,2005,8,79,3482759,107411036
"South","Male","50-54",50,2005,9,80,3482759,107411036
"South","Male","50-54",50,2005,10,77,3482759,107411036
"South","Male","50-54",50,2005,11,72,3482759,107411036
"South","Male","50-54",50,2005,12,66,3482759,107411036
"West","Female","15-19",15,2005,1,3,2421921,67937509
"West","Female","15-19",15,2005,2,4,2421921,67937509
"West","Female","15-19",15,2005,3,5,2421921,67937509
"West","Female","15-19",15,2005,4,6,2421921,67937509
"West","Female","15-19",15,2005,5,3,2421921,67937509
"West","Female","15-19",15,2005,6,6,2421921,67937509
"West","Female","15-19",15,2005,7,5,2421921,67937509
"West","Female","15-19",15,2005,8,6,2421921,67937509
"West","Female","15-19",15,2005,9,2,2421921,67937509
"West","Female","15-19",15,2005,10,3,2421921,67937509
"West","Female","15-19",15,2005,11,3,2421921,67937509
"West","Female","15-19",15,2005,12,1,2421921,67937509
"West","Female","20-24",20,2005,1,7,2401653,67937509
"West","Female","20-24",20,2005,2,9,2401653,67937509
"West","Female","20-24",20,2005,3,10,2401653,67937509
"West","Female","20-24",20,2005,4,10,2401653,67937509
"West","Female","20-24",20,2005,5,8,2401653,67937509
"West","Female","20-24",20,2005,6,11,2401653,67937509
"West","Female","20-24",20,2005,7,7,2401653,67937509
"West","Female","20-24",20,2005,8,9,2401653,67937509
"West","Female","20-24",20,2005,9,12,2401653,67937509
"West","Female","20-24",20,2005,10,8,2401653,67937509
"West","Female","20-24",20,2005,11,10,2401653,67937509
"West","Female","20-24",20,2005,12,11,2401653,67937509
"West","Female","25-29",25,2005,1,11,2357893,67937509
"West","Female","25-29",25,2005,2,15,2357893,67937509
"West","Female","25-29",25,2005,3,8,2357893,67937509
"West","Female","25-29",25,2005,4,12,2357893,67937509
"West","Female","25-29",25,2005,5,15,2357893,67937509
"West","Female","25-29",25,2005,6,13,2357893,67937509
"West","Female","25-29",25,2005,7,22,2357893,67937509
"West","Female","25-29",25,2005,8,4,2357893,67937509
"West","Female","25-29",25,2005,9,17,2357893,67937509
"West","Female","25-29",25,2005,10,11,2357893,67937509
"West","Female","25-29",25,2005,11,16,2357893,67937509
"West","Female","25-29",25,2005,12,15,2357893,67937509
"West","Female","30-34",30,2005,1,17,2317895,67937509
"West","Female","30-34",30,2005,2,19,2317895,67937509
"West","Female","30-34",30,2005,3,20,2317895,67937509
"West","Female","30-34",30,2005,4,15,2317895,67937509
"West","Female","30-34",30,2005,5,27,2317895,67937509
"West","Female","30-34",30,2005,6,16,2317895,67937509
"West","Female","30-34",30,2005,7,23,2317895,67937509
"West","Female","30-34",30,2005,8,21,2317895,67937509
"West","Female","30-34",30,2005,9,19,2317895,67937509
"West","Female","30-34",30,2005,10,22,2317895,67937509
"West","Female","30-34",30,2005,11,15,2317895,67937509
"West","Female","30-34",30,2005,12,20,2317895,67937509
"West","Female","35-39",35,2005,1,32,2394518,67937509
"West","Female","35-39",35,2005,2,30,2394518,67937509
"West","Female","35-39",35,2005,3,25,2394518,67937509
"West","Female","35-39",35,2005,4,25,2394518,67937509
"West","Female","35-39",35,2005,5,27,2394518,67937509
"West","Female","35-39",35,2005,6,23,2394518,67937509
"West","Female","35-39",35,2005,7,29,2394518,67937509
"West","Female","35-39",35,2005,8,31,2394518,67937509
"West","Female","35-39",35,2005,9,25,2394518,67937509
"West","Female","35-39",35,2005,10,24,2394518,67937509
"West","Female","35-39",35,2005,11,17,2394518,67937509
"West","Female","35-39",35,2005,12,32,2394518,67937509
"West","Female","40-44",40,2005,1,43,2551165,67937509
"West","Female","40-44",40,2005,2,37,2551165,67937509
"West","Female","40-44",40,2005,3,48,2551165,67937509
"West","Female","40-44",40,2005,4,39,2551165,67937509
"West","Female","40-44",40,2005,5,50,2551165,67937509
"West","Female","40-44",40,2005,6,43,2551165,67937509
"West","Female","40-44",40,2005,7,43,2551165,67937509
"West","Female","40-44",40,2005,8,44,2551165,67937509
"West","Female","40-44",40,2005,9,62,2551165,67937509
"West","Female","40-44",40,2005,10,39,2551165,67937509
"West","Female","40-44",40,2005,11,47,2551165,67937509
"West","Female","40-44",40,2005,12,49,2551165,67937509
"West","Female","45-49",45,2005,1,45,2510598,67937509
"West","Female","45-49",45,2005,2,45,2510598,67937509
"West","Female","45-49",45,2005,3,55,2510598,67937509
"West","Female","45-49",45,2005,4,58,2510598,67937509
"West","Female","45-49",45,2005,5,47,2510598,67937509
"West","Female","45-49",45,2005,6,49,2510598,67937509
"West","Female","45-49",45,2005,7,54,2510598,67937509
"West","Female","45-49",45,2005,8,43,2510598,67937509
"West","Female","45-49",45,2005,9,53,2510598,67937509
"West","Female","45-49",45,2005,10,65,2510598,67937509
"West","Female","45-49",45,2005,11,49,2510598,67937509
"West","Female","45-49",45,2005,12,53,2510598,67937509
"West","Female","50-54",50,2005,1,43,2283309,67937509
"West","Female","50-54",50,2005,2,42,2283309,67937509
"West","Female","50-54",50,2005,3,51,2283309,67937509
"West","Female","50-54",50,2005,4,51,2283309,67937509
"West","Female","50-54",50,2005,5,48,2283309,67937509
"West","Female","50-54",50,2005,6,32,2283309,67937509
"West","Female","50-54",50,2005,7,43,2283309,67937509
"West","Female","50-54",50,2005,8,48,2283309,67937509
"West","Female","50-54",50,2005,9,35,2283309,67937509
"West","Female","50-54",50,2005,10,42,2283309,67937509
"West","Female","50-54",50,2005,11,44,2283309,67937509
"West","Female","50-54",50,2005,12,49,2283309,67937509
"West","Male","15-19",15,2005,1,13,2593820,67937509
"West","Male","15-19",15,2005,2,7,2593820,67937509
"West","Male","15-19",15,2005,3,12,2593820,67937509
"West","Male","15-19",15,2005,4,9,2593820,67937509
"West","Male","15-19",15,2005,5,8,2593820,67937509
"West","Male","15-19",15,2005,6,9,2593820,67937509
"West","Male","15-19",15,2005,7,11,2593820,67937509
"West","Male","15-19",15,2005,8,10,2593820,67937509
"West","Male","15-19",15,2005,9,6,2593820,67937509
"West","Male","15-19",15,2005,10,5,2593820,67937509
"West","Male","15-19",15,2005,11,13,2593820,67937509
"West","Male","15-19",15,2005,12,7,2593820,67937509
"West","Male","20-24",20,2005,1,31,2614765,67937509
"West","Male","20-24",20,2005,2,18,2614765,67937509
"West","Male","20-24",20,2005,3,26,2614765,67937509
"West","Male","20-24",20,2005,4,30,2614765,67937509
"West","Male","20-24",20,2005,5,29,2614765,67937509
"West","Male","20-24",20,2005,6,26,2614765,67937509
"West","Male","20-24",20,2005,7,33,2614765,67937509
"West","Male","20-24",20,2005,8,28,2614765,67937509
"West","Male","20-24",20,2005,9,26,2614765,67937509
"West","Male","20-24",20,2005,10,28,2614765,67937509
"West","Male","20-24",20,2005,11,21,2614765,67937509
"West","Male","20-24",20,2005,12,27,2614765,67937509
"West","Male","25-29",25,2005,1,40,2462433,67937509
"West","Male","25-29",25,2005,2,28,2462433,67937509
"West","Male","25-29",25,2005,3,34,2462433,67937509
"West","Male","25-29",25,2005,4,36,2462433,67937509
"West","Male","25-29",25,2005,5,42,2462433,67937509
"West","Male","25-29",25,2005,6,30,2462433,67937509
"West","Male","25-29",25,2005,7,29,2462433,67937509
"West","Male","25-29",25,2005,8,29,2462433,67937509
"West","Male","25-29",25,2005,9,34,2462433,67937509
"West","Male","25-29",25,2005,10,36,2462433,67937509
"West","Male","25-29",25,2005,11,35,2462433,67937509
"West","Male","25-29",25,2005,12,28,2462433,67937509
"West","Male","30-34",30,2005,1,41,2423927,67937509
"West","Male","30-34",30,2005,2,29,2423927,67937509
"West","Male","30-34",30,2005,3,44,2423927,67937509
"West","Male","30-34",30,2005,4,35,2423927,67937509
"West","Male","30-34",30,2005,5,33,2423927,67937509
"West","Male","30-34",30,2005,6,39,2423927,67937509
"West","Male","30-34",30,2005,7,44,2423927,67937509
"West","Male","30-34",30,2005,8,45,2423927,67937509
"West","Male","30-34",30,2005,9,36,2423927,67937509
"West","Male","30-34",30,2005,10,35,2423927,67937509
"West","Male","30-34",30,2005,11,35,2423927,67937509
"West","Male","30-34",30,2005,12,28,2423927,67937509
"West","Male","35-39",35,2005,1,44,2475157,67937509
"West","Male","35-39",35,2005,2,49,2475157,67937509
"West","Male","35-39",35,2005,3,39,2475157,67937509
"West","Male","35-39",35,2005,4,51,2475157,67937509
"West","Male","35-39",35,2005,5,57,2475157,67937509
"West","Male","35-39",35,2005,6,48,2475157,67937509
"West","Male","35-39",35,2005,7,41,2475157,67937509
"West","Male","35-39",35,2005,8,55,2475157,67937509
"West","Male","35-39",35,2005,9,49,2475157,67937509
"West","Male","35-39",35,2005,10,50,2475157,67937509
"West","Male","35-39",35,2005,11,37,2475157,67937509
"West","Male","35-39",35,2005,12,45,2475157,67937509
"West","Male","40-44",40,2005,1,74,2573928,67937509
"West","Male","40-44",40,2005,2,82,2573928,67937509
"West","Male","40-44",40,2005,3,79,2573928,67937509
"West","Male","40-44",40,2005,4,76,2573928,67937509
"West","Male","40-44",40,2005,5,77,2573928,67937509
"West","Male","40-44",40,2005,6,69,2573928,67937509
"West","Male","40-44",40,2005,7,89,2573928,67937509
"West","Male","40-44",40,2005,8,76,2573928,67937509
"West","Male","40-44",40,2005,9,67,2573928,67937509
"West","Male","40-44",40,2005,10,67,2573928,67937509
"West","Male","40-44",40,2005,11,69,2573928,67937509
"West","Male","40-44",40,2005,12,66,2573928,67937509
"West","Male","45-49",45,2005,1,92,2494719,67937509
"West","Male","45-49",45,2005,2,88,2494719,67937509
"West","Male","45-49",45,2005,3,79,2494719,67937509
"West","Male","45-49",45,2005,4,94,2494719,67937509
"West","Male","45-49",45,2005,5,87,2494719,67937509
"West","Male","45-49",45,2005,6,66,2494719,67937509
"West","Male","45-49",45,2005,7,109,2494719,67937509
"West","Male","45-49",45,2005,8,78,2494719,67937509
"West","Male","45-49",45,2005,9,72,2494719,67937509
"West","Male","45-49",45,2005,10,75,2494719,67937509
"West","Male","45-49",45,2005,11,87,2494719,67937509
"West","Male","45-49",45,2005,12,91,2494719,67937509
"West","Male","50-54",50,2005,1,80,2218115,67937509
"West","Male","50-54",50,2005,2,63,2218115,67937509
"West","Male","50-54",50,2005,3,84,2218115,67937509
"West","Male","50-54",50,2005,4,74,2218115,67937509
"West","Male","50-54",50,2005,5,61,2218115,67937509
"West","Male","50-54",50,2005,6,62,2218115,67937509
"West","Male","50-54",50,2005,7,69,2218115,67937509
"West","Male","50-54",50,2005,8,49,2218115,67937509
"West","Male","50-54",50,2005,9,64,2218115,67937509
"West","Male","50-54",50,2005,10,68,2218115,67937509
"West","Male","50-54",50,2005,11,74,2218115,67937509
"West","Male","50-54",50,2005,12,82,2218115,67937509
"Northeast","Female","15-19",15,2006,2,2,1918439,54710026
"Northeast","Female","15-19",15,2006,3,6,1918439,54710026
"Northeast","Female","15-19",15,2006,4,3,1918439,54710026
"Northeast","Female","15-19",15,2006,5,1,1918439,54710026
"Northeast","Female","15-19",15,2006,6,3,1918439,54710026
"Northeast","Female","15-19",15,2006,7,4,1918439,54710026
"Northeast","Female","15-19",15,2006,8,3,1918439,54710026
"Northeast","Female","15-19",15,2006,9,4,1918439,54710026
"Northeast","Female","15-19",15,2006,11,5,1918439,54710026
"Northeast","Female","15-19",15,2006,12,4,1918439,54710026
"Northeast","Female","15-19",15,2007,1,3,1930373,54879379
"Northeast","Female","15-19",15,2007,2,4,1930373,54879379
"Northeast","Female","15-19",15,2007,3,3,1930373,54879379
"Northeast","Female","15-19",15,2007,4,7,1930373,54879379
"Northeast","Female","15-19",15,2007,5,3,1930373,54879379
"Northeast","Female","15-19",15,2007,6,3,1930373,54879379
"Northeast","Female","15-19",15,2007,7,4,1930373,54879379
"Northeast","Female","15-19",15,2007,8,2,1930373,54879379
"Northeast","Female","15-19",15,2007,10,3,1930373,54879379
"Northeast","Female","15-19",15,2007,12,2,1930373,54879379
"Northeast","Female","15-19",15,2008,1,3,1930948,55060196
"Northeast","Female","15-19",15,2008,2,2,1930948,55060196
"Northeast","Female","15-19",15,2008,3,3,1930948,55060196
"Northeast","Female","15-19",15,2008,4,4,1930948,55060196
"Northeast","Female","15-19",15,2008,5,5,1930948,55060196
"Northeast","Female","15-19",15,2008,6,6,1930948,55060196
"Northeast","Female","15-19",15,2008,7,4,1930948,55060196
"Northeast","Female","15-19",15,2008,8,2,1930948,55060196
"Northeast","Female","15-19",15,2008,9,3,1930948,55060196
"Northeast","Female","15-19",15,2008,10,2,1930948,55060196
"Northeast","Female","15-19",15,2008,11,3,1930948,55060196
"Northeast","Female","15-19",15,2009,1,6,1919120,55283679
"Northeast","Female","15-19",15,2009,2,3,1919120,55283679
"Northeast","Female","15-19",15,2009,3,4,1919120,55283679
"Northeast","Female","15-19",15,2009,4,4,1919120,55283679
"Northeast","Female","15-19",15,2009,5,2,1919120,55283679
"Northeast","Female","15-19",15,2009,6,2,1919120,55283679
"Northeast","Female","15-19",15,2009,7,2,1919120,55283679
"Northeast","Female","15-19",15,2009,8,3,1919120,55283679
"Northeast","Female","15-19",15,2009,9,4,1919120,55283679
"Northeast","Female","15-19",15,2009,10,1,1919120,55283679
"Northeast","Female","15-19",15,2009,11,2,1919120,55283679
"Northeast","Female","15-19",15,2009,12,4,1919120,55283679
"Northeast","Female","15-19",15,2010,1,2,1897636,55380134
"Northeast","Female","15-19",15,2010,2,4,1897636,55380134
"Northeast","Female","15-19",15,2010,3,4,1897636,55380134
"Northeast","Female","15-19",15,2010,4,2,1897636,55380134
"Northeast","Female","15-19",15,2010,5,3,1897636,55380134
"Northeast","Female","15-19",15,2010,6,1,1897636,55380134
"Northeast","Female","15-19",15,2010,7,5,1897636,55380134
"Northeast","Female","15-19",15,2010,8,4,1897636,55380134
"Northeast","Female","15-19",15,2010,9,4,1897636,55380134
"Northeast","Female","15-19",15,2010,11,1,1897636,55380134
"Northeast","Female","15-19",15,2010,12,2,1897636,55380134
"Northeast","Female","20-24",20,2006,1,9,1778406,54710026
"Northeast","Female","20-24",20,2006,2,5,1778406,54710026
"Northeast","Female","20-24",20,2006,3,6,1778406,54710026
"Northeast","Female","20-24",20,2006,4,8,1778406,54710026
"Northeast","Female","20-24",20,2006,5,8,1778406,54710026
"Northeast","Female","20-24",20,2006,6,14,1778406,54710026
"Northeast","Female","20-24",20,2006,7,16,1778406,54710026
"Northeast","Female","20-24",20,2006,8,9,1778406,54710026
"Northeast","Female","20-24",20,2006,9,9,1778406,54710026
"Northeast","Female","20-24",20,2006,10,3,1778406,54710026
"Northeast","Female","20-24",20,2006,11,4,1778406,54710026
"Northeast","Female","20-24",20,2006,12,7,1778406,54710026
"Northeast","Female","20-24",20,2007,1,9,1800783,54879379
"Northeast","Female","20-24",20,2007,2,5,1800783,54879379
"Northeast","Female","20-24",20,2007,3,11,1800783,54879379
"Northeast","Female","20-24",20,2007,4,13,1800783,54879379
"Northeast","Female","20-24",20,2007,5,6,1800783,54879379
"Northeast","Female","20-24",20,2007,6,9,1800783,54879379
"Northeast","Female","20-24",20,2007,7,11,1800783,54879379
"Northeast","Female","20-24",20,2007,8,6,1800783,54879379
"Northeast","Female","20-24",20,2007,9,15,1800783,54879379
"Northeast","Female","20-24",20,2007,10,9,1800783,54879379
"Northeast","Female","20-24",20,2007,11,11,1800783,54879379
"Northeast","Female","20-24",20,2007,12,5,1800783,54879379
"Northeast","Female","20-24",20,2008,1,13,1821887,55060196
"Northeast","Female","20-24",20,2008,2,9,1821887,55060196
"Northeast","Female","20-24",20,2008,3,11,1821887,55060196
"Northeast","Female","20-24",20,2008,4,10,1821887,55060196
"Northeast","Female","20-24",20,2008,5,7,1821887,55060196
"Northeast","Female","20-24",20,2008,6,7,1821887,55060196
"Northeast","Female","20-24",20,2008,7,11,1821887,55060196
"Northeast","Female","20-24",20,2008,8,16,1821887,55060196
"Northeast","Female","20-24",20,2008,9,6,1821887,55060196
"Northeast","Female","20-24",20,2008,10,11,1821887,55060196
"Northeast","Female","20-24",20,2008,11,7,1821887,55060196
"Northeast","Female","20-24",20,2008,12,12,1821887,55060196
"Northeast","Female","20-24",20,2009,1,9,1858289,55283679
"Northeast","Female","20-24",20,2009,2,10,1858289,55283679
"Northeast","Female","20-24",20,2009,3,11,1858289,55283679
"Northeast","Female","20-24",20,2009,4,13,1858289,55283679
"Northeast","Female","20-24",20,2009,5,7,1858289,55283679
"Northeast","Female","20-24",20,2009,6,3,1858289,55283679
"Northeast","Female","20-24",20,2009,7,11,1858289,55283679
"Northeast","Female","20-24",20,2009,8,11,1858289,55283679
"Northeast","Female","20-24",20,2009,9,13,1858289,55283679
"Northeast","Female","20-24",20,2009,10,10,1858289,55283679
"Northeast","Female","20-24",20,2009,11,5,1858289,55283679
"Northeast","Female","20-24",20,2009,12,11,1858289,55283679
"Northeast","Female","20-24",20,2010,1,7,1891291,55380134
"Northeast","Female","20-24",20,2010,2,12,1891291,55380134
"Northeast","Female","20-24",20,2010,3,10,1891291,55380134
"Northeast","Female","20-24",20,2010,4,11,1891291,55380134
"Northeast","Female","20-24",20,2010,5,13,1891291,55380134
"Northeast","Female","20-24",20,2010,6,8,1891291,55380134
"Northeast","Female","20-24",20,2010,7,9,1891291,55380134
"Northeast","Female","20-24",20,2010,8,7,1891291,55380134
"Northeast","Female","20-24",20,2010,9,11,1891291,55380134
"Northeast","Female","20-24",20,2010,10,14,1891291,55380134
"Northeast","Female","20-24",20,2010,11,8,1891291,55380134
"Northeast","Female","20-24",20,2010,12,9,1891291,55380134
"Northeast","Female","25-29",25,2006,1,9,1744733,54710026
"Northeast","Female","25-29",25,2006,2,9,1744733,54710026
"Northeast","Female","25-29",25,2006,3,8,1744733,54710026
"Northeast","Female","25-29",25,2006,4,12,1744733,54710026
"Northeast","Female","25-29",25,2006,5,12,1744733,54710026
"Northeast","Female","25-29",25,2006,6,10,1744733,54710026
"Northeast","Female","25-29",25,2006,7,12,1744733,54710026
"Northeast","Female","25-29",25,2006,8,12,1744733,54710026
"Northeast","Female","25-29",25,2006,9,13,1744733,54710026
"Northeast","Female","25-29",25,2006,10,12,1744733,54710026
"Northeast","Female","25-29",25,2006,11,14,1744733,54710026
"Northeast","Female","25-29",25,2006,12,11,1744733,54710026
"Northeast","Female","25-29",25,2007,1,16,1760604,54879379
"Northeast","Female","25-29",25,2007,2,12,1760604,54879379
"Northeast","Female","25-29",25,2007,3,17,1760604,54879379
"Northeast","Female","25-29",25,2007,4,13,1760604,54879379
"Northeast","Female","25-29",25,2007,5,13,1760604,54879379
"Northeast","Female","25-29",25,2007,6,10,1760604,54879379
"Northeast","Female","25-29",25,2007,7,7,1760604,54879379
"Northeast","Female","25-29",25,2007,8,16,1760604,54879379
"Northeast","Female","25-29",25,2007,9,11,1760604,54879379
"Northeast","Female","25-29",25,2007,10,9,1760604,54879379
"Northeast","Female","25-29",25,2007,11,13,1760604,54879379
"Northeast","Female","25-29",25,2007,12,13,1760604,54879379
"Northeast","Female","25-29",25,2008,1,3,1790084,55060196
"Northeast","Female","25-29",25,2008,2,9,1790084,55060196
"Northeast","Female","25-29",25,2008,3,14,1790084,55060196
"Northeast","Female","25-29",25,2008,4,13,1790084,55060196
"Northeast","Female","25-29",25,2008,5,12,1790084,55060196
"Northeast","Female","25-29",25,2008,6,10,1790084,55060196
"Northeast","Female","25-29",25,2008,7,16,1790084,55060196
"Northeast","Female","25-29",25,2008,8,16,1790084,55060196
"Northeast","Female","25-29",25,2008,9,13,1790084,55060196
"Northeast","Female","25-29",25,2008,10,12,1790084,55060196
"Northeast","Female","25-29",25,2008,11,8,1790084,55060196
"Northeast","Female","25-29",25,2008,12,12,1790084,55060196
"Northeast","Female","25-29",25,2009,1,6,1806981,55283679
"Northeast","Female","25-29",25,2009,2,10,1806981,55283679
"Northeast","Female","25-29",25,2009,3,12,1806981,55283679
"Northeast","Female","25-29",25,2009,4,14,1806981,55283679
"Northeast","Female","25-29",25,2009,5,16,1806981,55283679
"Northeast","Female","25-29",25,2009,6,2,1806981,55283679
"Northeast","Female","25-29",25,2009,7,11,1806981,55283679
"Northeast","Female","25-29",25,2009,8,11,1806981,55283679
"Northeast","Female","25-29",25,2009,9,10,1806981,55283679
"Northeast","Female","25-29",25,2009,10,19,1806981,55283679
"Northeast","Female","25-29",25,2009,11,11,1806981,55283679
"Northeast","Female","25-29",25,2009,12,9,1806981,55283679
"Northeast","Female","25-29",25,2010,1,15,1822700,55380134
"Northeast","Female","25-29",25,2010,2,11,1822700,55380134
"Northeast","Female","25-29",25,2010,3,11,1822700,55380134
"Northeast","Female","25-29",25,2010,4,19,1822700,55380134
"Northeast","Female","25-29",25,2010,5,27,1822700,55380134
"Northeast","Female","25-29",25,2010,6,13,1822700,55380134
"Northeast","Female","25-29",25,2010,7,15,1822700,55380134
"Northeast","Female","25-29",25,2010,8,19,1822700,55380134
"Northeast","Female","25-29",25,2010,9,12,1822700,55380134
"Northeast","Female","25-29",25,2010,10,8,1822700,55380134
"Northeast","Female","25-29",25,2010,11,18,1822700,55380134
"Northeast","Female","25-29",25,2010,12,8,1822700,55380134
"Northeast","Female","30-34",30,2006,1,14,1698282,54710026
"Northeast","Female","30-34",30,2006,2,10,1698282,54710026
"Northeast","Female","30-34",30,2006,3,14,1698282,54710026
"Northeast","Female","30-34",30,2006,4,18,1698282,54710026
"Northeast","Female","30-34",30,2006,5,20,1698282,54710026
"Northeast","Female","30-34",30,2006,6,16,1698282,54710026
"Northeast","Female","30-34",30,2006,7,10,1698282,54710026
"Northeast","Female","30-34",30,2006,8,9,1698282,54710026
"Northeast","Female","30-34",30,2006,9,9,1698282,54710026
"Northeast","Female","30-34",30,2006,10,9,1698282,54710026
"Northeast","Female","30-34",30,2006,11,10,1698282,54710026
"Northeast","Female","30-34",30,2006,12,8,1698282,54710026
"Northeast","Female","30-34",30,2007,1,12,1677059,54879379
"Northeast","Female","30-34",30,2007,2,15,1677059,54879379
"Northeast","Female","30-34",30,2007,3,16,1677059,54879379
"Northeast","Female","30-34",30,2007,4,11,1677059,54879379
"Northeast","Female","30-34",30,2007,5,6,1677059,54879379
"Northeast","Female","30-34",30,2007,6,14,1677059,54879379
"Northeast","Female","30-34",30,2007,7,18,1677059,54879379
"Northeast","Female","30-34",30,2007,8,18,1677059,54879379
"Northeast","Female","30-34",30,2007,9,14,1677059,54879379
"Northeast","Female","30-34",30,2007,10,14,1677059,54879379
"Northeast","Female","30-34",30,2007,11,10,1677059,54879379
"Northeast","Female","30-34",30,2007,12,9,1677059,54879379
"Northeast","Female","30-34",30,2008,1,10,1682865,55060196
"Northeast","Female","30-34",30,2008,2,15,1682865,55060196
"Northeast","Female","30-34",30,2008,3,6,1682865,55060196
"Northeast","Female","30-34",30,2008,4,17,1682865,55060196
"Northeast","Female","30-34",30,2008,5,16,1682865,55060196
"Northeast","Female","30-34",30,2008,6,13,1682865,55060196
"Northeast","Female","30-34",30,2008,7,15,1682865,55060196
"Northeast","Female","30-34",30,2008,8,10,1682865,55060196
"Northeast","Female","30-34",30,2008,9,11,1682865,55060196
"Northeast","Female","30-34",30,2008,10,11,1682865,55060196
"Northeast","Female","30-34",30,2008,11,12,1682865,55060196
"Northeast","Female","30-34",30,2008,12,7,1682865,55060196
"Northeast","Female","30-34",30,2009,1,15,1707179,55283679
"Northeast","Female","30-34",30,2009,2,9,1707179,55283679
"Northeast","Female","30-34",30,2009,3,9,1707179,55283679
"Northeast","Female","30-34",30,2009,4,13,1707179,55283679
"Northeast","Female","30-34",30,2009,5,9,1707179,55283679
"Northeast","Female","30-34",30,2009,6,9,1707179,55283679
"Northeast","Female","30-34",30,2009,7,13,1707179,55283679
"Northeast","Female","30-34",30,2009,8,13,1707179,55283679
"Northeast","Female","30-34",30,2009,9,11,1707179,55283679
"Northeast","Female","30-34",30,2009,10,11,1707179,55283679
"Northeast","Female","30-34",30,2009,11,11,1707179,55283679
"Northeast","Female","30-34",30,2009,12,14,1707179,55283679
"Northeast","Female","30-34",30,2010,1,9,1732935,55380134
"Northeast","Female","30-34",30,2010,2,18,1732935,55380134
"Northeast","Female","30-34",30,2010,3,11,1732935,55380134
"Northeast","Female","30-34",30,2010,4,19,1732935,55380134
"Northeast","Female","30-34",30,2010,5,14,1732935,55380134
"Northeast","Female","30-34",30,2010,6,14,1732935,55380134
"Northeast","Female","30-34",30,2010,7,8,1732935,55380134
"Northeast","Female","30-34",30,2010,8,13,1732935,55380134
"Northeast","Female","30-34",30,2010,9,12,1732935,55380134
"Northeast","Female","30-34",30,2010,10,19,1732935,55380134
"Northeast","Female","30-34",30,2010,11,12,1732935,55380134
"Northeast","Female","30-34",30,2010,12,14,1732935,55380134
"Northeast","Female","35-39",35,2006,1,19,1974652,54710026
"Northeast","Female","35-39",35,2006,2,16,1974652,54710026
"Northeast","Female","35-39",35,2006,3,14,1974652,54710026
"Northeast","Female","35-39",35,2006,4,20,1974652,54710026
"Northeast","Female","35-39",35,2006,5,17,1974652,54710026
"Northeast","Female","35-39",35,2006,6,21,1974652,54710026
"Northeast","Female","35-39",35,2006,7,22,1974652,54710026
"Northeast","Female","35-39",35,2006,8,23,1974652,54710026
"Northeast","Female","35-39",35,2006,9,27,1974652,54710026
"Northeast","Female","35-39",35,2006,10,16,1974652,54710026
"Northeast","Female","35-39",35,2006,11,18,1974652,54710026
"Northeast","Female","35-39",35,2006,12,14,1974652,54710026
"Northeast","Female","35-39",35,2007,1,17,1934857,54879379
"Northeast","Female","35-39",35,2007,2,15,1934857,54879379
"Northeast","Female","35-39",35,2007,3,21,1934857,54879379
"Northeast","Female","35-39",35,2007,4,22,1934857,54879379
"Northeast","Female","35-39",35,2007,5,25,1934857,54879379
"Northeast","Female","35-39",35,2007,6,19,1934857,54879379
"Northeast","Female","35-39",35,2007,7,19,1934857,54879379
"Northeast","Female","35-39",35,2007,8,22,1934857,54879379
"Northeast","Female","35-39",35,2007,9,14,1934857,54879379
"Northeast","Female","35-39",35,2007,10,17,1934857,54879379
"Northeast","Female","35-39",35,2007,11,19,1934857,54879379
"Northeast","Female","35-39",35,2007,12,19,1934857,54879379
"Northeast","Female","35-39",35,2008,1,20,1886900,55060196
"Northeast","Female","35-39",35,2008,2,21,1886900,55060196
"Northeast","Female","35-39",35,2008,3,15,1886900,55060196
"Northeast","Female","35-39",35,2008,4,22,1886900,55060196
"Northeast","Female","35-39",35,2008,5,18,1886900,55060196
"Northeast","Female","35-39",35,2008,6,14,1886900,55060196
"Northeast","Female","35-39",35,2008,7,28,1886900,55060196
"Northeast","Female","35-39",35,2008,8,14,1886900,55060196
"Northeast","Female","35-39",35,2008,9,20,1886900,55060196
"Northeast","Female","35-39",35,2008,10,14,1886900,55060196
"Northeast","Female","35-39",35,2008,11,15,1886900,55060196
"Northeast","Female","35-39",35,2008,12,14,1886900,55060196
"Northeast","Female","35-39",35,2009,1,17,1832098,55283679
"Northeast","Female","35-39",35,2009,2,11,1832098,55283679
"Northeast","Female","35-39",35,2009,3,10,1832098,55283679
"Northeast","Female","35-39",35,2009,4,13,1832098,55283679
"Northeast","Female","35-39",35,2009,5,18,1832098,55283679
"Northeast","Female","35-39",35,2009,6,8,1832098,55283679
"Northeast","Female","35-39",35,2009,7,14,1832098,55283679
"Northeast","Female","35-39",35,2009,8,14,1832098,55283679
"Northeast","Female","35-39",35,2009,9,20,1832098,55283679
"Northeast","Female","35-39",35,2009,10,21,1832098,55283679
"Northeast","Female","35-39",35,2009,11,18,1832098,55283679
"Northeast","Female","35-39",35,2009,12,14,1832098,55283679
"Northeast","Female","35-39",35,2010,1,16,1770931,55380134
"Northeast","Female","35-39",35,2010,2,18,1770931,55380134
"Northeast","Female","35-39",35,2010,3,21,1770931,55380134
"Northeast","Female","35-39",35,2010,4,26,1770931,55380134
"Northeast","Female","35-39",35,2010,5,21,1770931,55380134
"Northeast","Female","35-39",35,2010,6,16,1770931,55380134
"Northeast","Female","35-39",35,2010,7,20,1770931,55380134
"Northeast","Female","35-39",35,2010,8,20,1770931,55380134
"Northeast","Female","35-39",35,2010,9,18,1770931,55380134
"Northeast","Female","35-39",35,2010,10,21,1770931,55380134
"Northeast","Female","35-39",35,2010,11,16,1770931,55380134
"Northeast","Female","35-39",35,2010,12,27,1770931,55380134
"Northeast","Female","40-44",40,2006,1,20,2166590,54710026
"Northeast","Female","40-44",40,2006,2,33,2166590,54710026
"Northeast","Female","40-44",40,2006,3,31,2166590,54710026
"Northeast","Female","40-44",40,2006,4,36,2166590,54710026
"Northeast","Female","40-44",40,2006,5,31,2166590,54710026
"Northeast","Female","40-44",40,2006,6,25,2166590,54710026
"Northeast","Female","40-44",40,2006,7,32,2166590,54710026
"Northeast","Female","40-44",40,2006,8,26,2166590,54710026
"Northeast","Female","40-44",40,2006,9,28,2166590,54710026
"Northeast","Female","40-44",40,2006,10,31,2166590,54710026
"Northeast","Female","40-44",40,2006,11,23,2166590,54710026
"Northeast","Female","40-44",40,2006,12,30,2166590,54710026
"Northeast","Female","40-44",40,2007,1,22,2114984,54879379
"Northeast","Female","40-44",40,2007,2,24,2114984,54879379
"Northeast","Female","40-44",40,2007,3,20,2114984,54879379
"Northeast","Female","40-44",40,2007,4,26,2114984,54879379
"Northeast","Female","40-44",40,2007,5,26,2114984,54879379
"Northeast","Female","40-44",40,2007,6,21,2114984,54879379
"Northeast","Female","40-44",40,2007,7,29,2114984,54879379
"Northeast","Female","40-44",40,2007,8,21,2114984,54879379
"Northeast","Female","40-44",40,2007,9,22,2114984,54879379
"Northeast","Female","40-44",40,2007,10,31,2114984,54879379
"Northeast","Female","40-44",40,2007,11,21,2114984,54879379
"Northeast","Female","40-44",40,2007,12,25,2114984,54879379
"Northeast","Female","40-44",40,2008,1,26,2063660,55060196
"Northeast","Female","40-44",40,2008,2,28,2063660,55060196
"Northeast","Female","40-44",40,2008,3,32,2063660,55060196
"Northeast","Female","40-44",40,2008,4,31,2063660,55060196
"Northeast","Female","40-44",40,2008,5,24,2063660,55060196
"Northeast","Female","40-44",40,2008,6,29,2063660,55060196
"Northeast","Female","40-44",40,2008,7,26,2063660,55060196
"Northeast","Female","40-44",40,2008,8,28,2063660,55060196
"Northeast","Female","40-44",40,2008,9,21,2063660,55060196
"Northeast","Female","40-44",40,2008,10,30,2063660,55060196
"Northeast","Female","40-44",40,2008,11,25,2063660,55060196
"Northeast","Female","40-44",40,2008,12,27,2063660,55060196
"Northeast","Female","40-44",40,2009,1,26,2008600,55283679
"Northeast","Female","40-44",40,2009,2,24,2008600,55283679
"Northeast","Female","40-44",40,2009,3,22,2008600,55283679
"Northeast","Female","40-44",40,2009,4,21,2008600,55283679
"Northeast","Female","40-44",40,2009,5,36,2008600,55283679
"Northeast","Female","40-44",40,2009,6,19,2008600,55283679
"Northeast","Female","40-44",40,2009,7,16,2008600,55283679
"Northeast","Female","40-44",40,2009,8,22,2008600,55283679
"Northeast","Female","40-44",40,2009,9,17,2008600,55283679
"Northeast","Female","40-44",40,2009,10,24,2008600,55283679
"Northeast","Female","40-44",40,2009,11,22,2008600,55283679
"Northeast","Female","40-44",40,2009,12,26,2008600,55283679
"Northeast","Female","40-44",40,2010,1,25,1977095,55380134
"Northeast","Female","40-44",40,2010,2,20,1977095,55380134
"Northeast","Female","40-44",40,2010,3,24,1977095,55380134
"Northeast","Female","40-44",40,2010,4,21,1977095,55380134
"Northeast","Female","40-44",40,2010,5,22,1977095,55380134
"Northeast","Female","40-44",40,2010,6,27,1977095,55380134
"Northeast","Female","40-44",40,2010,7,19,1977095,55380134
"Northeast","Female","40-44",40,2010,8,24,1977095,55380134
"Northeast","Female","40-44",40,2010,9,22,1977095,55380134
"Northeast","Female","40-44",40,2010,10,24,1977095,55380134
"Northeast","Female","40-44",40,2010,11,28,1977095,55380134
"Northeast","Female","40-44",40,2010,12,21,1977095,55380134
"Northeast","Female","45-49",45,2006,1,37,2214265,54710026
"Northeast","Female","45-49",45,2006,2,25,2214265,54710026
"Northeast","Female","45-49",45,2006,3,34,2214265,54710026
"Northeast","Female","45-49",45,2006,4,32,2214265,54710026
"Northeast","Female","45-49",45,2006,5,32,2214265,54710026
"Northeast","Female","45-49",45,2006,6,30,2214265,54710026
"Northeast","Female","45-49",45,2006,7,32,2214265,54710026
"Northeast","Female","45-49",45,2006,8,27,2214265,54710026
"Northeast","Female","45-49",45,2006,9,26,2214265,54710026
"Northeast","Female","45-49",45,2006,10,43,2214265,54710026
"Northeast","Female","45-49",45,2006,11,33,2214265,54710026
"Northeast","Female","45-49",45,2006,12,25,2214265,54710026
"Northeast","Female","45-49",45,2007,1,36,2211236,54879379
"Northeast","Female","45-49",45,2007,2,35,2211236,54879379
"Northeast","Female","45-49",45,2007,3,40,2211236,54879379
"Northeast","Female","45-49",45,2007,4,39,2211236,54879379
"Northeast","Female","45-49",45,2007,5,40,2211236,54879379
"Northeast","Female","45-49",45,2007,6,34,2211236,54879379
"Northeast","Female","45-49",45,2007,7,18,2211236,54879379
"Northeast","Female","45-49",45,2007,8,37,2211236,54879379
"Northeast","Female","45-49",45,2007,9,30,2211236,54879379
"Northeast","Female","45-49",45,2007,10,26,2211236,54879379
"Northeast","Female","45-49",45,2007,11,36,2211236,54879379
"Northeast","Female","45-49",45,2007,12,38,2211236,54879379
"Northeast","Female","45-49",45,2008,1,46,2205291,55060196
"Northeast","Female","45-49",45,2008,2,38,2205291,55060196
"Northeast","Female","45-49",45,2008,3,36,2205291,55060196
"Northeast","Female","45-49",45,2008,4,35,2205291,55060196
"Northeast","Female","45-49",45,2008,5,36,2205291,55060196
"Northeast","Female","45-49",45,2008,6,25,2205291,55060196
"Northeast","Female","45-49",45,2008,7,26,2205291,55060196
"Northeast","Female","45-49",45,2008,8,36,2205291,55060196
"Northeast","Female","45-49",45,2008,9,31,2205291,55060196
"Northeast","Female","45-49",45,2008,10,37,2205291,55060196
"Northeast","Female","45-49",45,2008,11,28,2205291,55060196
"Northeast","Female","45-49",45,2008,12,30,2205291,55060196
"Northeast","Female","45-49",45,2009,1,32,2202756,55283679
"Northeast","Female","45-49",45,2009,2,23,2202756,55283679
"Northeast","Female","45-49",45,2009,3,33,2202756,55283679
"Northeast","Female","45-49",45,2009,4,29,2202756,55283679
"Northeast","Female","45-49",45,2009,5,20,2202756,55283679
"Northeast","Female","45-49",45,2009,6,16,2202756,55283679
"Northeast","Female","45-49",45,2009,7,36,2202756,55283679
"Northeast","Female","45-49",45,2009,8,23,2202756,55283679
"Northeast","Female","45-49",45,2009,9,32,2202756,55283679
"Northeast","Female","45-49",45,2009,10,38,2202756,55283679
"Northeast","Female","45-49",45,2009,11,32,2202756,55283679
"Northeast","Female","45-49",45,2009,12,31,2202756,55283679
"Northeast","Female","45-49",45,2010,1,30,2180900,55380134
"Northeast","Female","45-49",45,2010,2,26,2180900,55380134
"Northeast","Female","45-49",45,2010,3,27,2180900,55380134
"Northeast","Female","45-49",45,2010,4,40,2180900,55380134
"Northeast","Female","45-49",45,2010,5,40,2180900,55380134
"Northeast","Female","45-49",45,2010,6,34,2180900,55380134
"Northeast","Female","45-49",45,2010,7,35,2180900,55380134
"Northeast","Female","45-49",45,2010,8,29,2180900,55380134
"Northeast","Female","45-49",45,2010,9,24,2180900,55380134
"Northeast","Female","45-49",45,2010,10,34,2180900,55380134
"Northeast","Female","45-49",45,2010,11,30,2180900,55380134
"Northeast","Female","45-49",45,2010,12,42,2180900,55380134
"Northeast","Female","50-54",50,2006,1,14,1998116,54710026
"Northeast","Female","50-54",50,2006,2,26,1998116,54710026
"Northeast","Female","50-54",50,2006,3,14,1998116,54710026
"Northeast","Female","50-54",50,2006,4,27,1998116,54710026
"Northeast","Female","50-54",50,2006,5,23,1998116,54710026
"Northeast","Female","50-54",50,2006,6,24,1998116,54710026
"Northeast","Female","50-54",50,2006,7,26,1998116,54710026
"Northeast","Female","50-54",50,2006,8,25,1998116,54710026
"Northeast","Female","50-54",50,2006,9,23,1998116,54710026
"Northeast","Female","50-54",50,2006,10,20,1998116,54710026
"Northeast","Female","50-54",50,2006,11,18,1998116,54710026
"Northeast","Female","50-54",50,2006,12,15,1998116,54710026
"Northeast","Female","50-54",50,2007,1,26,2047161,54879379
"Northeast","Female","50-54",50,2007,2,25,2047161,54879379
"Northeast","Female","50-54",50,2007,3,26,2047161,54879379
"Northeast","Female","50-54",50,2007,4,31,2047161,54879379
"Northeast","Female","50-54",50,2007,5,27,2047161,54879379
"Northeast","Female","50-54",50,2007,6,32,2047161,54879379
"Northeast","Female","50-54",50,2007,7,24,2047161,54879379
"Northeast","Female","50-54",50,2007,8,30,2047161,54879379
"Northeast","Female","50-54",50,2007,9,27,2047161,54879379
"Northeast","Female","50-54",50,2007,10,28,2047161,54879379
"Northeast","Female","50-54",50,2007,11,27,2047161,54879379
"Northeast","Female","50-54",50,2007,12,16,2047161,54879379
"Northeast","Female","50-54",50,2008,1,27,2092263,55060196
"Northeast","Female","50-54",50,2008,2,32,2092263,55060196
"Northeast","Female","50-54",50,2008,3,28,2092263,55060196
"Northeast","Female","50-54",50,2008,4,25,2092263,55060196
"Northeast","Female","50-54",50,2008,5,23,2092263,55060196
"Northeast","Female","50-54",50,2008,6,25,2092263,55060196
"Northeast","Female","50-54",50,2008,7,34,2092263,55060196
"Northeast","Female","50-54",50,2008,8,18,2092263,55060196
"Northeast","Female","50-54",50,2008,9,27,2092263,55060196
"Northeast","Female","50-54",50,2008,10,25,2092263,55060196
"Northeast","Female","50-54",50,2008,11,34,2092263,55060196
"Northeast","Female","50-54",50,2008,12,39,2092263,55060196
"Northeast","Female","50-54",50,2009,1,25,2134627,55283679
"Northeast","Female","50-54",50,2009,2,29,2134627,55283679
"Northeast","Female","50-54",50,2009,3,24,2134627,55283679
"Northeast","Female","50-54",50,2009,4,22,2134627,55283679
"Northeast","Female","50-54",50,2009,5,23,2134627,55283679
"Northeast","Female","50-54",50,2009,6,23,2134627,55283679
"Northeast","Female","50-54",50,2009,7,33,2134627,55283679
"Northeast","Female","50-54",50,2009,8,27,2134627,55283679
"Northeast","Female","50-54",50,2009,9,26,2134627,55283679
"Northeast","Female","50-54",50,2009,10,21,2134627,55283679
"Northeast","Female","50-54",50,2009,11,30,2134627,55283679
"Northeast","Female","50-54",50,2009,12,31,2134627,55283679
"Northeast","Female","50-54",50,2010,1,34,2165918,55380134
"Northeast","Female","50-54",50,2010,2,31,2165918,55380134
"Northeast","Female","50-54",50,2010,3,37,2165918,55380134
"Northeast","Female","50-54",50,2010,4,24,2165918,55380134
"Northeast","Female","50-54",50,2010,5,27,2165918,55380134
"Northeast","Female","50-54",50,2010,6,28,2165918,55380134
"Northeast","Female","50-54",50,2010,7,21,2165918,55380134
"Northeast","Female","50-54",50,2010,8,23,2165918,55380134
"Northeast","Female","50-54",50,2010,9,20,2165918,55380134
"Northeast","Female","50-54",50,2010,10,36,2165918,55380134
"Northeast","Female","50-54",50,2010,11,27,2165918,55380134
"Northeast","Female","50-54",50,2010,12,35,2165918,55380134
"Northeast","Male","15-19",15,2006,1,5,2014809,54710026
"Northeast","Male","15-19",15,2006,2,7,2014809,54710026
"Northeast","Male","15-19",15,2006,3,9,2014809,54710026
"Northeast","Male","15-19",15,2006,4,7,2014809,54710026
"Northeast","Male","15-19",15,2006,5,7,2014809,54710026
"Northeast","Male","15-19",15,2006,6,12,2014809,54710026
"Northeast","Male","15-19",15,2006,7,7,2014809,54710026
"Northeast","Male","15-19",15,2006,8,7,2014809,54710026
"Northeast","Male","15-19",15,2006,9,12,2014809,54710026
"Northeast","Male","15-19",15,2006,10,14,2014809,54710026
"Northeast","Male","15-19",15,2006,11,6,2014809,54710026
"Northeast","Male","15-19",15,2006,12,2,2014809,54710026
"Northeast","Male","15-19",15,2007,1,7,2025800,54879379
"Northeast","Male","15-19",15,2007,2,7,2025800,54879379
"Northeast","Male","15-19",15,2007,3,10,2025800,54879379
"Northeast","Male","15-19",15,2007,4,11,2025800,54879379
"Northeast","Male","15-19",15,2007,5,5,2025800,54879379
"Northeast","Male","15-19",15,2007,6,5,2025800,54879379
"Northeast","Male","15-19",15,2007,7,8,2025800,54879379
"Northeast","Male","15-19",15,2007,8,13,2025800,54879379
"Northeast","Male","15-19",15,2007,9,9,2025800,54879379
"Northeast","Male","15-19",15,2007,10,10,2025800,54879379
"Northeast","Male","15-19",15,2007,11,3,2025800,54879379
"Northeast","Male","15-19",15,2007,12,10,2025800,54879379
"Northeast","Male","15-19",15,2008,1,13,2028880,55060196
"Northeast","Male","15-19",15,2008,2,12,2028880,55060196
"Northeast","Male","15-19",15,2008,3,12,2028880,55060196
"Northeast","Male","15-19",15,2008,4,12,2028880,55060196
"Northeast","Male","15-19",15,2008,5,8,2028880,55060196
"Northeast","Male","15-19",15,2008,6,10,2028880,55060196
"Northeast","Male","15-19",15,2008,7,10,2028880,55060196
"Northeast","Male","15-19",15,2008,8,5,2028880,55060196
"Northeast","Male","15-19",15,2008,9,8,2028880,55060196
"Northeast","Male","15-19",15,2008,10,7,2028880,55060196
"Northeast","Male","15-19",15,2008,11,11,2028880,55060196
"Northeast","Male","15-19",15,2008,12,9,2028880,55060196
"Northeast","Male","15-19",15,2009,1,7,2015640,55283679
"Northeast","Male","15-19",15,2009,2,5,2015640,55283679
"Northeast","Male","15-19",15,2009,3,11,2015640,55283679
"Northeast","Male","15-19",15,2009,4,4,2015640,55283679
"Northeast","Male","15-19",15,2009,5,10,2015640,55283679
"Northeast","Male","15-19",15,2009,6,8,2015640,55283679
"Northeast","Male","15-19",15,2009,7,5,2015640,55283679
"Northeast","Male","15-19",15,2009,8,6,2015640,55283679
"Northeast","Male","15-19",15,2009,9,11,2015640,55283679
"Northeast","Male","15-19",15,2009,10,4,2015640,55283679
"Northeast","Male","15-19",15,2009,11,7,2015640,55283679
"Northeast","Male","15-19",15,2009,12,4,2015640,55283679
"Northeast","Male","15-19",15,2010,1,7,1988841,55380134
"Northeast","Male","15-19",15,2010,2,9,1988841,55380134
"Northeast","Male","15-19",15,2010,3,9,1988841,55380134
"Northeast","Male","15-19",15,2010,4,8,1988841,55380134
"Northeast","Male","15-19",15,2010,5,7,1988841,55380134
"Northeast","Male","15-19",15,2010,6,4,1988841,55380134
"Northeast","Male","15-19",15,2010,7,6,1988841,55380134
"Northeast","Male","15-19",15,2010,8,6,1988841,55380134
"Northeast","Male","15-19",15,2010,9,9,1988841,55380134
"Northeast","Male","15-19",15,2010,10,4,1988841,55380134
"Northeast","Male","15-19",15,2010,11,6,1988841,55380134
"Northeast","Male","15-19",15,2010,12,11,1988841,55380134
"Northeast","Male","20-24",20,2006,1,32,1835195,54710026
"Northeast","Male","20-24",20,2006,2,22,1835195,54710026
"Northeast","Male","20-24",20,2006,3,28,1835195,54710026
"Northeast","Male","20-24",20,2006,4,42,1835195,54710026
"Northeast","Male","20-24",20,2006,5,38,1835195,54710026
"Northeast","Male","20-24",20,2006,6,47,1835195,54710026
"Northeast","Male","20-24",20,2006,7,40,1835195,54710026
"Northeast","Male","20-24",20,2006,8,30,1835195,54710026
"Northeast","Male","20-24",20,2006,9,38,1835195,54710026
"Northeast","Male","20-24",20,2006,10,38,1835195,54710026
"Northeast","Male","20-24",20,2006,11,27,1835195,54710026
"Northeast","Male","20-24",20,2006,12,29,1835195,54710026
"Northeast","Male","20-24",20,2007,1,41,1854633,54879379
"Northeast","Male","20-24",20,2007,2,23,1854633,54879379
"Northeast","Male","20-24",20,2007,3,35,1854633,54879379
"Northeast","Male","20-24",20,2007,4,37,1854633,54879379
"Northeast","Male","20-24",20,2007,5,31,1854633,54879379
"Northeast","Male","20-24",20,2007,6,27,1854633,54879379
"Northeast","Male","20-24",20,2007,7,27,1854633,54879379
"Northeast","Male","20-24",20,2007,8,26,1854633,54879379
"Northeast","Male","20-24",20,2007,9,32,1854633,54879379
"Northeast","Male","20-24",20,2007,10,31,1854633,54879379
"Northeast","Male","20-24",20,2007,11,24,1854633,54879379
"Northeast","Male","20-24",20,2007,12,34,1854633,54879379
"Northeast","Male","20-24",20,2008,1,15,1875591,55060196
"Northeast","Male","20-24",20,2008,2,33,1875591,55060196
"Northeast","Male","20-24",20,2008,3,25,1875591,55060196
"Northeast","Male","20-24",20,2008,4,21,1875591,55060196
"Northeast","Male","20-24",20,2008,5,35,1875591,55060196
"Northeast","Male","20-24",20,2008,6,32,1875591,55060196
"Northeast","Male","20-24",20,2008,7,29,1875591,55060196
"Northeast","Male","20-24",20,2008,8,27,1875591,55060196
"Northeast","Male","20-24",20,2008,9,23,1875591,55060196
"Northeast","Male","20-24",20,2008,10,30,1875591,55060196
"Northeast","Male","20-24",20,2008,11,39,1875591,55060196
"Northeast","Male","20-24",20,2008,12,32,1875591,55060196
"Northeast","Male","20-24",20,2009,1,22,1907466,55283679
"Northeast","Male","20-24",20,2009,2,23,1907466,55283679
"Northeast","Male","20-24",20,2009,3,32,1907466,55283679
"Northeast","Male","20-24",20,2009,4,23,1907466,55283679
"Northeast","Male","20-24",20,2009,5,32,1907466,55283679
"Northeast","Male","20-24",20,2009,6,28,1907466,55283679
"Northeast","Male","20-24",20,2009,7,29,1907466,55283679
"Northeast","Male","20-24",20,2009,8,31,1907466,55283679
"Northeast","Male","20-24",20,2009,9,31,1907466,55283679
"Northeast","Male","20-24",20,2009,10,25,1907466,55283679
"Northeast","Male","20-24",20,2009,11,16,1907466,55283679
"Northeast","Male","20-24",20,2009,12,29,1907466,55283679
"Northeast","Male","20-24",20,2010,1,26,1940328,55380134
"Northeast","Male","20-24",20,2010,2,24,1940328,55380134
"Northeast","Male","20-24",20,2010,3,40,1940328,55380134
"Northeast","Male","20-24",20,2010,4,30,1940328,55380134
"Northeast","Male","20-24",20,2010,5,25,1940328,55380134
"Northeast","Male","20-24",20,2010,6,34,1940328,55380134
"Northeast","Male","20-24",20,2010,7,24,1940328,55380134
"Northeast","Male","20-24",20,2010,8,27,1940328,55380134
"Northeast","Male","20-24",20,2010,9,34,1940328,55380134
"Northeast","Male","20-24",20,2010,10,36,1940328,55380134
"Northeast","Male","20-24",20,2010,11,29,1940328,55380134
"Northeast","Male","20-24",20,2010,12,33,1940328,55380134
"Northeast","Male","25-29",25,2006,1,37,1720857,54710026
"Northeast","Male","25-29",25,2006,2,22,1720857,54710026
"Northeast","Male","25-29",25,2006,3,45,1720857,54710026
"Northeast","Male","25-29",25,2006,4,44,1720857,54710026
"Northeast","Male","25-29",25,2006,5,35,1720857,54710026
"Northeast","Male","25-29",25,2006,6,41,1720857,54710026
"Northeast","Male","25-29",25,2006,7,36,1720857,54710026
"Northeast","Male","25-29",25,2006,8,43,1720857,54710026
"Northeast","Male","25-29",25,2006,9,47,1720857,54710026
"Northeast","Male","25-29",25,2006,10,42,1720857,54710026
"Northeast","Male","25-29",25,2006,11,32,1720857,54710026
"Northeast","Male","25-29",25,2006,12,40,1720857,54710026
"Northeast","Male","25-29",25,2007,1,34,1742510,54879379
"Northeast","Male","25-29",25,2007,2,41,1742510,54879379
"Northeast","Male","25-29",25,2007,3,48,1742510,54879379
"Northeast","Male","25-29",25,2007,4,45,1742510,54879379
"Northeast","Male","25-29",25,2007,5,53,1742510,54879379
"Northeast","Male","25-29",25,2007,6,41,1742510,54879379
"Northeast","Male","25-29",25,2007,7,49,1742510,54879379
"Northeast","Male","25-29",25,2007,8,43,1742510,54879379
"Northeast","Male","25-29",25,2007,9,32,1742510,54879379
"Northeast","Male","25-29",25,2007,10,36,1742510,54879379
"Northeast","Male","25-29",25,2007,11,34,1742510,54879379
"Northeast","Male","25-29",25,2007,12,30,1742510,54879379
"Northeast","Male","25-29",25,2008,1,25,1772507,55060196
"Northeast","Male","25-29",25,2008,2,37,1772507,55060196
"Northeast","Male","25-29",25,2008,3,33,1772507,55060196
"Northeast","Male","25-29",25,2008,4,35,1772507,55060196
"Northeast","Male","25-29",25,2008,5,54,1772507,55060196
"Northeast","Male","25-29",25,2008,6,37,1772507,55060196
"Northeast","Male","25-29",25,2008,7,47,1772507,55060196
"Northeast","Male","25-29",25,2008,8,29,1772507,55060196
"Northeast","Male","25-29",25,2008,9,27,1772507,55060196
"Northeast","Male","25-29",25,2008,10,32,1772507,55060196
"Northeast","Male","25-29",25,2008,11,38,1772507,55060196
"Northeast","Male","25-29",25,2008,12,43,1772507,55060196
"Northeast","Male","25-29",25,2009,1,42,1790434,55283679
"Northeast","Male","25-29",25,2009,2,30,1790434,55283679
"Northeast","Male","25-29",25,2009,3,32,1790434,55283679
"Northeast","Male","25-29",25,2009,4,41,1790434,55283679
"Northeast","Male","25-29",25,2009,5,54,1790434,55283679
"Northeast","Male","25-29",25,2009,6,39,1790434,55283679
"Northeast","Male","25-29",25,2009,7,41,1790434,55283679
"Northeast","Male","25-29",25,2009,8,49,1790434,55283679
"Northeast","Male","25-29",25,2009,9,44,1790434,55283679
"Northeast","Male","25-29",25,2009,10,30,1790434,55283679
"Northeast","Male","25-29",25,2009,11,37,1790434,55283679
"Northeast","Male","25-29",25,2009,12,33,1790434,55283679
"Northeast","Male","25-29",25,2010,1,39,1809867,55380134
"Northeast","Male","25-29",25,2010,2,38,1809867,55380134
"Northeast","Male","25-29",25,2010,3,41,1809867,55380134
"Northeast","Male","25-29",25,2010,4,43,1809867,55380134
"Northeast","Male","25-29",25,2010,5,32,1809867,55380134
"Northeast","Male","25-29",25,2010,6,39,1809867,55380134
"Northeast","Male","25-29",25,2010,7,33,1809867,55380134
"Northeast","Male","25-29",25,2010,8,39,1809867,55380134
"Northeast","Male","25-29",25,2010,9,36,1809867,55380134
"Northeast","Male","25-29",25,2010,10,42,1809867,55380134
"Northeast","Male","25-29",25,2010,11,43,1809867,55380134
"Northeast","Male","25-29",25,2010,12,47,1809867,55380134
"Northeast","Male","30-34",30,2006,1,28,1655234,54710026
"Northeast","Male","30-34",30,2006,2,37,1655234,54710026
"Northeast","Male","30-34",30,2006,3,37,1655234,54710026
"Northeast","Male","30-34",30,2006,4,38,1655234,54710026
"Northeast","Male","30-34",30,2006,5,39,1655234,54710026
"Northeast","Male","30-34",30,2006,6,40,1655234,54710026
"Northeast","Male","30-34",30,2006,7,35,1655234,54710026
"Northeast","Male","30-34",30,2006,8,50,1655234,54710026
"Northeast","Male","30-34",30,2006,9,39,1655234,54710026
"Northeast","Male","30-34",30,2006,10,26,1655234,54710026
"Northeast","Male","30-34",30,2006,11,36,1655234,54710026
"Northeast","Male","30-34",30,2006,12,35,1655234,54710026
"Northeast","Male","30-34",30,2007,1,36,1636495,54879379
"Northeast","Male","30-34",30,2007,2,34,1636495,54879379
"Northeast","Male","30-34",30,2007,3,32,1636495,54879379
"Northeast","Male","30-34",30,2007,4,40,1636495,54879379
"Northeast","Male","30-34",30,2007,5,37,1636495,54879379
"Northeast","Male","30-34",30,2007,6,39,1636495,54879379
"Northeast","Male","30-34",30,2007,7,31,1636495,54879379
"Northeast","Male","30-34",30,2007,8,41,1636495,54879379
"Northeast","Male","30-34",30,2007,9,35,1636495,54879379
"Northeast","Male","30-34",30,2007,10,24,1636495,54879379
"Northeast","Male","30-34",30,2007,11,28,1636495,54879379
"Northeast","Male","30-34",30,2007,12,34,1636495,54879379
"Northeast","Male","30-34",30,2008,1,30,1645588,55060196
"Northeast","Male","30-34",30,2008,2,26,1645588,55060196
"Northeast","Male","30-34",30,2008,3,37,1645588,55060196
"Northeast","Male","30-34",30,2008,4,36,1645588,55060196
"Northeast","Male","30-34",30,2008,5,50,1645588,55060196
"Northeast","Male","30-34",30,2008,6,37,1645588,55060196
"Northeast","Male","30-34",30,2008,7,34,1645588,55060196
"Northeast","Male","30-34",30,2008,8,25,1645588,55060196
"Northeast","Male","30-34",30,2008,9,33,1645588,55060196
"Northeast","Male","30-34",30,2008,10,39,1645588,55060196
"Northeast","Male","30-34",30,2008,11,34,1645588,55060196
"Northeast","Male","30-34",30,2008,12,35,1645588,55060196
"Northeast","Male","30-34",30,2009,1,47,1668748,55283679
"Northeast","Male","30-34",30,2009,2,31,1668748,55283679
"Northeast","Male","30-34",30,2009,3,40,1668748,55283679
"Northeast","Male","30-34",30,2009,4,27,1668748,55283679
"Northeast","Male","30-34",30,2009,5,26,1668748,55283679
"Northeast","Male","30-34",30,2009,6,28,1668748,55283679
"Northeast","Male","30-34",30,2009,7,25,1668748,55283679
"Northeast","Male","30-34",30,2009,8,34,1668748,55283679
"Northeast","Male","30-34",30,2009,9,35,1668748,55283679
"Northeast","Male","30-34",30,2009,10,23,1668748,55283679
"Northeast","Male","30-34",30,2009,11,39,1668748,55283679
"Northeast","Male","30-34",30,2009,12,34,1668748,55283679
"Northeast","Male","30-34",30,2010,1,38,1696382,55380134
"Northeast","Male","30-34",30,2010,2,36,1696382,55380134
"Northeast","Male","30-34",30,2010,3,44,1696382,55380134
"Northeast","Male","30-34",30,2010,4,20,1696382,55380134
"Northeast","Male","30-34",30,2010,5,47,1696382,55380134
"Northeast","Male","30-34",30,2010,6,30,1696382,55380134
"Northeast","Male","30-34",30,2010,7,28,1696382,55380134
"Northeast","Male","30-34",30,2010,8,34,1696382,55380134
"Northeast","Male","30-34",30,2010,9,38,1696382,55380134
"Northeast","Male","30-34",30,2010,10,40,1696382,55380134
"Northeast","Male","30-34",30,2010,11,27,1696382,55380134
"Northeast","Male","30-34",30,2010,12,41,1696382,55380134
"Northeast","Male","35-39",35,2006,1,43,1905496,54710026
"Northeast","Male","35-39",35,2006,2,28,1905496,54710026
"Northeast","Male","35-39",35,2006,3,41,1905496,54710026
"Northeast","Male","35-39",35,2006,4,47,1905496,54710026
"Northeast","Male","35-39",35,2006,5,38,1905496,54710026
"Northeast","Male","35-39",35,2006,6,56,1905496,54710026
"Northeast","Male","35-39",35,2006,7,61,1905496,54710026
"Northeast","Male","35-39",35,2006,8,52,1905496,54710026
"Northeast","Male","35-39",35,2006,9,47,1905496,54710026
"Northeast","Male","35-39",35,2006,10,46,1905496,54710026
"Northeast","Male","35-39",35,2006,11,40,1905496,54710026
"Northeast","Male","35-39",35,2006,12,38,1905496,54710026
"Northeast","Male","35-39",35,2007,1,33,1870791,54879379
"Northeast","Male","35-39",35,2007,2,35,1870791,54879379
"Northeast","Male","35-39",35,2007,3,49,1870791,54879379
"Northeast","Male","35-39",35,2007,4,41,1870791,54879379
"Northeast","Male","35-39",35,2007,5,46,1870791,54879379
"Northeast","Male","35-39",35,2007,6,36,1870791,54879379
"Northeast","Male","35-39",35,2007,7,40,1870791,54879379
"Northeast","Male","35-39",35,2007,8,42,1870791,54879379
"Northeast","Male","35-39",35,2007,9,38,1870791,54879379
"Northeast","Male","35-39",35,2007,10,33,1870791,54879379
"Northeast","Male","35-39",35,2007,11,40,1870791,54879379
"Northeast","Male","35-39",35,2007,12,29,1870791,54879379
"Northeast","Male","35-39",35,2008,1,47,1825377,55060196
"Northeast","Male","35-39",35,2008,2,50,1825377,55060196
"Northeast","Male","35-39",35,2008,3,37,1825377,55060196
"Northeast","Male","35-39",35,2008,4,39,1825377,55060196
"Northeast","Male","35-39",35,2008,5,39,1825377,55060196
"Northeast","Male","35-39",35,2008,6,37,1825377,55060196
"Northeast","Male","35-39",35,2008,7,36,1825377,55060196
"Northeast","Male","35-39",35,2008,8,45,1825377,55060196
"Northeast","Male","35-39",35,2008,9,37,1825377,55060196
"Northeast","Male","35-39",35,2008,10,42,1825377,55060196
"Northeast","Male","35-39",35,2008,11,31,1825377,55060196
"Northeast","Male","35-39",35,2008,12,32,1825377,55060196
"Northeast","Male","35-39",35,2009,1,37,1772302,55283679
"Northeast","Male","35-39",35,2009,2,34,1772302,55283679
"Northeast","Male","35-39",35,2009,3,32,1772302,55283679
"Northeast","Male","35-39",35,2009,4,35,1772302,55283679
"Northeast","Male","35-39",35,2009,5,27,1772302,55283679
"Northeast","Male","35-39",35,2009,6,33,1772302,55283679
"Northeast","Male","35-39",35,2009,7,31,1772302,55283679
"Northeast","Male","35-39",35,2009,8,37,1772302,55283679
"Northeast","Male","35-39",35,2009,9,32,1772302,55283679
"Northeast","Male","35-39",35,2009,10,30,1772302,55283679
"Northeast","Male","35-39",35,2009,11,24,1772302,55283679
"Northeast","Male","35-39",35,2009,12,24,1772302,55283679
"Northeast","Male","35-39",35,2010,1,41,1713203,55380134
"Northeast","Male","35-39",35,2010,2,28,1713203,55380134
"Northeast","Male","35-39",35,2010,3,37,1713203,55380134
"Northeast","Male","35-39",35,2010,4,33,1713203,55380134
"Northeast","Male","35-39",35,2010,5,31,1713203,55380134
"Northeast","Male","35-39",35,2010,6,38,1713203,55380134
"Northeast","Male","35-39",35,2010,7,31,1713203,55380134
"Northeast","Male","35-39",35,2010,8,32,1713203,55380134
"Northeast","Male","35-39",35,2010,9,32,1713203,55380134
"Northeast","Male","35-39",35,2010,10,27,1713203,55380134
"Northeast","Male","35-39",35,2010,11,43,1713203,55380134
"Northeast","Male","35-39",35,2010,12,35,1713203,55380134
"Northeast","Male","40-44",40,2006,1,53,2090480,54710026
"Northeast","Male","40-44",40,2006,2,57,2090480,54710026
"Northeast","Male","40-44",40,2006,3,60,2090480,54710026
"Northeast","Male","40-44",40,2006,4,65,2090480,54710026
"Northeast","Male","40-44",40,2006,5,80,2090480,54710026
"Northeast","Male","40-44",40,2006,6,70,2090480,54710026
"Northeast","Male","40-44",40,2006,7,79,2090480,54710026
"Northeast","Male","40-44",40,2006,8,61,2090480,54710026
"Northeast","Male","40-44",40,2006,9,59,2090480,54710026
"Northeast","Male","40-44",40,2006,10,55,2090480,54710026
"Northeast","Male","40-44",40,2006,11,65,2090480,54710026
"Northeast","Male","40-44",40,2006,12,49,2090480,54710026
"Northeast","Male","40-44",40,2007,1,53,2037193,54879379
"Northeast","Male","40-44",40,2007,2,52,2037193,54879379
"Northeast","Male","40-44",40,2007,3,59,2037193,54879379
"Northeast","Male","40-44",40,2007,4,63,2037193,54879379
"Northeast","Male","40-44",40,2007,5,61,2037193,54879379
"Northeast","Male","40-44",40,2007,6,57,2037193,54879379
"Northeast","Male","40-44",40,2007,7,56,2037193,54879379
"Northeast","Male","40-44",40,2007,8,77,2037193,54879379
"Northeast","Male","40-44",40,2007,9,47,2037193,54879379
"Northeast","Male","40-44",40,2007,10,48,2037193,54879379
"Northeast","Male","40-44",40,2007,11,50,2037193,54879379
"Northeast","Male","40-44",40,2007,12,51,2037193,54879379
"Northeast","Male","40-44",40,2008,1,45,1985878,55060196
"Northeast","Male","40-44",40,2008,2,40,1985878,55060196
"Northeast","Male","40-44",40,2008,3,65,1985878,55060196
"Northeast","Male","40-44",40,2008,4,40,1985878,55060196
"Northeast","Male","40-44",40,2008,5,43,1985878,55060196
"Northeast","Male","40-44",40,2008,6,45,1985878,55060196
"Northeast","Male","40-44",40,2008,7,44,1985878,55060196
"Northeast","Male","40-44",40,2008,8,44,1985878,55060196
"Northeast","Male","40-44",40,2008,9,44,1985878,55060196
"Northeast","Male","40-44",40,2008,10,46,1985878,55060196
"Northeast","Male","40-44",40,2008,11,43,1985878,55060196
"Northeast","Male","40-44",40,2008,12,41,1985878,55060196
"Northeast","Male","40-44",40,2009,1,57,1932365,55283679
"Northeast","Male","40-44",40,2009,2,28,1932365,55283679
"Northeast","Male","40-44",40,2009,3,30,1932365,55283679
"Northeast","Male","40-44",40,2009,4,34,1932365,55283679
"Northeast","Male","40-44",40,2009,5,41,1932365,55283679
"Northeast","Male","40-44",40,2009,6,48,1932365,55283679
"Northeast","Male","40-44",40,2009,7,50,1932365,55283679
"Northeast","Male","40-44",40,2009,8,44,1932365,55283679
"Northeast","Male","40-44",40,2009,9,44,1932365,55283679
"Northeast","Male","40-44",40,2009,10,34,1932365,55283679
"Northeast","Male","40-44",40,2009,11,42,1932365,55283679
"Northeast","Male","40-44",40,2009,12,43,1932365,55283679
"Northeast","Male","40-44",40,2010,1,42,1902068,55380134
"Northeast","Male","40-44",40,2010,2,45,1902068,55380134
"Northeast","Male","40-44",40,2010,3,50,1902068,55380134
"Northeast","Male","40-44",40,2010,4,45,1902068,55380134
"Northeast","Male","40-44",40,2010,5,47,1902068,55380134
"Northeast","Male","40-44",40,2010,6,39,1902068,55380134
"Northeast","Male","40-44",40,2010,7,45,1902068,55380134
"Northeast","Male","40-44",40,2010,8,45,1902068,55380134
"Northeast","Male","40-44",40,2010,9,39,1902068,55380134
"Northeast","Male","40-44",40,2010,10,35,1902068,55380134
"Northeast","Male","40-44",40,2010,11,32,1902068,55380134
"Northeast","Male","40-44",40,2010,12,51,1902068,55380134
"Northeast","Male","45-49",45,2006,1,56,2122361,54710026
"Northeast","Male","45-49",45,2006,2,61,2122361,54710026
"Northeast","Male","45-49",45,2006,3,63,2122361,54710026
"Northeast","Male","45-49",45,2006,4,61,2122361,54710026
"Northeast","Male","45-49",45,2006,5,57,2122361,54710026
"Northeast","Male","45-49",45,2006,6,54,2122361,54710026
"Northeast","Male","45-49",45,2006,7,70,2122361,54710026
"Northeast","Male","45-49",45,2006,8,69,2122361,54710026
"Northeast","Male","45-49",45,2006,9,62,2122361,54710026
"Northeast","Male","45-49",45,2006,10,60,2122361,54710026
"Northeast","Male","45-49",45,2006,11,58,2122361,54710026
"Northeast","Male","45-49",45,2006,12,54,2122361,54710026
"Northeast","Male","45-49",45,2007,1,61,2120979,54879379
"Northeast","Male","45-49",45,2007,2,49,2120979,54879379
"Northeast","Male","45-49",45,2007,3,54,2120979,54879379
"Northeast","Male","45-49",45,2007,4,53,2120979,54879379
"Northeast","Male","45-49",45,2007,5,55,2120979,54879379
"Northeast","Male","45-49",45,2007,6,56,2120979,54879379
"Northeast","Male","45-49",45,2007,7,58,2120979,54879379
"Northeast","Male","45-49",45,2007,8,45,2120979,54879379
"Northeast","Male","45-49",45,2007,9,45,2120979,54879379
"Northeast","Male","45-49",45,2007,10,48,2120979,54879379
"Northeast","Male","45-49",45,2007,11,61,2120979,54879379
"Northeast","Male","45-49",45,2007,12,48,2120979,54879379
"Northeast","Male","45-49",45,2008,1,49,2111776,55060196
"Northeast","Male","45-49",45,2008,2,59,2111776,55060196
"Northeast","Male","45-49",45,2008,3,68,2111776,55060196
"Northeast","Male","45-49",45,2008,4,61,2111776,55060196
"Northeast","Male","45-49",45,2008,5,76,2111776,55060196
"Northeast","Male","45-49",45,2008,6,55,2111776,55060196
"Northeast","Male","45-49",45,2008,7,41,2111776,55060196
"Northeast","Male","45-49",45,2008,8,57,2111776,55060196
"Northeast","Male","45-49",45,2008,9,49,2111776,55060196
"Northeast","Male","45-49",45,2008,10,51,2111776,55060196
"Northeast","Male","45-49",45,2008,11,60,2111776,55060196
"Northeast","Male","45-49",45,2008,12,62,2111776,55060196
"Northeast","Male","45-49",45,2009,1,51,2108106,55283679
"Northeast","Male","45-49",45,2009,2,50,2108106,55283679
"Northeast","Male","45-49",45,2009,3,51,2108106,55283679
"Northeast","Male","45-49",45,2009,4,48,2108106,55283679
"Northeast","Male","45-49",45,2009,5,49,2108106,55283679
"Northeast","Male","45-49",45,2009,6,52,2108106,55283679
"Northeast","Male","45-49",45,2009,7,63,2108106,55283679
"Northeast","Male","45-49",45,2009,8,64,2108106,55283679
"Northeast","Male","45-49",45,2009,9,42,2108106,55283679
"Northeast","Male","45-49",45,2009,10,45,2108106,55283679
"Northeast","Male","45-49",45,2009,11,53,2108106,55283679
"Northeast","Male","45-49",45,2009,12,50,2108106,55283679
"Northeast","Male","45-49",45,2010,1,51,2085175,55380134
"Northeast","Male","45-49",45,2010,2,43,2085175,55380134
"Northeast","Male","45-49",45,2010,3,58,2085175,55380134
"Northeast","Male","45-49",45,2010,4,45,2085175,55380134
"Northeast","Male","45-49",45,2010,5,67,2085175,55380134
"Northeast","Male","45-49",45,2010,6,54,2085175,55380134
"Northeast","Male","45-49",45,2010,7,58,2085175,55380134
"Northeast","Male","45-49",45,2010,8,47,2085175,55380134
"Northeast","Male","45-49",45,2010,9,56,2085175,55380134
"Northeast","Male","45-49",45,2010,10,45,2085175,55380134
"Northeast","Male","45-49",45,2010,11,48,2085175,55380134
"Northeast","Male","45-49",45,2010,12,41,2085175,55380134
"Northeast","Male","50-54",50,2006,1,43,1895756,54710026
"Northeast","Male","50-54",50,2006,2,45,1895756,54710026
"Northeast","Male","50-54",50,2006,3,49,1895756,54710026
"Northeast","Male","50-54",50,2006,4,38,1895756,54710026
"Northeast","Male","50-54",50,2006,5,45,1895756,54710026
"Northeast","Male","50-54",50,2006,6,48,1895756,54710026
"Northeast","Male","50-54",50,2006,7,43,1895756,54710026
"Northeast","Male","50-54",50,2006,8,49,1895756,54710026
"Northeast","Male","50-54",50,2006,9,44,1895756,54710026
"Northeast","Male","50-54",50,2006,10,51,1895756,54710026
"Northeast","Male","50-54",50,2006,11,40,1895756,54710026
"Northeast","Male","50-54",50,2006,12,45,1895756,54710026
"Northeast","Male","50-54",50,2007,1,41,1942045,54879379
"Northeast","Male","50-54",50,2007,2,47,1942045,54879379
"Northeast","Male","50-54",50,2007,3,46,1942045,54879379
"Northeast","Male","50-54",50,2007,4,45,1942045,54879379
"Northeast","Male","50-54",50,2007,5,48,1942045,54879379
"Northeast","Male","50-54",50,2007,6,44,1942045,54879379
"Northeast","Male","50-54",50,2007,7,52,1942045,54879379
"Northeast","Male","50-54",50,2007,8,32,1942045,54879379
"Northeast","Male","50-54",50,2007,9,51,1942045,54879379
"Northeast","Male","50-54",50,2007,10,49,1942045,54879379
"Northeast","Male","50-54",50,2007,11,49,1942045,54879379
"Northeast","Male","50-54",50,2007,12,38,1942045,54879379
"Northeast","Male","50-54",50,2008,1,45,1990232,55060196
"Northeast","Male","50-54",50,2008,2,58,1990232,55060196
"Northeast","Male","50-54",50,2008,3,44,1990232,55060196
"Northeast","Male","50-54",50,2008,4,42,1990232,55060196
"Northeast","Male","50-54",50,2008,5,48,1990232,55060196
"Northeast","Male","50-54",50,2008,6,54,1990232,55060196
"Northeast","Male","50-54",50,2008,7,59,1990232,55060196
"Northeast","Male","50-54",50,2008,8,47,1990232,55060196
"Northeast","Male","50-54",50,2008,9,34,1990232,55060196
"Northeast","Male","50-54",50,2008,10,48,1990232,55060196
"Northeast","Male","50-54",50,2008,11,35,1990232,55060196
"Northeast","Male","50-54",50,2008,12,46,1990232,55060196
"Northeast","Male","50-54",50,2009,1,35,2028419,55283679
"Northeast","Male","50-54",50,2009,2,49,2028419,55283679
"Northeast","Male","50-54",50,2009,3,49,2028419,55283679
"Northeast","Male","50-54",50,2009,4,44,2028419,55283679
"Northeast","Male","50-54",50,2009,5,39,2028419,55283679
"Northeast","Male","50-54",50,2009,6,33,2028419,55283679
"Northeast","Male","50-54",50,2009,7,42,2028419,55283679
"Northeast","Male","50-54",50,2009,8,36,2028419,55283679
"Northeast","Male","50-54",50,2009,9,31,2028419,55283679
"Northeast","Male","50-54",50,2009,10,34,2028419,55283679
"Northeast","Male","50-54",50,2009,11,36,2028419,55283679
"Northeast","Male","50-54",50,2009,12,57,2028419,55283679
"Northeast","Male","50-54",50,2010,1,41,2059593,55380134
"Northeast","Male","50-54",50,2010,2,35,2059593,55380134
"Northeast","Male","50-54",50,2010,3,45,2059593,55380134
"Northeast","Male","50-54",50,2010,4,60,2059593,55380134
"Northeast","Male","50-54",50,2010,5,53,2059593,55380134
"Northeast","Male","50-54",50,2010,6,36,2059593,55380134
"Northeast","Male","50-54",50,2010,7,39,2059593,55380134
"Northeast","Male","50-54",50,2010,8,41,2059593,55380134
"Northeast","Male","50-54",50,2010,9,40,2059593,55380134
"Northeast","Male","50-54",50,2010,10,43,2059593,55380134
"Northeast","Male","50-54",50,2010,11,34,2059593,55380134
"Northeast","Male","50-54",50,2010,12,51,2059593,55380134
"Midwest","Female","15-19",15,2006,1,3,2375295,66082058
"Midwest","Female","15-19",15,2006,2,4,2375295,66082058
"Midwest","Female","15-19",15,2006,3,7,2375295,66082058
"Midwest","Female","15-19",15,2006,4,1,2375295,66082058
"Midwest","Female","15-19",15,2006,5,5,2375295,66082058
"Midwest","Female","15-19",15,2006,6,5,2375295,66082058
"Midwest","Female","15-19",15,2006,7,4,2375295,66082058
"Midwest","Female","15-19",15,2006,8,4,2375295,66082058
"Midwest","Female","15-19",15,2006,9,3,2375295,66082058
"Midwest","Female","15-19",15,2006,10,3,2375295,66082058
"Midwest","Female","15-19",15,2006,11,3,2375295,66082058
"Midwest","Female","15-19",15,2006,12,4,2375295,66082058
"Midwest","Female","15-19",15,2007,1,6,2386817,66359247
"Midwest","Female","15-19",15,2007,2,6,2386817,66359247
"Midwest","Female","15-19",15,2007,3,5,2386817,66359247
"Midwest","Female","15-19",15,2007,4,2,2386817,66359247
"Midwest","Female","15-19",15,2007,5,3,2386817,66359247
"Midwest","Female","15-19",15,2007,6,5,2386817,66359247
"Midwest","Female","15-19",15,2007,7,4,2386817,66359247
"Midwest","Female","15-19",15,2007,8,8,2386817,66359247
"Midwest","Female","15-19",15,2007,9,8,2386817,66359247
"Midwest","Female","15-19",15,2007,10,4,2386817,66359247
"Midwest","Female","15-19",15,2007,11,2,2386817,66359247
"Midwest","Female","15-19",15,2007,12,2,2386817,66359247
"Midwest","Female","15-19",15,2008,1,4,2384252,66595597
"Midwest","Female","15-19",15,2008,2,5,2384252,66595597
"Midwest","Female","15-19",15,2008,3,4,2384252,66595597
"Midwest","Female","15-19",15,2008,4,6,2384252,66595597
"Midwest","Female","15-19",15,2008,5,4,2384252,66595597
"Midwest","Female","15-19",15,2008,6,6,2384252,66595597
"Midwest","Female","15-19",15,2008,7,4,2384252,66595597
"Midwest","Female","15-19",15,2008,8,4,2384252,66595597
"Midwest","Female","15-19",15,2008,9,7,2384252,66595597
"Midwest","Female","15-19",15,2008,10,3,2384252,66595597
"Midwest","Female","15-19",15,2008,11,4,2384252,66595597
"Midwest","Female","15-19",15,2008,12,6,2384252,66595597
"Midwest","Female","15-19",15,2009,2,6,2367965,66836911
"Midwest","Female","15-19",15,2009,3,5,2367965,66836911
"Midwest","Female","15-19",15,2009,4,4,2367965,66836911
"Midwest","Female","15-19",15,2009,6,1,2367965,66836911
"Midwest","Female","15-19",15,2009,7,3,2367965,66836911
"Midwest","Female","15-19",15,2009,8,5,2367965,66836911
"Midwest","Female","15-19",15,2009,9,5,2367965,66836911
"Midwest","Female","15-19",15,2009,10,2,2367965,66836911
"Midwest","Female","15-19",15,2009,11,1,2367965,66836911
"Midwest","Female","15-19",15,2009,12,2,2367965,66836911
"Midwest","Female","15-19",15,2010,1,3,2335541,66974416
"Midwest","Female","15-19",15,2010,2,2,2335541,66974416
"Midwest","Female","15-19",15,2010,3,6,2335541,66974416
"Midwest","Female","15-19",15,2010,4,6,2335541,66974416
"Midwest","Female","15-19",15,2010,5,4,2335541,66974416
"Midwest","Female","15-19",15,2010,6,3,2335541,66974416
"Midwest","Female","15-19",15,2010,7,2,2335541,66974416
"Midwest","Female","15-19",15,2010,8,3,2335541,66974416
"Midwest","Female","15-19",15,2010,9,8,2335541,66974416
"Midwest","Female","15-19",15,2010,10,3,2335541,66974416
"Midwest","Female","15-19",15,2010,11,5,2335541,66974416
"Midwest","Female","15-19",15,2010,12,3,2335541,66974416
"Midwest","Female","20-24",20,2006,1,7,2281862,66082058
"Midwest","Female","20-24",20,2006,2,13,2281862,66082058
"Midwest","Female","20-24",20,2006,3,13,2281862,66082058
"Midwest","Female","20-24",20,2006,4,17,2281862,66082058
"Midwest","Female","20-24",20,2006,5,18,2281862,66082058
"Midwest","Female","20-24",20,2006,6,12,2281862,66082058
"Midwest","Female","20-24",20,2006,7,13,2281862,66082058
"Midwest","Female","20-24",20,2006,8,13,2281862,66082058
"Midwest","Female","20-24",20,2006,9,10,2281862,66082058
"Midwest","Female","20-24",20,2006,10,12,2281862,66082058
"Midwest","Female","20-24",20,2006,11,16,2281862,66082058
"Midwest","Female","20-24",20,2006,12,13,2281862,66082058
"Midwest","Female","20-24",20,2007,1,6,2256818,66359247
"Midwest","Female","20-24",20,2007,2,9,2256818,66359247
"Midwest","Female","20-24",20,2007,3,10,2256818,66359247
"Midwest","Female","20-24",20,2007,4,17,2256818,66359247
"Midwest","Female","20-24",20,2007,5,12,2256818,66359247
"Midwest","Female","20-24",20,2007,6,13,2256818,66359247
"Midwest","Female","20-24",20,2007,7,10,2256818,66359247
"Midwest","Female","20-24",20,2007,8,7,2256818,66359247
"Midwest","Female","20-24",20,2007,9,10,2256818,66359247
"Midwest","Female","20-24",20,2007,10,7,2256818,66359247
"Midwest","Female","20-24",20,2007,11,9,2256818,66359247
"Midwest","Female","20-24",20,2007,12,9,2256818,66359247
"Midwest","Female","20-24",20,2008,1,16,2246482,66595597
"Midwest","Female","20-24",20,2008,2,8,2246482,66595597
"Midwest","Female","20-24",20,2008,3,17,2246482,66595597
"Midwest","Female","20-24",20,2008,4,10,2246482,66595597
"Midwest","Female","20-24",20,2008,5,17,2246482,66595597
"Midwest","Female","20-24",20,2008,6,13,2246482,66595597
"Midwest","Female","20-24",20,2008,7,13,2246482,66595597
"Midwest","Female","20-24",20,2008,8,11,2246482,66595597
"Midwest","Female","20-24",20,2008,9,13,2246482,66595597
"Midwest","Female","20-24",20,2008,10,6,2246482,66595597
"Midwest","Female","20-24",20,2008,11,12,2246482,66595597
"Midwest","Female","20-24",20,2008,12,21,2246482,66595597
"Midwest","Female","20-24",20,2009,1,11,2248494,66836911
"Midwest","Female","20-24",20,2009,2,15,2248494,66836911
"Midwest","Female","20-24",20,2009,3,14,2248494,66836911
"Midwest","Female","20-24",20,2009,4,9,2248494,66836911
"Midwest","Female","20-24",20,2009,5,15,2248494,66836911
"Midwest","Female","20-24",20,2009,6,8,2248494,66836911
"Midwest","Female","20-24",20,2009,7,7,2248494,66836911
"Midwest","Female","20-24",20,2009,8,9,2248494,66836911
"Midwest","Female","20-24",20,2009,9,9,2248494,66836911
"Midwest","Female","20-24",20,2009,10,15,2248494,66836911
"Midwest","Female","20-24",20,2009,11,16,2248494,66836911
"Midwest","Female","20-24",20,2009,12,13,2248494,66836911
"Midwest","Female","20-24",20,2010,1,11,2262176,66974416
"Midwest","Female","20-24",20,2010,2,17,2262176,66974416
"Midwest","Female","20-24",20,2010,3,14,2262176,66974416
"Midwest","Female","20-24",20,2010,4,21,2262176,66974416
"Midwest","Female","20-24",20,2010,5,19,2262176,66974416
"Midwest","Female","20-24",20,2010,6,10,2262176,66974416
"Midwest","Female","20-24",20,2010,7,15,2262176,66974416
"Midwest","Female","20-24",20,2010,8,15,2262176,66974416
"Midwest","Female","20-24",20,2010,9,11,2262176,66974416
"Midwest","Female","20-24",20,2010,10,18,2262176,66974416
"Midwest","Female","20-24",20,2010,11,13,2262176,66974416
"Midwest","Female","20-24",20,2010,12,18,2262176,66974416
"Midwest","Female","25-29",25,2006,1,17,2111494,66082058
"Midwest","Female","25-29",25,2006,2,7,2111494,66082058
"Midwest","Female","25-29",25,2006,3,19,2111494,66082058
"Midwest","Female","25-29",25,2006,4,13,2111494,66082058
"Midwest","Female","25-29",25,2006,5,17,2111494,66082058
"Midwest","Female","25-29",25,2006,6,19,2111494,66082058
"Midwest","Female","25-29",25,2006,7,19,2111494,66082058
"Midwest","Female","25-29",25,2006,8,13,2111494,66082058
"Midwest","Female","25-29",25,2006,9,18,2111494,66082058
"Midwest","Female","25-29",25,2006,10,12,2111494,66082058
"Midwest","Female","25-29",25,2006,11,16,2111494,66082058
"Midwest","Female","25-29",25,2006,12,13,2111494,66082058
"Midwest","Female","25-29",25,2007,1,18,2160008,66359247
"Midwest","Female","25-29",25,2007,2,19,2160008,66359247
"Midwest","Female","25-29",25,2007,3,17,2160008,66359247
"Midwest","Female","25-29",25,2007,4,13,2160008,66359247
"Midwest","Female","25-29",25,2007,5,18,2160008,66359247
"Midwest","Female","25-29",25,2007,6,20,2160008,66359247
"Midwest","Female","25-29",25,2007,7,18,2160008,66359247
"Midwest","Female","25-29",25,2007,8,17,2160008,66359247
"Midwest","Female","25-29",25,2007,9,12,2160008,66359247
"Midwest","Female","25-29",25,2007,10,14,2160008,66359247
"Midwest","Female","25-29",25,2007,11,10,2160008,66359247
"Midwest","Female","25-29",25,2007,12,14,2160008,66359247
"Midwest","Female","25-29",25,2008,1,12,2189268,66595597
"Midwest","Female","25-29",25,2008,2,22,2189268,66595597
"Midwest","Female","25-29",25,2008,3,21,2189268,66595597
"Midwest","Female","25-29",25,2008,4,24,2189268,66595597
"Midwest","Female","25-29",25,2008,5,25,2189268,66595597
"Midwest","Female","25-29",25,2008,6,12,2189268,66595597
"Midwest","Female","25-29",25,2008,7,19,2189268,66595597
"Midwest","Female","25-29",25,2008,8,11,2189268,66595597
"Midwest","Female","25-29",25,2008,9,16,2189268,66595597
"Midwest","Female","25-29",25,2008,10,14,2189268,66595597
"Midwest","Female","25-29",25,2008,11,13,2189268,66595597
"Midwest","Female","25-29",25,2008,12,12,2189268,66595597
"Midwest","Female","25-29",25,2009,1,29,2198322,66836911
"Midwest","Female","25-29",25,2009,2,20,2198322,66836911
"Midwest","Female","25-29",25,2009,3,15,2198322,66836911
"Midwest","Female","25-29",25,2009,4,21,2198322,66836911
"Midwest","Female","25-29",25,2009,5,22,2198322,66836911
"Midwest","Female","25-29",25,2009,6,15,2198322,66836911
"Midwest","Female","25-29",25,2009,7,17,2198322,66836911
"Midwest","Female","25-29",25,2009,8,20,2198322,66836911
"Midwest","Female","25-29",25,2009,9,16,2198322,66836911
"Midwest","Female","25-29",25,2009,10,17,2198322,66836911
"Midwest","Female","25-29",25,2009,11,15,2198322,66836911
"Midwest","Female","25-29",25,2009,12,23,2198322,66836911
"Midwest","Female","25-29",25,2010,1,25,2192180,66974416
"Midwest","Female","25-29",25,2010,2,14,2192180,66974416
"Midwest","Female","25-29",25,2010,3,21,2192180,66974416
"Midwest","Female","25-29",25,2010,4,24,2192180,66974416
"Midwest","Female","25-29",25,2010,5,30,2192180,66974416
"Midwest","Female","25-29",25,2010,6,15,2192180,66974416
"Midwest","Female","25-29",25,2010,7,17,2192180,66974416
"Midwest","Female","25-29",25,2010,8,23,2192180,66974416
"Midwest","Female","25-29",25,2010,9,18,2192180,66974416
"Midwest","Female","25-29",25,2010,10,16,2192180,66974416
"Midwest","Female","25-29",25,2010,11,34,2192180,66974416
"Midwest","Female","25-29",25,2010,12,25,2192180,66974416
"Midwest","Female","30-34",30,2006,1,17,2038897,66082058
"Midwest","Female","30-34",30,2006,2,17,2038897,66082058
"Midwest","Female","30-34",30,2006,3,13,2038897,66082058
"Midwest","Female","30-34",30,2006,4,27,2038897,66082058
"Midwest","Female","30-34",30,2006,5,22,2038897,66082058
"Midwest","Female","30-34",30,2006,6,22,2038897,66082058
"Midwest","Female","30-34",30,2006,7,15,2038897,66082058
"Midwest","Female","30-34",30,2006,8,12,2038897,66082058
"Midwest","Female","30-34",30,2006,9,21,2038897,66082058
"Midwest","Female","30-34",30,2006,10,17,2038897,66082058
"Midwest","Female","30-34",30,2006,11,18,2038897,66082058
"Midwest","Female","30-34",30,2006,12,11,2038897,66082058
"Midwest","Female","30-34",30,2007,1,12,2015028,66359247
"Midwest","Female","30-34",30,2007,2,21,2015028,66359247
"Midwest","Female","30-34",30,2007,3,16,2015028,66359247
"Midwest","Female","30-34",30,2007,4,12,2015028,66359247
"Midwest","Female","30-34",30,2007,5,11,2015028,66359247
"Midwest","Female","30-34",30,2007,6,16,2015028,66359247
"Midwest","Female","30-34",30,2007,7,18,2015028,66359247
"Midwest","Female","30-34",30,2007,8,17,2015028,66359247
"Midwest","Female","30-34",30,2007,9,13,2015028,66359247
"Midwest","Female","30-34",30,2007,10,20,2015028,66359247
"Midwest","Female","30-34",30,2007,11,19,2015028,66359247
"Midwest","Female","30-34",30,2007,12,28,2015028,66359247
"Midwest","Female","30-34",30,2008,1,15,2018043,66595597
"Midwest","Female","30-34",30,2008,2,26,2018043,66595597
"Midwest","Female","30-34",30,2008,3,12,2018043,66595597
"Midwest","Female","30-34",30,2008,4,16,2018043,66595597
"Midwest","Female","30-34",30,2008,5,29,2018043,66595597
"Midwest","Female","30-34",30,2008,6,14,2018043,66595597
"Midwest","Female","30-34",30,2008,7,27,2018043,66595597
"Midwest","Female","30-34",30,2008,8,20,2018043,66595597
"Midwest","Female","30-34",30,2008,9,17,2018043,66595597
"Midwest","Female","30-34",30,2008,10,19,2018043,66595597
"Midwest","Female","30-34",30,2008,11,14,2018043,66595597
"Midwest","Female","30-34",30,2008,12,29,2018043,66595597
"Midwest","Female","30-34",30,2009,1,23,2047045,66836911
"Midwest","Female","30-34",30,2009,2,18,2047045,66836911
"Midwest","Female","30-34",30,2009,3,23,2047045,66836911
"Midwest","Female","30-34",30,2009,4,21,2047045,66836911
"Midwest","Female","30-34",30,2009,5,23,2047045,66836911
"Midwest","Female","30-34",30,2009,6,23,2047045,66836911
"Midwest","Female","30-34",30,2009,7,24,2047045,66836911
"Midwest","Female","30-34",30,2009,8,21,2047045,66836911
"Midwest","Female","30-34",30,2009,9,24,2047045,66836911
"Midwest","Female","30-34",30,2009,10,27,2047045,66836911
"Midwest","Female","30-34",30,2009,11,17,2047045,66836911
"Midwest","Female","30-34",30,2009,12,20,2047045,66836911
"Midwest","Female","30-34",30,2010,1,24,2086614,66974416
"Midwest","Female","30-34",30,2010,2,24,2086614,66974416
"Midwest","Female","30-34",30,2010,3,24,2086614,66974416
"Midwest","Female","30-34",30,2010,4,29,2086614,66974416
"Midwest","Female","30-34",30,2010,5,28,2086614,66974416
"Midwest","Female","30-34",30,2010,6,21,2086614,66974416
"Midwest","Female","30-34",30,2010,7,27,2086614,66974416
"Midwest","Female","30-34",30,2010,8,25,2086614,66974416
"Midwest","Female","30-34",30,2010,9,22,2086614,66974416
"Midwest","Female","30-34",30,2010,10,43,2086614,66974416
"Midwest","Female","30-34",30,2010,11,26,2086614,66974416
"Midwest","Female","30-34",30,2010,12,34,2086614,66974416
"Midwest","Female","35-39",35,2006,1,25,2227299,66082058
"Midwest","Female","35-39",35,2006,2,23,2227299,66082058
"Midwest","Female","35-39",35,2006,3,28,2227299,66082058
"Midwest","Female","35-39",35,2006,4,27,2227299,66082058
"Midwest","Female","35-39",35,2006,5,28,2227299,66082058
"Midwest","Female","35-39",35,2006,6,34,2227299,66082058
"Midwest","Female","35-39",35,2006,7,24,2227299,66082058
"Midwest","Female","35-39",35,2006,8,36,2227299,66082058
"Midwest","Female","35-39",35,2006,9,27,2227299,66082058
"Midwest","Female","35-39",35,2006,10,33,2227299,66082058
"Midwest","Female","35-39",35,2006,11,40,2227299,66082058
"Midwest","Female","35-39",35,2006,12,26,2227299,66082058
"Midwest","Female","35-39",35,2007,1,26,2213670,66359247
"Midwest","Female","35-39",35,2007,2,26,2213670,66359247
"Midwest","Female","35-39",35,2007,3,23,2213670,66359247
"Midwest","Female","35-39",35,2007,4,24,2213670,66359247
"Midwest","Female","35-39",35,2007,5,23,2213670,66359247
"Midwest","Female","35-39",35,2007,6,28,2213670,66359247
"Midwest","Female","35-39",35,2007,7,30,2213670,66359247
"Midwest","Female","35-39",35,2007,8,24,2213670,66359247
"Midwest","Female","35-39",35,2007,9,30,2213670,66359247
"Midwest","Female","35-39",35,2007,10,25,2213670,66359247
"Midwest","Female","35-39",35,2007,11,14,2213670,66359247
"Midwest","Female","35-39",35,2007,12,28,2213670,66359247
"Midwest","Female","35-39",35,2008,1,19,2182658,66595597
"Midwest","Female","35-39",35,2008,2,37,2182658,66595597
"Midwest","Female","35-39",35,2008,3,25,2182658,66595597
"Midwest","Female","35-39",35,2008,4,22,2182658,66595597
"Midwest","Female","35-39",35,2008,5,26,2182658,66595597
"Midwest","Female","35-39",35,2008,6,24,2182658,66595597
"Midwest","Female","35-39",35,2008,7,25,2182658,66595597
"Midwest","Female","35-39",35,2008,8,35,2182658,66595597
"Midwest","Female","35-39",35,2008,9,26,2182658,66595597
"Midwest","Female","35-39",35,2008,10,28,2182658,66595597
"Midwest","Female","35-39",35,2008,11,32,2182658,66595597
"Midwest","Female","35-39",35,2008,12,23,2182658,66595597
"Midwest","Female","35-39",35,2009,1,20,2135202,66836911
"Midwest","Female","35-39",35,2009,2,29,2135202,66836911
"Midwest","Female","35-39",35,2009,3,27,2135202,66836911
"Midwest","Female","35-39",35,2009,4,22,2135202,66836911
"Midwest","Female","35-39",35,2009,5,30,2135202,66836911
"Midwest","Female","35-39",35,2009,6,23,2135202,66836911
"Midwest","Female","35-39",35,2009,7,32,2135202,66836911
"Midwest","Female","35-39",35,2009,8,37,2135202,66836911
"Midwest","Female","35-39",35,2009,9,24,2135202,66836911
"Midwest","Female","35-39",35,2009,10,22,2135202,66836911
"Midwest","Female","35-39",35,2009,11,31,2135202,66836911
"Midwest","Female","35-39",35,2009,12,25,2135202,66836911
"Midwest","Female","35-39",35,2010,1,37,2080273,66974416
"Midwest","Female","35-39",35,2010,2,34,2080273,66974416
"Midwest","Female","35-39",35,2010,3,31,2080273,66974416
"Midwest","Female","35-39",35,2010,4,39,2080273,66974416
"Midwest","Female","35-39",35,2010,5,27,2080273,66974416
"Midwest","Female","35-39",35,2010,6,21,2080273,66974416
"Midwest","Female","35-39",35,2010,7,32,2080273,66974416
"Midwest","Female","35-39",35,2010,8,26,2080273,66974416
"Midwest","Female","35-39",35,2010,9,36,2080273,66974416
"Midwest","Female","35-39",35,2010,10,24,2080273,66974416
"Midwest","Female","35-39",35,2010,11,26,2080273,66974416
"Midwest","Female","35-39",35,2010,12,27,2080273,66974416
"Midwest","Female","40-44",40,2006,1,43,2443519,66082058
"Midwest","Female","40-44",40,2006,2,26,2443519,66082058
"Midwest","Female","40-44",40,2006,3,38,2443519,66082058
"Midwest","Female","40-44",40,2006,4,41,2443519,66082058
"Midwest","Female","40-44",40,2006,5,41,2443519,66082058
"Midwest","Female","40-44",40,2006,6,38,2443519,66082058
"Midwest","Female","40-44",40,2006,7,40,2443519,66082058
"Midwest","Female","40-44",40,2006,8,38,2443519,66082058
"Midwest","Female","40-44",40,2006,9,32,2443519,66082058
"Midwest","Female","40-44",40,2006,10,46,2443519,66082058
"Midwest","Female","40-44",40,2006,11,41,2443519,66082058
"Midwest","Female","40-44",40,2006,12,44,2443519,66082058
"Midwest","Female","40-44",40,2007,1,38,2367087,66359247
"Midwest","Female","40-44",40,2007,2,35,2367087,66359247
"Midwest","Female","40-44",40,2007,3,53,2367087,66359247
"Midwest","Female","40-44",40,2007,4,48,2367087,66359247
"Midwest","Female","40-44",40,2007,5,32,2367087,66359247
"Midwest","Female","40-44",40,2007,6,40,2367087,66359247
"Midwest","Female","40-44",40,2007,7,28,2367087,66359247
"Midwest","Female","40-44",40,2007,8,48,2367087,66359247
"Midwest","Female","40-44",40,2007,9,43,2367087,66359247
"Midwest","Female","40-44",40,2007,10,31,2367087,66359247
"Midwest","Female","40-44",40,2007,11,33,2367087,66359247
"Midwest","Female","40-44",40,2007,12,53,2367087,66359247
"Midwest","Female","40-44",40,2008,1,49,2288418,66595597
"Midwest","Female","40-44",40,2008,2,37,2288418,66595597
"Midwest","Female","40-44",40,2008,3,45,2288418,66595597
"Midwest","Female","40-44",40,2008,4,47,2288418,66595597
"Midwest","Female","40-44",40,2008,5,36,2288418,66595597
"Midwest","Female","40-44",40,2008,6,41,2288418,66595597
"Midwest","Female","40-44",40,2008,7,50,2288418,66595597
"Midwest","Female","40-44",40,2008,8,35,2288418,66595597
"Midwest","Female","40-44",40,2008,9,42,2288418,66595597
"Midwest","Female","40-44",40,2008,10,22,2288418,66595597
"Midwest","Female","40-44",40,2008,11,39,2288418,66595597
"Midwest","Female","40-44",40,2008,12,35,2288418,66595597
"Midwest","Female","40-44",40,2009,1,18,2225102,66836911
"Midwest","Female","40-44",40,2009,2,36,2225102,66836911
"Midwest","Female","40-44",40,2009,3,38,2225102,66836911
"Midwest","Female","40-44",40,2009,4,33,2225102,66836911
"Midwest","Female","40-44",40,2009,5,28,2225102,66836911
"Midwest","Female","40-44",40,2009,6,42,2225102,66836911
"Midwest","Female","40-44",40,2009,7,41,2225102,66836911
"Midwest","Female","40-44",40,2009,8,31,2225102,66836911
"Midwest","Female","40-44",40,2009,9,40,2225102,66836911
"Midwest","Female","40-44",40,2009,10,39,2225102,66836911
"Midwest","Female","40-44",40,2009,11,37,2225102,66836911
"Midwest","Female","40-44",40,2009,12,40,2225102,66836911
"Midwest","Female","40-44",40,2010,1,47,2197075,66974416
"Midwest","Female","40-44",40,2010,2,30,2197075,66974416
"Midwest","Female","40-44",40,2010,3,35,2197075,66974416
"Midwest","Female","40-44",40,2010,4,32,2197075,66974416
"Midwest","Female","40-44",40,2010,5,40,2197075,66974416
"Midwest","Female","40-44",40,2010,6,26,2197075,66974416
"Midwest","Female","40-44",40,2010,7,44,2197075,66974416
"Midwest","Female","40-44",40,2010,8,33,2197075,66974416
"Midwest","Female","40-44",40,2010,9,30,2197075,66974416
"Midwest","Female","40-44",40,2010,10,42,2197075,66974416
"Midwest","Female","40-44",40,2010,11,37,2197075,66974416
"Midwest","Female","40-44",40,2010,12,30,2197075,66974416
"Midwest","Female","45-49",45,2006,1,36,2591216,66082058
"Midwest","Female","45-49",45,2006,2,53,2591216,66082058
"Midwest","Female","45-49",45,2006,3,48,2591216,66082058
"Midwest","Female","45-49",45,2006,4,43,2591216,66082058
"Midwest","Female","45-49",45,2006,5,43,2591216,66082058
"Midwest","Female","45-49",45,2006,6,31,2591216,66082058
"Midwest","Female","45-49",45,2006,7,41,2591216,66082058
"Midwest","Female","45-49",45,2006,8,48,2591216,66082058
"Midwest","Female","45-49",45,2006,9,53,2591216,66082058
"Midwest","Female","45-49",45,2006,10,41,2591216,66082058
"Midwest","Female","45-49",45,2006,11,35,2591216,66082058
"Midwest","Female","45-49",45,2006,12,43,2591216,66082058
"Midwest","Female","45-49",45,2007,1,52,2581924,66359247
"Midwest","Female","45-49",45,2007,2,52,2581924,66359247
"Midwest","Female","45-49",45,2007,3,64,2581924,66359247
"Midwest","Female","45-49",45,2007,4,49,2581924,66359247
"Midwest","Female","45-49",45,2007,5,38,2581924,66359247
"Midwest","Female","45-49",45,2007,6,37,2581924,66359247
"Midwest","Female","45-49",45,2007,7,40,2581924,66359247
"Midwest","Female","45-49",45,2007,8,43,2581924,66359247
"Midwest","Female","45-49",45,2007,9,46,2581924,66359247
"Midwest","Female","45-49",45,2007,10,48,2581924,66359247
"Midwest","Female","45-49",45,2007,11,60,2581924,66359247
"Midwest","Female","45-49",45,2007,12,61,2581924,66359247
"Midwest","Female","45-49",45,2008,1,42,2559631,66595597
"Midwest","Female","45-49",45,2008,2,54,2559631,66595597
"Midwest","Female","45-49",45,2008,3,50,2559631,66595597
"Midwest","Female","45-49",45,2008,4,40,2559631,66595597
"Midwest","Female","45-49",45,2008,5,46,2559631,66595597
"Midwest","Female","45-49",45,2008,6,44,2559631,66595597
"Midwest","Female","45-49",45,2008,7,47,2559631,66595597
"Midwest","Female","45-49",45,2008,8,49,2559631,66595597
"Midwest","Female","45-49",45,2008,9,56,2559631,66595597
"Midwest","Female","45-49",45,2008,10,54,2559631,66595597
"Midwest","Female","45-49",45,2008,11,57,2559631,66595597
"Midwest","Female","45-49",45,2008,12,53,2559631,66595597
"Midwest","Female","45-49",45,2009,1,47,2537348,66836911
"Midwest","Female","45-49",45,2009,2,38,2537348,66836911
"Midwest","Female","45-49",45,2009,3,50,2537348,66836911
"Midwest","Female","45-49",45,2009,4,37,2537348,66836911
"Midwest","Female","45-49",45,2009,5,57,2537348,66836911
"Midwest","Female","45-49",45,2009,6,34,2537348,66836911
"Midwest","Female","45-49",45,2009,7,37,2537348,66836911
"Midwest","Female","45-49",45,2009,8,36,2537348,66836911
"Midwest","Female","45-49",45,2009,9,51,2537348,66836911
"Midwest","Female","45-49",45,2009,10,50,2537348,66836911
"Midwest","Female","45-49",45,2009,11,43,2537348,66836911
"Midwest","Female","45-49",45,2009,12,44,2537348,66836911
"Midwest","Female","45-49",45,2010,1,54,2484884,66974416
"Midwest","Female","45-49",45,2010,2,41,2484884,66974416
"Midwest","Female","45-49",45,2010,3,52,2484884,66974416
"Midwest","Female","45-49",45,2010,4,65,2484884,66974416
"Midwest","Female","45-49",45,2010,5,48,2484884,66974416
"Midwest","Female","45-49",45,2010,6,39,2484884,66974416
"Midwest","Female","45-49",45,2010,7,49,2484884,66974416
"Midwest","Female","45-49",45,2010,8,65,2484884,66974416
"Midwest","Female","45-49",45,2010,9,50,2484884,66974416
"Midwest","Female","45-49",45,2010,10,51,2484884,66974416
"Midwest","Female","45-49",45,2010,11,60,2484884,66974416
"Midwest","Female","45-49",45,2010,12,40,2484884,66974416
"Midwest","Female","50-54",50,2006,1,25,2368058,66082058
"Midwest","Female","50-54",50,2006,2,39,2368058,66082058
"Midwest","Female","50-54",50,2006,3,33,2368058,66082058
"Midwest","Female","50-54",50,2006,4,29,2368058,66082058
"Midwest","Female","50-54",50,2006,5,33,2368058,66082058
"Midwest","Female","50-54",50,2006,6,33,2368058,66082058
"Midwest","Female","50-54",50,2006,7,37,2368058,66082058
"Midwest","Female","50-54",50,2006,8,24,2368058,66082058
"Midwest","Female","50-54",50,2006,9,23,2368058,66082058
"Midwest","Female","50-54",50,2006,10,26,2368058,66082058
"Midwest","Female","50-54",50,2006,11,39,2368058,66082058
"Midwest","Female","50-54",50,2006,12,35,2368058,66082058
"Midwest","Female","50-54",50,2007,1,55,2425099,66359247
"Midwest","Female","50-54",50,2007,2,55,2425099,66359247
"Midwest","Female","50-54",50,2007,3,43,2425099,66359247
"Midwest","Female","50-54",50,2007,4,36,2425099,66359247
"Midwest","Female","50-54",50,2007,5,41,2425099,66359247
"Midwest","Female","50-54",50,2007,6,44,2425099,66359247
"Midwest","Female","50-54",50,2007,7,29,2425099,66359247
"Midwest","Female","50-54",50,2007,8,37,2425099,66359247
"Midwest","Female","50-54",50,2007,9,40,2425099,66359247
"Midwest","Female","50-54",50,2007,10,41,2425099,66359247
"Midwest","Female","50-54",50,2007,11,32,2425099,66359247
"Midwest","Female","50-54",50,2007,12,45,2425099,66359247
"Midwest","Female","50-54",50,2008,1,25,2477183,66595597
"Midwest","Female","50-54",50,2008,2,38,2477183,66595597
"Midwest","Female","50-54",50,2008,3,40,2477183,66595597
"Midwest","Female","50-54",50,2008,4,38,2477183,66595597
"Midwest","Female","50-54",50,2008,5,48,2477183,66595597
"Midwest","Female","50-54",50,2008,6,38,2477183,66595597
"Midwest","Female","50-54",50,2008,7,38,2477183,66595597
"Midwest","Female","50-54",50,2008,8,39,2477183,66595597
"Midwest","Female","50-54",50,2008,9,35,2477183,66595597
"Midwest","Female","50-54",50,2008,10,43,2477183,66595597
"Midwest","Female","50-54",50,2008,11,33,2477183,66595597
"Midwest","Female","50-54",50,2008,12,44,2477183,66595597
"Midwest","Female","50-54",50,2009,1,38,2510501,66836911
"Midwest","Female","50-54",50,2009,2,41,2510501,66836911
"Midwest","Female","50-54",50,2009,3,42,2510501,66836911
"Midwest","Female","50-54",50,2009,4,32,2510501,66836911
"Midwest","Female","50-54",50,2009,5,40,2510501,66836911
"Midwest","Female","50-54",50,2009,6,50,2510501,66836911
"Midwest","Female","50-54",50,2009,7,48,2510501,66836911
"Midwest","Female","50-54",50,2009,8,49,2510501,66836911
"Midwest","Female","50-54",50,2009,9,32,2510501,66836911
"Midwest","Female","50-54",50,2009,10,51,2510501,66836911
"Midwest","Female","50-54",50,2009,11,51,2510501,66836911
"Midwest","Female","50-54",50,2009,12,39,2510501,66836911
"Midwest","Female","50-54",50,2010,1,56,2537854,66974416
"Midwest","Female","50-54",50,2010,2,33,2537854,66974416
"Midwest","Female","50-54",50,2010,3,49,2537854,66974416
"Midwest","Female","50-54",50,2010,4,38,2537854,66974416
"Midwest","Female","50-54",50,2010,5,48,2537854,66974416
"Midwest","Female","50-54",50,2010,6,38,2537854,66974416
"Midwest","Female","50-54",50,2010,7,47,2537854,66974416
"Midwest","Female","50-54",50,2010,8,44,2537854,66974416
"Midwest","Female","50-54",50,2010,9,52,2537854,66974416
"Midwest","Female","50-54",50,2010,10,41,2537854,66974416
"Midwest","Female","50-54",50,2010,11,49,2537854,66974416
"Midwest","Female","50-54",50,2010,12,47,2537854,66974416
"Midwest","Male","15-19",15,2006,1,11,2506899,66082058
"Midwest","Male","15-19",15,2006,2,9,2506899,66082058
"Midwest","Male","15-19",15,2006,3,7,2506899,66082058
"Midwest","Male","15-19",15,2006,4,14,2506899,66082058
"Midwest","Male","15-19",15,2006,5,15,2506899,66082058
"Midwest","Male","15-19",15,2006,6,11,2506899,66082058
"Midwest","Male","15-19",15,2006,7,14,2506899,66082058
"Midwest","Male","15-19",15,2006,8,10,2506899,66082058
"Midwest","Male","15-19",15,2006,9,16,2506899,66082058
"Midwest","Male","15-19",15,2006,10,14,2506899,66082058
"Midwest","Male","15-19",15,2006,11,8,2506899,66082058
"Midwest","Male","15-19",15,2006,12,12,2506899,66082058
"Midwest","Male","15-19",15,2007,1,10,2516259,66359247
"Midwest","Male","15-19",15,2007,2,16,2516259,66359247
"Midwest","Male","15-19",15,2007,3,12,2516259,66359247
"Midwest","Male","15-19",15,2007,4,18,2516259,66359247
"Midwest","Male","15-19",15,2007,5,11,2516259,66359247
"Midwest","Male","15-19",15,2007,6,16,2516259,66359247
"Midwest","Male","15-19",15,2007,7,8,2516259,66359247
"Midwest","Male","15-19",15,2007,8,13,2516259,66359247
"Midwest","Male","15-19",15,2007,9,19,2516259,66359247
"Midwest","Male","15-19",15,2007,10,12,2516259,66359247
"Midwest","Male","15-19",15,2007,11,15,2516259,66359247
"Midwest","Male","15-19",15,2007,12,14,2516259,66359247
"Midwest","Male","15-19",15,2008,1,15,2513306,66595597
"Midwest","Male","15-19",15,2008,2,9,2513306,66595597
"Midwest","Male","15-19",15,2008,3,15,2513306,66595597
"Midwest","Male","15-19",15,2008,4,15,2513306,66595597
"Midwest","Male","15-19",15,2008,5,10,2513306,66595597
"Midwest","Male","15-19",15,2008,6,9,2513306,66595597
"Midwest","Male","15-19",15,2008,7,14,2513306,66595597
"Midwest","Male","15-19",15,2008,8,7,2513306,66595597
"Midwest","Male","15-19",15,2008,9,8,2513306,66595597
"Midwest","Male","15-19",15,2008,10,14,2513306,66595597
"Midwest","Male","15-19",15,2008,11,12,2513306,66595597
"Midwest","Male","15-19",15,2008,12,15,2513306,66595597
"Midwest","Male","15-19",15,2009,1,13,2493250,66836911
"Midwest","Male","15-19",15,2009,2,7,2493250,66836911
"Midwest","Male","15-19",15,2009,3,17,2493250,66836911
"Midwest","Male","15-19",15,2009,4,13,2493250,66836911
"Midwest","Male","15-19",15,2009,5,9,2493250,66836911
"Midwest","Male","15-19",15,2009,6,8,2493250,66836911
"Midwest","Male","15-19",15,2009,7,6,2493250,66836911
"Midwest","Male","15-19",15,2009,8,7,2493250,66836911
"Midwest","Male","15-19",15,2009,9,15,2493250,66836911
"Midwest","Male","15-19",15,2009,10,12,2493250,66836911
"Midwest","Male","15-19",15,2009,11,8,2493250,66836911
"Midwest","Male","15-19",15,2009,12,8,2493250,66836911
"Midwest","Male","15-19",15,2010,1,14,2460517,66974416
"Midwest","Male","15-19",15,2010,2,13,2460517,66974416
"Midwest","Male","15-19",15,2010,3,12,2460517,66974416
"Midwest","Male","15-19",15,2010,4,12,2460517,66974416
"Midwest","Male","15-19",15,2010,5,14,2460517,66974416
"Midwest","Male","15-19",15,2010,6,12,2460517,66974416
"Midwest","Male","15-19",15,2010,7,18,2460517,66974416
"Midwest","Male","15-19",15,2010,8,14,2460517,66974416
"Midwest","Male","15-19",15,2010,9,12,2460517,66974416
"Midwest","Male","15-19",15,2010,10,12,2460517,66974416
"Midwest","Male","15-19",15,2010,11,8,2460517,66974416
"Midwest","Male","15-19",15,2010,12,5,2460517,66974416
"Midwest","Male","20-24",20,2006,1,28,2371628,66082058
"Midwest","Male","20-24",20,2006,2,35,2371628,66082058
"Midwest","Male","20-24",20,2006,3,27,2371628,66082058
"Midwest","Male","20-24",20,2006,4,31,2371628,66082058
"Midwest","Male","20-24",20,2006,5,34,2371628,66082058
"Midwest","Male","20-24",20,2006,6,45,2371628,66082058
"Midwest","Male","20-24",20,2006,7,36,2371628,66082058
"Midwest","Male","20-24",20,2006,8,33,2371628,66082058
"Midwest","Male","20-24",20,2006,9,32,2371628,66082058
"Midwest","Male","20-24",20,2006,10,40,2371628,66082058
"Midwest","Male","20-24",20,2006,11,36,2371628,66082058
"Midwest","Male","20-24",20,2006,12,34,2371628,66082058
"Midwest","Male","20-24",20,2007,1,34,2339867,66359247
"Midwest","Male","20-24",20,2007,2,26,2339867,66359247
"Midwest","Male","20-24",20,2007,3,33,2339867,66359247
"Midwest","Male","20-24",20,2007,4,30,2339867,66359247
"Midwest","Male","20-24",20,2007,5,45,2339867,66359247
"Midwest","Male","20-24",20,2007,6,38,2339867,66359247
"Midwest","Male","20-24",20,2007,7,42,2339867,66359247
"Midwest","Male","20-24",20,2007,8,39,2339867,66359247
"Midwest","Male","20-24",20,2007,9,40,2339867,66359247
"Midwest","Male","20-24",20,2007,10,32,2339867,66359247
"Midwest","Male","20-24",20,2007,11,42,2339867,66359247
"Midwest","Male","20-24",20,2007,12,35,2339867,66359247
"Midwest","Male","20-24",20,2008,1,35,2326691,66595597
"Midwest","Male","20-24",20,2008,2,38,2326691,66595597
"Midwest","Male","20-24",20,2008,3,23,2326691,66595597
"Midwest","Male","20-24",20,2008,4,28,2326691,66595597
"Midwest","Male","20-24",20,2008,5,43,2326691,66595597
"Midwest","Male","20-24",20,2008,6,34,2326691,66595597
"Midwest","Male","20-24",20,2008,7,43,2326691,66595597
"Midwest","Male","20-24",20,2008,8,35,2326691,66595597
"Midwest","Male","20-24",20,2008,9,34,2326691,66595597
"Midwest","Male","20-24",20,2008,10,29,2326691,66595597
"Midwest","Male","20-24",20,2008,11,31,2326691,66595597
"Midwest","Male","20-24",20,2008,12,32,2326691,66595597
"Midwest","Male","20-24",20,2009,1,46,2321808,66836911
"Midwest","Male","20-24",20,2009,2,25,2321808,66836911
"Midwest","Male","20-24",20,2009,3,40,2321808,66836911
"Midwest","Male","20-24",20,2009,4,36,2321808,66836911
"Midwest","Male","20-24",20,2009,5,30,2321808,66836911
"Midwest","Male","20-24",20,2009,6,26,2321808,66836911
"Midwest","Male","20-24",20,2009,7,41,2321808,66836911
"Midwest","Male","20-24",20,2009,8,33,2321808,66836911
"Midwest","Male","20-24",20,2009,9,38,2321808,66836911
"Midwest","Male","20-24",20,2009,10,41,2321808,66836911
"Midwest","Male","20-24",20,2009,11,48,2321808,66836911
"Midwest","Male","20-24",20,2009,12,39,2321808,66836911
"Midwest","Male","20-24",20,2010,1,40,2332068,66974416
"Midwest","Male","20-24",20,2010,2,35,2332068,66974416
"Midwest","Male","20-24",20,2010,3,32,2332068,66974416
"Midwest","Male","20-24",20,2010,4,30,2332068,66974416
"Midwest","Male","20-24",20,2010,5,48,2332068,66974416
"Midwest","Male","20-24",20,2010,6,35,2332068,66974416
"Midwest","Male","20-24",20,2010,7,41,2332068,66974416
"Midwest","Male","20-24",20,2010,8,50,2332068,66974416
"Midwest","Male","20-24",20,2010,9,49,2332068,66974416
"Midwest","Male","20-24",20,2010,10,50,2332068,66974416
"Midwest","Male","20-24",20,2010,11,38,2332068,66974416
"Midwest","Male","20-24",20,2010,12,46,2332068,66974416
"Midwest","Male","25-29",25,2006,1,27,2143493,66082058
"Midwest","Male","25-29",25,2006,2,32,2143493,66082058
"Midwest","Male","25-29",25,2006,3,44,2143493,66082058
"Midwest","Male","25-29",25,2006,4,53,2143493,66082058
"Midwest","Male","25-29",25,2006,5,60,2143493,66082058
"Midwest","Male","25-29",25,2006,6,54,2143493,66082058
"Midwest","Male","25-29",25,2006,7,43,2143493,66082058
"Midwest","Male","25-29",25,2006,8,39,2143493,66082058
"Midwest","Male","25-29",25,2006,9,45,2143493,66082058
"Midwest","Male","25-29",25,2006,10,59,2143493,66082058
"Midwest","Male","25-29",25,2006,11,43,2143493,66082058
"Midwest","Male","25-29",25,2006,12,35,2143493,66082058
"Midwest","Male","25-29",25,2007,1,38,2190858,66359247
"Midwest","Male","25-29",25,2007,2,37,2190858,66359247
"Midwest","Male","25-29",25,2007,3,44,2190858,66359247
"Midwest","Male","25-29",25,2007,4,33,2190858,66359247
"Midwest","Male","25-29",25,2007,5,35,2190858,66359247
"Midwest","Male","25-29",25,2007,6,37,2190858,66359247
"Midwest","Male","25-29",25,2007,7,47,2190858,66359247
"Midwest","Male","25-29",25,2007,8,40,2190858,66359247
"Midwest","Male","25-29",25,2007,9,53,2190858,66359247
"Midwest","Male","25-29",25,2007,10,40,2190858,66359247
"Midwest","Male","25-29",25,2007,11,44,2190858,66359247
"Midwest","Male","25-29",25,2007,12,48,2190858,66359247
"Midwest","Male","25-29",25,2008,1,47,2220298,66595597
"Midwest","Male","25-29",25,2008,2,53,2220298,66595597
"Midwest","Male","25-29",25,2008,3,46,2220298,66595597
"Midwest","Male","25-29",25,2008,4,35,2220298,66595597
"Midwest","Male","25-29",25,2008,5,59,2220298,66595597
"Midwest","Male","25-29",25,2008,6,51,2220298,66595597
"Midwest","Male","25-29",25,2008,7,53,2220298,66595597
"Midwest","Male","25-29",25,2008,8,47,2220298,66595597
"Midwest","Male","25-29",25,2008,9,43,2220298,66595597
"Midwest","Male","25-29",25,2008,10,54,2220298,66595597
"Midwest","Male","25-29",25,2008,11,54,2220298,66595597
"Midwest","Male","25-29",25,2008,12,38,2220298,66595597
"Midwest","Male","25-29",25,2009,1,45,2226091,66836911
"Midwest","Male","25-29",25,2009,2,48,2226091,66836911
"Midwest","Male","25-29",25,2009,3,55,2226091,66836911
"Midwest","Male","25-29",25,2009,4,46,2226091,66836911
"Midwest","Male","25-29",25,2009,5,49,2226091,66836911
"Midwest","Male","25-29",25,2009,6,54,2226091,66836911
"Midwest","Male","25-29",25,2009,7,36,2226091,66836911
"Midwest","Male","25-29",25,2009,8,43,2226091,66836911
"Midwest","Male","25-29",25,2009,9,56,2226091,66836911
"Midwest","Male","25-29",25,2009,10,51,2226091,66836911
"Midwest","Male","25-29",25,2009,11,37,2226091,66836911
"Midwest","Male","25-29",25,2009,12,48,2226091,66836911
"Midwest","Male","25-29",25,2010,1,49,2223286,66974416
"Midwest","Male","25-29",25,2010,2,53,2223286,66974416
"Midwest","Male","25-29",25,2010,3,58,2223286,66974416
"Midwest","Male","25-29",25,2010,4,58,2223286,66974416
"Midwest","Male","25-29",25,2010,5,58,2223286,66974416
"Midwest","Male","25-29",25,2010,6,40,2223286,66974416
"Midwest","Male","25-29",25,2010,7,45,2223286,66974416
"Midwest","Male","25-29",25,2010,8,49,2223286,66974416
"Midwest","Male","25-29",25,2010,9,56,2223286,66974416
"Midwest","Male","25-29",25,2010,10,65,2223286,66974416
"Midwest","Male","25-29",25,2010,11,43,2223286,66974416
"Midwest","Male","25-29",25,2010,12,46,2223286,66974416
"Midwest","Male","30-34",30,2006,1,43,2058291,66082058
"Midwest","Male","30-34",30,2006,2,43,2058291,66082058
"Midwest","Male","30-34",30,2006,3,50,2058291,66082058
"Midwest","Male","30-34",30,2006,4,49,2058291,66082058
"Midwest","Male","30-34",30,2006,5,54,2058291,66082058
"Midwest","Male","30-34",30,2006,6,42,2058291,66082058
"Midwest","Male","30-34",30,2006,7,39,2058291,66082058
"Midwest","Male","30-34",30,2006,8,46,2058291,66082058
"Midwest","Male","30-34",30,2006,9,36,2058291,66082058
"Midwest","Male","30-34",30,2006,10,39,2058291,66082058
"Midwest","Male","30-34",30,2006,11,39,2058291,66082058
"Midwest","Male","30-34",30,2006,12,42,2058291,66082058
"Midwest","Male","30-34",30,2007,1,30,2034728,66359247
"Midwest","Male","30-34",30,2007,2,45,2034728,66359247
"Midwest","Male","30-34",30,2007,3,41,2034728,66359247
"Midwest","Male","30-34",30,2007,4,40,2034728,66359247
"Midwest","Male","30-34",30,2007,5,30,2034728,66359247
"Midwest","Male","30-34",30,2007,6,43,2034728,66359247
"Midwest","Male","30-34",30,2007,7,44,2034728,66359247
"Midwest","Male","30-34",30,2007,8,43,2034728,66359247
"Midwest","Male","30-34",30,2007,9,37,2034728,66359247
"Midwest","Male","30-34",30,2007,10,45,2034728,66359247
"Midwest","Male","30-34",30,2007,11,44,2034728,66359247
"Midwest","Male","30-34",30,2007,12,34,2034728,66359247
"Midwest","Male","30-34",30,2008,1,45,2039572,66595597
"Midwest","Male","30-34",30,2008,2,36,2039572,66595597
"Midwest","Male","30-34",30,2008,3,47,2039572,66595597
"Midwest","Male","30-34",30,2008,4,47,2039572,66595597
"Midwest","Male","30-34",30,2008,5,52,2039572,66595597
"Midwest","Male","30-34",30,2008,6,45,2039572,66595597
"Midwest","Male","30-34",30,2008,7,50,2039572,66595597
"Midwest","Male","30-34",30,2008,8,33,2039572,66595597
"Midwest","Male","30-34",30,2008,9,34,2039572,66595597
"Midwest","Male","30-34",30,2008,10,48,2039572,66595597
"Midwest","Male","30-34",30,2008,11,56,2039572,66595597
"Midwest","Male","30-34",30,2008,12,54,2039572,66595597
"Midwest","Male","30-34",30,2009,1,41,2071019,66836911
"Midwest","Male","30-34",30,2009,2,39,2071019,66836911
"Midwest","Male","30-34",30,2009,3,46,2071019,66836911
"Midwest","Male","30-34",30,2009,4,34,2071019,66836911
"Midwest","Male","30-34",30,2009,5,48,2071019,66836911
"Midwest","Male","30-34",30,2009,6,55,2071019,66836911
"Midwest","Male","30-34",30,2009,7,45,2071019,66836911
"Midwest","Male","30-34",30,2009,8,39,2071019,66836911
"Midwest","Male","30-34",30,2009,9,45,2071019,66836911
"Midwest","Male","30-34",30,2009,10,57,2071019,66836911
"Midwest","Male","30-34",30,2009,11,33,2071019,66836911
"Midwest","Male","30-34",30,2009,12,45,2071019,66836911
"Midwest","Male","30-34",30,2010,1,35,2108941,66974416
"Midwest","Male","30-34",30,2010,2,48,2108941,66974416
"Midwest","Male","30-34",30,2010,3,45,2108941,66974416
"Midwest","Male","30-34",30,2010,4,39,2108941,66974416
"Midwest","Male","30-34",30,2010,5,65,2108941,66974416
"Midwest","Male","30-34",30,2010,6,46,2108941,66974416
"Midwest","Male","30-34",30,2010,7,49,2108941,66974416
"Midwest","Male","30-34",30,2010,8,48,2108941,66974416
"Midwest","Male","30-34",30,2010,9,53,2108941,66974416
"Midwest","Male","30-34",30,2010,10,68,2108941,66974416
"Midwest","Male","30-34",30,2010,11,54,2108941,66974416
"Midwest","Male","30-34",30,2010,12,45,2108941,66974416
"Midwest","Male","35-39",35,2006,1,48,2238564,66082058
"Midwest","Male","35-39",35,2006,2,45,2238564,66082058
"Midwest","Male","35-39",35,2006,3,56,2238564,66082058
"Midwest","Male","35-39",35,2006,4,44,2238564,66082058
"Midwest","Male","35-39",35,2006,5,48,2238564,66082058
"Midwest","Male","35-39",35,2006,6,59,2238564,66082058
"Midwest","Male","35-39",35,2006,7,56,2238564,66082058
"Midwest","Male","35-39",35,2006,8,48,2238564,66082058
"Midwest","Male","35-39",35,2006,9,48,2238564,66082058
"Midwest","Male","35-39",35,2006,10,45,2238564,66082058
"Midwest","Male","35-39",35,2006,11,45,2238564,66082058
"Midwest","Male","35-39",35,2006,12,61,2238564,66082058
"Midwest","Male","35-39",35,2007,1,43,2224153,66359247
"Midwest","Male","35-39",35,2007,2,40,2224153,66359247
"Midwest","Male","35-39",35,2007,3,62,2224153,66359247
"Midwest","Male","35-39",35,2007,4,43,2224153,66359247
"Midwest","Male","35-39",35,2007,5,36,2224153,66359247
"Midwest","Male","35-39",35,2007,6,42,2224153,66359247
"Midwest","Male","35-39",35,2007,7,54,2224153,66359247
"Midwest","Male","35-39",35,2007,8,45,2224153,66359247
"Midwest","Male","35-39",35,2007,9,59,2224153,66359247
"Midwest","Male","35-39",35,2007,10,47,2224153,66359247
"Midwest","Male","35-39",35,2007,11,39,2224153,66359247
"Midwest","Male","35-39",35,2007,12,49,2224153,66359247
"Midwest","Male","35-39",35,2008,1,38,2190695,66595597
"Midwest","Male","35-39",35,2008,2,50,2190695,66595597
"Midwest","Male","35-39",35,2008,3,53,2190695,66595597
"Midwest","Male","35-39",35,2008,4,40,2190695,66595597
"Midwest","Male","35-39",35,2008,5,57,2190695,66595597
"Midwest","Male","35-39",35,2008,6,48,2190695,66595597
"Midwest","Male","35-39",35,2008,7,53,2190695,66595597
"Midwest","Male","35-39",35,2008,8,50,2190695,66595597
"Midwest","Male","35-39",35,2008,9,47,2190695,66595597
"Midwest","Male","35-39",35,2008,10,44,2190695,66595597
"Midwest","Male","35-39",35,2008,11,53,2190695,66595597
"Midwest","Male","35-39",35,2008,12,55,2190695,66595597
"Midwest","Male","35-39",35,2009,1,60,2136745,66836911
"Midwest","Male","35-39",35,2009,2,39,2136745,66836911
"Midwest","Male","35-39",35,2009,3,52,2136745,66836911
"Midwest","Male","35-39",35,2009,4,49,2136745,66836911
"Midwest","Male","35-39",35,2009,5,48,2136745,66836911
"Midwest","Male","35-39",35,2009,6,44,2136745,66836911
"Midwest","Male","35-39",35,2009,7,47,2136745,66836911
"Midwest","Male","35-39",35,2009,8,54,2136745,66836911
"Midwest","Male","35-39",35,2009,9,40,2136745,66836911
"Midwest","Male","35-39",35,2009,10,49,2136745,66836911
"Midwest","Male","35-39",35,2009,11,57,2136745,66836911
"Midwest","Male","35-39",35,2009,12,39,2136745,66836911
"Midwest","Male","35-39",35,2010,1,63,2079605,66974416
"Midwest","Male","35-39",35,2010,2,43,2079605,66974416
"Midwest","Male","35-39",35,2010,3,43,2079605,66974416
"Midwest","Male","35-39",35,2010,4,50,2079605,66974416
"Midwest","Male","35-39",35,2010,5,46,2079605,66974416
"Midwest","Male","35-39",35,2010,6,46,2079605,66974416
"Midwest","Male","35-39",35,2010,7,53,2079605,66974416
"Midwest","Male","35-39",35,2010,8,52,2079605,66974416
"Midwest","Male","35-39",35,2010,9,42,2079605,66974416
"Midwest","Male","35-39",35,2010,10,42,2079605,66974416
"Midwest","Male","35-39",35,2010,11,44,2079605,66974416
"Midwest","Male","35-39",35,2010,12,46,2079605,66974416
"Midwest","Male","40-44",40,2006,1,52,2421488,66082058
"Midwest","Male","40-44",40,2006,2,53,2421488,66082058
"Midwest","Male","40-44",40,2006,3,61,2421488,66082058
"Midwest","Male","40-44",40,2006,4,68,2421488,66082058
"Midwest","Male","40-44",40,2006,5,87,2421488,66082058
"Midwest","Male","40-44",40,2006,6,68,2421488,66082058
"Midwest","Male","40-44",40,2006,7,78,2421488,66082058
"Midwest","Male","40-44",40,2006,8,69,2421488,66082058
"Midwest","Male","40-44",40,2006,9,62,2421488,66082058
"Midwest","Male","40-44",40,2006,10,67,2421488,66082058
"Midwest","Male","40-44",40,2006,11,51,2421488,66082058
"Midwest","Male","40-44",40,2006,12,54,2421488,66082058
"Midwest","Male","40-44",40,2007,1,58,2346921,66359247
"Midwest","Male","40-44",40,2007,2,56,2346921,66359247
"Midwest","Male","40-44",40,2007,3,66,2346921,66359247
"Midwest","Male","40-44",40,2007,4,62,2346921,66359247
"Midwest","Male","40-44",40,2007,5,49,2346921,66359247
"Midwest","Male","40-44",40,2007,6,43,2346921,66359247
"Midwest","Male","40-44",40,2007,7,51,2346921,66359247
"Midwest","Male","40-44",40,2007,8,49,2346921,66359247
"Midwest","Male","40-44",40,2007,9,54,2346921,66359247
"Midwest","Male","40-44",40,2007,10,56,2346921,66359247
"Midwest","Male","40-44",40,2007,11,55,2346921,66359247
"Midwest","Male","40-44",40,2007,12,61,2346921,66359247
"Midwest","Male","40-44",40,2008,1,59,2273917,66595597
"Midwest","Male","40-44",40,2008,2,62,2273917,66595597
"Midwest","Male","40-44",40,2008,3,59,2273917,66595597
"Midwest","Male","40-44",40,2008,4,55,2273917,66595597
"Midwest","Male","40-44",40,2008,5,61,2273917,66595597
"Midwest","Male","40-44",40,2008,6,54,2273917,66595597
"Midwest","Male","40-44",40,2008,7,50,2273917,66595597
"Midwest","Male","40-44",40,2008,8,54,2273917,66595597
"Midwest","Male","40-44",40,2008,9,39,2273917,66595597
"Midwest","Male","40-44",40,2008,10,47,2273917,66595597
"Midwest","Male","40-44",40,2008,11,49,2273917,66595597
"Midwest","Male","40-44",40,2008,12,68,2273917,66595597
"Midwest","Male","40-44",40,2009,1,48,2215213,66836911
"Midwest","Male","40-44",40,2009,2,63,2215213,66836911
"Midwest","Male","40-44",40,2009,3,61,2215213,66836911
"Midwest","Male","40-44",40,2009,4,53,2215213,66836911
"Midwest","Male","40-44",40,2009,5,54,2215213,66836911
"Midwest","Male","40-44",40,2009,6,48,2215213,66836911
"Midwest","Male","40-44",40,2009,7,54,2215213,66836911
"Midwest","Male","40-44",40,2009,8,51,2215213,66836911
"Midwest","Male","40-44",40,2009,9,41,2215213,66836911
"Midwest","Male","40-44",40,2009,10,50,2215213,66836911
"Midwest","Male","40-44",40,2009,11,48,2215213,66836911
"Midwest","Male","40-44",40,2009,12,41,2215213,66836911
"Midwest","Male","40-44",40,2010,1,50,2191454,66974416
"Midwest","Male","40-44",40,2010,2,45,2191454,66974416
"Midwest","Male","40-44",40,2010,3,55,2191454,66974416
"Midwest","Male","40-44",40,2010,4,44,2191454,66974416
"Midwest","Male","40-44",40,2010,5,53,2191454,66974416
"Midwest","Male","40-44",40,2010,6,57,2191454,66974416
"Midwest","Male","40-44",40,2010,7,65,2191454,66974416
"Midwest","Male","40-44",40,2010,8,48,2191454,66974416
"Midwest","Male","40-44",40,2010,9,50,2191454,66974416
"Midwest","Male","40-44",40,2010,10,54,2191454,66974416
"Midwest","Male","40-44",40,2010,11,48,2191454,66974416
"Midwest","Male","40-44",40,2010,12,52,2191454,66974416
"Midwest","Male","45-49",45,2006,1,58,2541737,66082058
"Midwest","Male","45-49",45,2006,2,81,2541737,66082058
"Midwest","Male","45-49",45,2006,3,57,2541737,66082058
"Midwest","Male","45-49",45,2006,4,83,2541737,66082058
"Midwest","Male","45-49",45,2006,5,72,2541737,66082058
"Midwest","Male","45-49",45,2006,6,74,2541737,66082058
"Midwest","Male","45-49",45,2006,7,80,2541737,66082058
"Midwest","Male","45-49",45,2006,8,62,2541737,66082058
"Midwest","Male","45-49",45,2006,9,70,2541737,66082058
"Midwest","Male","45-49",45,2006,10,78,2541737,66082058
"Midwest","Male","45-49",45,2006,11,74,2541737,66082058
"Midwest","Male","45-49",45,2006,12,83,2541737,66082058
"Midwest","Male","45-49",45,2007,1,64,2532352,66359247
"Midwest","Male","45-49",45,2007,2,75,2532352,66359247
"Midwest","Male","45-49",45,2007,3,65,2532352,66359247
"Midwest","Male","45-49",45,2007,4,76,2532352,66359247
"Midwest","Male","45-49",45,2007,5,57,2532352,66359247
"Midwest","Male","45-49",45,2007,6,54,2532352,66359247
"Midwest","Male","45-49",45,2007,7,48,2532352,66359247
"Midwest","Male","45-49",45,2007,8,67,2532352,66359247
"Midwest","Male","45-49",45,2007,9,59,2532352,66359247
"Midwest","Male","45-49",45,2007,10,73,2532352,66359247
"Midwest","Male","45-49",45,2007,11,59,2532352,66359247
"Midwest","Male","45-49",45,2007,12,78,2532352,66359247
"Midwest","Male","45-49",45,2008,1,73,2510602,66595597
"Midwest","Male","45-49",45,2008,2,62,2510602,66595597
"Midwest","Male","45-49",45,2008,3,51,2510602,66595597
"Midwest","Male","45-49",45,2008,4,63,2510602,66595597
"Midwest","Male","45-49",45,2008,5,59,2510602,66595597
"Midwest","Male","45-49",45,2008,6,57,2510602,66595597
"Midwest","Male","45-49",45,2008,7,42,2510602,66595597
"Midwest","Male","45-49",45,2008,8,70,2510602,66595597
"Midwest","Male","45-49",45,2008,9,65,2510602,66595597
"Midwest","Male","45-49",45,2008,10,64,2510602,66595597
"Midwest","Male","45-49",45,2008,11,63,2510602,66595597
"Midwest","Male","45-49",45,2008,12,60,2510602,66595597
"Midwest","Male","45-49",45,2009,1,65,2490390,66836911
"Midwest","Male","45-49",45,2009,2,55,2490390,66836911
"Midwest","Male","45-49",45,2009,3,63,2490390,66836911
"Midwest","Male","45-49",45,2009,4,78,2490390,66836911
"Midwest","Male","45-49",45,2009,5,71,2490390,66836911
"Midwest","Male","45-49",45,2009,6,57,2490390,66836911
"Midwest","Male","45-49",45,2009,7,80,2490390,66836911
"Midwest","Male","45-49",45,2009,8,79,2490390,66836911
"Midwest","Male","45-49",45,2009,9,85,2490390,66836911
"Midwest","Male","45-49",45,2009,10,52,2490390,66836911
"Midwest","Male","45-49",45,2009,11,64,2490390,66836911
"Midwest","Male","45-49",45,2009,12,67,2490390,66836911
"Midwest","Male","45-49",45,2010,1,71,2439793,66974416
"Midwest","Male","45-49",45,2010,2,72,2439793,66974416
"Midwest","Male","45-49",45,2010,3,72,2439793,66974416
"Midwest","Male","45-49",45,2010,4,60,2439793,66974416
"Midwest","Male","45-49",45,2010,5,55,2439793,66974416
"Midwest","Male","45-49",45,2010,6,67,2439793,66974416
"Midwest","Male","45-49",45,2010,7,72,2439793,66974416
"Midwest","Male","45-49",45,2010,8,56,2439793,66974416
"Midwest","Male","45-49",45,2010,9,48,2439793,66974416
"Midwest","Male","45-49",45,2010,10,65,2439793,66974416
"Midwest","Male","45-49",45,2010,11,70,2439793,66974416
"Midwest","Male","45-49",45,2010,12,66,2439793,66974416
"Midwest","Male","50-54",50,2006,1,48,2312725,66082058
"Midwest","Male","50-54",50,2006,2,42,2312725,66082058
"Midwest","Male","50-54",50,2006,3,57,2312725,66082058
"Midwest","Male","50-54",50,2006,4,50,2312725,66082058
"Midwest","Male","50-54",50,2006,5,65,2312725,66082058
"Midwest","Male","50-54",50,2006,6,68,2312725,66082058
"Midwest","Male","50-54",50,2006,7,51,2312725,66082058
"Midwest","Male","50-54",50,2006,8,47,2312725,66082058
"Midwest","Male","50-54",50,2006,9,36,2312725,66082058
"Midwest","Male","50-54",50,2006,10,43,2312725,66082058
"Midwest","Male","50-54",50,2006,11,55,2312725,66082058
"Midwest","Male","50-54",50,2006,12,66,2312725,66082058
"Midwest","Male","50-54",50,2007,1,57,2364373,66359247
"Midwest","Male","50-54",50,2007,2,38,2364373,66359247
"Midwest","Male","50-54",50,2007,3,60,2364373,66359247
"Midwest","Male","50-54",50,2007,4,62,2364373,66359247
"Midwest","Male","50-54",50,2007,5,45,2364373,66359247
"Midwest","Male","50-54",50,2007,6,41,2364373,66359247
"Midwest","Male","50-54",50,2007,7,53,2364373,66359247
"Midwest","Male","50-54",50,2007,8,47,2364373,66359247
"Midwest","Male","50-54",50,2007,9,50,2364373,66359247
"Midwest","Male","50-54",50,2007,10,49,2364373,66359247
"Midwest","Male","50-54",50,2007,11,53,2364373,66359247
"Midwest","Male","50-54",50,2007,12,60,2364373,66359247
"Midwest","Male","50-54",50,2008,1,53,2413915,66595597
"Midwest","Male","50-54",50,2008,2,57,2413915,66595597
"Midwest","Male","50-54",50,2008,3,56,2413915,66595597
"Midwest","Male","50-54",50,2008,4,65,2413915,66595597
"Midwest","Male","50-54",50,2008,5,72,2413915,66595597
"Midwest","Male","50-54",50,2008,6,68,2413915,66595597
"Midwest","Male","50-54",50,2008,7,66,2413915,66595597
"Midwest","Male","50-54",50,2008,8,47,2413915,66595597
"Midwest","Male","50-54",50,2008,9,46,2413915,66595597
"Midwest","Male","50-54",50,2008,10,52,2413915,66595597
"Midwest","Male","50-54",50,2008,11,52,2413915,66595597
"Midwest","Male","50-54",50,2008,12,54,2413915,66595597
"Midwest","Male","50-54",50,2009,1,50,2447567,66836911
"Midwest","Male","50-54",50,2009,2,49,2447567,66836911
"Midwest","Male","50-54",50,2009,3,48,2447567,66836911
"Midwest","Male","50-54",50,2009,4,48,2447567,66836911
"Midwest","Male","50-54",50,2009,5,61,2447567,66836911
"Midwest","Male","50-54",50,2009,6,52,2447567,66836911
"Midwest","Male","50-54",50,2009,7,60,2447567,66836911
"Midwest","Male","50-54",50,2009,8,56,2447567,66836911
"Midwest","Male","50-54",50,2009,9,46,2447567,66836911
"Midwest","Male","50-54",50,2009,10,55,2447567,66836911
"Midwest","Male","50-54",50,2009,11,60,2447567,66836911
"Midwest","Male","50-54",50,2009,12,69,2447567,66836911
"Midwest","Male","50-54",50,2010,1,59,2472558,66974416
"Midwest","Male","50-54",50,2010,2,58,2472558,66974416
"Midwest","Male","50-54",50,2010,3,63,2472558,66974416
"Midwest","Male","50-54",50,2010,4,67,2472558,66974416
"Midwest","Male","50-54",50,2010,5,63,2472558,66974416
"Midwest","Male","50-54",50,2010,6,66,2472558,66974416
"Midwest","Male","50-54",50,2010,7,45,2472558,66974416
"Midwest","Male","50-54",50,2010,8,63,2472558,66974416
"Midwest","Male","50-54",50,2010,9,43,2472558,66974416
"Midwest","Male","50-54",50,2010,10,70,2472558,66974416
"Midwest","Male","50-54",50,2010,11,66,2472558,66974416
"Midwest","Male","50-54",50,2010,12,54,2472558,66974416
"South","Female","15-19",15,2006,1,14,3829111,108930843
"South","Female","15-19",15,2006,2,7,3829111,108930843
"South","Female","15-19",15,2006,3,9,3829111,108930843
"South","Female","15-19",15,2006,4,10,3829111,108930843
"South","Female","15-19",15,2006,5,8,3829111,108930843
"South","Female","15-19",15,2006,6,5,3829111,108930843
"South","Female","15-19",15,2006,7,10,3829111,108930843
"South","Female","15-19",15,2006,8,4,3829111,108930843
"South","Female","15-19",15,2006,9,9,3829111,108930843
"South","Female","15-19",15,2006,10,8,3829111,108930843
"South","Female","15-19",15,2006,11,10,3829111,108930843
"South","Female","15-19",15,2006,12,5,3829111,108930843
"South","Female","15-19",15,2007,1,6,3895881,110573419
"South","Female","15-19",15,2007,2,7,3895881,110573419
"South","Female","15-19",15,2007,3,8,3895881,110573419
"South","Female","15-19",15,2007,4,11,3895881,110573419
"South","Female","15-19",15,2007,5,10,3895881,110573419
"South","Female","15-19",15,2007,6,6,3895881,110573419
"South","Female","15-19",15,2007,7,8,3895881,110573419
"South","Female","15-19",15,2007,8,12,3895881,110573419
"South","Female","15-19",15,2007,9,5,3895881,110573419
"South","Female","15-19",15,2007,10,7,3895881,110573419
"South","Female","15-19",15,2007,11,8,3895881,110573419
"South","Female","15-19",15,2007,12,8,3895881,110573419
"South","Female","15-19",15,2008,1,7,3943000,112021022
"South","Female","15-19",15,2008,2,7,3943000,112021022
"South","Female","15-19",15,2008,3,3,3943000,112021022
"South","Female","15-19",15,2008,4,10,3943000,112021022
"South","Female","15-19",15,2008,5,8,3943000,112021022
"South","Female","15-19",15,2008,6,4,3943000,112021022
"South","Female","15-19",15,2008,7,4,3943000,112021022
"South","Female","15-19",15,2008,8,13,3943000,112021022
"South","Female","15-19",15,2008,9,8,3943000,112021022
"South","Female","15-19",15,2008,10,9,3943000,112021022
"South","Female","15-19",15,2008,11,6,3943000,112021022
"South","Female","15-19",15,2008,12,5,3943000,112021022
"South","Female","15-19",15,2009,1,7,3960040,113317879
"South","Female","15-19",15,2009,2,4,3960040,113317879
"South","Female","15-19",15,2009,3,5,3960040,113317879
"South","Female","15-19",15,2009,4,7,3960040,113317879
"South","Female","15-19",15,2009,5,3,3960040,113317879
"South","Female","15-19",15,2009,6,8,3960040,113317879
"South","Female","15-19",15,2009,7,6,3960040,113317879
"South","Female","15-19",15,2009,8,8,3960040,113317879
"South","Female","15-19",15,2009,9,9,3960040,113317879
"South","Female","15-19",15,2009,10,8,3960040,113317879
"South","Female","15-19",15,2009,11,6,3960040,113317879
"South","Female","15-19",15,2009,12,6,3960040,113317879
"South","Female","15-19",15,2010,1,15,3932166,114866680
"South","Female","15-19",15,2010,2,5,3932166,114866680
"South","Female","15-19",15,2010,3,11,3932166,114866680
"South","Female","15-19",15,2010,4,11,3932166,114866680
"South","Female","15-19",15,2010,5,9,3932166,114866680
"South","Female","15-19",15,2010,6,7,3932166,114866680
"South","Female","15-19",15,2010,7,9,3932166,114866680
"South","Female","15-19",15,2010,8,6,3932166,114866680
"South","Female","15-19",15,2010,9,11,3932166,114866680
"South","Female","15-19",15,2010,10,9,3932166,114866680
"South","Female","15-19",15,2010,11,8,3932166,114866680
"South","Female","15-19",15,2010,12,6,3932166,114866680
"South","Female","20-24",20,2006,1,13,3772372,108930843
"South","Female","20-24",20,2006,2,28,3772372,108930843
"South","Female","20-24",20,2006,3,26,3772372,108930843
"South","Female","20-24",20,2006,4,18,3772372,108930843
"South","Female","20-24",20,2006,5,24,3772372,108930843
"South","Female","20-24",20,2006,6,28,3772372,108930843
"South","Female","20-24",20,2006,7,16,3772372,108930843
"South","Female","20-24",20,2006,8,28,3772372,108930843
"South","Female","20-24",20,2006,9,22,3772372,108930843
"South","Female","20-24",20,2006,10,26,3772372,108930843
"South","Female","20-24",20,2006,11,18,3772372,108930843
"South","Female","20-24",20,2006,12,18,3772372,108930843
"South","Female","20-24",20,2007,1,22,3800421,110573419
"South","Female","20-24",20,2007,2,29,3800421,110573419
"South","Female","20-24",20,2007,3,31,3800421,110573419
"South","Female","20-24",20,2007,4,22,3800421,110573419
"South","Female","20-24",20,2007,5,23,3800421,110573419
"South","Female","20-24",20,2007,6,34,3800421,110573419
"South","Female","20-24",20,2007,7,33,3800421,110573419
"South","Female","20-24",20,2007,8,23,3800421,110573419
"South","Female","20-24",20,2007,9,18,3800421,110573419
"South","Female","20-24",20,2007,10,33,3800421,110573419
"South","Female","20-24",20,2007,11,13,3800421,110573419
"South","Female","20-24",20,2007,12,21,3800421,110573419
"South","Female","20-24",20,2008,1,20,3834281,112021022
"South","Female","20-24",20,2008,2,20,3834281,112021022
"South","Female","20-24",20,2008,3,24,3834281,112021022
"South","Female","20-24",20,2008,4,22,3834281,112021022
"South","Female","20-24",20,2008,5,22,3834281,112021022
"South","Female","20-24",20,2008,6,22,3834281,112021022
"South","Female","20-24",20,2008,7,23,3834281,112021022
"South","Female","20-24",20,2008,8,27,3834281,112021022
"South","Female","20-24",20,2008,9,27,3834281,112021022
"South","Female","20-24",20,2008,10,22,3834281,112021022
"South","Female","20-24",20,2008,11,16,3834281,112021022
"South","Female","20-24",20,2008,12,20,3834281,112021022
"South","Female","20-24",20,2009,1,33,3885583,113317879
"South","Female","20-24",20,2009,2,22,3885583,113317879
"South","Female","20-24",20,2009,3,19,3885583,113317879
"South","Female","20-24",20,2009,4,21,3885583,113317879
"South","Female","20-24",20,2009,5,24,3885583,113317879
"South","Female","20-24",20,2009,6,20,3885583,113317879
"South","Female","20-24",20,2009,7,20,3885583,113317879
"South","Female","20-24",20,2009,8,24,3885583,113317879
"South","Female","20-24",20,2009,9,21,3885583,113317879
"South","Female","20-24",20,2009,10,23,3885583,113317879
"South","Female","20-24",20,2009,11,29,3885583,113317879
"South","Female","20-24",20,2009,12,25,3885583,113317879
"South","Female","20-24",20,2010,1,31,3961818,114866680
"South","Female","20-24",20,2010,2,15,3961818,114866680
"South","Female","20-24",20,2010,3,27,3961818,114866680
"South","Female","20-24",20,2010,4,24,3961818,114866680
"South","Female","20-24",20,2010,5,31,3961818,114866680
"South","Female","20-24",20,2010,6,24,3961818,114866680
"South","Female","20-24",20,2010,7,27,3961818,114866680
"South","Female","20-24",20,2010,8,20,3961818,114866680
"South","Female","20-24",20,2010,9,27,3961818,114866680
"South","Female","20-24",20,2010,10,24,3961818,114866680
"South","Female","20-24",20,2010,11,28,3961818,114866680
"South","Female","20-24",20,2010,12,23,3961818,114866680
"South","Female","25-29",25,2006,1,25,3714081,108930843
"South","Female","25-29",25,2006,2,36,3714081,108930843
"South","Female","25-29",25,2006,3,30,3714081,108930843
"South","Female","25-29",25,2006,4,33,3714081,108930843
"South","Female","25-29",25,2006,5,28,3714081,108930843
"South","Female","25-29",25,2006,6,33,3714081,108930843
"South","Female","25-29",25,2006,7,37,3714081,108930843
"South","Female","25-29",25,2006,8,41,3714081,108930843
"South","Female","25-29",25,2006,9,37,3714081,108930843
"South","Female","25-29",25,2006,10,28,3714081,108930843
"South","Female","25-29",25,2006,11,27,3714081,108930843
"South","Female","25-29",25,2006,12,35,3714081,108930843
"South","Female","25-29",25,2007,1,28,3809173,110573419
"South","Female","25-29",25,2007,2,34,3809173,110573419
"South","Female","25-29",25,2007,3,36,3809173,110573419
"South","Female","25-29",25,2007,4,37,3809173,110573419
"South","Female","25-29",25,2007,5,41,3809173,110573419
"South","Female","25-29",25,2007,6,46,3809173,110573419
"South","Female","25-29",25,2007,7,40,3809173,110573419
"South","Female","25-29",25,2007,8,32,3809173,110573419
"South","Female","25-29",25,2007,9,35,3809173,110573419
"South","Female","25-29",25,2007,10,32,3809173,110573419
"South","Female","25-29",25,2007,11,27,3809173,110573419
"South","Female","25-29",25,2007,12,47,3809173,110573419
"South","Female","25-29",25,2008,1,38,3874861,112021022
"South","Female","25-29",25,2008,2,40,3874861,112021022
"South","Female","25-29",25,2008,3,50,3874861,112021022
"South","Female","25-29",25,2008,4,30,3874861,112021022
"South","Female","25-29",25,2008,5,46,3874861,112021022
"South","Female","25-29",25,2008,6,29,3874861,112021022
"South","Female","25-29",25,2008,7,40,3874861,112021022
"South","Female","25-29",25,2008,8,23,3874861,112021022
"South","Female","25-29",25,2008,9,32,3874861,112021022
"South","Female","25-29",25,2008,10,26,3874861,112021022
"South","Female","25-29",25,2008,11,27,3874861,112021022
"South","Female","25-29",25,2008,12,36,3874861,112021022
"South","Female","25-29",25,2009,1,37,3908162,113317879
"South","Female","25-29",25,2009,2,48,3908162,113317879
"South","Female","25-29",25,2009,3,33,3908162,113317879
"South","Female","25-29",25,2009,4,41,3908162,113317879
"South","Female","25-29",25,2009,5,40,3908162,113317879
"South","Female","25-29",25,2009,6,35,3908162,113317879
"South","Female","25-29",25,2009,7,26,3908162,113317879
"South","Female","25-29",25,2009,8,32,3908162,113317879
"South","Female","25-29",25,2009,9,36,3908162,113317879
"South","Female","25-29",25,2009,10,35,3908162,113317879
"South","Female","25-29",25,2009,11,31,3908162,113317879
"South","Female","25-29",25,2009,12,42,3908162,113317879
"South","Female","25-29",25,2010,1,51,3915936,114866680
"South","Female","25-29",25,2010,2,31,3915936,114866680
"South","Female","25-29",25,2010,3,46,3915936,114866680
"South","Female","25-29",25,2010,4,30,3915936,114866680
"South","Female","25-29",25,2010,5,42,3915936,114866680
"South","Female","25-29",25,2010,6,32,3915936,114866680
"South","Female","25-29",25,2010,7,44,3915936,114866680
"South","Female","25-29",25,2010,8,30,3915936,114866680
"South","Female","25-29",25,2010,9,37,3915936,114866680
"South","Female","25-29",25,2010,10,37,3915936,114866680
"South","Female","25-29",25,2010,11,29,3915936,114866680
"South","Female","25-29",25,2010,12,53,3915936,114866680
"South","Female","30-34",30,2006,1,35,3586250,108930843
"South","Female","30-34",30,2006,2,34,3586250,108930843
"South","Female","30-34",30,2006,3,29,3586250,108930843
"South","Female","30-34",30,2006,4,38,3586250,108930843
"South","Female","30-34",30,2006,5,41,3586250,108930843
"South","Female","30-34",30,2006,6,45,3586250,108930843
"South","Female","30-34",30,2006,7,39,3586250,108930843
"South","Female","30-34",30,2006,8,40,3586250,108930843
"South","Female","30-34",30,2006,9,28,3586250,108930843
"South","Female","30-34",30,2006,10,22,3586250,108930843
"South","Female","30-34",30,2006,11,40,3586250,108930843
"South","Female","30-34",30,2006,12,43,3586250,108930843
"South","Female","30-34",30,2007,1,54,3574090,110573419
"South","Female","30-34",30,2007,2,39,3574090,110573419
"South","Female","30-34",30,2007,3,46,3574090,110573419
"South","Female","30-34",30,2007,4,33,3574090,110573419
"South","Female","30-34",30,2007,5,38,3574090,110573419
"South","Female","30-34",30,2007,6,37,3574090,110573419
"South","Female","30-34",30,2007,7,36,3574090,110573419
"South","Female","30-34",30,2007,8,38,3574090,110573419
"South","Female","30-34",30,2007,9,29,3574090,110573419
"South","Female","30-34",30,2007,10,35,3574090,110573419
"South","Female","30-34",30,2007,11,39,3574090,110573419
"South","Female","30-34",30,2007,12,44,3574090,110573419
"South","Female","30-34",30,2008,1,47,3601694,112021022
"South","Female","30-34",30,2008,2,47,3601694,112021022
"South","Female","30-34",30,2008,3,41,3601694,112021022
"South","Female","30-34",30,2008,4,34,3601694,112021022
"South","Female","30-34",30,2008,5,45,3601694,112021022
"South","Female","30-34",30,2008,6,28,3601694,112021022
"South","Female","30-34",30,2008,7,38,3601694,112021022
"South","Female","30-34",30,2008,8,34,3601694,112021022
"South","Female","30-34",30,2008,9,32,3601694,112021022
"South","Female","30-34",30,2008,10,43,3601694,112021022
"South","Female","30-34",30,2008,11,36,3601694,112021022
"South","Female","30-34",30,2008,12,35,3601694,112021022
"South","Female","30-34",30,2009,1,40,3671079,113317879
"South","Female","30-34",30,2009,2,32,3671079,113317879
"South","Female","30-34",30,2009,3,58,3671079,113317879
"South","Female","30-34",30,2009,4,38,3671079,113317879
"South","Female","30-34",30,2009,5,36,3671079,113317879
"South","Female","30-34",30,2009,6,48,3671079,113317879
"South","Female","30-34",30,2009,7,44,3671079,113317879
"South","Female","30-34",30,2009,8,43,3671079,113317879
"South","Female","30-34",30,2009,9,39,3671079,113317879
"South","Female","30-34",30,2009,10,40,3671079,113317879
"South","Female","30-34",30,2009,11,33,3671079,113317879
"South","Female","30-34",30,2009,12,48,3671079,113317879
"South","Female","30-34",30,2010,1,50,3763978,114866680
"South","Female","30-34",30,2010,2,54,3763978,114866680
"South","Female","30-34",30,2010,3,47,3763978,114866680
"South","Female","30-34",30,2010,4,46,3763978,114866680
"South","Female","30-34",30,2010,5,41,3763978,114866680
"South","Female","30-34",30,2010,6,47,3763978,114866680
"South","Female","30-34",30,2010,7,43,3763978,114866680
"South","Female","30-34",30,2010,8,53,3763978,114866680
"South","Female","30-34",30,2010,9,34,3763978,114866680
"South","Female","30-34",30,2010,10,56,3763978,114866680
"South","Female","30-34",30,2010,11,48,3763978,114866680
"South","Female","30-34",30,2010,12,50,3763978,114866680
"South","Female","35-39",35,2006,1,66,3855089,108930843
"South","Female","35-39",35,2006,2,39,3855089,108930843
"South","Female","35-39",35,2006,3,38,3855089,108930843
"South","Female","35-39",35,2006,4,56,3855089,108930843
"South","Female","35-39",35,2006,5,39,3855089,108930843
"South","Female","35-39",35,2006,6,62,3855089,108930843
"South","Female","35-39",35,2006,7,54,3855089,108930843
"South","Female","35-39",35,2006,8,61,3855089,108930843
"South","Female","35-39",35,2006,9,58,3855089,108930843
"South","Female","35-39",35,2006,10,49,3855089,108930843
"South","Female","35-39",35,2006,11,46,3855089,108930843
"South","Female","35-39",35,2006,12,39,3855089,108930843
"South","Female","35-39",35,2007,1,54,3904765,110573419
"South","Female","35-39",35,2007,2,58,3904765,110573419
"South","Female","35-39",35,2007,3,54,3904765,110573419
"South","Female","35-39",35,2007,4,53,3904765,110573419
"South","Female","35-39",35,2007,5,46,3904765,110573419
"South","Female","35-39",35,2007,6,48,3904765,110573419
"South","Female","35-39",35,2007,7,49,3904765,110573419
"South","Female","35-39",35,2007,8,52,3904765,110573419
"South","Female","35-39",35,2007,9,47,3904765,110573419
"South","Female","35-39",35,2007,10,72,3904765,110573419
"South","Female","35-39",35,2007,11,48,3904765,110573419
"South","Female","35-39",35,2007,12,54,3904765,110573419
"South","Female","35-39",35,2008,1,40,3919659,112021022
"South","Female","35-39",35,2008,2,53,3919659,112021022
"South","Female","35-39",35,2008,3,65,3919659,112021022
"South","Female","35-39",35,2008,4,62,3919659,112021022
"South","Female","35-39",35,2008,5,56,3919659,112021022
"South","Female","35-39",35,2008,6,50,3919659,112021022
"South","Female","35-39",35,2008,7,49,3919659,112021022
"South","Female","35-39",35,2008,8,53,3919659,112021022
"South","Female","35-39",35,2008,9,46,3919659,112021022
"South","Female","35-39",35,2008,10,66,3919659,112021022
"South","Female","35-39",35,2008,11,42,3919659,112021022
"South","Female","35-39",35,2008,12,51,3919659,112021022
"South","Female","35-39",35,2009,1,43,3894038,113317879
"South","Female","35-39",35,2009,2,61,3894038,113317879
"South","Female","35-39",35,2009,3,64,3894038,113317879
"South","Female","35-39",35,2009,4,49,3894038,113317879
"South","Female","35-39",35,2009,5,50,3894038,113317879
"South","Female","35-39",35,2009,6,55,3894038,113317879
"South","Female","35-39",35,2009,7,55,3894038,113317879
"South","Female","35-39",35,2009,8,61,3894038,113317879
"South","Female","35-39",35,2009,9,51,3894038,113317879
"South","Female","35-39",35,2009,10,50,3894038,113317879
"South","Female","35-39",35,2009,11,43,3894038,113317879
"South","Female","35-39",35,2009,12,51,3894038,113317879
"South","Female","35-39",35,2010,1,52,3838899,114866680
"South","Female","35-39",35,2010,2,73,3838899,114866680
"South","Female","35-39",35,2010,3,62,3838899,114866680
"South","Female","35-39",35,2010,4,48,3838899,114866680
"South","Female","35-39",35,2010,5,58,3838899,114866680
"South","Female","35-39",35,2010,6,67,3838899,114866680
"South","Female","35-39",35,2010,7,53,3838899,114866680
"South","Female","35-39",35,2010,8,68,3838899,114866680
"South","Female","35-39",35,2010,9,49,3838899,114866680
"South","Female","35-39",35,2010,10,48,3838899,114866680
"South","Female","35-39",35,2010,11,49,3838899,114866680
"South","Female","35-39",35,2010,12,47,3838899,114866680
"South","Female","40-44",40,2006,1,61,4120335,108930843
"South","Female","40-44",40,2006,2,78,4120335,108930843
"South","Female","40-44",40,2006,3,91,4120335,108930843
"South","Female","40-44",40,2006,4,83,4120335,108930843
"South","Female","40-44",40,2006,5,82,4120335,108930843
"South","Female","40-44",40,2006,6,78,4120335,108930843
"South","Female","40-44",40,2006,7,65,4120335,108930843
"South","Female","40-44",40,2006,8,70,4120335,108930843
"South","Female","40-44",40,2006,9,74,4120335,108930843
"South","Female","40-44",40,2006,10,72,4120335,108930843
"South","Female","40-44",40,2006,11,77,4120335,108930843
"South","Female","40-44",40,2006,12,71,4120335,108930843
"South","Female","40-44",40,2007,1,76,4057632,110573419
"South","Female","40-44",40,2007,2,65,4057632,110573419
"South","Female","40-44",40,2007,3,75,4057632,110573419
"South","Female","40-44",40,2007,4,66,4057632,110573419
"South","Female","40-44",40,2007,5,80,4057632,110573419
"South","Female","40-44",40,2007,6,73,4057632,110573419
"South","Female","40-44",40,2007,7,80,4057632,110573419
"South","Female","40-44",40,2007,8,60,4057632,110573419
"South","Female","40-44",40,2007,9,72,4057632,110573419
"South","Female","40-44",40,2007,10,67,4057632,110573419
"South","Female","40-44",40,2007,11,73,4057632,110573419
"South","Female","40-44",40,2007,12,71,4057632,110573419
"South","Female","40-44",40,2008,1,76,3985002,112021022
"South","Female","40-44",40,2008,2,79,3985002,112021022
"South","Female","40-44",40,2008,3,91,3985002,112021022
"South","Female","40-44",40,2008,4,89,3985002,112021022
"South","Female","40-44",40,2008,5,73,3985002,112021022
"South","Female","40-44",40,2008,6,67,3985002,112021022
"South","Female","40-44",40,2008,7,73,3985002,112021022
"South","Female","40-44",40,2008,8,63,3985002,112021022
"South","Female","40-44",40,2008,9,59,3985002,112021022
"South","Female","40-44",40,2008,10,73,3985002,112021022
"South","Female","40-44",40,2008,11,73,3985002,112021022
"South","Female","40-44",40,2008,12,65,3985002,112021022
"South","Female","40-44",40,2009,1,77,3920263,113317879
"South","Female","40-44",40,2009,2,54,3920263,113317879
"South","Female","40-44",40,2009,3,81,3920263,113317879
"South","Female","40-44",40,2009,4,70,3920263,113317879
"South","Female","40-44",40,2009,5,68,3920263,113317879
"South","Female","40-44",40,2009,6,62,3920263,113317879
"South","Female","40-44",40,2009,7,62,3920263,113317879
"South","Female","40-44",40,2009,8,63,3920263,113317879
"South","Female","40-44",40,2009,9,83,3920263,113317879
"South","Female","40-44",40,2009,10,60,3920263,113317879
"South","Female","40-44",40,2009,11,60,3920263,113317879
"South","Female","40-44",40,2009,12,58,3920263,113317879
"South","Female","40-44",40,2010,1,67,3917683,114866680
"South","Female","40-44",40,2010,2,67,3917683,114866680
"South","Female","40-44",40,2010,3,69,3917683,114866680
"South","Female","40-44",40,2010,4,68,3917683,114866680
"South","Female","40-44",40,2010,5,74,3917683,114866680
"South","Female","40-44",40,2010,6,58,3917683,114866680
"South","Female","40-44",40,2010,7,67,3917683,114866680
"South","Female","40-44",40,2010,8,64,3917683,114866680
"South","Female","40-44",40,2010,9,51,3917683,114866680
"South","Female","40-44",40,2010,10,71,3917683,114866680
"South","Female","40-44",40,2010,11,65,3917683,114866680
"South","Female","40-44",40,2010,12,62,3917683,114866680
"South","Female","45-49",45,2006,1,61,4156301,108930843
"South","Female","45-49",45,2006,2,79,4156301,108930843
"South","Female","45-49",45,2006,3,76,4156301,108930843
"South","Female","45-49",45,2006,4,93,4156301,108930843
"South","Female","45-49",45,2006,5,73,4156301,108930843
"South","Female","45-49",45,2006,6,83,4156301,108930843
"South","Female","45-49",45,2006,7,73,4156301,108930843
"South","Female","45-49",45,2006,8,90,4156301,108930843
"South","Female","45-49",45,2006,9,87,4156301,108930843
"South","Female","45-49",45,2006,10,78,4156301,108930843
"South","Female","45-49",45,2006,11,84,4156301,108930843
"South","Female","45-49",45,2006,12,74,4156301,108930843
"South","Female","45-49",45,2007,1,73,4194310,110573419
"South","Female","45-49",45,2007,2,85,4194310,110573419
"South","Female","45-49",45,2007,3,90,4194310,110573419
"South","Female","45-49",45,2007,4,91,4194310,110573419
"South","Female","45-49",45,2007,5,84,4194310,110573419
"South","Female","45-49",45,2007,6,106,4194310,110573419
"South","Female","45-49",45,2007,7,77,4194310,110573419
"South","Female","45-49",45,2007,8,83,4194310,110573419
"South","Female","45-49",45,2007,9,76,4194310,110573419
"South","Female","45-49",45,2007,10,83,4194310,110573419
"South","Female","45-49",45,2007,11,86,4194310,110573419
"South","Female","45-49",45,2007,12,106,4194310,110573419
"South","Female","45-49",45,2008,1,110,4228586,112021022
"South","Female","45-49",45,2008,2,100,4228586,112021022
"South","Female","45-49",45,2008,3,88,4228586,112021022
"South","Female","45-49",45,2008,4,93,4228586,112021022
"South","Female","45-49",45,2008,5,109,4228586,112021022
"South","Female","45-49",45,2008,6,87,4228586,112021022
"South","Female","45-49",45,2008,7,82,4228586,112021022
"South","Female","45-49",45,2008,8,86,4228586,112021022
"South","Female","45-49",45,2008,9,79,4228586,112021022
"South","Female","45-49",45,2008,10,85,4228586,112021022
"South","Female","45-49",45,2008,11,97,4228586,112021022
"South","Female","45-49",45,2008,12,102,4228586,112021022
"South","Female","45-49",45,2009,1,112,4264572,113317879
"South","Female","45-49",45,2009,2,104,4264572,113317879
"South","Female","45-49",45,2009,3,112,4264572,113317879
"South","Female","45-49",45,2009,4,89,4264572,113317879
"South","Female","45-49",45,2009,5,95,4264572,113317879
"South","Female","45-49",45,2009,6,83,4264572,113317879
"South","Female","45-49",45,2009,7,85,4264572,113317879
"South","Female","45-49",45,2009,8,100,4264572,113317879
"South","Female","45-49",45,2009,9,80,4264572,113317879
"South","Female","45-49",45,2009,10,112,4264572,113317879
"South","Female","45-49",45,2009,11,79,4264572,113317879
"South","Female","45-49",45,2009,12,102,4264572,113317879
"South","Female","45-49",45,2010,1,94,4250120,114866680
"South","Female","45-49",45,2010,2,84,4250120,114866680
"South","Female","45-49",45,2010,3,102,4250120,114866680
"South","Female","45-49",45,2010,4,83,4250120,114866680
"South","Female","45-49",45,2010,5,93,4250120,114866680
"South","Female","45-49",45,2010,6,91,4250120,114866680
"South","Female","45-49",45,2010,7,90,4250120,114866680
"South","Female","45-49",45,2010,8,64,4250120,114866680
"South","Female","45-49",45,2010,9,85,4250120,114866680
"South","Female","45-49",45,2010,10,93,4250120,114866680
"South","Female","45-49",45,2010,11,83,4250120,114866680
"South","Female","45-49",45,2010,12,106,4250120,114866680
"South","Female","50-54",50,2006,1,78,3795460,108930843
"South","Female","50-54",50,2006,2,58,3795460,108930843
"South","Female","50-54",50,2006,3,67,3795460,108930843
"South","Female","50-54",50,2006,4,66,3795460,108930843
"South","Female","50-54",50,2006,5,52,3795460,108930843
"South","Female","50-54",50,2006,6,65,3795460,108930843
"South","Female","50-54",50,2006,7,41,3795460,108930843
"South","Female","50-54",50,2006,8,47,3795460,108930843
"South","Female","50-54",50,2006,9,65,3795460,108930843
"South","Female","50-54",50,2006,10,64,3795460,108930843
"South","Female","50-54",50,2006,11,65,3795460,108930843
"South","Female","50-54",50,2006,12,55,3795460,108930843
"South","Female","50-54",50,2007,1,50,3914870,110573419
"South","Female","50-54",50,2007,2,65,3914870,110573419
"South","Female","50-54",50,2007,3,75,3914870,110573419
"South","Female","50-54",50,2007,4,58,3914870,110573419
"South","Female","50-54",50,2007,5,76,3914870,110573419
"South","Female","50-54",50,2007,6,74,3914870,110573419
"South","Female","50-54",50,2007,7,66,3914870,110573419
"South","Female","50-54",50,2007,8,74,3914870,110573419
"South","Female","50-54",50,2007,9,58,3914870,110573419
"South","Female","50-54",50,2007,10,66,3914870,110573419
"South","Female","50-54",50,2007,11,61,3914870,110573419
"South","Female","50-54",50,2007,12,83,3914870,110573419
"South","Female","50-54",50,2008,1,58,4013730,112021022
"South","Female","50-54",50,2008,2,68,4013730,112021022
"South","Female","50-54",50,2008,3,89,4013730,112021022
"South","Female","50-54",50,2008,4,67,4013730,112021022
"South","Female","50-54",50,2008,5,78,4013730,112021022
"South","Female","50-54",50,2008,6,71,4013730,112021022
"South","Female","50-54",50,2008,7,69,4013730,112021022
"South","Female","50-54",50,2008,8,70,4013730,112021022
"South","Female","50-54",50,2008,9,50,4013730,112021022
"South","Female","50-54",50,2008,10,60,4013730,112021022
"South","Female","50-54",50,2008,11,67,4013730,112021022
"South","Female","50-54",50,2008,12,84,4013730,112021022
"South","Female","50-54",50,2009,1,65,4088030,113317879
"South","Female","50-54",50,2009,2,67,4088030,113317879
"South","Female","50-54",50,2009,3,90,4088030,113317879
"South","Female","50-54",50,2009,4,71,4088030,113317879
"South","Female","50-54",50,2009,5,77,4088030,113317879
"South","Female","50-54",50,2009,6,69,4088030,113317879
"South","Female","50-54",50,2009,7,75,4088030,113317879
"South","Female","50-54",50,2009,8,82,4088030,113317879
"South","Female","50-54",50,2009,9,84,4088030,113317879
"South","Female","50-54",50,2009,10,96,4088030,113317879
"South","Female","50-54",50,2009,11,77,4088030,113317879
"South","Female","50-54",50,2009,12,95,4088030,113317879
"South","Female","50-54",50,2010,1,82,4161609,114866680
"South","Female","50-54",50,2010,2,82,4161609,114866680
"South","Female","50-54",50,2010,3,85,4161609,114866680
"South","Female","50-54",50,2010,4,103,4161609,114866680
"South","Female","50-54",50,2010,5,92,4161609,114866680
"South","Female","50-54",50,2010,6,66,4161609,114866680
"South","Female","50-54",50,2010,7,72,4161609,114866680
"South","Female","50-54",50,2010,8,83,4161609,114866680
"South","Female","50-54",50,2010,9,87,4161609,114866680
"South","Female","50-54",50,2010,10,96,4161609,114866680
"South","Female","50-54",50,2010,11,78,4161609,114866680
"South","Female","50-54",50,2010,12,89,4161609,114866680
"South","Male","15-19",15,2006,1,26,4043745,108930843
"South","Male","15-19",15,2006,2,19,4043745,108930843
"South","Male","15-19",15,2006,3,14,4043745,108930843
"South","Male","15-19",15,2006,4,14,4043745,108930843
"South","Male","15-19",15,2006,5,31,4043745,108930843
"South","Male","15-19",15,2006,6,27,4043745,108930843
"South","Male","15-19",15,2006,7,21,4043745,108930843
"South","Male","15-19",15,2006,8,27,4043745,108930843
"South","Male","15-19",15,2006,9,34,4043745,108930843
"South","Male","15-19",15,2006,10,34,4043745,108930843
"South","Male","15-19",15,2006,11,28,4043745,108930843
"South","Male","15-19",15,2006,12,30,4043745,108930843
"South","Male","15-19",15,2007,1,29,4106876,110573419
"South","Male","15-19",15,2007,2,25,4106876,110573419
"South","Male","15-19",15,2007,3,23,4106876,110573419
"South","Male","15-19",15,2007,4,26,4106876,110573419
"South","Male","15-19",15,2007,5,14,4106876,110573419
"South","Male","15-19",15,2007,6,30,4106876,110573419
"South","Male","15-19",15,2007,7,36,4106876,110573419
"South","Male","15-19",15,2007,8,15,4106876,110573419
"South","Male","15-19",15,2007,9,28,4106876,110573419
"South","Male","15-19",15,2007,10,22,4106876,110573419
"South","Male","15-19",15,2007,11,26,4106876,110573419
"South","Male","15-19",15,2007,12,37,4106876,110573419
"South","Male","15-19",15,2008,1,42,4149412,112021022
"South","Male","15-19",15,2008,2,26,4149412,112021022
"South","Male","15-19",15,2008,3,31,4149412,112021022
"South","Male","15-19",15,2008,4,20,4149412,112021022
"South","Male","15-19",15,2008,5,24,4149412,112021022
"South","Male","15-19",15,2008,6,23,4149412,112021022
"South","Male","15-19",15,2008,7,23,4149412,112021022
"South","Male","15-19",15,2008,8,30,4149412,112021022
"South","Male","15-19",15,2008,9,29,4149412,112021022
"South","Male","15-19",15,2008,10,22,4149412,112021022
"South","Male","15-19",15,2008,11,20,4149412,112021022
"South","Male","15-19",15,2008,12,24,4149412,112021022
"South","Male","15-19",15,2009,1,16,4160638,113317879
"South","Male","15-19",15,2009,2,9,4160638,113317879
"South","Male","15-19",15,2009,3,21,4160638,113317879
"South","Male","15-19",15,2009,4,25,4160638,113317879
"South","Male","15-19",15,2009,5,18,4160638,113317879
"South","Male","15-19",15,2009,6,24,4160638,113317879
"South","Male","15-19",15,2009,7,18,4160638,113317879
"South","Male","15-19",15,2009,8,19,4160638,113317879
"South","Male","15-19",15,2009,9,19,4160638,113317879
"South","Male","15-19",15,2009,10,22,4160638,113317879
"South","Male","15-19",15,2009,11,22,4160638,113317879
"South","Male","15-19",15,2009,12,31,4160638,113317879
"South","Male","15-19",15,2010,1,25,4136826,114866680
"South","Male","15-19",15,2010,2,15,4136826,114866680
"South","Male","15-19",15,2010,3,21,4136826,114866680
"South","Male","15-19",15,2010,4,11,4136826,114866680
"South","Male","15-19",15,2010,5,18,4136826,114866680
"South","Male","15-19",15,2010,6,28,4136826,114866680
"South","Male","15-19",15,2010,7,22,4136826,114866680
"South","Male","15-19",15,2010,8,13,4136826,114866680
"South","Male","15-19",15,2010,9,17,4136826,114866680
"South","Male","15-19",15,2010,10,19,4136826,114866680
"South","Male","15-19",15,2010,11,21,4136826,114866680
"South","Male","15-19",15,2010,12,14,4136826,114866680
"South","Male","20-24",20,2006,1,90,3963297,108930843
"South","Male","20-24",20,2006,2,62,3963297,108930843
"South","Male","20-24",20,2006,3,78,3963297,108930843
"South","Male","20-24",20,2006,4,79,3963297,108930843
"South","Male","20-24",20,2006,5,71,3963297,108930843
"South","Male","20-24",20,2006,6,80,3963297,108930843
"South","Male","20-24",20,2006,7,77,3963297,108930843
"South","Male","20-24",20,2006,8,80,3963297,108930843
"South","Male","20-24",20,2006,9,75,3963297,108930843
"South","Male","20-24",20,2006,10,74,3963297,108930843
"South","Male","20-24",20,2006,11,82,3963297,108930843
"South","Male","20-24",20,2006,12,80,3963297,108930843
"South","Male","20-24",20,2007,1,68,3981278,110573419
"South","Male","20-24",20,2007,2,65,3981278,110573419
"South","Male","20-24",20,2007,3,76,3981278,110573419
"South","Male","20-24",20,2007,4,76,3981278,110573419
"South","Male","20-24",20,2007,5,71,3981278,110573419
"South","Male","20-24",20,2007,6,70,3981278,110573419
"South","Male","20-24",20,2007,7,75,3981278,110573419
"South","Male","20-24",20,2007,8,91,3981278,110573419
"South","Male","20-24",20,2007,9,65,3981278,110573419
"South","Male","20-24",20,2007,10,54,3981278,110573419
"South","Male","20-24",20,2007,11,62,3981278,110573419
"South","Male","20-24",20,2007,12,62,3981278,110573419
"South","Male","20-24",20,2008,1,87,3989610,112021022
"South","Male","20-24",20,2008,2,81,3989610,112021022
"South","Male","20-24",20,2008,3,74,3989610,112021022
"South","Male","20-24",20,2008,4,75,3989610,112021022
"South","Male","20-24",20,2008,5,65,3989610,112021022
"South","Male","20-24",20,2008,6,62,3989610,112021022
"South","Male","20-24",20,2008,7,51,3989610,112021022
"South","Male","20-24",20,2008,8,73,3989610,112021022
"South","Male","20-24",20,2008,9,70,3989610,112021022
"South","Male","20-24",20,2008,10,71,3989610,112021022
"South","Male","20-24",20,2008,11,57,3989610,112021022
"South","Male","20-24",20,2008,12,57,3989610,112021022
"South","Male","20-24",20,2009,1,72,4028706,113317879
"South","Male","20-24",20,2009,2,87,4028706,113317879
"South","Male","20-24",20,2009,3,58,4028706,113317879
"South","Male","20-24",20,2009,4,54,4028706,113317879
"South","Male","20-24",20,2009,5,72,4028706,113317879
"South","Male","20-24",20,2009,6,72,4028706,113317879
"South","Male","20-24",20,2009,7,67,4028706,113317879
"South","Male","20-24",20,2009,8,57,4028706,113317879
"South","Male","20-24",20,2009,9,56,4028706,113317879
"South","Male","20-24",20,2009,10,62,4028706,113317879
"South","Male","20-24",20,2009,11,53,4028706,113317879
"South","Male","20-24",20,2009,12,81,4028706,113317879
"South","Male","20-24",20,2010,1,57,4095979,114866680
"South","Male","20-24",20,2010,2,73,4095979,114866680
"South","Male","20-24",20,2010,3,80,4095979,114866680
"South","Male","20-24",20,2010,4,72,4095979,114866680
"South","Male","20-24",20,2010,5,62,4095979,114866680
"South","Male","20-24",20,2010,6,59,4095979,114866680
"South","Male","20-24",20,2010,7,66,4095979,114866680
"South","Male","20-24",20,2010,8,60,4095979,114866680
"South","Male","20-24",20,2010,9,48,4095979,114866680
"South","Male","20-24",20,2010,10,60,4095979,114866680
"South","Male","20-24",20,2010,11,60,4095979,114866680
"South","Male","20-24",20,2010,12,63,4095979,114866680
"South","Male","25-29",25,2006,1,73,3686213,108930843
"South","Male","25-29",25,2006,2,75,3686213,108930843
"South","Male","25-29",25,2006,3,70,3686213,108930843
"South","Male","25-29",25,2006,4,93,3686213,108930843
"South","Male","25-29",25,2006,5,92,3686213,108930843
"South","Male","25-29",25,2006,6,75,3686213,108930843
"South","Male","25-29",25,2006,7,109,3686213,108930843
"South","Male","25-29",25,2006,8,93,3686213,108930843
"South","Male","25-29",25,2006,9,88,3686213,108930843
"South","Male","25-29",25,2006,10,80,3686213,108930843
"South","Male","25-29",25,2006,11,86,3686213,108930843
"South","Male","25-29",25,2006,12,95,3686213,108930843
"South","Male","25-29",25,2007,1,98,3779080,110573419
"South","Male","25-29",25,2007,2,94,3779080,110573419
"South","Male","25-29",25,2007,3,85,3779080,110573419
"South","Male","25-29",25,2007,4,93,3779080,110573419
"South","Male","25-29",25,2007,5,80,3779080,110573419
"South","Male","25-29",25,2007,6,91,3779080,110573419
"South","Male","25-29",25,2007,7,87,3779080,110573419
"South","Male","25-29",25,2007,8,96,3779080,110573419
"South","Male","25-29",25,2007,9,79,3779080,110573419
"South","Male","25-29",25,2007,10,81,3779080,110573419
"South","Male","25-29",25,2007,11,98,3779080,110573419
"South","Male","25-29",25,2007,12,96,3779080,110573419
"South","Male","25-29",25,2008,1,109,3860481,112021022
"South","Male","25-29",25,2008,2,81,3860481,112021022
"South","Male","25-29",25,2008,3,102,3860481,112021022
"South","Male","25-29",25,2008,4,90,3860481,112021022
"South","Male","25-29",25,2008,5,108,3860481,112021022
"South","Male","25-29",25,2008,6,75,3860481,112021022
"South","Male","25-29",25,2008,7,70,3860481,112021022
"South","Male","25-29",25,2008,8,85,3860481,112021022
"South","Male","25-29",25,2008,9,68,3860481,112021022
"South","Male","25-29",25,2008,10,71,3860481,112021022
"South","Male","25-29",25,2008,11,95,3860481,112021022
"South","Male","25-29",25,2008,12,76,3860481,112021022
"South","Male","25-29",25,2009,1,93,3913684,113317879
"South","Male","25-29",25,2009,2,84,3913684,113317879
"South","Male","25-29",25,2009,3,81,3913684,113317879
"South","Male","25-29",25,2009,4,93,3913684,113317879
"South","Male","25-29",25,2009,5,91,3913684,113317879
"South","Male","25-29",25,2009,6,81,3913684,113317879
"South","Male","25-29",25,2009,7,103,3913684,113317879
"South","Male","25-29",25,2009,8,79,3913684,113317879
"South","Male","25-29",25,2009,9,96,3913684,113317879
"South","Male","25-29",25,2009,10,88,3913684,113317879
"South","Male","25-29",25,2009,11,72,3913684,113317879
"South","Male","25-29",25,2009,12,97,3913684,113317879
"South","Male","25-29",25,2010,1,96,3939257,114866680
"South","Male","25-29",25,2010,2,96,3939257,114866680
"South","Male","25-29",25,2010,3,91,3939257,114866680
"South","Male","25-29",25,2010,4,97,3939257,114866680
"South","Male","25-29",25,2010,5,102,3939257,114866680
"South","Male","25-29",25,2010,6,93,3939257,114866680
"South","Male","25-29",25,2010,7,73,3939257,114866680
"South","Male","25-29",25,2010,8,96,3939257,114866680
"South","Male","25-29",25,2010,9,102,3939257,114866680
"South","Male","25-29",25,2010,10,94,3939257,114866680
"South","Male","25-29",25,2010,11,87,3939257,114866680
"South","Male","25-29",25,2010,12,98,3939257,114866680
"South","Male","30-34",30,2006,1,68,3569922,108930843
"South","Male","30-34",30,2006,2,73,3569922,108930843
"South","Male","30-34",30,2006,3,56,3569922,108930843
"South","Male","30-34",30,2006,4,67,3569922,108930843
"South","Male","30-34",30,2006,5,63,3569922,108930843
"South","Male","30-34",30,2006,6,87,3569922,108930843
"South","Male","30-34",30,2006,7,79,3569922,108930843
"South","Male","30-34",30,2006,8,83,3569922,108930843
"South","Male","30-34",30,2006,9,79,3569922,108930843
"South","Male","30-34",30,2006,10,72,3569922,108930843
"South","Male","30-34",30,2006,11,73,3569922,108930843
"South","Male","30-34",30,2006,12,75,3569922,108930843
"South","Male","30-34",30,2007,1,81,3552633,110573419
"South","Male","30-34",30,2007,2,92,3552633,110573419
"South","Male","30-34",30,2007,3,82,3552633,110573419
"South","Male","30-34",30,2007,4,82,3552633,110573419
"South","Male","30-34",30,2007,5,70,3552633,110573419
"South","Male","30-34",30,2007,6,74,3552633,110573419
"South","Male","30-34",30,2007,7,88,3552633,110573419
"South","Male","30-34",30,2007,8,71,3552633,110573419
"South","Male","30-34",30,2007,9,84,3552633,110573419
"South","Male","30-34",30,2007,10,67,3552633,110573419
"South","Male","30-34",30,2007,11,75,3552633,110573419
"South","Male","30-34",30,2007,12,83,3552633,110573419
"South","Male","30-34",30,2008,1,85,3577180,112021022
"South","Male","30-34",30,2008,2,80,3577180,112021022
"South","Male","30-34",30,2008,3,94,3577180,112021022
"South","Male","30-34",30,2008,4,66,3577180,112021022
"South","Male","30-34",30,2008,5,75,3577180,112021022
"South","Male","30-34",30,2008,6,71,3577180,112021022
"South","Male","30-34",30,2008,7,81,3577180,112021022
"South","Male","30-34",30,2008,8,79,3577180,112021022
"South","Male","30-34",30,2008,9,83,3577180,112021022
"South","Male","30-34",30,2008,10,65,3577180,112021022
"South","Male","30-34",30,2008,11,65,3577180,112021022
"South","Male","30-34",30,2008,12,81,3577180,112021022
"South","Male","30-34",30,2009,1,96,3639703,113317879
"South","Male","30-34",30,2009,2,88,3639703,113317879
"South","Male","30-34",30,2009,3,97,3639703,113317879
"South","Male","30-34",30,2009,4,69,3639703,113317879
"South","Male","30-34",30,2009,5,79,3639703,113317879
"South","Male","30-34",30,2009,6,78,3639703,113317879
"South","Male","30-34",30,2009,7,78,3639703,113317879
"South","Male","30-34",30,2009,8,79,3639703,113317879
"South","Male","30-34",30,2009,9,95,3639703,113317879
"South","Male","30-34",30,2009,10,80,3639703,113317879
"South","Male","30-34",30,2009,11,87,3639703,113317879
"South","Male","30-34",30,2009,12,83,3639703,113317879
"South","Male","30-34",30,2010,1,98,3729809,114866680
"South","Male","30-34",30,2010,2,103,3729809,114866680
"South","Male","30-34",30,2010,3,103,3729809,114866680
"South","Male","30-34",30,2010,4,92,3729809,114866680
"South","Male","30-34",30,2010,5,89,3729809,114866680
"South","Male","30-34",30,2010,6,81,3729809,114866680
"South","Male","30-34",30,2010,7,82,3729809,114866680
"South","Male","30-34",30,2010,8,88,3729809,114866680
"South","Male","30-34",30,2010,9,74,3729809,114866680
"South","Male","30-34",30,2010,10,91,3729809,114866680
"South","Male","30-34",30,2010,11,88,3729809,114866680
"South","Male","30-34",30,2010,12,92,3729809,114866680
"South","Male","35-39",35,2006,1,87,3798853,108930843
"South","Male","35-39",35,2006,2,59,3798853,108930843
"South","Male","35-39",35,2006,3,89,3798853,108930843
"South","Male","35-39",35,2006,4,83,3798853,108930843
"South","Male","35-39",35,2006,5,88,3798853,108930843
"South","Male","35-39",35,2006,6,90,3798853,108930843
"South","Male","35-39",35,2006,7,99,3798853,108930843
"South","Male","35-39",35,2006,8,104,3798853,108930843
"South","Male","35-39",35,2006,9,81,3798853,108930843
"South","Male","35-39",35,2006,10,86,3798853,108930843
"South","Male","35-39",35,2006,11,94,3798853,108930843
"South","Male","35-39",35,2006,12,81,3798853,108930843
"South","Male","35-39",35,2007,1,93,3845126,110573419
"South","Male","35-39",35,2007,2,80,3845126,110573419
"South","Male","35-39",35,2007,3,98,3845126,110573419
"South","Male","35-39",35,2007,4,85,3845126,110573419
"South","Male","35-39",35,2007,5,86,3845126,110573419
"South","Male","35-39",35,2007,6,74,3845126,110573419
"South","Male","35-39",35,2007,7,111,3845126,110573419
"South","Male","35-39",35,2007,8,96,3845126,110573419
"South","Male","35-39",35,2007,9,80,3845126,110573419
"South","Male","35-39",35,2007,10,74,3845126,110573419
"South","Male","35-39",35,2007,11,94,3845126,110573419
"South","Male","35-39",35,2007,12,97,3845126,110573419
"South","Male","35-39",35,2008,1,85,3851885,112021022
"South","Male","35-39",35,2008,2,102,3851885,112021022
"South","Male","35-39",35,2008,3,73,3851885,112021022
"South","Male","35-39",35,2008,4,85,3851885,112021022
"South","Male","35-39",35,2008,5,75,3851885,112021022
"South","Male","35-39",35,2008,6,78,3851885,112021022
"South","Male","35-39",35,2008,7,81,3851885,112021022
"South","Male","35-39",35,2008,8,84,3851885,112021022
"South","Male","35-39",35,2008,9,89,3851885,112021022
"South","Male","35-39",35,2008,10,86,3851885,112021022
"South","Male","35-39",35,2008,11,79,3851885,112021022
"South","Male","35-39",35,2008,12,85,3851885,112021022
"South","Male","35-39",35,2009,1,86,3819929,113317879
"South","Male","35-39",35,2009,2,80,3819929,113317879
"South","Male","35-39",35,2009,3,96,3819929,113317879
"South","Male","35-39",35,2009,4,83,3819929,113317879
"South","Male","35-39",35,2009,5,88,3819929,113317879
"South","Male","35-39",35,2009,6,66,3819929,113317879
"South","Male","35-39",35,2009,7,68,3819929,113317879
"South","Male","35-39",35,2009,8,86,3819929,113317879
"South","Male","35-39",35,2009,9,72,3819929,113317879
"South","Male","35-39",35,2009,10,89,3819929,113317879
"South","Male","35-39",35,2009,11,102,3819929,113317879
"South","Male","35-39",35,2009,12,99,3819929,113317879
"South","Male","35-39",35,2010,1,108,3756369,114866680
"South","Male","35-39",35,2010,2,86,3756369,114866680
"South","Male","35-39",35,2010,3,97,3756369,114866680
"South","Male","35-39",35,2010,4,83,3756369,114866680
"South","Male","35-39",35,2010,5,74,3756369,114866680
"South","Male","35-39",35,2010,6,98,3756369,114866680
"South","Male","35-39",35,2010,7,85,3756369,114866680
"South","Male","35-39",35,2010,8,90,3756369,114866680
"South","Male","35-39",35,2010,9,74,3756369,114866680
"South","Male","35-39",35,2010,10,86,3756369,114866680
"South","Male","35-39",35,2010,11,87,3756369,114866680
"South","Male","35-39",35,2010,12,89,3756369,114866680
"South","Male","40-44",40,2006,1,127,4012222,108930843
"South","Male","40-44",40,2006,2,115,4012222,108930843
"South","Male","40-44",40,2006,3,112,4012222,108930843
"South","Male","40-44",40,2006,4,100,4012222,108930843
"South","Male","40-44",40,2006,5,137,4012222,108930843
"South","Male","40-44",40,2006,6,109,4012222,108930843
"South","Male","40-44",40,2006,7,115,4012222,108930843
"South","Male","40-44",40,2006,8,111,4012222,108930843
"South","Male","40-44",40,2006,9,104,4012222,108930843
"South","Male","40-44",40,2006,10,106,4012222,108930843
"South","Male","40-44",40,2006,11,105,4012222,108930843
"South","Male","40-44",40,2006,12,109,4012222,108930843
"South","Male","40-44",40,2007,1,120,3955369,110573419
"South","Male","40-44",40,2007,2,107,3955369,110573419
"South","Male","40-44",40,2007,3,94,3955369,110573419
"South","Male","40-44",40,2007,4,106,3955369,110573419
"South","Male","40-44",40,2007,5,100,3955369,110573419
"South","Male","40-44",40,2007,6,118,3955369,110573419
"South","Male","40-44",40,2007,7,101,3955369,110573419
"South","Male","40-44",40,2007,8,100,3955369,110573419
"South","Male","40-44",40,2007,9,103,3955369,110573419
"South","Male","40-44",40,2007,10,111,3955369,110573419
"South","Male","40-44",40,2007,11,111,3955369,110573419
"South","Male","40-44",40,2007,12,113,3955369,110573419
"South","Male","40-44",40,2008,1,98,3893948,112021022
"South","Male","40-44",40,2008,2,106,3893948,112021022
"South","Male","40-44",40,2008,3,99,3893948,112021022
"South","Male","40-44",40,2008,4,106,3893948,112021022
"South","Male","40-44",40,2008,5,101,3893948,112021022
"South","Male","40-44",40,2008,6,86,3893948,112021022
"South","Male","40-44",40,2008,7,88,3893948,112021022
"South","Male","40-44",40,2008,8,102,3893948,112021022
"South","Male","40-44",40,2008,9,85,3893948,112021022
"South","Male","40-44",40,2008,10,98,3893948,112021022
"South","Male","40-44",40,2008,11,83,3893948,112021022
"South","Male","40-44",40,2008,12,110,3893948,112021022
"South","Male","40-44",40,2009,1,114,3839558,113317879
"South","Male","40-44",40,2009,2,85,3839558,113317879
"South","Male","40-44",40,2009,3,108,3839558,113317879
"South","Male","40-44",40,2009,4,111,3839558,113317879
"South","Male","40-44",40,2009,5,112,3839558,113317879
"South","Male","40-44",40,2009,6,93,3839558,113317879
"South","Male","40-44",40,2009,7,90,3839558,113317879
"South","Male","40-44",40,2009,8,99,3839558,113317879
"South","Male","40-44",40,2009,9,94,3839558,113317879
"South","Male","40-44",40,2009,10,80,3839558,113317879
"South","Male","40-44",40,2009,11,96,3839558,113317879
"South","Male","40-44",40,2009,12,85,3839558,113317879
"South","Male","40-44",40,2010,1,96,3842845,114866680
"South","Male","40-44",40,2010,2,108,3842845,114866680
"South","Male","40-44",40,2010,3,107,3842845,114866680
"South","Male","40-44",40,2010,4,94,3842845,114866680
"South","Male","40-44",40,2010,5,86,3842845,114866680
"South","Male","40-44",40,2010,6,80,3842845,114866680
"South","Male","40-44",40,2010,7,80,3842845,114866680
"South","Male","40-44",40,2010,8,103,3842845,114866680
"South","Male","40-44",40,2010,9,73,3842845,114866680
"South","Male","40-44",40,2010,10,76,3842845,114866680
"South","Male","40-44",40,2010,11,99,3842845,114866680
"South","Male","40-44",40,2010,12,104,3842845,114866680
"South","Male","45-49",45,2006,1,105,4015135,108930843
"South","Male","45-49",45,2006,2,94,4015135,108930843
"South","Male","45-49",45,2006,3,141,4015135,108930843
"South","Male","45-49",45,2006,4,99,4015135,108930843
"South","Male","45-49",45,2006,5,118,4015135,108930843
"South","Male","45-49",45,2006,6,111,4015135,108930843
"South","Male","45-49",45,2006,7,137,4015135,108930843
"South","Male","45-49",45,2006,8,128,4015135,108930843
"South","Male","45-49",45,2006,9,98,4015135,108930843
"South","Male","45-49",45,2006,10,121,4015135,108930843
"South","Male","45-49",45,2006,11,120,4015135,108930843
"South","Male","45-49",45,2006,12,113,4015135,108930843
"South","Male","45-49",45,2007,1,140,4055628,110573419
"South","Male","45-49",45,2007,2,121,4055628,110573419
"South","Male","45-49",45,2007,3,126,4055628,110573419
"South","Male","45-49",45,2007,4,121,4055628,110573419
"South","Male","45-49",45,2007,5,110,4055628,110573419
"South","Male","45-49",45,2007,6,110,4055628,110573419
"South","Male","45-49",45,2007,7,109,4055628,110573419
"South","Male","45-49",45,2007,8,117,4055628,110573419
"South","Male","45-49",45,2007,9,113,4055628,110573419
"South","Male","45-49",45,2007,10,105,4055628,110573419
"South","Male","45-49",45,2007,11,113,4055628,110573419
"South","Male","45-49",45,2007,12,138,4055628,110573419
"South","Male","45-49",45,2008,1,100,4086674,112021022
"South","Male","45-49",45,2008,2,131,4086674,112021022
"South","Male","45-49",45,2008,3,113,4086674,112021022
"South","Male","45-49",45,2008,4,134,4086674,112021022
"South","Male","45-49",45,2008,5,129,4086674,112021022
"South","Male","45-49",45,2008,6,123,4086674,112021022
"South","Male","45-49",45,2008,7,115,4086674,112021022
"South","Male","45-49",45,2008,8,96,4086674,112021022
"South","Male","45-49",45,2008,9,117,4086674,112021022
"South","Male","45-49",45,2008,10,102,4086674,112021022
"South","Male","45-49",45,2008,11,103,4086674,112021022
"South","Male","45-49",45,2008,12,110,4086674,112021022
"South","Male","45-49",45,2009,1,109,4121492,113317879
"South","Male","45-49",45,2009,2,110,4121492,113317879
"South","Male","45-49",45,2009,3,133,4121492,113317879
"South","Male","45-49",45,2009,4,116,4121492,113317879
"South","Male","45-49",45,2009,5,125,4121492,113317879
"South","Male","45-49",45,2009,6,116,4121492,113317879
"South","Male","45-49",45,2009,7,126,4121492,113317879
"South","Male","45-49",45,2009,8,131,4121492,113317879
"South","Male","45-49",45,2009,9,118,4121492,113317879
"South","Male","45-49",45,2009,10,126,4121492,113317879
"South","Male","45-49",45,2009,11,134,4121492,113317879
"South","Male","45-49",45,2009,12,123,4121492,113317879
"South","Male","45-49",45,2010,1,129,4109777,114866680
"South","Male","45-49",45,2010,2,121,4109777,114866680
"South","Male","45-49",45,2010,3,127,4109777,114866680
"South","Male","45-49",45,2010,4,121,4109777,114866680
"South","Male","45-49",45,2010,5,121,4109777,114866680
"South","Male","45-49",45,2010,6,118,4109777,114866680
"South","Male","45-49",45,2010,7,115,4109777,114866680
"South","Male","45-49",45,2010,8,95,4109777,114866680
"South","Male","45-49",45,2010,9,111,4109777,114866680
"South","Male","45-49",45,2010,10,115,4109777,114866680
"South","Male","45-49",45,2010,11,110,4109777,114866680
"South","Male","45-49",45,2010,12,95,4109777,114866680
"South","Male","50-54",50,2006,1,87,3580265,108930843
"South","Male","50-54",50,2006,2,94,3580265,108930843
"South","Male","50-54",50,2006,3,89,3580265,108930843
"South","Male","50-54",50,2006,4,93,3580265,108930843
"South","Male","50-54",50,2006,5,95,3580265,108930843
"South","Male","50-54",50,2006,6,79,3580265,108930843
"South","Male","50-54",50,2006,7,84,3580265,108930843
"South","Male","50-54",50,2006,8,91,3580265,108930843
"South","Male","50-54",50,2006,9,86,3580265,108930843
"South","Male","50-54",50,2006,10,93,3580265,108930843
"South","Male","50-54",50,2006,11,91,3580265,108930843
"South","Male","50-54",50,2006,12,103,3580265,108930843
"South","Male","50-54",50,2007,1,80,3698135,110573419
"South","Male","50-54",50,2007,2,78,3698135,110573419
"South","Male","50-54",50,2007,3,82,3698135,110573419
"South","Male","50-54",50,2007,4,93,3698135,110573419
"South","Male","50-54",50,2007,5,86,3698135,110573419
"South","Male","50-54",50,2007,6,80,3698135,110573419
"South","Male","50-54",50,2007,7,98,3698135,110573419
"South","Male","50-54",50,2007,8,104,3698135,110573419
"South","Male","50-54",50,2007,9,86,3698135,110573419
"South","Male","50-54",50,2007,10,95,3698135,110573419
"South","Male","50-54",50,2007,11,76,3698135,110573419
"South","Male","50-54",50,2007,12,91,3698135,110573419
"South","Male","50-54",50,2008,1,88,3800662,112021022
"South","Male","50-54",50,2008,2,115,3800662,112021022
"South","Male","50-54",50,2008,3,113,3800662,112021022
"South","Male","50-54",50,2008,4,90,3800662,112021022
"South","Male","50-54",50,2008,5,101,3800662,112021022
"South","Male","50-54",50,2008,6,108,3800662,112021022
"South","Male","50-54",50,2008,7,104,3800662,112021022
"South","Male","50-54",50,2008,8,98,3800662,112021022
"South","Male","50-54",50,2008,9,83,3800662,112021022
"South","Male","50-54",50,2008,10,98,3800662,112021022
"South","Male","50-54",50,2008,11,69,3800662,112021022
"South","Male","50-54",50,2008,12,96,3800662,112021022
"South","Male","50-54",50,2009,1,99,3878057,113317879
"South","Male","50-54",50,2009,2,80,3878057,113317879
"South","Male","50-54",50,2009,3,104,3878057,113317879
"South","Male","50-54",50,2009,4,93,3878057,113317879
"South","Male","50-54",50,2009,5,92,3878057,113317879
"South","Male","50-54",50,2009,6,108,3878057,113317879
"South","Male","50-54",50,2009,7,113,3878057,113317879
"South","Male","50-54",50,2009,8,103,3878057,113317879
"South","Male","50-54",50,2009,9,101,3878057,113317879
"South","Male","50-54",50,2009,10,109,3878057,113317879
"South","Male","50-54",50,2009,11,101,3878057,113317879
"South","Male","50-54",50,2009,12,106,3878057,113317879
"South","Male","50-54",50,2010,1,102,3956329,114866680
"South","Male","50-54",50,2010,2,115,3956329,114866680
"South","Male","50-54",50,2010,3,112,3956329,114866680
"South","Male","50-54",50,2010,4,109,3956329,114866680
"South","Male","50-54",50,2010,5,94,3956329,114866680
"South","Male","50-54",50,2010,6,117,3956329,114866680
"South","Male","50-54",50,2010,7,108,3956329,114866680
"South","Male","50-54",50,2010,8,91,3956329,114866680
"South","Male","50-54",50,2010,9,107,3956329,114866680
"South","Male","50-54",50,2010,10,118,3956329,114866680
"South","Male","50-54",50,2010,11,84,3956329,114866680
"South","Male","50-54",50,2010,12,102,3956329,114866680
"West","Female","15-19",15,2006,1,6,2474448,68870285
"West","Female","15-19",15,2006,2,3,2474448,68870285
"West","Female","15-19",15,2006,3,5,2474448,68870285
"West","Female","15-19",15,2006,4,1,2474448,68870285
"West","Female","15-19",15,2006,5,5,2474448,68870285
"West","Female","15-19",15,2006,6,1,2474448,68870285
"West","Female","15-19",15,2006,7,6,2474448,68870285
"West","Female","15-19",15,2006,8,3,2474448,68870285
"West","Female","15-19",15,2006,9,6,2474448,68870285
"West","Female","15-19",15,2006,10,4,2474448,68870285
"West","Female","15-19",15,2006,11,4,2474448,68870285
"West","Female","15-19",15,2006,12,6,2474448,68870285
"West","Female","15-19",15,2007,1,10,2518255,69767850
"West","Female","15-19",15,2007,2,5,2518255,69767850
"West","Female","15-19",15,2007,3,6,2518255,69767850
"West","Female","15-19",15,2007,4,5,2518255,69767850
"West","Female","15-19",15,2007,5,5,2518255,69767850
"West","Female","15-19",15,2007,6,2,2518255,69767850
"West","Female","15-19",15,2007,7,2,2518255,69767850
"West","Female","15-19",15,2007,8,5,2518255,69767850
"West","Female","15-19",15,2007,9,3,2518255,69767850
"West","Female","15-19",15,2007,10,4,2518255,69767850
"West","Female","15-19",15,2007,11,3,2518255,69767850
"West","Female","15-19",15,2007,12,3,2518255,69767850
"West","Female","15-19",15,2008,1,5,2546948,70698031
"West","Female","15-19",15,2008,2,7,2546948,70698031
"West","Female","15-19",15,2008,3,7,2546948,70698031
"West","Female","15-19",15,2008,4,6,2546948,70698031
"West","Female","15-19",15,2008,5,6,2546948,70698031
"West","Female","15-19",15,2008,6,6,2546948,70698031
"West","Female","15-19",15,2008,7,4,2546948,70698031
"West","Female","15-19",15,2008,9,8,2546948,70698031
"West","Female","15-19",15,2008,10,6,2546948,70698031
"West","Female","15-19",15,2008,11,1,2546948,70698031
"West","Female","15-19",15,2008,12,6,2546948,70698031
"West","Female","15-19",15,2009,1,6,2557446,71568081
"West","Female","15-19",15,2009,2,7,2557446,71568081
"West","Female","15-19",15,2009,3,4,2557446,71568081
"West","Female","15-19",15,2009,4,8,2557446,71568081
"West","Female","15-19",15,2009,5,6,2557446,71568081
"West","Female","15-19",15,2009,6,6,2557446,71568081
"West","Female","15-19",15,2009,7,3,2557446,71568081
"West","Female","15-19",15,2009,8,5,2557446,71568081
"West","Female","15-19",15,2009,9,3,2557446,71568081
"West","Female","15-19",15,2009,10,7,2557446,71568081
"West","Female","15-19",15,2009,11,2,2557446,71568081
"West","Female","15-19",15,2009,12,13,2557446,71568081
"West","Female","15-19",15,2010,1,9,2537862,72100436
"West","Female","15-19",15,2010,2,6,2537862,72100436
"West","Female","15-19",15,2010,3,6,2537862,72100436
"West","Female","15-19",15,2010,4,6,2537862,72100436
"West","Female","15-19",15,2010,5,3,2537862,72100436
"West","Female","15-19",15,2010,6,4,2537862,72100436
"West","Female","15-19",15,2010,7,9,2537862,72100436
"West","Female","15-19",15,2010,8,3,2537862,72100436
"West","Female","15-19",15,2010,9,6,2537862,72100436
"West","Female","15-19",15,2010,10,6,2537862,72100436
"West","Female","15-19",15,2010,11,5,2537862,72100436
"West","Female","15-19",15,2010,12,1,2537862,72100436
"West","Female","20-24",20,2006,1,5,2406144,68870285
"West","Female","20-24",20,2006,2,13,2406144,68870285
"West","Female","20-24",20,2006,3,7,2406144,68870285
"West","Female","20-24",20,2006,4,11,2406144,68870285
"West","Female","20-24",20,2006,5,8,2406144,68870285
"West","Female","20-24",20,2006,6,9,2406144,68870285
"West","Female","20-24",20,2006,7,13,2406144,68870285
"West","Female","20-24",20,2006,8,12,2406144,68870285
"West","Female","20-24",20,2006,9,12,2406144,68870285
"West","Female","20-24",20,2006,10,13,2406144,68870285
"West","Female","20-24",20,2006,11,8,2406144,68870285
"West","Female","20-24",20,2006,12,8,2406144,68870285
"West","Female","20-24",20,2007,1,17,2412141,69767850
"West","Female","20-24",20,2007,2,6,2412141,69767850
"West","Female","20-24",20,2007,3,13,2412141,69767850
"West","Female","20-24",20,2007,4,13,2412141,69767850
"West","Female","20-24",20,2007,5,12,2412141,69767850
"West","Female","20-24",20,2007,6,7,2412141,69767850
"West","Female","20-24",20,2007,7,11,2412141,69767850
"West","Female","20-24",20,2007,8,17,2412141,69767850
"West","Female","20-24",20,2007,9,11,2412141,69767850
"West","Female","20-24",20,2007,10,15,2412141,69767850
"West","Female","20-24",20,2007,11,16,2412141,69767850
"West","Female","20-24",20,2007,12,14,2412141,69767850
"West","Female","20-24",20,2008,1,9,2436916,70698031
"West","Female","20-24",20,2008,2,9,2436916,70698031
"West","Female","20-24",20,2008,3,5,2436916,70698031
"West","Female","20-24",20,2008,4,8,2436916,70698031
"West","Female","20-24",20,2008,5,15,2436916,70698031
"West","Female","20-24",20,2008,6,10,2436916,70698031
"West","Female","20-24",20,2008,7,7,2436916,70698031
"West","Female","20-24",20,2008,8,7,2436916,70698031
"West","Female","20-24",20,2008,9,10,2436916,70698031
"West","Female","20-24",20,2008,10,11,2436916,70698031
"West","Female","20-24",20,2008,11,11,2436916,70698031
"West","Female","20-24",20,2008,12,13,2436916,70698031
"West","Female","20-24",20,2009,1,19,2467047,71568081
"West","Female","20-24",20,2009,2,8,2467047,71568081
"West","Female","20-24",20,2009,3,11,2467047,71568081
"West","Female","20-24",20,2009,4,13,2467047,71568081
"West","Female","20-24",20,2009,5,17,2467047,71568081
"West","Female","20-24",20,2009,6,8,2467047,71568081
"West","Female","20-24",20,2009,7,10,2467047,71568081
"West","Female","20-24",20,2009,8,10,2467047,71568081
"West","Female","20-24",20,2009,9,12,2467047,71568081
"West","Female","20-24",20,2009,10,16,2467047,71568081
"West","Female","20-24",20,2009,11,6,2467047,71568081
"West","Female","20-24",20,2009,12,15,2467047,71568081
"West","Female","20-24",20,2010,1,16,2513931,72100436
"West","Female","20-24",20,2010,2,12,2513931,72100436
"West","Female","20-24",20,2010,3,13,2513931,72100436
"West","Female","20-24",20,2010,4,13,2513931,72100436
"West","Female","20-24",20,2010,5,14,2513931,72100436
"West","Female","20-24",20,2010,6,21,2513931,72100436
"West","Female","20-24",20,2010,7,11,2513931,72100436
"West","Female","20-24",20,2010,8,19,2513931,72100436
"West","Female","20-24",20,2010,9,20,2513931,72100436
"West","Female","20-24",20,2010,10,16,2513931,72100436
"West","Female","20-24",20,2010,11,17,2513931,72100436
"West","Female","20-24",20,2010,12,13,2513931,72100436
"West","Female","25-29",25,2006,1,16,2444114,68870285
"West","Female","25-29",25,2006,2,16,2444114,68870285
"West","Female","25-29",25,2006,3,24,2444114,68870285
"West","Female","25-29",25,2006,4,23,2444114,68870285
"West","Female","25-29",25,2006,5,13,2444114,68870285
"West","Female","25-29",25,2006,6,14,2444114,68870285
"West","Female","25-29",25,2006,7,14,2444114,68870285
"West","Female","25-29",25,2006,8,19,2444114,68870285
"West","Female","25-29",25,2006,9,13,2444114,68870285
"West","Female","25-29",25,2006,10,21,2444114,68870285
"West","Female","25-29",25,2006,11,16,2444114,68870285
"West","Female","25-29",25,2006,12,24,2444114,68870285
"West","Female","25-29",25,2007,1,19,2499474,69767850
"West","Female","25-29",25,2007,2,17,2499474,69767850
"West","Female","25-29",25,2007,3,29,2499474,69767850
"West","Female","25-29",25,2007,4,17,2499474,69767850
"West","Female","25-29",25,2007,5,19,2499474,69767850
"West","Female","25-29",25,2007,6,17,2499474,69767850
"West","Female","25-29",25,2007,7,22,2499474,69767850
"West","Female","25-29",25,2007,8,19,2499474,69767850
"West","Female","25-29",25,2007,9,16,2499474,69767850
"West","Female","25-29",25,2007,10,19,2499474,69767850
"West","Female","25-29",25,2007,11,13,2499474,69767850
"West","Female","25-29",25,2007,12,20,2499474,69767850
"West","Female","25-29",25,2008,1,18,2539319,70698031
"West","Female","25-29",25,2008,2,14,2539319,70698031
"West","Female","25-29",25,2008,3,16,2539319,70698031
"West","Female","25-29",25,2008,4,21,2539319,70698031
"West","Female","25-29",25,2008,5,16,2539319,70698031
"West","Female","25-29",25,2008,6,15,2539319,70698031
"West","Female","25-29",25,2008,7,21,2539319,70698031
"West","Female","25-29",25,2008,8,22,2539319,70698031
"West","Female","25-29",25,2008,9,20,2539319,70698031
"West","Female","25-29",25,2008,10,17,2539319,70698031
"West","Female","25-29",25,2008,11,22,2539319,70698031
"West","Female","25-29",25,2008,12,18,2539319,70698031
"West","Female","25-29",25,2009,1,22,2553406,71568081
"West","Female","25-29",25,2009,2,20,2553406,71568081
"West","Female","25-29",25,2009,3,16,2553406,71568081
"West","Female","25-29",25,2009,4,9,2553406,71568081
"West","Female","25-29",25,2009,5,16,2553406,71568081
"West","Female","25-29",25,2009,6,21,2553406,71568081
"West","Female","25-29",25,2009,7,21,2553406,71568081
"West","Female","25-29",25,2009,8,13,2553406,71568081
"West","Female","25-29",25,2009,9,23,2553406,71568081
"West","Female","25-29",25,2009,10,25,2553406,71568081
"West","Female","25-29",25,2009,11,18,2553406,71568081
"West","Female","25-29",25,2009,12,21,2553406,71568081
"West","Female","25-29",25,2010,1,25,2551310,72100436
"West","Female","25-29",25,2010,2,19,2551310,72100436
"West","Female","25-29",25,2010,3,24,2551310,72100436
"West","Female","25-29",25,2010,4,26,2551310,72100436
"West","Female","25-29",25,2010,5,23,2551310,72100436
"West","Female","25-29",25,2010,6,27,2551310,72100436
"West","Female","25-29",25,2010,7,22,2551310,72100436
"West","Female","25-29",25,2010,8,25,2551310,72100436
"West","Female","25-29",25,2010,9,18,2551310,72100436
"West","Female","25-29",25,2010,10,22,2551310,72100436
"West","Female","25-29",25,2010,11,24,2551310,72100436
"West","Female","25-29",25,2010,12,20,2551310,72100436
"West","Female","30-34",30,2006,1,17,2288489,68870285
"West","Female","30-34",30,2006,2,25,2288489,68870285
"West","Female","30-34",30,2006,3,22,2288489,68870285
"West","Female","30-34",30,2006,4,21,2288489,68870285
"West","Female","30-34",30,2006,5,20,2288489,68870285
"West","Female","30-34",30,2006,6,31,2288489,68870285
"West","Female","30-34",30,2006,7,25,2288489,68870285
"West","Female","30-34",30,2006,8,23,2288489,68870285
"West","Female","30-34",30,2006,9,17,2288489,68870285
"West","Female","30-34",30,2006,10,21,2288489,68870285
"West","Female","30-34",30,2006,11,11,2288489,68870285
"West","Female","30-34",30,2006,12,17,2288489,68870285
"West","Female","30-34",30,2007,1,21,2293157,69767850
"West","Female","30-34",30,2007,2,16,2293157,69767850
"West","Female","30-34",30,2007,3,26,2293157,69767850
"West","Female","30-34",30,2007,4,24,2293157,69767850
"West","Female","30-34",30,2007,5,22,2293157,69767850
"West","Female","30-34",30,2007,6,28,2293157,69767850
"West","Female","30-34",30,2007,7,19,2293157,69767850
"West","Female","30-34",30,2007,8,22,2293157,69767850
"West","Female","30-34",30,2007,9,17,2293157,69767850
"West","Female","30-34",30,2007,10,27,2293157,69767850
"West","Female","30-34",30,2007,11,26,2293157,69767850
"West","Female","30-34",30,2007,12,20,2293157,69767850
"West","Female","30-34",30,2008,1,24,2323277,70698031
"West","Female","30-34",30,2008,2,19,2323277,70698031
"West","Female","30-34",30,2008,3,27,2323277,70698031
"West","Female","30-34",30,2008,4,24,2323277,70698031
"West","Female","30-34",30,2008,5,22,2323277,70698031
"West","Female","30-34",30,2008,6,19,2323277,70698031
"West","Female","30-34",30,2008,7,23,2323277,70698031
"West","Female","30-34",30,2008,8,13,2323277,70698031
"West","Female","30-34",30,2008,9,19,2323277,70698031
"West","Female","30-34",30,2008,10,26,2323277,70698031
"West","Female","30-34",30,2008,11,21,2323277,70698031
"West","Female","30-34",30,2008,12,21,2323277,70698031
"West","Female","30-34",30,2009,1,32,2375256,71568081
"West","Female","30-34",30,2009,2,24,2375256,71568081
"West","Female","30-34",30,2009,3,22,2375256,71568081
"West","Female","30-34",30,2009,4,24,2375256,71568081
"West","Female","30-34",30,2009,5,32,2375256,71568081
"West","Female","30-34",30,2009,6,26,2375256,71568081
"West","Female","30-34",30,2009,7,17,2375256,71568081
"West","Female","30-34",30,2009,8,29,2375256,71568081
"West","Female","30-34",30,2009,9,24,2375256,71568081
"West","Female","30-34",30,2009,10,22,2375256,71568081
"West","Female","30-34",30,2009,11,23,2375256,71568081
"West","Female","30-34",30,2009,12,25,2375256,71568081
"West","Female","30-34",30,2010,1,24,2433248,72100436
"West","Female","30-34",30,2010,2,18,2433248,72100436
"West","Female","30-34",30,2010,3,26,2433248,72100436
"West","Female","30-34",30,2010,4,28,2433248,72100436
"West","Female","30-34",30,2010,5,20,2433248,72100436
"West","Female","30-34",30,2010,6,32,2433248,72100436
"West","Female","30-34",30,2010,7,29,2433248,72100436
"West","Female","30-34",30,2010,8,23,2433248,72100436
"West","Female","30-34",30,2010,9,31,2433248,72100436
"West","Female","30-34",30,2010,10,27,2433248,72100436
"West","Female","30-34",30,2010,11,21,2433248,72100436
"West","Female","30-34",30,2010,12,17,2433248,72100436
"West","Female","35-39",35,2006,1,26,2432408,68870285
"West","Female","35-39",35,2006,2,29,2432408,68870285
"West","Female","35-39",35,2006,3,31,2432408,68870285
"West","Female","35-39",35,2006,4,21,2432408,68870285
"West","Female","35-39",35,2006,5,30,2432408,68870285
"West","Female","35-39",35,2006,6,35,2432408,68870285
"West","Female","35-39",35,2006,7,27,2432408,68870285
"West","Female","35-39",35,2006,8,25,2432408,68870285
"West","Female","35-39",35,2006,9,24,2432408,68870285
"West","Female","35-39",35,2006,10,41,2432408,68870285
"West","Female","35-39",35,2006,11,31,2432408,68870285
"West","Female","35-39",35,2006,12,30,2432408,68870285
"West","Female","35-39",35,2007,1,34,2449547,69767850
"West","Female","35-39",35,2007,2,35,2449547,69767850
"West","Female","35-39",35,2007,3,30,2449547,69767850
"West","Female","35-39",35,2007,4,29,2449547,69767850
"West","Female","35-39",35,2007,5,27,2449547,69767850
"West","Female","35-39",35,2007,6,32,2449547,69767850
"West","Female","35-39",35,2007,7,32,2449547,69767850
"West","Female","35-39",35,2007,8,26,2449547,69767850
"West","Female","35-39",35,2007,9,32,2449547,69767850
"West","Female","35-39",35,2007,10,40,2449547,69767850
"West","Female","35-39",35,2007,11,25,2449547,69767850
"West","Female","35-39",35,2007,12,31,2449547,69767850
"West","Female","35-39",35,2008,1,41,2448592,70698031
"West","Female","35-39",35,2008,2,43,2448592,70698031
"West","Female","35-39",35,2008,3,27,2448592,70698031
"West","Female","35-39",35,2008,4,30,2448592,70698031
"West","Female","35-39",35,2008,5,29,2448592,70698031
"West","Female","35-39",35,2008,6,33,2448592,70698031
"West","Female","35-39",35,2008,7,23,2448592,70698031
"West","Female","35-39",35,2008,8,32,2448592,70698031
"West","Female","35-39",35,2008,9,34,2448592,70698031
"West","Female","35-39",35,2008,10,30,2448592,70698031
"West","Female","35-39",35,2008,11,33,2448592,70698031
"West","Female","35-39",35,2008,12,31,2448592,70698031
"West","Female","35-39",35,2009,1,27,2430831,71568081
"West","Female","35-39",35,2009,2,25,2430831,71568081
"West","Female","35-39",35,2009,3,39,2430831,71568081
"West","Female","35-39",35,2009,4,35,2430831,71568081
"West","Female","35-39",35,2009,5,31,2430831,71568081
"West","Female","35-39",35,2009,6,23,2430831,71568081
"West","Female","35-39",35,2009,7,34,2430831,71568081
"West","Female","35-39",35,2009,8,29,2430831,71568081
"West","Female","35-39",35,2009,9,35,2430831,71568081
"West","Female","35-39",35,2009,10,28,2430831,71568081
"West","Female","35-39",35,2009,11,27,2430831,71568081
"West","Female","35-39",35,2009,12,24,2430831,71568081
"West","Female","35-39",35,2010,1,29,2395341,72100436
"West","Female","35-39",35,2010,2,40,2395341,72100436
"West","Female","35-39",35,2010,3,31,2395341,72100436
"West","Female","35-39",35,2010,4,27,2395341,72100436
"West","Female","35-39",35,2010,5,38,2395341,72100436
"West","Female","35-39",35,2010,6,32,2395341,72100436
"West","Female","35-39",35,2010,7,42,2395341,72100436
"West","Female","35-39",35,2010,8,29,2395341,72100436
"West","Female","35-39",35,2010,9,27,2395341,72100436
"West","Female","35-39",35,2010,10,27,2395341,72100436
"West","Female","35-39",35,2010,11,25,2395341,72100436
"West","Female","35-39",35,2010,12,30,2395341,72100436
"West","Female","40-44",40,2006,1,42,2507719,68870285
"West","Female","40-44",40,2006,2,44,2507719,68870285
"West","Female","40-44",40,2006,3,44,2507719,68870285
"West","Female","40-44",40,2006,4,51,2507719,68870285
"West","Female","40-44",40,2006,5,36,2507719,68870285
"West","Female","40-44",40,2006,6,50,2507719,68870285
"West","Female","40-44",40,2006,7,53,2507719,68870285
"West","Female","40-44",40,2006,8,40,2507719,68870285
"West","Female","40-44",40,2006,9,45,2507719,68870285
"West","Female","40-44",40,2006,10,37,2507719,68870285
"West","Female","40-44",40,2006,11,38,2507719,68870285
"West","Female","40-44",40,2006,12,46,2507719,68870285
"West","Female","40-44",40,2007,1,41,2459460,69767850
"West","Female","40-44",40,2007,2,41,2459460,69767850
"West","Female","40-44",40,2007,3,52,2459460,69767850
"West","Female","40-44",40,2007,4,41,2459460,69767850
"West","Female","40-44",40,2007,5,32,2459460,69767850
"West","Female","40-44",40,2007,6,48,2459460,69767850
"West","Female","40-44",40,2007,7,58,2459460,69767850
"West","Female","40-44",40,2007,8,47,2459460,69767850
"West","Female","40-44",40,2007,9,40,2459460,69767850
"West","Female","40-44",40,2007,10,44,2459460,69767850
"West","Female","40-44",40,2007,11,42,2459460,69767850
"West","Female","40-44",40,2007,12,40,2459460,69767850
"West","Female","40-44",40,2008,1,49,2420844,70698031
"West","Female","40-44",40,2008,2,38,2420844,70698031
"West","Female","40-44",40,2008,3,39,2420844,70698031
"West","Female","40-44",40,2008,4,49,2420844,70698031
"West","Female","40-44",40,2008,5,39,2420844,70698031
"West","Female","40-44",40,2008,6,39,2420844,70698031
"West","Female","40-44",40,2008,7,41,2420844,70698031
"West","Female","40-44",40,2008,8,35,2420844,70698031
"West","Female","40-44",40,2008,9,34,2420844,70698031
"West","Female","40-44",40,2008,10,44,2420844,70698031
"West","Female","40-44",40,2008,11,42,2420844,70698031
"West","Female","40-44",40,2008,12,30,2420844,70698031
"West","Female","40-44",40,2009,1,38,2395476,71568081
"West","Female","40-44",40,2009,2,44,2395476,71568081
"West","Female","40-44",40,2009,3,49,2395476,71568081
"West","Female","40-44",40,2009,4,44,2395476,71568081
"West","Female","40-44",40,2009,5,49,2395476,71568081
"West","Female","40-44",40,2009,6,46,2395476,71568081
"West","Female","40-44",40,2009,7,47,2395476,71568081
"West","Female","40-44",40,2009,8,49,2395476,71568081
"West","Female","40-44",40,2009,9,38,2395476,71568081
"West","Female","40-44",40,2009,10,45,2395476,71568081
"West","Female","40-44",40,2009,11,43,2395476,71568081
"West","Female","40-44",40,2009,12,49,2395476,71568081
"West","Female","40-44",40,2010,1,46,2412043,72100436
"West","Female","40-44",40,2010,2,46,2412043,72100436
"West","Female","40-44",40,2010,3,49,2412043,72100436
"West","Female","40-44",40,2010,4,35,2412043,72100436
"West","Female","40-44",40,2010,5,46,2412043,72100436
"West","Female","40-44",40,2010,6,32,2412043,72100436
"West","Female","40-44",40,2010,7,47,2412043,72100436
"West","Female","40-44",40,2010,8,38,2412043,72100436
"West","Female","40-44",40,2010,9,49,2412043,72100436
"West","Female","40-44",40,2010,10,30,2412043,72100436
"West","Female","40-44",40,2010,11,41,2412043,72100436
"West","Female","40-44",40,2010,12,41,2412043,72100436
"West","Female","45-49",45,2006,1,52,2543673,68870285
"West","Female","45-49",45,2006,2,66,2543673,68870285
"West","Female","45-49",45,2006,3,70,2543673,68870285
"West","Female","45-49",45,2006,4,54,2543673,68870285
"West","Female","45-49",45,2006,5,46,2543673,68870285
"West","Female","45-49",45,2006,6,57,2543673,68870285
"West","Female","45-49",45,2006,7,66,2543673,68870285
"West","Female","45-49",45,2006,8,51,2543673,68870285
"West","Female","45-49",45,2006,9,68,2543673,68870285
"West","Female","45-49",45,2006,10,52,2543673,68870285
"West","Female","45-49",45,2006,11,62,2543673,68870285
"West","Female","45-49",45,2006,12,58,2543673,68870285
"West","Female","45-49",45,2007,1,71,2554743,69767850
"West","Female","45-49",45,2007,2,51,2554743,69767850
"West","Female","45-49",45,2007,3,56,2554743,69767850
"West","Female","45-49",45,2007,4,55,2554743,69767850
"West","Female","45-49",45,2007,5,69,2554743,69767850
"West","Female","45-49",45,2007,6,56,2554743,69767850
"West","Female","45-49",45,2007,7,60,2554743,69767850
"West","Female","45-49",45,2007,8,63,2554743,69767850
"West","Female","45-49",45,2007,9,56,2554743,69767850
"West","Female","45-49",45,2007,10,50,2554743,69767850
"West","Female","45-49",45,2007,11,54,2554743,69767850
"West","Female","45-49",45,2007,12,56,2554743,69767850
"West","Female","45-49",45,2008,1,65,2563475,70698031
"West","Female","45-49",45,2008,2,65,2563475,70698031
"West","Female","45-49",45,2008,3,53,2563475,70698031
"West","Female","45-49",45,2008,4,61,2563475,70698031
"West","Female","45-49",45,2008,5,64,2563475,70698031
"West","Female","45-49",45,2008,6,56,2563475,70698031
"West","Female","45-49",45,2008,7,60,2563475,70698031
"West","Female","45-49",45,2008,8,51,2563475,70698031
"West","Female","45-49",45,2008,9,53,2563475,70698031
"West","Female","45-49",45,2008,10,55,2563475,70698031
"West","Female","45-49",45,2008,11,57,2563475,70698031
"West","Female","45-49",45,2008,12,61,2563475,70698031
"West","Female","45-49",45,2009,1,72,2571898,71568081
"West","Female","45-49",45,2009,2,60,2571898,71568081
"West","Female","45-49",45,2009,3,71,2571898,71568081
"West","Female","45-49",45,2009,4,67,2571898,71568081
"West","Female","45-49",45,2009,5,71,2571898,71568081
"West","Female","45-49",45,2009,6,58,2571898,71568081
"West","Female","45-49",45,2009,7,78,2571898,71568081
"West","Female","45-49",45,2009,8,57,2571898,71568081
"West","Female","45-49",45,2009,9,65,2571898,71568081
"West","Female","45-49",45,2009,10,58,2571898,71568081
"West","Female","45-49",45,2009,11,65,2571898,71568081
"West","Female","45-49",45,2009,12,55,2571898,71568081
"West","Female","45-49",45,2010,1,60,2543997,72100436
"West","Female","45-49",45,2010,2,58,2543997,72100436
"West","Female","45-49",45,2010,3,67,2543997,72100436
"West","Female","45-49",45,2010,4,46,2543997,72100436
"West","Female","45-49",45,2010,5,49,2543997,72100436
"West","Female","45-49",45,2010,6,63,2543997,72100436
"West","Female","45-49",45,2010,7,44,2543997,72100436
"West","Female","45-49",45,2010,8,56,2543997,72100436
"West","Female","45-49",45,2010,9,59,2543997,72100436
"West","Female","45-49",45,2010,10,43,2543997,72100436
"West","Female","45-49",45,2010,11,53,2543997,72100436
"West","Female","45-49",45,2010,12,55,2543997,72100436
"West","Female","50-54",50,2006,1,47,2344486,68870285
"West","Female","50-54",50,2006,2,44,2344486,68870285
"West","Female","50-54",50,2006,3,55,2344486,68870285
"West","Female","50-54",50,2006,4,55,2344486,68870285
"West","Female","50-54",50,2006,5,58,2344486,68870285
"West","Female","50-54",50,2006,6,48,2344486,68870285
"West","Female","50-54",50,2006,7,50,2344486,68870285
"West","Female","50-54",50,2006,8,49,2344486,68870285
"West","Female","50-54",50,2006,9,39,2344486,68870285
"West","Female","50-54",50,2006,10,53,2344486,68870285
"West","Female","50-54",50,2006,11,47,2344486,68870285
"West","Female","50-54",50,2006,12,53,2344486,68870285
"West","Female","50-54",50,2007,1,70,2408619,69767850
"West","Female","50-54",50,2007,2,50,2408619,69767850
"West","Female","50-54",50,2007,3,56,2408619,69767850
"West","Female","50-54",50,2007,4,67,2408619,69767850
"West","Female","50-54",50,2007,5,48,2408619,69767850
"West","Female","50-54",50,2007,6,56,2408619,69767850
"West","Female","50-54",50,2007,7,51,2408619,69767850
"West","Female","50-54",50,2007,8,37,2408619,69767850
"West","Female","50-54",50,2007,9,65,2408619,69767850
"West","Female","50-54",50,2007,10,76,2408619,69767850
"West","Female","50-54",50,2007,11,62,2408619,69767850
"West","Female","50-54",50,2007,12,57,2408619,69767850
"West","Female","50-54",50,2008,1,57,2457377,70698031
"West","Female","50-54",50,2008,2,68,2457377,70698031
"West","Female","50-54",50,2008,3,55,2457377,70698031
"West","Female","50-54",50,2008,4,52,2457377,70698031
"West","Female","50-54",50,2008,5,63,2457377,70698031
"West","Female","50-54",50,2008,6,49,2457377,70698031
"West","Female","50-54",50,2008,7,54,2457377,70698031
"West","Female","50-54",50,2008,8,66,2457377,70698031
"West","Female","50-54",50,2008,9,56,2457377,70698031
"West","Female","50-54",50,2008,10,62,2457377,70698031
"West","Female","50-54",50,2008,11,47,2457377,70698031
"West","Female","50-54",50,2008,12,61,2457377,70698031
"West","Female","50-54",50,2009,1,46,2488122,71568081
"West","Female","50-54",50,2009,2,48,2488122,71568081
"West","Female","50-54",50,2009,3,71,2488122,71568081
"West","Female","50-54",50,2009,4,64,2488122,71568081
"West","Female","50-54",50,2009,5,61,2488122,71568081
"West","Female","50-54",50,2009,6,52,2488122,71568081
"West","Female","50-54",50,2009,7,68,2488122,71568081
"West","Female","50-54",50,2009,8,60,2488122,71568081
"West","Female","50-54",50,2009,9,62,2488122,71568081
"West","Female","50-54",50,2009,10,75,2488122,71568081
"West","Female","50-54",50,2009,11,80,2488122,71568081
"West","Female","50-54",50,2009,12,64,2488122,71568081
"West","Female","50-54",50,2010,1,53,2526781,72100436
"West","Female","50-54",50,2010,2,67,2526781,72100436
"West","Female","50-54",50,2010,3,60,2526781,72100436
"West","Female","50-54",50,2010,4,64,2526781,72100436
"West","Female","50-54",50,2010,5,65,2526781,72100436
"West","Female","50-54",50,2010,6,61,2526781,72100436
"West","Female","50-54",50,2010,7,72,2526781,72100436
"West","Female","50-54",50,2010,8,57,2526781,72100436
"West","Female","50-54",50,2010,9,55,2526781,72100436
"West","Female","50-54",50,2010,10,52,2526781,72100436
"West","Female","50-54",50,2010,11,74,2526781,72100436
"West","Female","50-54",50,2010,12,67,2526781,72100436
"West","Male","15-19",15,2006,1,9,2644963,68870285
"West","Male","15-19",15,2006,2,12,2644963,68870285
"West","Male","15-19",15,2006,3,9,2644963,68870285
"West","Male","15-19",15,2006,4,11,2644963,68870285
"West","Male","15-19",15,2006,5,10,2644963,68870285
"West","Male","15-19",15,2006,6,6,2644963,68870285
"West","Male","15-19",15,2006,7,11,2644963,68870285
"West","Male","15-19",15,2006,8,11,2644963,68870285
"West","Male","15-19",15,2006,9,12,2644963,68870285
"West","Male","15-19",15,2006,10,12,2644963,68870285
"West","Male","15-19",15,2006,11,8,2644963,68870285
"West","Male","15-19",15,2006,12,10,2644963,68870285
"West","Male","15-19",15,2007,1,20,2687555,69767850
"West","Male","15-19",15,2007,2,17,2687555,69767850
"West","Male","15-19",15,2007,3,13,2687555,69767850
"West","Male","15-19",15,2007,4,7,2687555,69767850
"West","Male","15-19",15,2007,5,16,2687555,69767850
"West","Male","15-19",15,2007,6,12,2687555,69767850
"West","Male","15-19",15,2007,7,15,2687555,69767850
"West","Male","15-19",15,2007,8,13,2687555,69767850
"West","Male","15-19",15,2007,9,13,2687555,69767850
"West","Male","15-19",15,2007,10,10,2687555,69767850
"West","Male","15-19",15,2007,11,8,2687555,69767850
"West","Male","15-19",15,2007,12,12,2687555,69767850
"West","Male","15-19",15,2008,1,12,2714134,70698031
"West","Male","15-19",15,2008,2,8,2714134,70698031
"West","Male","15-19",15,2008,3,16,2714134,70698031
"West","Male","15-19",15,2008,4,22,2714134,70698031
"West","Male","15-19",15,2008,5,17,2714134,70698031
"West","Male","15-19",15,2008,6,10,2714134,70698031
"West","Male","15-19",15,2008,7,13,2714134,70698031
"West","Male","15-19",15,2008,8,12,2714134,70698031
"West","Male","15-19",15,2008,9,8,2714134,70698031
"West","Male","15-19",15,2008,10,15,2714134,70698031
"West","Male","15-19",15,2008,11,10,2714134,70698031
"West","Male","15-19",15,2008,12,19,2714134,70698031
"West","Male","15-19",15,2009,1,14,2718711,71568081
"West","Male","15-19",15,2009,2,17,2718711,71568081
"West","Male","15-19",15,2009,3,22,2718711,71568081
"West","Male","15-19",15,2009,4,12,2718711,71568081
"West","Male","15-19",15,2009,5,16,2718711,71568081
"West","Male","15-19",15,2009,6,13,2718711,71568081
"West","Male","15-19",15,2009,7,15,2718711,71568081
"West","Male","15-19",15,2009,8,18,2718711,71568081
"West","Male","15-19",15,2009,9,10,2718711,71568081
"West","Male","15-19",15,2009,10,13,2718711,71568081
"West","Male","15-19",15,2009,11,12,2718711,71568081
"West","Male","15-19",15,2009,12,8,2718711,71568081
"West","Male","15-19",15,2010,1,11,2691710,72100436
"West","Male","15-19",15,2010,2,15,2691710,72100436
"West","Male","15-19",15,2010,3,5,2691710,72100436
"West","Male","15-19",15,2010,4,16,2691710,72100436
"West","Male","15-19",15,2010,5,18,2691710,72100436
"West","Male","15-19",15,2010,6,12,2691710,72100436
"West","Male","15-19",15,2010,7,13,2691710,72100436
"West","Male","15-19",15,2010,8,12,2691710,72100436
"West","Male","15-19",15,2010,9,23,2691710,72100436
"West","Male","15-19",15,2010,10,13,2691710,72100436
"West","Male","15-19",15,2010,11,10,2691710,72100436
"West","Male","15-19",15,2010,12,13,2691710,72100436
"West","Male","20-24",20,2006,1,33,2627231,68870285
"West","Male","20-24",20,2006,2,24,2627231,68870285
"West","Male","20-24",20,2006,3,36,2627231,68870285
"West","Male","20-24",20,2006,4,35,2627231,68870285
"West","Male","20-24",20,2006,5,32,2627231,68870285
"West","Male","20-24",20,2006,6,34,2627231,68870285
"West","Male","20-24",20,2006,7,34,2627231,68870285
"West","Male","20-24",20,2006,8,36,2627231,68870285
"West","Male","20-24",20,2006,9,22,2627231,68870285
"West","Male","20-24",20,2006,10,29,2627231,68870285
"West","Male","20-24",20,2006,11,36,2627231,68870285
"West","Male","20-24",20,2006,12,35,2627231,68870285
"West","Male","20-24",20,2007,1,32,2632058,69767850
"West","Male","20-24",20,2007,2,29,2632058,69767850
"West","Male","20-24",20,2007,3,31,2632058,69767850
"West","Male","20-24",20,2007,4,27,2632058,69767850
"West","Male","20-24",20,2007,5,33,2632058,69767850
"West","Male","20-24",20,2007,6,38,2632058,69767850
"West","Male","20-24",20,2007,7,32,2632058,69767850
"West","Male","20-24",20,2007,8,41,2632058,69767850
"West","Male","20-24",20,2007,9,39,2632058,69767850
"West","Male","20-24",20,2007,10,29,2632058,69767850
"West","Male","20-24",20,2007,11,37,2632058,69767850
"West","Male","20-24",20,2007,12,37,2632058,69767850
"West","Male","20-24",20,2008,1,36,2649154,70698031
"West","Male","20-24",20,2008,2,38,2649154,70698031
"West","Male","20-24",20,2008,3,45,2649154,70698031
"West","Male","20-24",20,2008,4,39,2649154,70698031
"West","Male","20-24",20,2008,5,33,2649154,70698031
"West","Male","20-24",20,2008,6,30,2649154,70698031
"West","Male","20-24",20,2008,7,27,2649154,70698031
"West","Male","20-24",20,2008,8,44,2649154,70698031
"West","Male","20-24",20,2008,9,39,2649154,70698031
"West","Male","20-24",20,2008,10,28,2649154,70698031
"West","Male","20-24",20,2008,11,36,2649154,70698031
"West","Male","20-24",20,2008,12,36,2649154,70698031
"West","Male","20-24",20,2009,1,23,2666729,71568081
"West","Male","20-24",20,2009,2,41,2666729,71568081
"West","Male","20-24",20,2009,3,37,2666729,71568081
"West","Male","20-24",20,2009,4,49,2666729,71568081
"West","Male","20-24",20,2009,5,36,2666729,71568081
"West","Male","20-24",20,2009,6,43,2666729,71568081
"West","Male","20-24",20,2009,7,41,2666729,71568081
"West","Male","20-24",20,2009,8,35,2666729,71568081
"West","Male","20-24",20,2009,9,43,2666729,71568081
"West","Male","20-24",20,2009,10,33,2666729,71568081
"West","Male","20-24",20,2009,11,37,2666729,71568081
"West","Male","20-24",20,2009,12,33,2666729,71568081
"West","Male","20-24",20,2010,1,45,2703707,72100436
"West","Male","20-24",20,2010,2,34,2703707,72100436
"West","Male","20-24",20,2010,3,35,2703707,72100436
"West","Male","20-24",20,2010,4,25,2703707,72100436
"West","Male","20-24",20,2010,5,36,2703707,72100436
"West","Male","20-24",20,2010,6,38,2703707,72100436
"West","Male","20-24",20,2010,7,40,2703707,72100436
"West","Male","20-24",20,2010,8,44,2703707,72100436
"West","Male","20-24",20,2010,9,59,2703707,72100436
"West","Male","20-24",20,2010,10,37,2703707,72100436
"West","Male","20-24",20,2010,11,33,2703707,72100436
"West","Male","20-24",20,2010,12,39,2703707,72100436
"West","Male","25-29",25,2006,1,31,2545026,68870285
"West","Male","25-29",25,2006,2,26,2545026,68870285
"West","Male","25-29",25,2006,3,25,2545026,68870285
"West","Male","25-29",25,2006,4,30,2545026,68870285
"West","Male","25-29",25,2006,5,35,2545026,68870285
"West","Male","25-29",25,2006,6,35,2545026,68870285
"West","Male","25-29",25,2006,7,44,2545026,68870285
"West","Male","25-29",25,2006,8,36,2545026,68870285
"West","Male","25-29",25,2006,9,41,2545026,68870285
"West","Male","25-29",25,2006,10,44,2545026,68870285
"West","Male","25-29",25,2006,11,43,2545026,68870285
"West","Male","25-29",25,2006,12,37,2545026,68870285
"West","Male","25-29",25,2007,1,44,2600991,69767850
"West","Male","25-29",25,2007,2,41,2600991,69767850
"West","Male","25-29",25,2007,3,38,2600991,69767850
"West","Male","25-29",25,2007,4,40,2600991,69767850
"West","Male","25-29",25,2007,5,40,2600991,69767850
"West","Male","25-29",25,2007,6,32,2600991,69767850
"West","Male","25-29",25,2007,7,36,2600991,69767850
"West","Male","25-29",25,2007,8,52,2600991,69767850
"West","Male","25-29",25,2007,9,39,2600991,69767850
"West","Male","25-29",25,2007,10,39,2600991,69767850
"West","Male","25-29",25,2007,11,52,2600991,69767850
"West","Male","25-29",25,2007,12,45,2600991,69767850
"West","Male","25-29",25,2008,1,46,2655850,70698031
"West","Male","25-29",25,2008,2,54,2655850,70698031
"West","Male","25-29",25,2008,3,47,2655850,70698031
"West","Male","25-29",25,2008,4,50,2655850,70698031
"West","Male","25-29",25,2008,5,37,2655850,70698031
"West","Male","25-29",25,2008,6,48,2655850,70698031
"West","Male","25-29",25,2008,7,31,2655850,70698031
"West","Male","25-29",25,2008,8,50,2655850,70698031
"West","Male","25-29",25,2008,9,43,2655850,70698031
"West","Male","25-29",25,2008,10,36,2655850,70698031
"West","Male","25-29",25,2008,11,46,2655850,70698031
"West","Male","25-29",25,2008,12,50,2655850,70698031
"West","Male","25-29",25,2009,1,42,2681148,71568081
"West","Male","25-29",25,2009,2,40,2681148,71568081
"West","Male","25-29",25,2009,3,49,2681148,71568081
"West","Male","25-29",25,2009,4,39,2681148,71568081
"West","Male","25-29",25,2009,5,48,2681148,71568081
"West","Male","25-29",25,2009,6,47,2681148,71568081
"West","Male","25-29",25,2009,7,46,2681148,71568081
"West","Male","25-29",25,2009,8,74,2681148,71568081
"West","Male","25-29",25,2009,9,47,2681148,71568081
"West","Male","25-29",25,2009,10,41,2681148,71568081
"West","Male","25-29",25,2009,11,49,2681148,71568081
"West","Male","25-29",25,2009,12,57,2681148,71568081
"West","Male","25-29",25,2010,1,47,2688341,72100436
"West","Male","25-29",25,2010,2,46,2688341,72100436
"West","Male","25-29",25,2010,3,45,2688341,72100436
"West","Male","25-29",25,2010,4,41,2688341,72100436
"West","Male","25-29",25,2010,5,41,2688341,72100436
"West","Male","25-29",25,2010,6,41,2688341,72100436
"West","Male","25-29",25,2010,7,60,2688341,72100436
"West","Male","25-29",25,2010,8,51,2688341,72100436
"West","Male","25-29",25,2010,9,48,2688341,72100436
"West","Male","25-29",25,2010,10,38,2688341,72100436
"West","Male","25-29",25,2010,11,46,2688341,72100436
"West","Male","25-29",25,2010,12,47,2688341,72100436
"West","Male","30-34",30,2006,1,35,2389803,68870285
"West","Male","30-34",30,2006,2,46,2389803,68870285
"West","Male","30-34",30,2006,3,37,2389803,68870285
"West","Male","30-34",30,2006,4,34,2389803,68870285
"West","Male","30-34",30,2006,5,39,2389803,68870285
"West","Male","30-34",30,2006,6,51,2389803,68870285
"West","Male","30-34",30,2006,7,55,2389803,68870285
"West","Male","30-34",30,2006,8,52,2389803,68870285
"West","Male","30-34",30,2006,9,38,2389803,68870285
"West","Male","30-34",30,2006,10,35,2389803,68870285
"West","Male","30-34",30,2006,11,36,2389803,68870285
"West","Male","30-34",30,2006,12,38,2389803,68870285
"West","Male","30-34",30,2007,1,38,2387575,69767850
"West","Male","30-34",30,2007,2,45,2387575,69767850
"West","Male","30-34",30,2007,3,36,2387575,69767850
"West","Male","30-34",30,2007,4,44,2387575,69767850
"West","Male","30-34",30,2007,5,41,2387575,69767850
"West","Male","30-34",30,2007,6,45,2387575,69767850
"West","Male","30-34",30,2007,7,35,2387575,69767850
"West","Male","30-34",30,2007,8,40,2387575,69767850
"West","Male","30-34",30,2007,9,40,2387575,69767850
"West","Male","30-34",30,2007,10,46,2387575,69767850
"West","Male","30-34",30,2007,11,40,2387575,69767850
"West","Male","30-34",30,2007,12,48,2387575,69767850
"West","Male","30-34",30,2008,1,39,2416586,70698031
"West","Male","30-34",30,2008,2,43,2416586,70698031
"West","Male","30-34",30,2008,3,43,2416586,70698031
"West","Male","30-34",30,2008,4,32,2416586,70698031
"West","Male","30-34",30,2008,5,37,2416586,70698031
"West","Male","30-34",30,2008,6,43,2416586,70698031
"West","Male","30-34",30,2008,7,46,2416586,70698031
"West","Male","30-34",30,2008,8,55,2416586,70698031
"West","Male","30-34",30,2008,9,42,2416586,70698031
"West","Male","30-34",30,2008,10,45,2416586,70698031
"West","Male","30-34",30,2008,11,36,2416586,70698031
"West","Male","30-34",30,2008,12,43,2416586,70698031
"West","Male","30-34",30,2009,1,52,2465085,71568081
"West","Male","30-34",30,2009,2,48,2465085,71568081
"West","Male","30-34",30,2009,3,45,2465085,71568081
"West","Male","30-34",30,2009,4,39,2465085,71568081
"West","Male","30-34",30,2009,5,41,2465085,71568081
"West","Male","30-34",30,2009,6,53,2465085,71568081
"West","Male","30-34",30,2009,7,37,2465085,71568081
"West","Male","30-34",30,2009,8,52,2465085,71568081
"West","Male","30-34",30,2009,9,49,2465085,71568081
"West","Male","30-34",30,2009,10,42,2465085,71568081
"West","Male","30-34",30,2009,11,56,2465085,71568081
"West","Male","30-34",30,2009,12,42,2465085,71568081
"West","Male","30-34",30,2010,1,57,2516030,72100436
"West","Male","30-34",30,2010,2,31,2516030,72100436
"West","Male","30-34",30,2010,3,44,2516030,72100436
"West","Male","30-34",30,2010,4,41,2516030,72100436
"West","Male","30-34",30,2010,5,50,2516030,72100436
"West","Male","30-34",30,2010,6,47,2516030,72100436
"West","Male","30-34",30,2010,7,50,2516030,72100436
"West","Male","30-34",30,2010,8,57,2516030,72100436
"West","Male","30-34",30,2010,9,43,2516030,72100436
"West","Male","30-34",30,2010,10,40,2516030,72100436
"West","Male","30-34",30,2010,11,40,2516030,72100436
"West","Male","30-34",30,2010,12,45,2516030,72100436
"West","Male","35-39",35,2006,1,49,2508872,68870285
"West","Male","35-39",35,2006,2,44,2508872,68870285
"West","Male","35-39",35,2006,3,45,2508872,68870285
"West","Male","35-39",35,2006,4,51,2508872,68870285
"West","Male","35-39",35,2006,5,53,2508872,68870285
"West","Male","35-39",35,2006,6,54,2508872,68870285
"West","Male","35-39",35,2006,7,77,2508872,68870285
"West","Male","35-39",35,2006,8,58,2508872,68870285
"West","Male","35-39",35,2006,9,41,2508872,68870285
"West","Male","35-39",35,2006,10,53,2508872,68870285
"West","Male","35-39",35,2006,11,52,2508872,68870285
"West","Male","35-39",35,2006,12,57,2508872,68870285
"West","Male","35-39",35,2007,1,52,2520982,69767850
"West","Male","35-39",35,2007,2,56,2520982,69767850
"West","Male","35-39",35,2007,3,65,2520982,69767850
"West","Male","35-39",35,2007,4,57,2520982,69767850
"West","Male","35-39",35,2007,5,49,2520982,69767850
"West","Male","35-39",35,2007,6,49,2520982,69767850
"West","Male","35-39",35,2007,7,52,2520982,69767850
"West","Male","35-39",35,2007,8,57,2520982,69767850
"West","Male","35-39",35,2007,9,51,2520982,69767850
"West","Male","35-39",35,2007,10,40,2520982,69767850
"West","Male","35-39",35,2007,11,53,2520982,69767850
"West","Male","35-39",35,2007,12,52,2520982,69767850
"West","Male","35-39",35,2008,1,62,2511697,70698031
"West","Male","35-39",35,2008,2,56,2511697,70698031
"West","Male","35-39",35,2008,3,44,2511697,70698031
"West","Male","35-39",35,2008,4,55,2511697,70698031
"West","Male","35-39",35,2008,5,47,2511697,70698031
"West","Male","35-39",35,2008,6,53,2511697,70698031
"West","Male","35-39",35,2008,7,50,2511697,70698031
"West","Male","35-39",35,2008,8,66,2511697,70698031
"West","Male","35-39",35,2008,9,51,2511697,70698031
"West","Male","35-39",35,2008,10,48,2511697,70698031
"West","Male","35-39",35,2008,11,47,2511697,70698031
"West","Male","35-39",35,2008,12,44,2511697,70698031
"West","Male","35-39",35,2009,1,63,2486651,71568081
"West","Male","35-39",35,2009,2,50,2486651,71568081
"West","Male","35-39",35,2009,3,51,2486651,71568081
"West","Male","35-39",35,2009,4,47,2486651,71568081
"West","Male","35-39",35,2009,5,46,2486651,71568081
"West","Male","35-39",35,2009,6,50,2486651,71568081
"West","Male","35-39",35,2009,7,43,2486651,71568081
"West","Male","35-39",35,2009,8,48,2486651,71568081
"West","Male","35-39",35,2009,9,53,2486651,71568081
"West","Male","35-39",35,2009,10,51,2486651,71568081
"West","Male","35-39",35,2009,11,43,2486651,71568081
"West","Male","35-39",35,2009,12,45,2486651,71568081
"West","Male","35-39",35,2010,1,48,2442642,72100436
"West","Male","35-39",35,2010,2,54,2442642,72100436
"West","Male","35-39",35,2010,3,54,2442642,72100436
"West","Male","35-39",35,2010,4,34,2442642,72100436
"West","Male","35-39",35,2010,5,56,2442642,72100436
"West","Male","35-39",35,2010,6,42,2442642,72100436
"West","Male","35-39",35,2010,7,35,2442642,72100436
"West","Male","35-39",35,2010,8,54,2442642,72100436
"West","Male","35-39",35,2010,9,42,2442642,72100436
"West","Male","35-39",35,2010,10,45,2442642,72100436
"West","Male","35-39",35,2010,11,44,2442642,72100436
"West","Male","35-39",35,2010,12,41,2442642,72100436
"West","Male","40-44",40,2006,1,69,2540215,68870285
"West","Male","40-44",40,2006,2,53,2540215,68870285
"West","Male","40-44",40,2006,3,79,2540215,68870285
"West","Male","40-44",40,2006,4,71,2540215,68870285
"West","Male","40-44",40,2006,5,65,2540215,68870285
"West","Male","40-44",40,2006,6,74,2540215,68870285
"West","Male","40-44",40,2006,7,73,2540215,68870285
"West","Male","40-44",40,2006,8,79,2540215,68870285
"West","Male","40-44",40,2006,9,64,2540215,68870285
"West","Male","40-44",40,2006,10,76,2540215,68870285
"West","Male","40-44",40,2006,11,58,2540215,68870285
"West","Male","40-44",40,2006,12,71,2540215,68870285
"West","Male","40-44",40,2007,1,55,2493693,69767850
"West","Male","40-44",40,2007,2,72,2493693,69767850
"West","Male","40-44",40,2007,3,74,2493693,69767850
"West","Male","40-44",40,2007,4,52,2493693,69767850
"West","Male","40-44",40,2007,5,74,2493693,69767850
"West","Male","40-44",40,2007,6,68,2493693,69767850
"West","Male","40-44",40,2007,7,79,2493693,69767850
"West","Male","40-44",40,2007,8,53,2493693,69767850
"West","Male","40-44",40,2007,9,59,2493693,69767850
"West","Male","40-44",40,2007,10,56,2493693,69767850
"West","Male","40-44",40,2007,11,58,2493693,69767850
"West","Male","40-44",40,2007,12,78,2493693,69767850
"West","Male","40-44",40,2008,1,68,2463356,70698031
"West","Male","40-44",40,2008,2,64,2463356,70698031
"West","Male","40-44",40,2008,3,64,2463356,70698031
"West","Male","40-44",40,2008,4,50,2463356,70698031
"West","Male","40-44",40,2008,5,55,2463356,70698031
"West","Male","40-44",40,2008,6,69,2463356,70698031
"West","Male","40-44",40,2008,7,69,2463356,70698031
"West","Male","40-44",40,2008,8,59,2463356,70698031
"West","Male","40-44",40,2008,9,61,2463356,70698031
"West","Male","40-44",40,2008,10,52,2463356,70698031
"West","Male","40-44",40,2008,11,60,2463356,70698031
"West","Male","40-44",40,2008,12,59,2463356,70698031
"West","Male","40-44",40,2009,1,55,2443438,71568081
"West","Male","40-44",40,2009,2,66,2443438,71568081
"West","Male","40-44",40,2009,3,63,2443438,71568081
"West","Male","40-44",40,2009,4,71,2443438,71568081
"West","Male","40-44",40,2009,5,81,2443438,71568081
"West","Male","40-44",40,2009,6,65,2443438,71568081
"West","Male","40-44",40,2009,7,58,2443438,71568081
"West","Male","40-44",40,2009,8,64,2443438,71568081
"West","Male","40-44",40,2009,9,70,2443438,71568081
"West","Male","40-44",40,2009,10,63,2443438,71568081
"West","Male","40-44",40,2009,11,66,2443438,71568081
"West","Male","40-44",40,2009,12,53,2443438,71568081
"West","Male","40-44",40,2010,1,46,2462946,72100436
"West","Male","40-44",40,2010,2,40,2462946,72100436
"West","Male","40-44",40,2010,3,56,2462946,72100436
"West","Male","40-44",40,2010,4,56,2462946,72100436
"West","Male","40-44",40,2010,5,66,2462946,72100436
"West","Male","40-44",40,2010,6,69,2462946,72100436
"West","Male","40-44",40,2010,7,70,2462946,72100436
"West","Male","40-44",40,2010,8,61,2462946,72100436
"West","Male","40-44",40,2010,9,55,2462946,72100436
"West","Male","40-44",40,2010,10,61,2462946,72100436
"West","Male","40-44",40,2010,11,45,2462946,72100436
"West","Male","40-44",40,2010,12,61,2462946,72100436
"West","Male","45-49",45,2006,1,83,2530598,68870285
"West","Male","45-49",45,2006,2,71,2530598,68870285
"West","Male","45-49",45,2006,3,103,2530598,68870285
"West","Male","45-49",45,2006,4,85,2530598,68870285
"West","Male","45-49",45,2006,5,80,2530598,68870285
"West","Male","45-49",45,2006,6,87,2530598,68870285
"West","Male","45-49",45,2006,7,93,2530598,68870285
"West","Male","45-49",45,2006,8,86,2530598,68870285
"West","Male","45-49",45,2006,9,91,2530598,68870285
"West","Male","45-49",45,2006,10,89,2530598,68870285
"West","Male","45-49",45,2006,11,75,2530598,68870285
"West","Male","45-49",45,2006,12,78,2530598,68870285
"West","Male","45-49",45,2007,1,88,2548589,69767850
"West","Male","45-49",45,2007,2,71,2548589,69767850
"West","Male","45-49",45,2007,3,93,2548589,69767850
"West","Male","45-49",45,2007,4,79,2548589,69767850
"West","Male","45-49",45,2007,5,78,2548589,69767850
"West","Male","45-49",45,2007,6,103,2548589,69767850
"West","Male","45-49",45,2007,7,77,2548589,69767850
"West","Male","45-49",45,2007,8,87,2548589,69767850
"West","Male","45-49",45,2007,9,89,2548589,69767850
"West","Male","45-49",45,2007,10,91,2548589,69767850
"West","Male","45-49",45,2007,11,83,2548589,69767850
"West","Male","45-49",45,2007,12,72,2548589,69767850
"West","Male","45-49",45,2008,1,96,2554938,70698031
"West","Male","45-49",45,2008,2,96,2554938,70698031
"West","Male","45-49",45,2008,3,71,2554938,70698031
"West","Male","45-49",45,2008,4,79,2554938,70698031
"West","Male","45-49",45,2008,5,75,2554938,70698031
"West","Male","45-49",45,2008,6,84,2554938,70698031
"West","Male","45-49",45,2008,7,81,2554938,70698031
"West","Male","45-49",45,2008,8,71,2554938,70698031
"West","Male","45-49",45,2008,9,87,2554938,70698031
"West","Male","45-49",45,2008,10,90,2554938,70698031
"West","Male","45-49",45,2008,11,79,2554938,70698031
"West","Male","45-49",45,2008,12,87,2554938,70698031
"West","Male","45-49",45,2009,1,84,2565683,71568081
"West","Male","45-49",45,2009,2,81,2565683,71568081
"West","Male","45-49",45,2009,3,89,2565683,71568081
"West","Male","45-49",45,2009,4,91,2565683,71568081
"West","Male","45-49",45,2009,5,98,2565683,71568081
"West","Male","45-49",45,2009,6,64,2565683,71568081
"West","Male","45-49",45,2009,7,89,2565683,71568081
"West","Male","45-49",45,2009,8,71,2565683,71568081
"West","Male","45-49",45,2009,9,77,2565683,71568081
"West","Male","45-49",45,2009,10,59,2565683,71568081
"West","Male","45-49",45,2009,11,86,2565683,71568081
"West","Male","45-49",45,2009,12,65,2565683,71568081
"West","Male","45-49",45,2010,1,78,2540290,72100436
"West","Male","45-49",45,2010,2,70,2540290,72100436
"West","Male","45-49",45,2010,3,97,2540290,72100436
"West","Male","45-49",45,2010,4,98,2540290,72100436
"West","Male","45-49",45,2010,5,101,2540290,72100436
"West","Male","45-49",45,2010,6,72,2540290,72100436
"West","Male","45-49",45,2010,7,69,2540290,72100436
"West","Male","45-49",45,2010,8,74,2540290,72100436
"West","Male","45-49",45,2010,9,68,2540290,72100436
"West","Male","45-49",45,2010,10,62,2540290,72100436
"West","Male","45-49",45,2010,11,63,2540290,72100436
"West","Male","45-49",45,2010,12,64,2540290,72100436
"West","Male","50-54",50,2006,1,65,2276007,68870285
"West","Male","50-54",50,2006,2,72,2276007,68870285
"West","Male","50-54",50,2006,3,87,2276007,68870285
"West","Male","50-54",50,2006,4,73,2276007,68870285
"West","Male","50-54",50,2006,5,88,2276007,68870285
"West","Male","50-54",50,2006,6,71,2276007,68870285
"West","Male","50-54",50,2006,7,97,2276007,68870285
"West","Male","50-54",50,2006,8,63,2276007,68870285
"West","Male","50-54",50,2006,9,77,2276007,68870285
"West","Male","50-54",50,2006,10,63,2276007,68870285
"West","Male","50-54",50,2006,11,73,2276007,68870285
"West","Male","50-54",50,2006,12,68,2276007,68870285
"West","Male","50-54",50,2007,1,69,2339876,69767850
"West","Male","50-54",50,2007,2,75,2339876,69767850
"West","Male","50-54",50,2007,3,88,2339876,69767850
"West","Male","50-54",50,2007,4,79,2339876,69767850
"West","Male","50-54",50,2007,5,86,2339876,69767850
"West","Male","50-54",50,2007,6,81,2339876,69767850
"West","Male","50-54",50,2007,7,90,2339876,69767850
"West","Male","50-54",50,2007,8,85,2339876,69767850
"West","Male","50-54",50,2007,9,91,2339876,69767850
"West","Male","50-54",50,2007,10,85,2339876,69767850
"West","Male","50-54",50,2007,11,91,2339876,69767850
"West","Male","50-54",50,2007,12,90,2339876,69767850
"West","Male","50-54",50,2008,1,85,2394112,70698031
"West","Male","50-54",50,2008,2,92,2394112,70698031
"West","Male","50-54",50,2008,3,84,2394112,70698031
"West","Male","50-54",50,2008,4,82,2394112,70698031
"West","Male","50-54",50,2008,5,86,2394112,70698031
"West","Male","50-54",50,2008,6,70,2394112,70698031
"West","Male","50-54",50,2008,7,65,2394112,70698031
"West","Male","50-54",50,2008,8,66,2394112,70698031
"West","Male","50-54",50,2008,9,82,2394112,70698031
"West","Male","50-54",50,2008,10,88,2394112,70698031
"West","Male","50-54",50,2008,11,65,2394112,70698031
"West","Male","50-54",50,2008,12,71,2394112,70698031
"West","Male","50-54",50,2009,1,73,2429520,71568081
"West","Male","50-54",50,2009,2,62,2429520,71568081
"West","Male","50-54",50,2009,3,74,2429520,71568081
"West","Male","50-54",50,2009,4,73,2429520,71568081
"West","Male","50-54",50,2009,5,96,2429520,71568081
"West","Male","50-54",50,2009,6,84,2429520,71568081
"West","Male","50-54",50,2009,7,75,2429520,71568081
"West","Male","50-54",50,2009,8,83,2429520,71568081
"West","Male","50-54",50,2009,9,70,2429520,71568081
"West","Male","50-54",50,2009,10,88,2429520,71568081
"West","Male","50-54",50,2009,11,70,2429520,71568081
"West","Male","50-54",50,2009,12,79,2429520,71568081
"West","Male","50-54",50,2010,1,67,2470814,72100436
"West","Male","50-54",50,2010,2,64,2470814,72100436
"West","Male","50-54",50,2010,3,63,2470814,72100436
"West","Male","50-54",50,2010,4,75,2470814,72100436
"West","Male","50-54",50,2010,5,69,2470814,72100436
"West","Male","50-54",50,2010,6,71,2470814,72100436
"West","Male","50-54",50,2010,7,82,2470814,72100436
"West","Male","50-54",50,2010,8,94,2470814,72100436
"West","Male","50-54",50,2010,9,68,2470814,72100436
"West","Male","50-54",50,2010,10,68,2470814,72100436
"West","Male","50-54",50,2010,11,69,2470814,72100436
"West","Male","50-54",50,2010,12,71,2470814,72100436
"Northeast","Female","15-19",15,2011,2,1,1878556,55604223
"Northeast","Female","15-19",15,2011,3,1,1878556,55604223
"Northeast","Female","15-19",15,2011,4,2,1878556,55604223
"Northeast","Female","15-19",15,2011,5,3,1878556,55604223
"Northeast","Female","15-19",15,2011,6,4,1878556,55604223
"Northeast","Female","15-19",15,2011,7,4,1878556,55604223
"Northeast","Female","15-19",15,2011,8,1,1878556,55604223
"Northeast","Female","15-19",15,2011,10,1,1878556,55604223
"Northeast","Female","15-19",15,2011,11,4,1878556,55604223
"Northeast","Female","15-19",15,2011,12,3,1878556,55604223
"Northeast","Female","15-19",15,2012,1,3,1852628,55775216
"Northeast","Female","15-19",15,2012,2,2,1852628,55775216
"Northeast","Female","15-19",15,2012,3,4,1852628,55775216
"Northeast","Female","15-19",15,2012,5,2,1852628,55775216
"Northeast","Female","15-19",15,2012,6,2,1852628,55775216
"Northeast","Female","15-19",15,2012,7,3,1852628,55775216
"Northeast","Female","15-19",15,2012,8,2,1852628,55775216
"Northeast","Female","15-19",15,2012,9,1,1852628,55775216
"Northeast","Female","15-19",15,2012,10,3,1852628,55775216
"Northeast","Female","15-19",15,2012,11,5,1852628,55775216
"Northeast","Female","15-19",15,2012,12,1,1852628,55775216
"Northeast","Female","15-19",15,2013,1,4,1823222,55901806
"Northeast","Female","15-19",15,2013,2,6,1823222,55901806
"Northeast","Female","15-19",15,2013,3,2,1823222,55901806
"Northeast","Female","15-19",15,2013,4,2,1823222,55901806
"Northeast","Female","15-19",15,2013,5,1,1823222,55901806
"Northeast","Female","15-19",15,2013,6,3,1823222,55901806
"Northeast","Female","15-19",15,2013,7,9,1823222,55901806
"Northeast","Female","15-19",15,2013,8,6,1823222,55901806
"Northeast","Female","15-19",15,2013,9,4,1823222,55901806
"Northeast","Female","15-19",15,2013,10,4,1823222,55901806
"Northeast","Female","15-19",15,2013,11,2,1823222,55901806
"Northeast","Female","15-19",15,2013,12,2,1823222,55901806
"Northeast","Female","15-19",15,2014,2,3,1797335,56006011
"Northeast","Female","15-19",15,2014,3,9,1797335,56006011
"Northeast","Female","15-19",15,2014,4,4,1797335,56006011
"Northeast","Female","15-19",15,2014,5,4,1797335,56006011
"Northeast","Female","15-19",15,2014,6,8,1797335,56006011
"Northeast","Female","15-19",15,2014,7,2,1797335,56006011
"Northeast","Female","15-19",15,2014,8,4,1797335,56006011
"Northeast","Female","15-19",15,2014,9,4,1797335,56006011
"Northeast","Female","15-19",15,2014,10,7,1797335,56006011
"Northeast","Female","15-19",15,2014,11,2,1797335,56006011
"Northeast","Female","15-19",15,2014,12,3,1797335,56006011
"Northeast","Female","15-19",15,2015,1,3,1779753,56034684
"Northeast","Female","15-19",15,2015,2,3,1779753,56034684
"Northeast","Female","15-19",15,2015,3,5,1779753,56034684
"Northeast","Female","15-19",15,2015,4,4,1779753,56034684
"Northeast","Female","15-19",15,2015,5,5,1779753,56034684
"Northeast","Female","15-19",15,2015,6,3,1779753,56034684
"Northeast","Female","15-19",15,2015,7,4,1779753,56034684
"Northeast","Female","15-19",15,2015,8,8,1779753,56034684
"Northeast","Female","15-19",15,2015,9,6,1779753,56034684
"Northeast","Female","15-19",15,2015,10,6,1779753,56034684
"Northeast","Female","15-19",15,2015,11,7,1779753,56034684
"Northeast","Female","15-19",15,2015,12,3,1779753,56034684
"Northeast","Female","15-19",15,2016,1,6,1763607,56042330
"Northeast","Female","15-19",15,2016,2,6,1763607,56042330
"Northeast","Female","15-19",15,2016,3,8,1763607,56042330
"Northeast","Female","15-19",15,2016,4,2,1763607,56042330
"Northeast","Female","15-19",15,2016,5,6,1763607,56042330
"Northeast","Female","15-19",15,2016,6,2,1763607,56042330
"Northeast","Female","15-19",15,2016,7,11,1763607,56042330
"Northeast","Female","15-19",15,2016,8,2,1763607,56042330
"Northeast","Female","15-19",15,2016,9,3,1763607,56042330
"Northeast","Female","15-19",15,2016,10,6,1763607,56042330
"Northeast","Female","15-19",15,2016,11,6,1763607,56042330
"Northeast","Female","15-19",15,2016,12,9,1763607,56042330
"Northeast","Female","15-19",15,2017,1,6,1745687,56059240
"Northeast","Female","15-19",15,2017,2,7,1745687,56059240
"Northeast","Female","15-19",15,2017,3,6,1745687,56059240
"Northeast","Female","15-19",15,2017,4,4,1745687,56059240
"Northeast","Female","15-19",15,2017,5,5,1745687,56059240
"Northeast","Female","15-19",15,2017,6,6,1745687,56059240
"Northeast","Female","15-19",15,2017,7,7,1745687,56059240
"Northeast","Female","15-19",15,2017,8,2,1745687,56059240
"Northeast","Female","15-19",15,2017,9,6,1745687,56059240
"Northeast","Female","15-19",15,2017,10,2,1745687,56059240
"Northeast","Female","15-19",15,2017,11,5,1745687,56059240
"Northeast","Female","15-19",15,2017,12,5,1745687,56059240
"Northeast","Female","15-19",15,2018,1,8,1731436,56046620
"Northeast","Female","15-19",15,2018,2,7,1731436,56046620
"Northeast","Female","15-19",15,2018,3,3,1731436,56046620
"Northeast","Female","15-19",15,2018,4,1,1731436,56046620
"Northeast","Female","15-19",15,2018,5,6,1731436,56046620
"Northeast","Female","15-19",15,2018,6,4,1731436,56046620
"Northeast","Female","15-19",15,2018,7,2,1731436,56046620
"Northeast","Female","15-19",15,2018,8,3,1731436,56046620
"Northeast","Female","15-19",15,2018,9,4,1731436,56046620
"Northeast","Female","15-19",15,2018,10,4,1731436,56046620
"Northeast","Female","15-19",15,2018,11,2,1731436,56046620
"Northeast","Female","15-19",15,2018,12,2,1731436,56046620
"Northeast","Female","15-19",15,2019,1,2,1718143,55982803
"Northeast","Female","15-19",15,2019,2,4,1718143,55982803
"Northeast","Female","15-19",15,2019,3,3,1718143,55982803
"Northeast","Female","15-19",15,2019,4,5,1718143,55982803
"Northeast","Female","15-19",15,2019,5,6,1718143,55982803
"Northeast","Female","15-19",15,2019,6,6,1718143,55982803
"Northeast","Female","15-19",15,2019,7,4,1718143,55982803
"Northeast","Female","15-19",15,2019,8,2,1718143,55982803
"Northeast","Female","15-19",15,2019,9,5,1718143,55982803
"Northeast","Female","15-19",15,2019,10,3,1718143,55982803
"Northeast","Female","15-19",15,2019,11,3,1718143,55982803
"Northeast","Female","15-19",15,2019,12,6,1718143,55982803
"Northeast","Female","20-24",20,2011,1,11,1907696,55604223
"Northeast","Female","20-24",20,2011,2,8,1907696,55604223
"Northeast","Female","20-24",20,2011,3,20,1907696,55604223
"Northeast","Female","20-24",20,2011,4,18,1907696,55604223
"Northeast","Female","20-24",20,2011,5,17,1907696,55604223
"Northeast","Female","20-24",20,2011,6,10,1907696,55604223
"Northeast","Female","20-24",20,2011,7,9,1907696,55604223
"Northeast","Female","20-24",20,2011,8,12,1907696,55604223
"Northeast","Female","20-24",20,2011,9,13,1907696,55604223
"Northeast","Female","20-24",20,2011,10,12,1907696,55604223
"Northeast","Female","20-24",20,2011,11,9,1907696,55604223
"Northeast","Female","20-24",20,2011,12,13,1907696,55604223
"Northeast","Female","20-24",20,2012,1,19,1915837,55775216
"Northeast","Female","20-24",20,2012,2,8,1915837,55775216
"Northeast","Female","20-24",20,2012,3,14,1915837,55775216
"Northeast","Female","20-24",20,2012,4,11,1915837,55775216
"Northeast","Female","20-24",20,2012,5,11,1915837,55775216
"Northeast","Female","20-24",20,2012,6,15,1915837,55775216
"Northeast","Female","20-24",20,2012,7,12,1915837,55775216
"Northeast","Female","20-24",20,2012,8,17,1915837,55775216
"Northeast","Female","20-24",20,2012,9,20,1915837,55775216
"Northeast","Female","20-24",20,2012,10,16,1915837,55775216
"Northeast","Female","20-24",20,2012,11,17,1915837,55775216
"Northeast","Female","20-24",20,2012,12,17,1915837,55775216
"Northeast","Female","20-24",20,2013,1,18,1921854,55901806
"Northeast","Female","20-24",20,2013,2,16,1921854,55901806
"Northeast","Female","20-24",20,2013,3,17,1921854,55901806
"Northeast","Female","20-24",20,2013,4,19,1921854,55901806
"Northeast","Female","20-24",20,2013,5,12,1921854,55901806
"Northeast","Female","20-24",20,2013,6,10,1921854,55901806
"Northeast","Female","20-24",20,2013,7,10,1921854,55901806
"Northeast","Female","20-24",20,2013,8,13,1921854,55901806
"Northeast","Female","20-24",20,2013,9,17,1921854,55901806
"Northeast","Female","20-24",20,2013,10,10,1921854,55901806
"Northeast","Female","20-24",20,2013,11,12,1921854,55901806
"Northeast","Female","20-24",20,2013,12,16,1921854,55901806
"Northeast","Female","20-24",20,2014,1,13,1922362,56006011
"Northeast","Female","20-24",20,2014,2,15,1922362,56006011
"Northeast","Female","20-24",20,2014,3,16,1922362,56006011
"Northeast","Female","20-24",20,2014,4,16,1922362,56006011
"Northeast","Female","20-24",20,2014,5,21,1922362,56006011
"Northeast","Female","20-24",20,2014,6,13,1922362,56006011
"Northeast","Female","20-24",20,2014,7,16,1922362,56006011
"Northeast","Female","20-24",20,2014,8,12,1922362,56006011
"Northeast","Female","20-24",20,2014,9,11,1922362,56006011
"Northeast","Female","20-24",20,2014,10,20,1922362,56006011
"Northeast","Female","20-24",20,2014,11,19,1922362,56006011
"Northeast","Female","20-24",20,2014,12,17,1922362,56006011
"Northeast","Female","20-24",20,2015,1,19,1901224,56034684
"Northeast","Female","20-24",20,2015,2,22,1901224,56034684
"Northeast","Female","20-24",20,2015,3,19,1901224,56034684
"Northeast","Female","20-24",20,2015,4,21,1901224,56034684
"Northeast","Female","20-24",20,2015,5,12,1901224,56034684
"Northeast","Female","20-24",20,2015,6,26,1901224,56034684
"Northeast","Female","20-24",20,2015,7,21,1901224,56034684
"Northeast","Female","20-24",20,2015,8,28,1901224,56034684
"Northeast","Female","20-24",20,2015,9,17,1901224,56034684
"Northeast","Female","20-24",20,2015,10,20,1901224,56034684
"Northeast","Female","20-24",20,2015,11,17,1901224,56034684
"Northeast","Female","20-24",20,2015,12,15,1901224,56034684
"Northeast","Female","20-24",20,2016,1,24,1876117,56042330
"Northeast","Female","20-24",20,2016,2,30,1876117,56042330
"Northeast","Female","20-24",20,2016,3,25,1876117,56042330
"Northeast","Female","20-24",20,2016,4,27,1876117,56042330
"Northeast","Female","20-24",20,2016,5,20,1876117,56042330
"Northeast","Female","20-24",20,2016,6,25,1876117,56042330
"Northeast","Female","20-24",20,2016,7,28,1876117,56042330
"Northeast","Female","20-24",20,2016,8,28,1876117,56042330
"Northeast","Female","20-24",20,2016,9,31,1876117,56042330
"Northeast","Female","20-24",20,2016,10,26,1876117,56042330
"Northeast","Female","20-24",20,2016,11,25,1876117,56042330
"Northeast","Female","20-24",20,2016,12,40,1876117,56042330
"Northeast","Female","20-24",20,2017,1,40,1851640,56059240
"Northeast","Female","20-24",20,2017,2,20,1851640,56059240
"Northeast","Female","20-24",20,2017,3,28,1851640,56059240
"Northeast","Female","20-24",20,2017,4,26,1851640,56059240
"Northeast","Female","20-24",20,2017,5,24,1851640,56059240
"Northeast","Female","20-24",20,2017,6,18,1851640,56059240
"Northeast","Female","20-24",20,2017,7,26,1851640,56059240
"Northeast","Female","20-24",20,2017,8,30,1851640,56059240
"Northeast","Female","20-24",20,2017,9,26,1851640,56059240
"Northeast","Female","20-24",20,2017,10,28,1851640,56059240
"Northeast","Female","20-24",20,2017,11,31,1851640,56059240
"Northeast","Female","20-24",20,2017,12,40,1851640,56059240
"Northeast","Female","20-24",20,2018,1,25,1822443,56046620
"Northeast","Female","20-24",20,2018,2,18,1822443,56046620
"Northeast","Female","20-24",20,2018,3,25,1822443,56046620
"Northeast","Female","20-24",20,2018,4,29,1822443,56046620
"Northeast","Female","20-24",20,2018,5,32,1822443,56046620
"Northeast","Female","20-24",20,2018,6,32,1822443,56046620
"Northeast","Female","20-24",20,2018,7,26,1822443,56046620
"Northeast","Female","20-24",20,2018,8,30,1822443,56046620
"Northeast","Female","20-24",20,2018,9,29,1822443,56046620
"Northeast","Female","20-24",20,2018,10,29,1822443,56046620
"Northeast","Female","20-24",20,2018,11,15,1822443,56046620
"Northeast","Female","20-24",20,2018,12,22,1822443,56046620
"Northeast","Female","20-24",20,2019,1,11,1794831,55982803
"Northeast","Female","20-24",20,2019,2,14,1794831,55982803
"Northeast","Female","20-24",20,2019,3,20,1794831,55982803
"Northeast","Female","20-24",20,2019,4,25,1794831,55982803
"Northeast","Female","20-24",20,2019,5,20,1794831,55982803
"Northeast","Female","20-24",20,2019,6,26,1794831,55982803
"Northeast","Female","20-24",20,2019,7,28,1794831,55982803
"Northeast","Female","20-24",20,2019,8,20,1794831,55982803
"Northeast","Female","20-24",20,2019,9,22,1794831,55982803
"Northeast","Female","20-24",20,2019,10,29,1794831,55982803
"Northeast","Female","20-24",20,2019,11,19,1794831,55982803
"Northeast","Female","20-24",20,2019,12,17,1794831,55982803
"Northeast","Female","25-29",25,2011,1,16,1846139,55604223
"Northeast","Female","25-29",25,2011,2,20,1846139,55604223
"Northeast","Female","25-29",25,2011,3,12,1846139,55604223
"Northeast","Female","25-29",25,2011,4,15,1846139,55604223
"Northeast","Female","25-29",25,2011,5,22,1846139,55604223
"Northeast","Female","25-29",25,2011,6,13,1846139,55604223
"Northeast","Female","25-29",25,2011,7,23,1846139,55604223
"Northeast","Female","25-29",25,2011,8,15,1846139,55604223
"Northeast","Female","25-29",25,2011,9,17,1846139,55604223
"Northeast","Female","25-29",25,2011,10,18,1846139,55604223
"Northeast","Female","25-29",25,2011,11,22,1846139,55604223
"Northeast","Female","25-29",25,2011,12,20,1846139,55604223
"Northeast","Female","25-29",25,2012,1,12,1863071,55775216
"Northeast","Female","25-29",25,2012,2,18,1863071,55775216
"Northeast","Female","25-29",25,2012,3,14,1863071,55775216
"Northeast","Female","25-29",25,2012,4,19,1863071,55775216
"Northeast","Female","25-29",25,2012,5,14,1863071,55775216
"Northeast","Female","25-29",25,2012,6,20,1863071,55775216
"Northeast","Female","25-29",25,2012,7,23,1863071,55775216
"Northeast","Female","25-29",25,2012,8,19,1863071,55775216
"Northeast","Female","25-29",25,2012,9,17,1863071,55775216
"Northeast","Female","25-29",25,2012,10,22,1863071,55775216
"Northeast","Female","25-29",25,2012,11,16,1863071,55775216
"Northeast","Female","25-29",25,2012,12,26,1863071,55775216
"Northeast","Female","25-29",25,2013,1,19,1881954,55901806
"Northeast","Female","25-29",25,2013,2,31,1881954,55901806
"Northeast","Female","25-29",25,2013,3,24,1881954,55901806
"Northeast","Female","25-29",25,2013,4,21,1881954,55901806
"Northeast","Female","25-29",25,2013,5,19,1881954,55901806
"Northeast","Female","25-29",25,2013,6,21,1881954,55901806
"Northeast","Female","25-29",25,2013,7,20,1881954,55901806
"Northeast","Female","25-29",25,2013,8,21,1881954,55901806
"Northeast","Female","25-29",25,2013,9,20,1881954,55901806
"Northeast","Female","25-29",25,2013,10,22,1881954,55901806
"Northeast","Female","25-29",25,2013,11,20,1881954,55901806
"Northeast","Female","25-29",25,2013,12,25,1881954,55901806
"Northeast","Female","25-29",25,2014,1,30,1903874,56006011
"Northeast","Female","25-29",25,2014,2,29,1903874,56006011
"Northeast","Female","25-29",25,2014,3,30,1903874,56006011
"Northeast","Female","25-29",25,2014,4,25,1903874,56006011
"Northeast","Female","25-29",25,2014,5,30,1903874,56006011
"Northeast","Female","25-29",25,2014,6,11,1903874,56006011
"Northeast","Female","25-29",25,2014,7,18,1903874,56006011
"Northeast","Female","25-29",25,2014,8,25,1903874,56006011
"Northeast","Female","25-29",25,2014,9,25,1903874,56006011
"Northeast","Female","25-29",25,2014,10,37,1903874,56006011
"Northeast","Female","25-29",25,2014,11,30,1903874,56006011
"Northeast","Female","25-29",25,2014,12,27,1903874,56006011
"Northeast","Female","25-29",25,2015,1,26,1919999,56034684
"Northeast","Female","25-29",25,2015,2,25,1919999,56034684
"Northeast","Female","25-29",25,2015,3,25,1919999,56034684
"Northeast","Female","25-29",25,2015,4,25,1919999,56034684
"Northeast","Female","25-29",25,2015,5,30,1919999,56034684
"Northeast","Female","25-29",25,2015,6,26,1919999,56034684
"Northeast","Female","25-29",25,2015,7,29,1919999,56034684
"Northeast","Female","25-29",25,2015,8,26,1919999,56034684
"Northeast","Female","25-29",25,2015,9,52,1919999,56034684
"Northeast","Female","25-29",25,2015,10,39,1919999,56034684
"Northeast","Female","25-29",25,2015,11,25,1919999,56034684
"Northeast","Female","25-29",25,2015,12,26,1919999,56034684
"Northeast","Female","25-29",25,2016,1,31,1929319,56042330
"Northeast","Female","25-29",25,2016,2,41,1929319,56042330
"Northeast","Female","25-29",25,2016,3,51,1929319,56042330
"Northeast","Female","25-29",25,2016,4,40,1929319,56042330
"Northeast","Female","25-29",25,2016,5,38,1929319,56042330
"Northeast","Female","25-29",25,2016,6,39,1929319,56042330
"Northeast","Female","25-29",25,2016,7,58,1929319,56042330
"Northeast","Female","25-29",25,2016,8,43,1929319,56042330
"Northeast","Female","25-29",25,2016,9,37,1929319,56042330
"Northeast","Female","25-29",25,2016,10,54,1929319,56042330
"Northeast","Female","25-29",25,2016,11,41,1929319,56042330
"Northeast","Female","25-29",25,2016,12,67,1929319,56042330
"Northeast","Female","25-29",25,2017,1,41,1938067,56059240
"Northeast","Female","25-29",25,2017,2,48,1938067,56059240
"Northeast","Female","25-29",25,2017,3,43,1938067,56059240
"Northeast","Female","25-29",25,2017,4,45,1938067,56059240
"Northeast","Female","25-29",25,2017,5,52,1938067,56059240
"Northeast","Female","25-29",25,2017,6,51,1938067,56059240
"Northeast","Female","25-29",25,2017,7,60,1938067,56059240
"Northeast","Female","25-29",25,2017,8,46,1938067,56059240
"Northeast","Female","25-29",25,2017,9,57,1938067,56059240
"Northeast","Female","25-29",25,2017,10,41,1938067,56059240
"Northeast","Female","25-29",25,2017,11,44,1938067,56059240
"Northeast","Female","25-29",25,2017,12,33,1938067,56059240
"Northeast","Female","25-29",25,2018,1,42,1938786,56046620
"Northeast","Female","25-29",25,2018,2,42,1938786,56046620
"Northeast","Female","25-29",25,2018,3,38,1938786,56046620
"Northeast","Female","25-29",25,2018,4,43,1938786,56046620
"Northeast","Female","25-29",25,2018,5,40,1938786,56046620
"Northeast","Female","25-29",25,2018,6,39,1938786,56046620
"Northeast","Female","25-29",25,2018,7,58,1938786,56046620
"Northeast","Female","25-29",25,2018,8,40,1938786,56046620
"Northeast","Female","25-29",25,2018,9,52,1938786,56046620
"Northeast","Female","25-29",25,2018,10,33,1938786,56046620
"Northeast","Female","25-29",25,2018,11,36,1938786,56046620
"Northeast","Female","25-29",25,2018,12,37,1938786,56046620
"Northeast","Female","25-29",25,2019,1,30,1929884,55982803
"Northeast","Female","25-29",25,2019,2,35,1929884,55982803
"Northeast","Female","25-29",25,2019,3,46,1929884,55982803
"Northeast","Female","25-29",25,2019,4,47,1929884,55982803
"Northeast","Female","25-29",25,2019,5,51,1929884,55982803
"Northeast","Female","25-29",25,2019,6,43,1929884,55982803
"Northeast","Female","25-29",25,2019,7,40,1929884,55982803
"Northeast","Female","25-29",25,2019,8,42,1929884,55982803
"Northeast","Female","25-29",25,2019,9,38,1929884,55982803
"Northeast","Female","25-29",25,2019,10,36,1929884,55982803
"Northeast","Female","25-29",25,2019,11,38,1929884,55982803
"Northeast","Female","25-29",25,2019,12,42,1929884,55982803
"Northeast","Female","30-34",30,2011,1,20,1766931,55604223
"Northeast","Female","30-34",30,2011,2,17,1766931,55604223
"Northeast","Female","30-34",30,2011,3,18,1766931,55604223
"Northeast","Female","30-34",30,2011,4,26,1766931,55604223
"Northeast","Female","30-34",30,2011,5,24,1766931,55604223
"Northeast","Female","30-34",30,2011,6,16,1766931,55604223
"Northeast","Female","30-34",30,2011,7,17,1766931,55604223
"Northeast","Female","30-34",30,2011,8,22,1766931,55604223
"Northeast","Female","30-34",30,2011,9,22,1766931,55604223
"Northeast","Female","30-34",30,2011,10,20,1766931,55604223
"Northeast","Female","30-34",30,2011,11,22,1766931,55604223
"Northeast","Female","30-34",30,2011,12,16,1766931,55604223
"Northeast","Female","30-34",30,2012,1,23,1793624,55775216
"Northeast","Female","30-34",30,2012,2,18,1793624,55775216
"Northeast","Female","30-34",30,2012,3,22,1793624,55775216
"Northeast","Female","30-34",30,2012,4,27,1793624,55775216
"Northeast","Female","30-34",30,2012,5,22,1793624,55775216
"Northeast","Female","30-34",30,2012,6,22,1793624,55775216
"Northeast","Female","30-34",30,2012,7,22,1793624,55775216
"Northeast","Female","30-34",30,2012,8,17,1793624,55775216
"Northeast","Female","30-34",30,2012,9,23,1793624,55775216
"Northeast","Female","30-34",30,2012,10,29,1793624,55775216
"Northeast","Female","30-34",30,2012,11,19,1793624,55775216
"Northeast","Female","30-34",30,2012,12,17,1793624,55775216
"Northeast","Female","30-34",30,2013,1,18,1817492,55901806
"Northeast","Female","30-34",30,2013,2,15,1817492,55901806
"Northeast","Female","30-34",30,2013,3,33,1817492,55901806
"Northeast","Female","30-34",30,2013,4,27,1817492,55901806
"Northeast","Female","30-34",30,2013,5,18,1817492,55901806
"Northeast","Female","30-34",30,2013,6,17,1817492,55901806
"Northeast","Female","30-34",30,2013,7,20,1817492,55901806
"Northeast","Female","30-34",30,2013,8,27,1817492,55901806
"Northeast","Female","30-34",30,2013,9,33,1817492,55901806
"Northeast","Female","30-34",30,2013,10,28,1817492,55901806
"Northeast","Female","30-34",30,2013,11,27,1817492,55901806
"Northeast","Female","30-34",30,2013,12,21,1817492,55901806
"Northeast","Female","30-34",30,2014,1,37,1828698,56006011
"Northeast","Female","30-34",30,2014,2,25,1828698,56006011
"Northeast","Female","30-34",30,2014,3,29,1828698,56006011
"Northeast","Female","30-34",30,2014,4,20,1828698,56006011
"Northeast","Female","30-34",30,2014,5,28,1828698,56006011
"Northeast","Female","30-34",30,2014,6,19,1828698,56006011
"Northeast","Female","30-34",30,2014,7,14,1828698,56006011
"Northeast","Female","30-34",30,2014,8,21,1828698,56006011
"Northeast","Female","30-34",30,2014,9,14,1828698,56006011
"Northeast","Female","30-34",30,2014,10,31,1828698,56006011
"Northeast","Female","30-34",30,2014,11,23,1828698,56006011
"Northeast","Female","30-34",30,2014,12,31,1828698,56006011
"Northeast","Female","30-34",30,2015,1,25,1833995,56034684
"Northeast","Female","30-34",30,2015,2,23,1833995,56034684
"Northeast","Female","30-34",30,2015,3,27,1833995,56034684
"Northeast","Female","30-34",30,2015,4,32,1833995,56034684
"Northeast","Female","30-34",30,2015,5,30,1833995,56034684
"Northeast","Female","30-34",30,2015,6,37,1833995,56034684
"Northeast","Female","30-34",30,2015,7,24,1833995,56034684
"Northeast","Female","30-34",30,2015,8,44,1833995,56034684
"Northeast","Female","30-34",30,2015,9,35,1833995,56034684
"Northeast","Female","30-34",30,2015,10,38,1833995,56034684
"Northeast","Female","30-34",30,2015,11,38,1833995,56034684
"Northeast","Female","30-34",30,2015,12,27,1833995,56034684
"Northeast","Female","30-34",30,2016,1,45,1847602,56042330
"Northeast","Female","30-34",30,2016,2,49,1847602,56042330
"Northeast","Female","30-34",30,2016,3,47,1847602,56042330
"Northeast","Female","30-34",30,2016,4,60,1847602,56042330
"Northeast","Female","30-34",30,2016,5,43,1847602,56042330
"Northeast","Female","30-34",30,2016,6,45,1847602,56042330
"Northeast","Female","30-34",30,2016,7,48,1847602,56042330
"Northeast","Female","30-34",30,2016,8,46,1847602,56042330
"Northeast","Female","30-34",30,2016,9,44,1847602,56042330
"Northeast","Female","30-34",30,2016,10,45,1847602,56042330
"Northeast","Female","30-34",30,2016,11,53,1847602,56042330
"Northeast","Female","30-34",30,2016,12,53,1847602,56042330
"Northeast","Female","30-34",30,2017,1,58,1857985,56059240
"Northeast","Female","30-34",30,2017,2,37,1857985,56059240
"Northeast","Female","30-34",30,2017,3,53,1857985,56059240
"Northeast","Female","30-34",30,2017,4,60,1857985,56059240
"Northeast","Female","30-34",30,2017,5,36,1857985,56059240
"Northeast","Female","30-34",30,2017,6,53,1857985,56059240
"Northeast","Female","30-34",30,2017,7,48,1857985,56059240
"Northeast","Female","30-34",30,2017,8,54,1857985,56059240
"Northeast","Female","30-34",30,2017,9,52,1857985,56059240
"Northeast","Female","30-34",30,2017,10,47,1857985,56059240
"Northeast","Female","30-34",30,2017,11,44,1857985,56059240
"Northeast","Female","30-34",30,2017,12,50,1857985,56059240
"Northeast","Female","30-34",30,2018,1,54,1872511,56046620
"Northeast","Female","30-34",30,2018,2,58,1872511,56046620
"Northeast","Female","30-34",30,2018,3,53,1872511,56046620
"Northeast","Female","30-34",30,2018,4,52,1872511,56046620
"Northeast","Female","30-34",30,2018,5,62,1872511,56046620
"Northeast","Female","30-34",30,2018,6,51,1872511,56046620
"Northeast","Female","30-34",30,2018,7,49,1872511,56046620
"Northeast","Female","30-34",30,2018,8,50,1872511,56046620
"Northeast","Female","30-34",30,2018,9,53,1872511,56046620
"Northeast","Female","30-34",30,2018,10,50,1872511,56046620
"Northeast","Female","30-34",30,2018,11,47,1872511,56046620
"Northeast","Female","30-34",30,2018,12,41,1872511,56046620
"Northeast","Female","30-34",30,2019,1,56,1891074,55982803
"Northeast","Female","30-34",30,2019,2,43,1891074,55982803
"Northeast","Female","30-34",30,2019,3,49,1891074,55982803
"Northeast","Female","30-34",30,2019,4,52,1891074,55982803
"Northeast","Female","30-34",30,2019,5,48,1891074,55982803
"Northeast","Female","30-34",30,2019,6,49,1891074,55982803
"Northeast","Female","30-34",30,2019,7,53,1891074,55982803
"Northeast","Female","30-34",30,2019,8,51,1891074,55982803
"Northeast","Female","30-34",30,2019,9,65,1891074,55982803
"Northeast","Female","30-34",30,2019,10,56,1891074,55982803
"Northeast","Female","30-34",30,2019,11,49,1891074,55982803
"Northeast","Female","30-34",30,2019,12,58,1891074,55982803
"Northeast","Female","35-39",35,2011,1,15,1712164,55604223
"Northeast","Female","35-39",35,2011,2,17,1712164,55604223
"Northeast","Female","35-39",35,2011,3,25,1712164,55604223
"Northeast","Female","35-39",35,2011,4,15,1712164,55604223
"Northeast","Female","35-39",35,2011,5,19,1712164,55604223
"Northeast","Female","35-39",35,2011,6,18,1712164,55604223
"Northeast","Female","35-39",35,2011,7,20,1712164,55604223
"Northeast","Female","35-39",35,2011,8,20,1712164,55604223
"Northeast","Female","35-39",35,2011,9,18,1712164,55604223
"Northeast","Female","35-39",35,2011,10,14,1712164,55604223
"Northeast","Female","35-39",35,2011,11,23,1712164,55604223
"Northeast","Female","35-39",35,2011,12,21,1712164,55604223
"Northeast","Female","35-39",35,2012,1,21,1690125,55775216
"Northeast","Female","35-39",35,2012,2,18,1690125,55775216
"Northeast","Female","35-39",35,2012,3,21,1690125,55775216
"Northeast","Female","35-39",35,2012,4,17,1690125,55775216
"Northeast","Female","35-39",35,2012,5,15,1690125,55775216
"Northeast","Female","35-39",35,2012,6,19,1690125,55775216
"Northeast","Female","35-39",35,2012,7,17,1690125,55775216
"Northeast","Female","35-39",35,2012,8,23,1690125,55775216
"Northeast","Female","35-39",35,2012,9,9,1690125,55775216
"Northeast","Female","35-39",35,2012,10,24,1690125,55775216
"Northeast","Female","35-39",35,2012,11,24,1690125,55775216
"Northeast","Female","35-39",35,2012,12,28,1690125,55775216
"Northeast","Female","35-39",35,2013,1,13,1689147,55901806
"Northeast","Female","35-39",35,2013,2,22,1689147,55901806
"Northeast","Female","35-39",35,2013,3,15,1689147,55901806
"Northeast","Female","35-39",35,2013,4,22,1689147,55901806
"Northeast","Female","35-39",35,2013,5,27,1689147,55901806
"Northeast","Female","35-39",35,2013,6,21,1689147,55901806
"Northeast","Female","35-39",35,2013,7,17,1689147,55901806
"Northeast","Female","35-39",35,2013,8,25,1689147,55901806
"Northeast","Female","35-39",35,2013,9,26,1689147,55901806
"Northeast","Female","35-39",35,2013,10,25,1689147,55901806
"Northeast","Female","35-39",35,2013,11,27,1689147,55901806
"Northeast","Female","35-39",35,2013,12,23,1689147,55901806
"Northeast","Female","35-39",35,2014,1,24,1702800,56006011
"Northeast","Female","35-39",35,2014,2,25,1702800,56006011
"Northeast","Female","35-39",35,2014,3,26,1702800,56006011
"Northeast","Female","35-39",35,2014,4,27,1702800,56006011
"Northeast","Female","35-39",35,2014,5,25,1702800,56006011
"Northeast","Female","35-39",35,2014,6,32,1702800,56006011
"Northeast","Female","35-39",35,2014,7,23,1702800,56006011
"Northeast","Female","35-39",35,2014,8,25,1702800,56006011
"Northeast","Female","35-39",35,2014,9,17,1702800,56006011
"Northeast","Female","35-39",35,2014,10,29,1702800,56006011
"Northeast","Female","35-39",35,2014,11,24,1702800,56006011
"Northeast","Female","35-39",35,2014,12,22,1702800,56006011
"Northeast","Female","35-39",35,2015,1,23,1724288,56034684
"Northeast","Female","35-39",35,2015,2,34,1724288,56034684
"Northeast","Female","35-39",35,2015,3,34,1724288,56034684
"Northeast","Female","35-39",35,2015,4,31,1724288,56034684
"Northeast","Female","35-39",35,2015,5,28,1724288,56034684
"Northeast","Female","35-39",35,2015,6,26,1724288,56034684
"Northeast","Female","35-39",35,2015,7,37,1724288,56034684
"Northeast","Female","35-39",35,2015,8,30,1724288,56034684
"Northeast","Female","35-39",35,2015,9,31,1724288,56034684
"Northeast","Female","35-39",35,2015,10,32,1724288,56034684
"Northeast","Female","35-39",35,2015,11,25,1724288,56034684
"Northeast","Female","35-39",35,2015,12,17,1724288,56034684
"Northeast","Female","35-39",35,2016,1,30,1746539,56042330
"Northeast","Female","35-39",35,2016,2,43,1746539,56042330
"Northeast","Female","35-39",35,2016,3,39,1746539,56042330
"Northeast","Female","35-39",35,2016,4,40,1746539,56042330
"Northeast","Female","35-39",35,2016,5,42,1746539,56042330
"Northeast","Female","35-39",35,2016,6,40,1746539,56042330
"Northeast","Female","35-39",35,2016,7,52,1746539,56042330
"Northeast","Female","35-39",35,2016,8,46,1746539,56042330
"Northeast","Female","35-39",35,2016,9,38,1746539,56042330
"Northeast","Female","35-39",35,2016,10,51,1746539,56042330
"Northeast","Female","35-39",35,2016,11,41,1746539,56042330
"Northeast","Female","35-39",35,2016,12,59,1746539,56042330
"Northeast","Female","35-39",35,2017,1,44,1768547,56059240
"Northeast","Female","35-39",35,2017,2,60,1768547,56059240
"Northeast","Female","35-39",35,2017,3,46,1768547,56059240
"Northeast","Female","35-39",35,2017,4,44,1768547,56059240
"Northeast","Female","35-39",35,2017,5,42,1768547,56059240
"Northeast","Female","35-39",35,2017,6,38,1768547,56059240
"Northeast","Female","35-39",35,2017,7,58,1768547,56059240
"Northeast","Female","35-39",35,2017,8,66,1768547,56059240
"Northeast","Female","35-39",35,2017,9,45,1768547,56059240
"Northeast","Female","35-39",35,2017,10,31,1768547,56059240
"Northeast","Female","35-39",35,2017,11,45,1768547,56059240
"Northeast","Female","35-39",35,2017,12,52,1768547,56059240
"Northeast","Female","35-39",35,2018,1,51,1787145,56046620
"Northeast","Female","35-39",35,2018,2,32,1787145,56046620
"Northeast","Female","35-39",35,2018,3,50,1787145,56046620
"Northeast","Female","35-39",35,2018,4,45,1787145,56046620
"Northeast","Female","35-39",35,2018,5,41,1787145,56046620
"Northeast","Female","35-39",35,2018,6,57,1787145,56046620
"Northeast","Female","35-39",35,2018,7,58,1787145,56046620
"Northeast","Female","35-39",35,2018,8,47,1787145,56046620
"Northeast","Female","35-39",35,2018,9,45,1787145,56046620
"Northeast","Female","35-39",35,2018,10,58,1787145,56046620
"Northeast","Female","35-39",35,2018,11,32,1787145,56046620
"Northeast","Female","35-39",35,2018,12,42,1787145,56046620
"Northeast","Female","35-39",35,2019,1,43,1794110,55982803
"Northeast","Female","35-39",35,2019,2,44,1794110,55982803
"Northeast","Female","35-39",35,2019,3,53,1794110,55982803
"Northeast","Female","35-39",35,2019,4,46,1794110,55982803
"Northeast","Female","35-39",35,2019,5,60,1794110,55982803
"Northeast","Female","35-39",35,2019,6,49,1794110,55982803
"Northeast","Female","35-39",35,2019,7,59,1794110,55982803
"Northeast","Female","35-39",35,2019,8,52,1794110,55982803
"Northeast","Female","35-39",35,2019,9,53,1794110,55982803
"Northeast","Female","35-39",35,2019,10,40,1794110,55982803
"Northeast","Female","35-39",35,2019,11,55,1794110,55982803
"Northeast","Female","35-39",35,2019,12,47,1794110,55982803
"Northeast","Female","40-44",40,2011,1,32,1959847,55604223
"Northeast","Female","40-44",40,2011,2,28,1959847,55604223
"Northeast","Female","40-44",40,2011,3,28,1959847,55604223
"Northeast","Female","40-44",40,2011,4,25,1959847,55604223
"Northeast","Female","40-44",40,2011,5,25,1959847,55604223
"Northeast","Female","40-44",40,2011,6,19,1959847,55604223
"Northeast","Female","40-44",40,2011,7,30,1959847,55604223
"Northeast","Female","40-44",40,2011,8,31,1959847,55604223
"Northeast","Female","40-44",40,2011,9,23,1959847,55604223
"Northeast","Female","40-44",40,2011,10,31,1959847,55604223
"Northeast","Female","40-44",40,2011,11,32,1959847,55604223
"Northeast","Female","40-44",40,2011,12,32,1959847,55604223
"Northeast","Female","40-44",40,2012,1,27,1924452,55775216
"Northeast","Female","40-44",40,2012,2,34,1924452,55775216
"Northeast","Female","40-44",40,2012,3,22,1924452,55775216
"Northeast","Female","40-44",40,2012,4,27,1924452,55775216
"Northeast","Female","40-44",40,2012,5,25,1924452,55775216
"Northeast","Female","40-44",40,2012,6,26,1924452,55775216
"Northeast","Female","40-44",40,2012,7,27,1924452,55775216
"Northeast","Female","40-44",40,2012,8,28,1924452,55775216
"Northeast","Female","40-44",40,2012,9,12,1924452,55775216
"Northeast","Female","40-44",40,2012,10,31,1924452,55775216
"Northeast","Female","40-44",40,2012,11,24,1924452,55775216
"Northeast","Female","40-44",40,2012,12,32,1924452,55775216
"Northeast","Female","40-44",40,2013,1,33,1876441,55901806
"Northeast","Female","40-44",40,2013,2,30,1876441,55901806
"Northeast","Female","40-44",40,2013,3,30,1876441,55901806
"Northeast","Female","40-44",40,2013,4,30,1876441,55901806
"Northeast","Female","40-44",40,2013,5,28,1876441,55901806
"Northeast","Female","40-44",40,2013,6,30,1876441,55901806
"Northeast","Female","40-44",40,2013,7,21,1876441,55901806
"Northeast","Female","40-44",40,2013,8,25,1876441,55901806
"Northeast","Female","40-44",40,2013,9,27,1876441,55901806
"Northeast","Female","40-44",40,2013,10,31,1876441,55901806
"Northeast","Female","40-44",40,2013,11,26,1876441,55901806
"Northeast","Female","40-44",40,2013,12,35,1876441,55901806
"Northeast","Female","40-44",40,2014,1,35,1819314,56006011
"Northeast","Female","40-44",40,2014,2,28,1819314,56006011
"Northeast","Female","40-44",40,2014,3,41,1819314,56006011
"Northeast","Female","40-44",40,2014,4,31,1819314,56006011
"Northeast","Female","40-44",40,2014,5,27,1819314,56006011
"Northeast","Female","40-44",40,2014,6,34,1819314,56006011
"Northeast","Female","40-44",40,2014,7,22,1819314,56006011
"Northeast","Female","40-44",40,2014,8,25,1819314,56006011
"Northeast","Female","40-44",40,2014,9,30,1819314,56006011
"Northeast","Female","40-44",40,2014,10,31,1819314,56006011
"Northeast","Female","40-44",40,2014,11,33,1819314,56006011
"Northeast","Female","40-44",40,2014,12,23,1819314,56006011
"Northeast","Female","40-44",40,2015,1,33,1755837,56034684
"Northeast","Female","40-44",40,2015,2,24,1755837,56034684
"Northeast","Female","40-44",40,2015,3,29,1755837,56034684
"Northeast","Female","40-44",40,2015,4,37,1755837,56034684
"Northeast","Female","40-44",40,2015,5,26,1755837,56034684
"Northeast","Female","40-44",40,2015,6,27,1755837,56034684
"Northeast","Female","40-44",40,2015,7,31,1755837,56034684
"Northeast","Female","40-44",40,2015,8,29,1755837,56034684
"Northeast","Female","40-44",40,2015,9,26,1755837,56034684
"Northeast","Female","40-44",40,2015,10,27,1755837,56034684
"Northeast","Female","40-44",40,2015,11,24,1755837,56034684
"Northeast","Female","40-44",40,2015,12,36,1755837,56034684
"Northeast","Female","40-44",40,2016,1,37,1691898,56042330
"Northeast","Female","40-44",40,2016,2,33,1691898,56042330
"Northeast","Female","40-44",40,2016,3,42,1691898,56042330
"Northeast","Female","40-44",40,2016,4,50,1691898,56042330
"Northeast","Female","40-44",40,2016,5,17,1691898,56042330
"Northeast","Female","40-44",40,2016,6,24,1691898,56042330
"Northeast","Female","40-44",40,2016,7,34,1691898,56042330
"Northeast","Female","40-44",40,2016,8,25,1691898,56042330
"Northeast","Female","40-44",40,2016,9,45,1691898,56042330
"Northeast","Female","40-44",40,2016,10,37,1691898,56042330
"Northeast","Female","40-44",40,2016,11,44,1691898,56042330
"Northeast","Female","40-44",40,2016,12,33,1691898,56042330
"Northeast","Female","40-44",40,2017,1,48,1665176,56059240
"Northeast","Female","40-44",40,2017,2,39,1665176,56059240
"Northeast","Female","40-44",40,2017,3,52,1665176,56059240
"Northeast","Female","40-44",40,2017,4,44,1665176,56059240
"Northeast","Female","40-44",40,2017,5,37,1665176,56059240
"Northeast","Female","40-44",40,2017,6,39,1665176,56059240
"Northeast","Female","40-44",40,2017,7,46,1665176,56059240
"Northeast","Female","40-44",40,2017,8,34,1665176,56059240
"Northeast","Female","40-44",40,2017,9,33,1665176,56059240
"Northeast","Female","40-44",40,2017,10,44,1665176,56059240
"Northeast","Female","40-44",40,2017,11,47,1665176,56059240
"Northeast","Female","40-44",40,2017,12,47,1665176,56059240
"Northeast","Female","40-44",40,2018,1,37,1660531,56046620
"Northeast","Female","40-44",40,2018,2,48,1660531,56046620
"Northeast","Female","40-44",40,2018,3,37,1660531,56046620
"Northeast","Female","40-44",40,2018,4,44,1660531,56046620
"Northeast","Female","40-44",40,2018,5,28,1660531,56046620
"Northeast","Female","40-44",40,2018,6,40,1660531,56046620
"Northeast","Female","40-44",40,2018,7,51,1660531,56046620
"Northeast","Female","40-44",40,2018,8,33,1660531,56046620
"Northeast","Female","40-44",40,2018,9,33,1660531,56046620
"Northeast","Female","40-44",40,2018,10,36,1660531,56046620
"Northeast","Female","40-44",40,2018,11,39,1660531,56046620
"Northeast","Female","40-44",40,2018,12,40,1660531,56046620
"Northeast","Female","40-44",40,2019,1,31,1669442,55982803
"Northeast","Female","40-44",40,2019,2,27,1669442,55982803
"Northeast","Female","40-44",40,2019,3,43,1669442,55982803
"Northeast","Female","40-44",40,2019,4,37,1669442,55982803
"Northeast","Female","40-44",40,2019,5,32,1669442,55982803
"Northeast","Female","40-44",40,2019,6,32,1669442,55982803
"Northeast","Female","40-44",40,2019,7,28,1669442,55982803
"Northeast","Female","40-44",40,2019,8,48,1669442,55982803
"Northeast","Female","40-44",40,2019,9,32,1669442,55982803
"Northeast","Female","40-44",40,2019,10,30,1669442,55982803
"Northeast","Female","40-44",40,2019,11,26,1669442,55982803
"Northeast","Female","40-44",40,2019,12,42,1669442,55982803
"Northeast","Female","45-49",45,2011,1,47,2138581,55604223
"Northeast","Female","45-49",45,2011,2,38,2138581,55604223
"Northeast","Female","45-49",45,2011,3,30,2138581,55604223
"Northeast","Female","45-49",45,2011,4,37,2138581,55604223
"Northeast","Female","45-49",45,2011,5,30,2138581,55604223
"Northeast","Female","45-49",45,2011,6,29,2138581,55604223
"Northeast","Female","45-49",45,2011,7,46,2138581,55604223
"Northeast","Female","45-49",45,2011,8,34,2138581,55604223
"Northeast","Female","45-49",45,2011,9,47,2138581,55604223
"Northeast","Female","45-49",45,2011,10,33,2138581,55604223
"Northeast","Female","45-49",45,2011,11,30,2138581,55604223
"Northeast","Female","45-49",45,2011,12,38,2138581,55604223
"Northeast","Female","45-49",45,2012,1,35,2091867,55775216
"Northeast","Female","45-49",45,2012,2,34,2091867,55775216
"Northeast","Female","45-49",45,2012,3,29,2091867,55775216
"Northeast","Female","45-49",45,2012,4,30,2091867,55775216
"Northeast","Female","45-49",45,2012,5,42,2091867,55775216
"Northeast","Female","45-49",45,2012,6,34,2091867,55775216
"Northeast","Female","45-49",45,2012,7,37,2091867,55775216
"Northeast","Female","45-49",45,2012,8,35,2091867,55775216
"Northeast","Female","45-49",45,2012,9,38,2091867,55775216
"Northeast","Female","45-49",45,2012,10,26,2091867,55775216
"Northeast","Female","45-49",45,2012,11,41,2091867,55775216
"Northeast","Female","45-49",45,2012,12,36,2091867,55775216
"Northeast","Female","45-49",45,2013,1,33,2037388,55901806
"Northeast","Female","45-49",45,2013,2,34,2037388,55901806
"Northeast","Female","45-49",45,2013,3,47,2037388,55901806
"Northeast","Female","45-49",45,2013,4,31,2037388,55901806
"Northeast","Female","45-49",45,2013,5,36,2037388,55901806
"Northeast","Female","45-49",45,2013,6,42,2037388,55901806
"Northeast","Female","45-49",45,2013,7,42,2037388,55901806
"Northeast","Female","45-49",45,2013,8,37,2037388,55901806
"Northeast","Female","45-49",45,2013,9,21,2037388,55901806
"Northeast","Female","45-49",45,2013,10,23,2037388,55901806
"Northeast","Female","45-49",45,2013,11,42,2037388,55901806
"Northeast","Female","45-49",45,2013,12,34,2037388,55901806
"Northeast","Female","45-49",45,2014,1,45,1981867,56006011
"Northeast","Female","45-49",45,2014,2,38,1981867,56006011
"Northeast","Female","45-49",45,2014,3,40,1981867,56006011
"Northeast","Female","45-49",45,2014,4,36,1981867,56006011
"Northeast","Female","45-49",45,2014,5,52,1981867,56006011
"Northeast","Female","45-49",45,2014,6,15,1981867,56006011
"Northeast","Female","45-49",45,2014,7,30,1981867,56006011
"Northeast","Female","45-49",45,2014,8,29,1981867,56006011
"Northeast","Female","45-49",45,2014,9,40,1981867,56006011
"Northeast","Female","45-49",45,2014,10,36,1981867,56006011
"Northeast","Female","45-49",45,2014,11,31,1981867,56006011
"Northeast","Female","45-49",45,2014,12,42,1981867,56006011
"Northeast","Female","45-49",45,2015,1,45,1947201,56034684
"Northeast","Female","45-49",45,2015,2,24,1947201,56034684
"Northeast","Female","45-49",45,2015,3,50,1947201,56034684
"Northeast","Female","45-49",45,2015,4,48,1947201,56034684
"Northeast","Female","45-49",45,2015,5,38,1947201,56034684
"Northeast","Female","45-49",45,2015,6,39,1947201,56034684
"Northeast","Female","45-49",45,2015,7,40,1947201,56034684
"Northeast","Female","45-49",45,2015,8,33,1947201,56034684
"Northeast","Female","45-49",45,2015,9,35,1947201,56034684
"Northeast","Female","45-49",45,2015,10,39,1947201,56034684
"Northeast","Female","45-49",45,2015,11,45,1947201,56034684
"Northeast","Female","45-49",45,2015,12,31,1947201,56034684
"Northeast","Female","45-49",45,2016,1,44,1923311,56042330
"Northeast","Female","45-49",45,2016,2,45,1923311,56042330
"Northeast","Female","45-49",45,2016,3,53,1923311,56042330
"Northeast","Female","45-49",45,2016,4,56,1923311,56042330
"Northeast","Female","45-49",45,2016,5,47,1923311,56042330
"Northeast","Female","45-49",45,2016,6,58,1923311,56042330
"Northeast","Female","45-49",45,2016,7,46,1923311,56042330
"Northeast","Female","45-49",45,2016,8,35,1923311,56042330
"Northeast","Female","45-49",45,2016,9,44,1923311,56042330
"Northeast","Female","45-49",45,2016,10,37,1923311,56042330
"Northeast","Female","45-49",45,2016,11,49,1923311,56042330
"Northeast","Female","45-49",45,2016,12,50,1923311,56042330
"Northeast","Female","45-49",45,2017,1,58,1884817,56059240
"Northeast","Female","45-49",45,2017,2,49,1884817,56059240
"Northeast","Female","45-49",45,2017,3,49,1884817,56059240
"Northeast","Female","45-49",45,2017,4,55,1884817,56059240
"Northeast","Female","45-49",45,2017,5,52,1884817,56059240
"Northeast","Female","45-49",45,2017,6,46,1884817,56059240
"Northeast","Female","45-49",45,2017,7,31,1884817,56059240
"Northeast","Female","45-49",45,2017,8,43,1884817,56059240
"Northeast","Female","45-49",45,2017,9,32,1884817,56059240
"Northeast","Female","45-49",45,2017,10,33,1884817,56059240
"Northeast","Female","45-49",45,2017,11,42,1884817,56059240
"Northeast","Female","45-49",45,2017,12,38,1884817,56059240
"Northeast","Female","45-49",45,2018,1,31,1835282,56046620
"Northeast","Female","45-49",45,2018,2,29,1835282,56046620
"Northeast","Female","45-49",45,2018,3,42,1835282,56046620
"Northeast","Female","45-49",45,2018,4,35,1835282,56046620
"Northeast","Female","45-49",45,2018,5,51,1835282,56046620
"Northeast","Female","45-49",45,2018,6,50,1835282,56046620
"Northeast","Female","45-49",45,2018,7,59,1835282,56046620
"Northeast","Female","45-49",45,2018,8,43,1835282,56046620
"Northeast","Female","45-49",45,2018,9,33,1835282,56046620
"Northeast","Female","45-49",45,2018,10,39,1835282,56046620
"Northeast","Female","45-49",45,2018,11,42,1835282,56046620
"Northeast","Female","45-49",45,2018,12,50,1835282,56046620
"Northeast","Female","45-49",45,2019,1,35,1776472,55982803
"Northeast","Female","45-49",45,2019,2,33,1776472,55982803
"Northeast","Female","45-49",45,2019,3,48,1776472,55982803
"Northeast","Female","45-49",45,2019,4,27,1776472,55982803
"Northeast","Female","45-49",45,2019,5,45,1776472,55982803
"Northeast","Female","45-49",45,2019,6,39,1776472,55982803
"Northeast","Female","45-49",45,2019,7,44,1776472,55982803
"Northeast","Female","45-49",45,2019,8,45,1776472,55982803
"Northeast","Female","45-49",45,2019,9,38,1776472,55982803
"Northeast","Female","45-49",45,2019,10,41,1776472,55982803
"Northeast","Female","45-49",45,2019,11,49,1776472,55982803
"Northeast","Female","45-49",45,2019,12,43,1776472,55982803
"Northeast","Female","50-54",50,2011,1,28,2183774,55604223
"Northeast","Female","50-54",50,2011,2,38,2183774,55604223
"Northeast","Female","50-54",50,2011,3,38,2183774,55604223
"Northeast","Female","50-54",50,2011,4,42,2183774,55604223
"Northeast","Female","50-54",50,2011,5,39,2183774,55604223
"Northeast","Female","50-54",50,2011,6,30,2183774,55604223
"Northeast","Female","50-54",50,2011,7,24,2183774,55604223
"Northeast","Female","50-54",50,2011,8,30,2183774,55604223
"Northeast","Female","50-54",50,2011,9,17,2183774,55604223
"Northeast","Female","50-54",50,2011,10,37,2183774,55604223
"Northeast","Female","50-54",50,2011,11,33,2183774,55604223
"Northeast","Female","50-54",50,2011,12,27,2183774,55604223
"Northeast","Female","50-54",50,2012,1,30,2178355,55775216
"Northeast","Female","50-54",50,2012,2,35,2178355,55775216
"Northeast","Female","50-54",50,2012,3,36,2178355,55775216
"Northeast","Female","50-54",50,2012,4,37,2178355,55775216
"Northeast","Female","50-54",50,2012,5,39,2178355,55775216
"Northeast","Female","50-54",50,2012,6,37,2178355,55775216
"Northeast","Female","50-54",50,2012,7,33,2178355,55775216
"Northeast","Female","50-54",50,2012,8,44,2178355,55775216
"Northeast","Female","50-54",50,2012,9,27,2178355,55775216
"Northeast","Female","50-54",50,2012,10,27,2178355,55775216
"Northeast","Female","50-54",50,2012,11,35,2178355,55775216
"Northeast","Female","50-54",50,2012,12,40,2178355,55775216
"Northeast","Female","50-54",50,2013,1,46,2168490,55901806
"Northeast","Female","50-54",50,2013,2,43,2168490,55901806
"Northeast","Female","50-54",50,2013,3,50,2168490,55901806
"Northeast","Female","50-54",50,2013,4,44,2168490,55901806
"Northeast","Female","50-54",50,2013,5,45,2168490,55901806
"Northeast","Female","50-54",50,2013,6,41,2168490,55901806
"Northeast","Female","50-54",50,2013,7,35,2168490,55901806
"Northeast","Female","50-54",50,2013,8,37,2168490,55901806
"Northeast","Female","50-54",50,2013,9,36,2168490,55901806
"Northeast","Female","50-54",50,2013,10,35,2168490,55901806
"Northeast","Female","50-54",50,2013,11,43,2168490,55901806
"Northeast","Female","50-54",50,2013,12,48,2168490,55901806
"Northeast","Female","50-54",50,2014,1,42,2158479,56006011
"Northeast","Female","50-54",50,2014,2,34,2158479,56006011
"Northeast","Female","50-54",50,2014,3,41,2158479,56006011
"Northeast","Female","50-54",50,2014,4,38,2158479,56006011
"Northeast","Female","50-54",50,2014,5,45,2158479,56006011
"Northeast","Female","50-54",50,2014,6,37,2158479,56006011
"Northeast","Female","50-54",50,2014,7,40,2158479,56006011
"Northeast","Female","50-54",50,2014,8,37,2158479,56006011
"Northeast","Female","50-54",50,2014,9,30,2158479,56006011
"Northeast","Female","50-54",50,2014,10,31,2158479,56006011
"Northeast","Female","50-54",50,2014,11,39,2158479,56006011
"Northeast","Female","50-54",50,2014,12,52,2158479,56006011
"Northeast","Female","50-54",50,2015,1,34,2129158,56034684
"Northeast","Female","50-54",50,2015,2,45,2129158,56034684
"Northeast","Female","50-54",50,2015,3,45,2129158,56034684
"Northeast","Female","50-54",50,2015,4,45,2129158,56034684
"Northeast","Female","50-54",50,2015,5,45,2129158,56034684
"Northeast","Female","50-54",50,2015,6,44,2129158,56034684
"Northeast","Female","50-54",50,2015,7,45,2129158,56034684
"Northeast","Female","50-54",50,2015,8,44,2129158,56034684
"Northeast","Female","50-54",50,2015,9,37,2129158,56034684
"Northeast","Female","50-54",50,2015,10,60,2129158,56034684
"Northeast","Female","50-54",50,2015,11,44,2129158,56034684
"Northeast","Female","50-54",50,2015,12,48,2129158,56034684
"Northeast","Female","50-54",50,2016,1,42,2080999,56042330
"Northeast","Female","50-54",50,2016,2,53,2080999,56042330
"Northeast","Female","50-54",50,2016,3,56,2080999,56042330
"Northeast","Female","50-54",50,2016,4,51,2080999,56042330
"Northeast","Female","50-54",50,2016,5,56,2080999,56042330
"Northeast","Female","50-54",50,2016,6,47,2080999,56042330
"Northeast","Female","50-54",50,2016,7,50,2080999,56042330
"Northeast","Female","50-54",50,2016,8,49,2080999,56042330
"Northeast","Female","50-54",50,2016,9,48,2080999,56042330
"Northeast","Female","50-54",50,2016,10,57,2080999,56042330
"Northeast","Female","50-54",50,2016,11,61,2080999,56042330
"Northeast","Female","50-54",50,2016,12,59,2080999,56042330
"Northeast","Female","50-54",50,2017,1,64,2031758,56059240
"Northeast","Female","50-54",50,2017,2,47,2031758,56059240
"Northeast","Female","50-54",50,2017,3,58,2031758,56059240
"Northeast","Female","50-54",50,2017,4,44,2031758,56059240
"Northeast","Female","50-54",50,2017,5,73,2031758,56059240
"Northeast","Female","50-54",50,2017,6,55,2031758,56059240
"Northeast","Female","50-54",50,2017,7,50,2031758,56059240
"Northeast","Female","50-54",50,2017,8,57,2031758,56059240
"Northeast","Female","50-54",50,2017,9,54,2031758,56059240
"Northeast","Female","50-54",50,2017,10,50,2031758,56059240
"Northeast","Female","50-54",50,2017,11,47,2031758,56059240
"Northeast","Female","50-54",50,2017,12,52,2031758,56059240
"Northeast","Female","50-54",50,2018,1,66,1974811,56046620
"Northeast","Female","50-54",50,2018,2,38,1974811,56046620
"Northeast","Female","50-54",50,2018,3,47,1974811,56046620
"Northeast","Female","50-54",50,2018,4,41,1974811,56046620
"Northeast","Female","50-54",50,2018,5,56,1974811,56046620
"Northeast","Female","50-54",50,2018,6,42,1974811,56046620
"Northeast","Female","50-54",50,2018,7,43,1974811,56046620
"Northeast","Female","50-54",50,2018,8,44,1974811,56046620
"Northeast","Female","50-54",50,2018,9,50,1974811,56046620
"Northeast","Female","50-54",50,2018,10,42,1974811,56046620
"Northeast","Female","50-54",50,2018,11,52,1974811,56046620
"Northeast","Female","50-54",50,2018,12,39,1974811,56046620
"Northeast","Female","50-54",50,2019,1,41,1917578,55982803
"Northeast","Female","50-54",50,2019,2,52,1917578,55982803
"Northeast","Female","50-54",50,2019,3,53,1917578,55982803
"Northeast","Female","50-54",50,2019,4,42,1917578,55982803
"Northeast","Female","50-54",50,2019,5,34,1917578,55982803
"Northeast","Female","50-54",50,2019,6,44,1917578,55982803
"Northeast","Female","50-54",50,2019,7,70,1917578,55982803
"Northeast","Female","50-54",50,2019,8,60,1917578,55982803
"Northeast","Female","50-54",50,2019,9,46,1917578,55982803
"Northeast","Female","50-54",50,2019,10,51,1917578,55982803
"Northeast","Female","50-54",50,2019,11,45,1917578,55982803
"Northeast","Female","50-54",50,2019,12,60,1917578,55982803
"Northeast","Male","15-19",15,2011,1,12,1963346,55604223
"Northeast","Male","15-19",15,2011,2,6,1963346,55604223
"Northeast","Male","15-19",15,2011,3,11,1963346,55604223
"Northeast","Male","15-19",15,2011,4,10,1963346,55604223
"Northeast","Male","15-19",15,2011,5,6,1963346,55604223
"Northeast","Male","15-19",15,2011,6,10,1963346,55604223
"Northeast","Male","15-19",15,2011,7,9,1963346,55604223
"Northeast","Male","15-19",15,2011,8,6,1963346,55604223
"Northeast","Male","15-19",15,2011,9,6,1963346,55604223
"Northeast","Male","15-19",15,2011,10,14,1963346,55604223
"Northeast","Male","15-19",15,2011,11,11,1963346,55604223
"Northeast","Male","15-19",15,2011,12,5,1963346,55604223
"Northeast","Male","15-19",15,2012,1,11,1929290,55775216
"Northeast","Male","15-19",15,2012,2,5,1929290,55775216
"Northeast","Male","15-19",15,2012,3,9,1929290,55775216
"Northeast","Male","15-19",15,2012,4,7,1929290,55775216
"Northeast","Male","15-19",15,2012,5,7,1929290,55775216
"Northeast","Male","15-19",15,2012,6,9,1929290,55775216
"Northeast","Male","15-19",15,2012,7,9,1929290,55775216
"Northeast","Male","15-19",15,2012,8,10,1929290,55775216
"Northeast","Male","15-19",15,2012,9,3,1929290,55775216
"Northeast","Male","15-19",15,2012,10,12,1929290,55775216
"Northeast","Male","15-19",15,2012,11,4,1929290,55775216
"Northeast","Male","15-19",15,2012,12,3,1929290,55775216
"Northeast","Male","15-19",15,2013,1,9,1894105,55901806
"Northeast","Male","15-19",15,2013,2,9,1894105,55901806
"Northeast","Male","15-19",15,2013,3,11,1894105,55901806
"Northeast","Male","15-19",15,2013,4,6,1894105,55901806
"Northeast","Male","15-19",15,2013,5,3,1894105,55901806
"Northeast","Male","15-19",15,2013,6,6,1894105,55901806
"Northeast","Male","15-19",15,2013,7,10,1894105,55901806
"Northeast","Male","15-19",15,2013,8,4,1894105,55901806
"Northeast","Male","15-19",15,2013,9,13,1894105,55901806
"Northeast","Male","15-19",15,2013,10,6,1894105,55901806
"Northeast","Male","15-19",15,2013,11,8,1894105,55901806
"Northeast","Male","15-19",15,2013,12,8,1894105,55901806
"Northeast","Male","15-19",15,2014,1,10,1866117,56006011
"Northeast","Male","15-19",15,2014,2,8,1866117,56006011
"Northeast","Male","15-19",15,2014,3,8,1866117,56006011
"Northeast","Male","15-19",15,2014,4,4,1866117,56006011
"Northeast","Male","15-19",15,2014,5,5,1866117,56006011
"Northeast","Male","15-19",15,2014,6,7,1866117,56006011
"Northeast","Male","15-19",15,2014,7,10,1866117,56006011
"Northeast","Male","15-19",15,2014,8,8,1866117,56006011
"Northeast","Male","15-19",15,2014,9,8,1866117,56006011
"Northeast","Male","15-19",15,2014,10,8,1866117,56006011
"Northeast","Male","15-19",15,2014,11,7,1866117,56006011
"Northeast","Male","15-19",15,2014,12,10,1866117,56006011
"Northeast","Male","15-19",15,2015,1,9,1845659,56034684
"Northeast","Male","15-19",15,2015,2,8,1845659,56034684
"Northeast","Male","15-19",15,2015,3,4,1845659,56034684
"Northeast","Male","15-19",15,2015,4,11,1845659,56034684
"Northeast","Male","15-19",15,2015,5,8,1845659,56034684
"Northeast","Male","15-19",15,2015,6,7,1845659,56034684
"Northeast","Male","15-19",15,2015,7,12,1845659,56034684
"Northeast","Male","15-19",15,2015,8,9,1845659,56034684
"Northeast","Male","15-19",15,2015,9,9,1845659,56034684
"Northeast","Male","15-19",15,2015,10,8,1845659,56034684
"Northeast","Male","15-19",15,2015,11,8,1845659,56034684
"Northeast","Male","15-19",15,2015,12,7,1845659,56034684
"Northeast","Male","15-19",15,2016,1,7,1828572,56042330
"Northeast","Male","15-19",15,2016,2,4,1828572,56042330
"Northeast","Male","15-19",15,2016,3,7,1828572,56042330
"Northeast","Male","15-19",15,2016,4,13,1828572,56042330
"Northeast","Male","15-19",15,2016,5,12,1828572,56042330
"Northeast","Male","15-19",15,2016,6,14,1828572,56042330
"Northeast","Male","15-19",15,2016,7,11,1828572,56042330
"Northeast","Male","15-19",15,2016,8,7,1828572,56042330
"Northeast","Male","15-19",15,2016,9,8,1828572,56042330
"Northeast","Male","15-19",15,2016,10,11,1828572,56042330
"Northeast","Male","15-19",15,2016,11,11,1828572,56042330
"Northeast","Male","15-19",15,2016,12,12,1828572,56042330
"Northeast","Male","15-19",15,2017,1,15,1808407,56059240
"Northeast","Male","15-19",15,2017,2,5,1808407,56059240
"Northeast","Male","15-19",15,2017,3,11,1808407,56059240
"Northeast","Male","15-19",15,2017,4,11,1808407,56059240
"Northeast","Male","15-19",15,2017,5,11,1808407,56059240
"Northeast","Male","15-19",15,2017,6,11,1808407,56059240
"Northeast","Male","15-19",15,2017,7,11,1808407,56059240
"Northeast","Male","15-19",15,2017,8,8,1808407,56059240
"Northeast","Male","15-19",15,2017,9,7,1808407,56059240
"Northeast","Male","15-19",15,2017,10,7,1808407,56059240
"Northeast","Male","15-19",15,2017,11,10,1808407,56059240
"Northeast","Male","15-19",15,2017,12,3,1808407,56059240
"Northeast","Male","15-19",15,2018,1,4,1792346,56046620
"Northeast","Male","15-19",15,2018,2,9,1792346,56046620
"Northeast","Male","15-19",15,2018,3,5,1792346,56046620
"Northeast","Male","15-19",15,2018,4,9,1792346,56046620
"Northeast","Male","15-19",15,2018,5,5,1792346,56046620
"Northeast","Male","15-19",15,2018,6,4,1792346,56046620
"Northeast","Male","15-19",15,2018,7,3,1792346,56046620
"Northeast","Male","15-19",15,2018,8,8,1792346,56046620
"Northeast","Male","15-19",15,2018,9,6,1792346,56046620
"Northeast","Male","15-19",15,2018,10,6,1792346,56046620
"Northeast","Male","15-19",15,2018,11,4,1792346,56046620
"Northeast","Male","15-19",15,2018,12,7,1792346,56046620
"Northeast","Male","15-19",15,2019,1,7,1776629,55982803
"Northeast","Male","15-19",15,2019,2,2,1776629,55982803
"Northeast","Male","15-19",15,2019,3,4,1776629,55982803
"Northeast","Male","15-19",15,2019,4,6,1776629,55982803
"Northeast","Male","15-19",15,2019,5,2,1776629,55982803
"Northeast","Male","15-19",15,2019,6,4,1776629,55982803
"Northeast","Male","15-19",15,2019,7,8,1776629,55982803
"Northeast","Male","15-19",15,2019,8,6,1776629,55982803
"Northeast","Male","15-19",15,2019,9,3,1776629,55982803
"Northeast","Male","15-19",15,2019,10,3,1776629,55982803
"Northeast","Male","15-19",15,2019,11,8,1776629,55982803
"Northeast","Male","15-19",15,2019,12,8,1776629,55982803
"Northeast","Male","20-24",20,2011,1,37,1964788,55604223
"Northeast","Male","20-24",20,2011,2,34,1964788,55604223
"Northeast","Male","20-24",20,2011,3,47,1964788,55604223
"Northeast","Male","20-24",20,2011,4,46,1964788,55604223
"Northeast","Male","20-24",20,2011,5,36,1964788,55604223
"Northeast","Male","20-24",20,2011,6,33,1964788,55604223
"Northeast","Male","20-24",20,2011,7,46,1964788,55604223
"Northeast","Male","20-24",20,2011,8,50,1964788,55604223
"Northeast","Male","20-24",20,2011,9,34,1964788,55604223
"Northeast","Male","20-24",20,2011,10,41,1964788,55604223
"Northeast","Male","20-24",20,2011,11,37,1964788,55604223
"Northeast","Male","20-24",20,2011,12,26,1964788,55604223
"Northeast","Male","20-24",20,2012,1,40,1982786,55775216
"Northeast","Male","20-24",20,2012,2,34,1982786,55775216
"Northeast","Male","20-24",20,2012,3,42,1982786,55775216
"Northeast","Male","20-24",20,2012,4,38,1982786,55775216
"Northeast","Male","20-24",20,2012,5,29,1982786,55775216
"Northeast","Male","20-24",20,2012,6,32,1982786,55775216
"Northeast","Male","20-24",20,2012,7,36,1982786,55775216
"Northeast","Male","20-24",20,2012,8,36,1982786,55775216
"Northeast","Male","20-24",20,2012,9,41,1982786,55775216
"Northeast","Male","20-24",20,2012,10,44,1982786,55775216
"Northeast","Male","20-24",20,2012,11,44,1982786,55775216
"Northeast","Male","20-24",20,2012,12,36,1982786,55775216
"Northeast","Male","20-24",20,2013,1,49,1991911,55901806
"Northeast","Male","20-24",20,2013,2,41,1991911,55901806
"Northeast","Male","20-24",20,2013,3,45,1991911,55901806
"Northeast","Male","20-24",20,2013,4,40,1991911,55901806
"Northeast","Male","20-24",20,2013,5,48,1991911,55901806
"Northeast","Male","20-24",20,2013,6,51,1991911,55901806
"Northeast","Male","20-24",20,2013,7,44,1991911,55901806
"Northeast","Male","20-24",20,2013,8,39,1991911,55901806
"Northeast","Male","20-24",20,2013,9,37,1991911,55901806
"Northeast","Male","20-24",20,2013,10,39,1991911,55901806
"Northeast","Male","20-24",20,2013,11,41,1991911,55901806
"Northeast","Male","20-24",20,2013,12,38,1991911,55901806
"Northeast","Male","20-24",20,2014,1,56,1987129,56006011
"Northeast","Male","20-24",20,2014,2,35,1987129,56006011
"Northeast","Male","20-24",20,2014,3,62,1987129,56006011
"Northeast","Male","20-24",20,2014,4,43,1987129,56006011
"Northeast","Male","20-24",20,2014,5,45,1987129,56006011
"Northeast","Male","20-24",20,2014,6,53,1987129,56006011
"Northeast","Male","20-24",20,2014,7,36,1987129,56006011
"Northeast","Male","20-24",20,2014,8,40,1987129,56006011
"Northeast","Male","20-24",20,2014,9,55,1987129,56006011
"Northeast","Male","20-24",20,2014,10,62,1987129,56006011
"Northeast","Male","20-24",20,2014,11,31,1987129,56006011
"Northeast","Male","20-24",20,2014,12,50,1987129,56006011
"Northeast","Male","20-24",20,2015,1,59,1958089,56034684
"Northeast","Male","20-24",20,2015,2,49,1958089,56034684
"Northeast","Male","20-24",20,2015,3,51,1958089,56034684
"Northeast","Male","20-24",20,2015,4,54,1958089,56034684
"Northeast","Male","20-24",20,2015,5,80,1958089,56034684
"Northeast","Male","20-24",20,2015,6,58,1958089,56034684
"Northeast","Male","20-24",20,2015,7,53,1958089,56034684
"Northeast","Male","20-24",20,2015,8,64,1958089,56034684
"Northeast","Male","20-24",20,2015,9,57,1958089,56034684
"Northeast","Male","20-24",20,2015,10,61,1958089,56034684
"Northeast","Male","20-24",20,2015,11,51,1958089,56034684
"Northeast","Male","20-24",20,2015,12,46,1958089,56034684
"Northeast","Male","20-24",20,2016,1,68,1925269,56042330
"Northeast","Male","20-24",20,2016,2,75,1925269,56042330
"Northeast","Male","20-24",20,2016,3,84,1925269,56042330
"Northeast","Male","20-24",20,2016,4,71,1925269,56042330
"Northeast","Male","20-24",20,2016,5,64,1925269,56042330
"Northeast","Male","20-24",20,2016,6,62,1925269,56042330
"Northeast","Male","20-24",20,2016,7,84,1925269,56042330
"Northeast","Male","20-24",20,2016,8,59,1925269,56042330
"Northeast","Male","20-24",20,2016,9,79,1925269,56042330
"Northeast","Male","20-24",20,2016,10,77,1925269,56042330
"Northeast","Male","20-24",20,2016,11,73,1925269,56042330
"Northeast","Male","20-24",20,2016,12,75,1925269,56042330
"Northeast","Male","20-24",20,2017,1,86,1891358,56059240
"Northeast","Male","20-24",20,2017,2,84,1891358,56059240
"Northeast","Male","20-24",20,2017,3,82,1891358,56059240
"Northeast","Male","20-24",20,2017,4,79,1891358,56059240
"Northeast","Male","20-24",20,2017,5,76,1891358,56059240
"Northeast","Male","20-24",20,2017,6,70,1891358,56059240
"Northeast","Male","20-24",20,2017,7,60,1891358,56059240
"Northeast","Male","20-24",20,2017,8,66,1891358,56059240
"Northeast","Male","20-24",20,2017,9,83,1891358,56059240
"Northeast","Male","20-24",20,2017,10,55,1891358,56059240
"Northeast","Male","20-24",20,2017,11,57,1891358,56059240
"Northeast","Male","20-24",20,2017,12,64,1891358,56059240
"Northeast","Male","20-24",20,2018,1,67,1855086,56046620
"Northeast","Male","20-24",20,2018,2,39,1855086,56046620
"Northeast","Male","20-24",20,2018,3,60,1855086,56046620
"Northeast","Male","20-24",20,2018,4,57,1855086,56046620
"Northeast","Male","20-24",20,2018,5,45,1855086,56046620
"Northeast","Male","20-24",20,2018,6,60,1855086,56046620
"Northeast","Male","20-24",20,2018,7,57,1855086,56046620
"Northeast","Male","20-24",20,2018,8,54,1855086,56046620
"Northeast","Male","20-24",20,2018,9,48,1855086,56046620
"Northeast","Male","20-24",20,2018,10,56,1855086,56046620
"Northeast","Male","20-24",20,2018,11,41,1855086,56046620
"Northeast","Male","20-24",20,2018,12,51,1855086,56046620
"Northeast","Male","20-24",20,2019,1,45,1823647,55982803
"Northeast","Male","20-24",20,2019,2,50,1823647,55982803
"Northeast","Male","20-24",20,2019,3,44,1823647,55982803
"Northeast","Male","20-24",20,2019,4,44,1823647,55982803
"Northeast","Male","20-24",20,2019,5,35,1823647,55982803
"Northeast","Male","20-24",20,2019,6,48,1823647,55982803
"Northeast","Male","20-24",20,2019,7,50,1823647,55982803
"Northeast","Male","20-24",20,2019,8,57,1823647,55982803
"Northeast","Male","20-24",20,2019,9,32,1823647,55982803
"Northeast","Male","20-24",20,2019,10,47,1823647,55982803
"Northeast","Male","20-24",20,2019,11,43,1823647,55982803
"Northeast","Male","20-24",20,2019,12,44,1823647,55982803
"Northeast","Male","25-29",25,2011,1,42,1844576,55604223
"Northeast","Male","25-29",25,2011,2,46,1844576,55604223
"Northeast","Male","25-29",25,2011,3,46,1844576,55604223
"Northeast","Male","25-29",25,2011,4,44,1844576,55604223
"Northeast","Male","25-29",25,2011,5,46,1844576,55604223
"Northeast","Male","25-29",25,2011,6,63,1844576,55604223
"Northeast","Male","25-29",25,2011,7,48,1844576,55604223
"Northeast","Male","25-29",25,2011,8,48,1844576,55604223
"Northeast","Male","25-29",25,2011,9,54,1844576,55604223
"Northeast","Male","25-29",25,2011,10,52,1844576,55604223
"Northeast","Male","25-29",25,2011,11,50,1844576,55604223
"Northeast","Male","25-29",25,2011,12,52,1844576,55604223
"Northeast","Male","25-29",25,2012,1,44,1872424,55775216
"Northeast","Male","25-29",25,2012,2,37,1872424,55775216
"Northeast","Male","25-29",25,2012,3,46,1872424,55775216
"Northeast","Male","25-29",25,2012,4,40,1872424,55775216
"Northeast","Male","25-29",25,2012,5,65,1872424,55775216
"Northeast","Male","25-29",25,2012,6,63,1872424,55775216
"Northeast","Male","25-29",25,2012,7,55,1872424,55775216
"Northeast","Male","25-29",25,2012,8,52,1872424,55775216
"Northeast","Male","25-29",25,2012,9,58,1872424,55775216
"Northeast","Male","25-29",25,2012,10,62,1872424,55775216
"Northeast","Male","25-29",25,2012,11,58,1872424,55775216
"Northeast","Male","25-29",25,2012,12,62,1872424,55775216
"Northeast","Male","25-29",25,2013,1,64,1901632,55901806
"Northeast","Male","25-29",25,2013,2,61,1901632,55901806
"Northeast","Male","25-29",25,2013,3,52,1901632,55901806
"Northeast","Male","25-29",25,2013,4,53,1901632,55901806
"Northeast","Male","25-29",25,2013,5,61,1901632,55901806
"Northeast","Male","25-29",25,2013,6,55,1901632,55901806
"Northeast","Male","25-29",25,2013,7,66,1901632,55901806
"Northeast","Male","25-29",25,2013,8,52,1901632,55901806
"Northeast","Male","25-29",25,2013,9,55,1901632,55901806
"Northeast","Male","25-29",25,2013,10,60,1901632,55901806
"Northeast","Male","25-29",25,2013,11,62,1901632,55901806
"Northeast","Male","25-29",25,2013,12,79,1901632,55901806
"Northeast","Male","25-29",25,2014,1,58,1935062,56006011
"Northeast","Male","25-29",25,2014,2,76,1935062,56006011
"Northeast","Male","25-29",25,2014,3,78,1935062,56006011
"Northeast","Male","25-29",25,2014,4,70,1935062,56006011
"Northeast","Male","25-29",25,2014,5,78,1935062,56006011
"Northeast","Male","25-29",25,2014,6,60,1935062,56006011
"Northeast","Male","25-29",25,2014,7,57,1935062,56006011
"Northeast","Male","25-29",25,2014,8,59,1935062,56006011
"Northeast","Male","25-29",25,2014,9,66,1935062,56006011
"Northeast","Male","25-29",25,2014,10,77,1935062,56006011
"Northeast","Male","25-29",25,2014,11,60,1935062,56006011
"Northeast","Male","25-29",25,2014,12,80,1935062,56006011
"Northeast","Male","25-29",25,2015,1,93,1961350,56034684
"Northeast","Male","25-29",25,2015,2,71,1961350,56034684
"Northeast","Male","25-29",25,2015,3,87,1961350,56034684
"Northeast","Male","25-29",25,2015,4,90,1961350,56034684
"Northeast","Male","25-29",25,2015,5,111,1961350,56034684
"Northeast","Male","25-29",25,2015,6,97,1961350,56034684
"Northeast","Male","25-29",25,2015,7,94,1961350,56034684
"Northeast","Male","25-29",25,2015,8,91,1961350,56034684
"Northeast","Male","25-29",25,2015,9,114,1961350,56034684
"Northeast","Male","25-29",25,2015,10,104,1961350,56034684
"Northeast","Male","25-29",25,2015,11,102,1961350,56034684
"Northeast","Male","25-29",25,2015,12,86,1961350,56034684
"Northeast","Male","25-29",25,2016,1,86,1979790,56042330
"Northeast","Male","25-29",25,2016,2,133,1979790,56042330
"Northeast","Male","25-29",25,2016,3,147,1979790,56042330
"Northeast","Male","25-29",25,2016,4,128,1979790,56042330
"Northeast","Male","25-29",25,2016,5,124,1979790,56042330
"Northeast","Male","25-29",25,2016,6,133,1979790,56042330
"Northeast","Male","25-29",25,2016,7,128,1979790,56042330
"Northeast","Male","25-29",25,2016,8,123,1979790,56042330
"Northeast","Male","25-29",25,2016,9,123,1979790,56042330
"Northeast","Male","25-29",25,2016,10,133,1979790,56042330
"Northeast","Male","25-29",25,2016,11,117,1979790,56042330
"Northeast","Male","25-29",25,2016,12,153,1979790,56042330
"Northeast","Male","25-29",25,2017,1,131,1993968,56059240
"Northeast","Male","25-29",25,2017,2,112,1993968,56059240
"Northeast","Male","25-29",25,2017,3,162,1993968,56059240
"Northeast","Male","25-29",25,2017,4,138,1993968,56059240
"Northeast","Male","25-29",25,2017,5,169,1993968,56059240
"Northeast","Male","25-29",25,2017,6,154,1993968,56059240
"Northeast","Male","25-29",25,2017,7,132,1993968,56059240
"Northeast","Male","25-29",25,2017,8,146,1993968,56059240
"Northeast","Male","25-29",25,2017,9,168,1993968,56059240
"Northeast","Male","25-29",25,2017,10,134,1993968,56059240
"Northeast","Male","25-29",25,2017,11,125,1993968,56059240
"Northeast","Male","25-29",25,2017,12,129,1993968,56059240
"Northeast","Male","25-29",25,2018,1,133,1998854,56046620
"Northeast","Male","25-29",25,2018,2,117,1998854,56046620
"Northeast","Male","25-29",25,2018,3,123,1998854,56046620
"Northeast","Male","25-29",25,2018,4,131,1998854,56046620
"Northeast","Male","25-29",25,2018,5,140,1998854,56046620
"Northeast","Male","25-29",25,2018,6,141,1998854,56046620
"Northeast","Male","25-29",25,2018,7,126,1998854,56046620
"Northeast","Male","25-29",25,2018,8,123,1998854,56046620
"Northeast","Male","25-29",25,2018,9,116,1998854,56046620
"Northeast","Male","25-29",25,2018,10,127,1998854,56046620
"Northeast","Male","25-29",25,2018,11,98,1998854,56046620
"Northeast","Male","25-29",25,2018,12,106,1998854,56046620
"Northeast","Male","25-29",25,2019,1,107,1987830,55982803
"Northeast","Male","25-29",25,2019,2,90,1987830,55982803
"Northeast","Male","25-29",25,2019,3,117,1987830,55982803
"Northeast","Male","25-29",25,2019,4,90,1987830,55982803
"Northeast","Male","25-29",25,2019,5,94,1987830,55982803
"Northeast","Male","25-29",25,2019,6,105,1987830,55982803
"Northeast","Male","25-29",25,2019,7,120,1987830,55982803
"Northeast","Male","25-29",25,2019,8,139,1987830,55982803
"Northeast","Male","25-29",25,2019,9,84,1987830,55982803
"Northeast","Male","25-29",25,2019,10,129,1987830,55982803
"Northeast","Male","25-29",25,2019,11,103,1987830,55982803
"Northeast","Male","25-29",25,2019,12,115,1987830,55982803
"Northeast","Male","30-34",30,2011,1,50,1732001,55604223
"Northeast","Male","30-34",30,2011,2,41,1732001,55604223
"Northeast","Male","30-34",30,2011,3,52,1732001,55604223
"Northeast","Male","30-34",30,2011,4,57,1732001,55604223
"Northeast","Male","30-34",30,2011,5,57,1732001,55604223
"Northeast","Male","30-34",30,2011,6,42,1732001,55604223
"Northeast","Male","30-34",30,2011,7,56,1732001,55604223
"Northeast","Male","30-34",30,2011,8,42,1732001,55604223
"Northeast","Male","30-34",30,2011,9,42,1732001,55604223
"Northeast","Male","30-34",30,2011,10,51,1732001,55604223
"Northeast","Male","30-34",30,2011,11,57,1732001,55604223
"Northeast","Male","30-34",30,2011,12,40,1732001,55604223
"Northeast","Male","30-34",30,2012,1,51,1765810,55775216
"Northeast","Male","30-34",30,2012,2,53,1765810,55775216
"Northeast","Male","30-34",30,2012,3,58,1765810,55775216
"Northeast","Male","30-34",30,2012,4,45,1765810,55775216
"Northeast","Male","30-34",30,2012,5,56,1765810,55775216
"Northeast","Male","30-34",30,2012,6,62,1765810,55775216
"Northeast","Male","30-34",30,2012,7,54,1765810,55775216
"Northeast","Male","30-34",30,2012,8,56,1765810,55775216
"Northeast","Male","30-34",30,2012,9,58,1765810,55775216
"Northeast","Male","30-34",30,2012,10,56,1765810,55775216
"Northeast","Male","30-34",30,2012,11,43,1765810,55775216
"Northeast","Male","30-34",30,2012,12,55,1765810,55775216
"Northeast","Male","30-34",30,2013,1,49,1794465,55901806
"Northeast","Male","30-34",30,2013,2,52,1794465,55901806
"Northeast","Male","30-34",30,2013,3,64,1794465,55901806
"Northeast","Male","30-34",30,2013,4,57,1794465,55901806
"Northeast","Male","30-34",30,2013,5,63,1794465,55901806
"Northeast","Male","30-34",30,2013,6,72,1794465,55901806
"Northeast","Male","30-34",30,2013,7,56,1794465,55901806
"Northeast","Male","30-34",30,2013,8,51,1794465,55901806
"Northeast","Male","30-34",30,2013,9,58,1794465,55901806
"Northeast","Male","30-34",30,2013,10,55,1794465,55901806
"Northeast","Male","30-34",30,2013,11,77,1794465,55901806
"Northeast","Male","30-34",30,2013,12,73,1794465,55901806
"Northeast","Male","30-34",30,2014,1,87,1814185,56006011
"Northeast","Male","30-34",30,2014,2,72,1814185,56006011
"Northeast","Male","30-34",30,2014,3,80,1814185,56006011
"Northeast","Male","30-34",30,2014,4,61,1814185,56006011
"Northeast","Male","30-34",30,2014,5,85,1814185,56006011
"Northeast","Male","30-34",30,2014,6,67,1814185,56006011
"Northeast","Male","30-34",30,2014,7,57,1814185,56006011
"Northeast","Male","30-34",30,2014,8,70,1814185,56006011
"Northeast","Male","30-34",30,2014,9,64,1814185,56006011
"Northeast","Male","30-34",30,2014,10,76,1814185,56006011
"Northeast","Male","30-34",30,2014,11,81,1814185,56006011
"Northeast","Male","30-34",30,2014,12,81,1814185,56006011
"Northeast","Male","30-34",30,2015,1,82,1826660,56034684
"Northeast","Male","30-34",30,2015,2,100,1826660,56034684
"Northeast","Male","30-34",30,2015,3,102,1826660,56034684
"Northeast","Male","30-34",30,2015,4,91,1826660,56034684
"Northeast","Male","30-34",30,2015,5,91,1826660,56034684
"Northeast","Male","30-34",30,2015,6,100,1826660,56034684
"Northeast","Male","30-34",30,2015,7,79,1826660,56034684
"Northeast","Male","30-34",30,2015,8,109,1826660,56034684
"Northeast","Male","30-34",30,2015,9,109,1826660,56034684
"Northeast","Male","30-34",30,2015,10,105,1826660,56034684
"Northeast","Male","30-34",30,2015,11,102,1826660,56034684
"Northeast","Male","30-34",30,2015,12,89,1826660,56034684
"Northeast","Male","30-34",30,2016,1,112,1851078,56042330
"Northeast","Male","30-34",30,2016,2,122,1851078,56042330
"Northeast","Male","30-34",30,2016,3,120,1851078,56042330
"Northeast","Male","30-34",30,2016,4,125,1851078,56042330
"Northeast","Male","30-34",30,2016,5,121,1851078,56042330
"Northeast","Male","30-34",30,2016,6,148,1851078,56042330
"Northeast","Male","30-34",30,2016,7,151,1851078,56042330
"Northeast","Male","30-34",30,2016,8,129,1851078,56042330
"Northeast","Male","30-34",30,2016,9,139,1851078,56042330
"Northeast","Male","30-34",30,2016,10,138,1851078,56042330
"Northeast","Male","30-34",30,2016,11,143,1851078,56042330
"Northeast","Male","30-34",30,2016,12,160,1851078,56042330
"Northeast","Male","30-34",30,2017,1,155,1869447,56059240
"Northeast","Male","30-34",30,2017,2,150,1869447,56059240
"Northeast","Male","30-34",30,2017,3,171,1869447,56059240
"Northeast","Male","30-34",30,2017,4,155,1869447,56059240
"Northeast","Male","30-34",30,2017,5,159,1869447,56059240
"Northeast","Male","30-34",30,2017,6,160,1869447,56059240
"Northeast","Male","30-34",30,2017,7,152,1869447,56059240
"Northeast","Male","30-34",30,2017,8,162,1869447,56059240
"Northeast","Male","30-34",30,2017,9,146,1869447,56059240
"Northeast","Male","30-34",30,2017,10,117,1869447,56059240
"Northeast","Male","30-34",30,2017,11,145,1869447,56059240
"Northeast","Male","30-34",30,2017,12,163,1869447,56059240
"Northeast","Male","30-34",30,2018,1,125,1891884,56046620
"Northeast","Male","30-34",30,2018,2,112,1891884,56046620
"Northeast","Male","30-34",30,2018,3,147,1891884,56046620
"Northeast","Male","30-34",30,2018,4,140,1891884,56046620
"Northeast","Male","30-34",30,2018,5,158,1891884,56046620
"Northeast","Male","30-34",30,2018,6,134,1891884,56046620
"Northeast","Male","30-34",30,2018,7,156,1891884,56046620
"Northeast","Male","30-34",30,2018,8,137,1891884,56046620
"Northeast","Male","30-34",30,2018,9,137,1891884,56046620
"Northeast","Male","30-34",30,2018,10,135,1891884,56046620
"Northeast","Male","30-34",30,2018,11,130,1891884,56046620
"Northeast","Male","30-34",30,2018,12,133,1891884,56046620
"Northeast","Male","30-34",30,2019,1,117,1921005,55982803
"Northeast","Male","30-34",30,2019,2,121,1921005,55982803
"Northeast","Male","30-34",30,2019,3,142,1921005,55982803
"Northeast","Male","30-34",30,2019,4,116,1921005,55982803
"Northeast","Male","30-34",30,2019,5,134,1921005,55982803
"Northeast","Male","30-34",30,2019,6,140,1921005,55982803
"Northeast","Male","30-34",30,2019,7,131,1921005,55982803
"Northeast","Male","30-34",30,2019,8,133,1921005,55982803
"Northeast","Male","30-34",30,2019,9,121,1921005,55982803
"Northeast","Male","30-34",30,2019,10,132,1921005,55982803
"Northeast","Male","30-34",30,2019,11,125,1921005,55982803
"Northeast","Male","30-34",30,2019,12,149,1921005,55982803
"Northeast","Male","35-39",35,2011,1,38,1661709,55604223
"Northeast","Male","35-39",35,2011,2,39,1661709,55604223
"Northeast","Male","35-39",35,2011,3,38,1661709,55604223
"Northeast","Male","35-39",35,2011,4,38,1661709,55604223
"Northeast","Male","35-39",35,2011,5,45,1661709,55604223
"Northeast","Male","35-39",35,2011,6,43,1661709,55604223
"Northeast","Male","35-39",35,2011,7,50,1661709,55604223
"Northeast","Male","35-39",35,2011,8,30,1661709,55604223
"Northeast","Male","35-39",35,2011,9,35,1661709,55604223
"Northeast","Male","35-39",35,2011,10,36,1661709,55604223
"Northeast","Male","35-39",35,2011,11,43,1661709,55604223
"Northeast","Male","35-39",35,2011,12,36,1661709,55604223
"Northeast","Male","35-39",35,2012,1,42,1643277,55775216
"Northeast","Male","35-39",35,2012,2,43,1643277,55775216
"Northeast","Male","35-39",35,2012,3,59,1643277,55775216
"Northeast","Male","35-39",35,2012,4,51,1643277,55775216
"Northeast","Male","35-39",35,2012,5,36,1643277,55775216
"Northeast","Male","35-39",35,2012,6,48,1643277,55775216
"Northeast","Male","35-39",35,2012,7,36,1643277,55775216
"Northeast","Male","35-39",35,2012,8,48,1643277,55775216
"Northeast","Male","35-39",35,2012,9,39,1643277,55775216
"Northeast","Male","35-39",35,2012,10,54,1643277,55775216
"Northeast","Male","35-39",35,2012,11,52,1643277,55775216
"Northeast","Male","35-39",35,2012,12,53,1643277,55775216
"Northeast","Male","35-39",35,2013,1,39,1647987,55901806
"Northeast","Male","35-39",35,2013,2,40,1647987,55901806
"Northeast","Male","35-39",35,2013,3,55,1647987,55901806
"Northeast","Male","35-39",35,2013,4,50,1647987,55901806
"Northeast","Male","35-39",35,2013,5,49,1647987,55901806
"Northeast","Male","35-39",35,2013,6,41,1647987,55901806
"Northeast","Male","35-39",35,2013,7,47,1647987,55901806
"Northeast","Male","35-39",35,2013,8,47,1647987,55901806
"Northeast","Male","35-39",35,2013,9,48,1647987,55901806
"Northeast","Male","35-39",35,2013,10,46,1647987,55901806
"Northeast","Male","35-39",35,2013,11,40,1647987,55901806
"Northeast","Male","35-39",35,2013,12,60,1647987,55901806
"Northeast","Male","35-39",35,2014,1,59,1661594,56006011
"Northeast","Male","35-39",35,2014,2,53,1661594,56006011
"Northeast","Male","35-39",35,2014,3,58,1661594,56006011
"Northeast","Male","35-39",35,2014,4,53,1661594,56006011
"Northeast","Male","35-39",35,2014,5,47,1661594,56006011
"Northeast","Male","35-39",35,2014,6,53,1661594,56006011
"Northeast","Male","35-39",35,2014,7,53,1661594,56006011
"Northeast","Male","35-39",35,2014,8,55,1661594,56006011
"Northeast","Male","35-39",35,2014,9,64,1661594,56006011
"Northeast","Male","35-39",35,2014,10,58,1661594,56006011
"Northeast","Male","35-39",35,2014,11,56,1661594,56006011
"Northeast","Male","35-39",35,2014,12,56,1661594,56006011
"Northeast","Male","35-39",35,2015,1,72,1685645,56034684
"Northeast","Male","35-39",35,2015,2,80,1685645,56034684
"Northeast","Male","35-39",35,2015,3,87,1685645,56034684
"Northeast","Male","35-39",35,2015,4,79,1685645,56034684
"Northeast","Male","35-39",35,2015,5,88,1685645,56034684
"Northeast","Male","35-39",35,2015,6,85,1685645,56034684
"Northeast","Male","35-39",35,2015,7,84,1685645,56034684
"Northeast","Male","35-39",35,2015,8,93,1685645,56034684
"Northeast","Male","35-39",35,2015,9,90,1685645,56034684
"Northeast","Male","35-39",35,2015,10,87,1685645,56034684
"Northeast","Male","35-39",35,2015,11,87,1685645,56034684
"Northeast","Male","35-39",35,2015,12,72,1685645,56034684
"Northeast","Male","35-39",35,2016,1,85,1712743,56042330
"Northeast","Male","35-39",35,2016,2,105,1712743,56042330
"Northeast","Male","35-39",35,2016,3,101,1712743,56042330
"Northeast","Male","35-39",35,2016,4,102,1712743,56042330
"Northeast","Male","35-39",35,2016,5,95,1712743,56042330
"Northeast","Male","35-39",35,2016,6,94,1712743,56042330
"Northeast","Male","35-39",35,2016,7,104,1712743,56042330
"Northeast","Male","35-39",35,2016,8,126,1712743,56042330
"Northeast","Male","35-39",35,2016,9,123,1712743,56042330
"Northeast","Male","35-39",35,2016,10,114,1712743,56042330
"Northeast","Male","35-39",35,2016,11,140,1712743,56042330
"Northeast","Male","35-39",35,2016,12,136,1712743,56042330
"Northeast","Male","35-39",35,2017,1,159,1738405,56059240
"Northeast","Male","35-39",35,2017,2,137,1738405,56059240
"Northeast","Male","35-39",35,2017,3,166,1738405,56059240
"Northeast","Male","35-39",35,2017,4,162,1738405,56059240
"Northeast","Male","35-39",35,2017,5,136,1738405,56059240
"Northeast","Male","35-39",35,2017,6,119,1738405,56059240
"Northeast","Male","35-39",35,2017,7,151,1738405,56059240
"Northeast","Male","35-39",35,2017,8,146,1738405,56059240
"Northeast","Male","35-39",35,2017,9,133,1738405,56059240
"Northeast","Male","35-39",35,2017,10,122,1738405,56059240
"Northeast","Male","35-39",35,2017,11,101,1738405,56059240
"Northeast","Male","35-39",35,2017,12,141,1738405,56059240
"Northeast","Male","35-39",35,2018,1,120,1761592,56046620
"Northeast","Male","35-39",35,2018,2,98,1761592,56046620
"Northeast","Male","35-39",35,2018,3,129,1761592,56046620
"Northeast","Male","35-39",35,2018,4,145,1761592,56046620
"Northeast","Male","35-39",35,2018,5,144,1761592,56046620
"Northeast","Male","35-39",35,2018,6,148,1761592,56046620
"Northeast","Male","35-39",35,2018,7,150,1761592,56046620
"Northeast","Male","35-39",35,2018,8,148,1761592,56046620
"Northeast","Male","35-39",35,2018,9,137,1761592,56046620
"Northeast","Male","35-39",35,2018,10,133,1761592,56046620
"Northeast","Male","35-39",35,2018,11,127,1761592,56046620
"Northeast","Male","35-39",35,2018,12,123,1761592,56046620
"Northeast","Male","35-39",35,2019,1,111,1777037,55982803
"Northeast","Male","35-39",35,2019,2,104,1777037,55982803
"Northeast","Male","35-39",35,2019,3,124,1777037,55982803
"Northeast","Male","35-39",35,2019,4,114,1777037,55982803
"Northeast","Male","35-39",35,2019,5,147,1777037,55982803
"Northeast","Male","35-39",35,2019,6,134,1777037,55982803
"Northeast","Male","35-39",35,2019,7,127,1777037,55982803
"Northeast","Male","35-39",35,2019,8,152,1777037,55982803
"Northeast","Male","35-39",35,2019,9,120,1777037,55982803
"Northeast","Male","35-39",35,2019,10,133,1777037,55982803
"Northeast","Male","35-39",35,2019,11,133,1777037,55982803
"Northeast","Male","35-39",35,2019,12,152,1777037,55982803
"Northeast","Male","40-44",40,2011,1,47,1885077,55604223
"Northeast","Male","40-44",40,2011,2,51,1885077,55604223
"Northeast","Male","40-44",40,2011,3,40,1885077,55604223
"Northeast","Male","40-44",40,2011,4,50,1885077,55604223
"Northeast","Male","40-44",40,2011,5,42,1885077,55604223
"Northeast","Male","40-44",40,2011,6,51,1885077,55604223
"Northeast","Male","40-44",40,2011,7,42,1885077,55604223
"Northeast","Male","40-44",40,2011,8,48,1885077,55604223
"Northeast","Male","40-44",40,2011,9,44,1885077,55604223
"Northeast","Male","40-44",40,2011,10,41,1885077,55604223
"Northeast","Male","40-44",40,2011,11,56,1885077,55604223
"Northeast","Male","40-44",40,2011,12,58,1885077,55604223
"Northeast","Male","40-44",40,2012,1,33,1854532,55775216
"Northeast","Male","40-44",40,2012,2,46,1854532,55775216
"Northeast","Male","40-44",40,2012,3,54,1854532,55775216
"Northeast","Male","40-44",40,2012,4,32,1854532,55775216
"Northeast","Male","40-44",40,2012,5,49,1854532,55775216
"Northeast","Male","40-44",40,2012,6,55,1854532,55775216
"Northeast","Male","40-44",40,2012,7,50,1854532,55775216
"Northeast","Male","40-44",40,2012,8,49,1854532,55775216
"Northeast","Male","40-44",40,2012,9,50,1854532,55775216
"Northeast","Male","40-44",40,2012,10,58,1854532,55775216
"Northeast","Male","40-44",40,2012,11,42,1854532,55775216
"Northeast","Male","40-44",40,2012,12,53,1854532,55775216
"Northeast","Male","40-44",40,2013,1,40,1808133,55901806
"Northeast","Male","40-44",40,2013,2,43,1808133,55901806
"Northeast","Male","40-44",40,2013,3,57,1808133,55901806
"Northeast","Male","40-44",40,2013,4,43,1808133,55901806
"Northeast","Male","40-44",40,2013,5,61,1808133,55901806
"Northeast","Male","40-44",40,2013,6,64,1808133,55901806
"Northeast","Male","40-44",40,2013,7,52,1808133,55901806
"Northeast","Male","40-44",40,2013,8,48,1808133,55901806
"Northeast","Male","40-44",40,2013,9,50,1808133,55901806
"Northeast","Male","40-44",40,2013,10,59,1808133,55901806
"Northeast","Male","40-44",40,2013,11,50,1808133,55901806
"Northeast","Male","40-44",40,2013,12,61,1808133,55901806
"Northeast","Male","40-44",40,2014,1,57,1754772,56006011
"Northeast","Male","40-44",40,2014,2,54,1754772,56006011
"Northeast","Male","40-44",40,2014,3,62,1754772,56006011
"Northeast","Male","40-44",40,2014,4,52,1754772,56006011
"Northeast","Male","40-44",40,2014,5,49,1754772,56006011
"Northeast","Male","40-44",40,2014,6,56,1754772,56006011
"Northeast","Male","40-44",40,2014,7,60,1754772,56006011
"Northeast","Male","40-44",40,2014,8,61,1754772,56006011
"Northeast","Male","40-44",40,2014,9,40,1754772,56006011
"Northeast","Male","40-44",40,2014,10,59,1754772,56006011
"Northeast","Male","40-44",40,2014,11,53,1754772,56006011
"Northeast","Male","40-44",40,2014,12,45,1754772,56006011
"Northeast","Male","40-44",40,2015,1,65,1696357,56034684
"Northeast","Male","40-44",40,2015,2,57,1696357,56034684
"Northeast","Male","40-44",40,2015,3,71,1696357,56034684
"Northeast","Male","40-44",40,2015,4,63,1696357,56034684
"Northeast","Male","40-44",40,2015,5,62,1696357,56034684
"Northeast","Male","40-44",40,2015,6,58,1696357,56034684
"Northeast","Male","40-44",40,2015,7,79,1696357,56034684
"Northeast","Male","40-44",40,2015,8,70,1696357,56034684
"Northeast","Male","40-44",40,2015,9,64,1696357,56034684
"Northeast","Male","40-44",40,2015,10,63,1696357,56034684
"Northeast","Male","40-44",40,2015,11,51,1696357,56034684
"Northeast","Male","40-44",40,2015,12,53,1696357,56034684
"Northeast","Male","40-44",40,2016,1,75,1638625,56042330
"Northeast","Male","40-44",40,2016,2,80,1638625,56042330
"Northeast","Male","40-44",40,2016,3,86,1638625,56042330
"Northeast","Male","40-44",40,2016,4,96,1638625,56042330
"Northeast","Male","40-44",40,2016,5,80,1638625,56042330
"Northeast","Male","40-44",40,2016,6,71,1638625,56042330
"Northeast","Male","40-44",40,2016,7,95,1638625,56042330
"Northeast","Male","40-44",40,2016,8,110,1638625,56042330
"Northeast","Male","40-44",40,2016,9,82,1638625,56042330
"Northeast","Male","40-44",40,2016,10,102,1638625,56042330
"Northeast","Male","40-44",40,2016,11,97,1638625,56042330
"Northeast","Male","40-44",40,2016,12,93,1638625,56042330
"Northeast","Male","40-44",40,2017,1,91,1613865,56059240
"Northeast","Male","40-44",40,2017,2,80,1613865,56059240
"Northeast","Male","40-44",40,2017,3,97,1613865,56059240
"Northeast","Male","40-44",40,2017,4,102,1613865,56059240
"Northeast","Male","40-44",40,2017,5,96,1613865,56059240
"Northeast","Male","40-44",40,2017,6,102,1613865,56059240
"Northeast","Male","40-44",40,2017,7,101,1613865,56059240
"Northeast","Male","40-44",40,2017,8,106,1613865,56059240
"Northeast","Male","40-44",40,2017,9,103,1613865,56059240
"Northeast","Male","40-44",40,2017,10,98,1613865,56059240
"Northeast","Male","40-44",40,2017,11,94,1613865,56059240
"Northeast","Male","40-44",40,2017,12,89,1613865,56059240
"Northeast","Male","40-44",40,2018,1,75,1613569,56046620
"Northeast","Male","40-44",40,2018,2,93,1613569,56046620
"Northeast","Male","40-44",40,2018,3,115,1613569,56046620
"Northeast","Male","40-44",40,2018,4,103,1613569,56046620
"Northeast","Male","40-44",40,2018,5,103,1613569,56046620
"Northeast","Male","40-44",40,2018,6,97,1613569,56046620
"Northeast","Male","40-44",40,2018,7,99,1613569,56046620
"Northeast","Male","40-44",40,2018,8,111,1613569,56046620
"Northeast","Male","40-44",40,2018,9,84,1613569,56046620
"Northeast","Male","40-44",40,2018,10,107,1613569,56046620
"Northeast","Male","40-44",40,2018,11,92,1613569,56046620
"Northeast","Male","40-44",40,2018,12,98,1613569,56046620
"Northeast","Male","40-44",40,2019,1,92,1623495,55982803
"Northeast","Male","40-44",40,2019,2,92,1623495,55982803
"Northeast","Male","40-44",40,2019,3,95,1623495,55982803
"Northeast","Male","40-44",40,2019,4,97,1623495,55982803
"Northeast","Male","40-44",40,2019,5,105,1623495,55982803
"Northeast","Male","40-44",40,2019,6,102,1623495,55982803
"Northeast","Male","40-44",40,2019,7,113,1623495,55982803
"Northeast","Male","40-44",40,2019,8,117,1623495,55982803
"Northeast","Male","40-44",40,2019,9,106,1623495,55982803
"Northeast","Male","40-44",40,2019,10,119,1623495,55982803
"Northeast","Male","40-44",40,2019,11,125,1623495,55982803
"Northeast","Male","40-44",40,2019,12,115,1623495,55982803
"Northeast","Male","45-49",45,2011,1,60,2043379,55604223
"Northeast","Male","45-49",45,2011,2,52,2043379,55604223
"Northeast","Male","45-49",45,2011,3,55,2043379,55604223
"Northeast","Male","45-49",45,2011,4,63,2043379,55604223
"Northeast","Male","45-49",45,2011,5,58,2043379,55604223
"Northeast","Male","45-49",45,2011,6,61,2043379,55604223
"Northeast","Male","45-49",45,2011,7,69,2043379,55604223
"Northeast","Male","45-49",45,2011,8,49,2043379,55604223
"Northeast","Male","45-49",45,2011,9,61,2043379,55604223
"Northeast","Male","45-49",45,2011,10,60,2043379,55604223
"Northeast","Male","45-49",45,2011,11,60,2043379,55604223
"Northeast","Male","45-49",45,2011,12,61,2043379,55604223
"Northeast","Male","45-49",45,2012,1,46,1997645,55775216
"Northeast","Male","45-49",45,2012,2,58,1997645,55775216
"Northeast","Male","45-49",45,2012,3,57,1997645,55775216
"Northeast","Male","45-49",45,2012,4,64,1997645,55775216
"Northeast","Male","45-49",45,2012,5,52,1997645,55775216
"Northeast","Male","45-49",45,2012,6,60,1997645,55775216
"Northeast","Male","45-49",45,2012,7,48,1997645,55775216
"Northeast","Male","45-49",45,2012,8,63,1997645,55775216
"Northeast","Male","45-49",45,2012,9,58,1997645,55775216
"Northeast","Male","45-49",45,2012,10,74,1997645,55775216
"Northeast","Male","45-49",45,2012,11,58,1997645,55775216
"Northeast","Male","45-49",45,2012,12,73,1997645,55775216
"Northeast","Male","45-49",45,2013,1,58,1946243,55901806
"Northeast","Male","45-49",45,2013,2,62,1946243,55901806
"Northeast","Male","45-49",45,2013,3,52,1946243,55901806
"Northeast","Male","45-49",45,2013,4,59,1946243,55901806
"Northeast","Male","45-49",45,2013,5,63,1946243,55901806
"Northeast","Male","45-49",45,2013,6,67,1946243,55901806
"Northeast","Male","45-49",45,2013,7,70,1946243,55901806
"Northeast","Male","45-49",45,2013,8,58,1946243,55901806
"Northeast","Male","45-49",45,2013,9,50,1946243,55901806
"Northeast","Male","45-49",45,2013,10,77,1946243,55901806
"Northeast","Male","45-49",45,2013,11,64,1946243,55901806
"Northeast","Male","45-49",45,2013,12,70,1946243,55901806
"Northeast","Male","45-49",45,2014,1,79,1895254,56006011
"Northeast","Male","45-49",45,2014,2,70,1895254,56006011
"Northeast","Male","45-49",45,2014,3,61,1895254,56006011
"Northeast","Male","45-49",45,2014,4,57,1895254,56006011
"Northeast","Male","45-49",45,2014,5,72,1895254,56006011
"Northeast","Male","45-49",45,2014,6,66,1895254,56006011
"Northeast","Male","45-49",45,2014,7,64,1895254,56006011
"Northeast","Male","45-49",45,2014,8,56,1895254,56006011
"Northeast","Male","45-49",45,2014,9,50,1895254,56006011
"Northeast","Male","45-49",45,2014,10,68,1895254,56006011
"Northeast","Male","45-49",45,2014,11,60,1895254,56006011
"Northeast","Male","45-49",45,2014,12,76,1895254,56006011
"Northeast","Male","45-49",45,2015,1,75,1863214,56034684
"Northeast","Male","45-49",45,2015,2,67,1863214,56034684
"Northeast","Male","45-49",45,2015,3,63,1863214,56034684
"Northeast","Male","45-49",45,2015,4,92,1863214,56034684
"Northeast","Male","45-49",45,2015,5,67,1863214,56034684
"Northeast","Male","45-49",45,2015,6,65,1863214,56034684
"Northeast","Male","45-49",45,2015,7,72,1863214,56034684
"Northeast","Male","45-49",45,2015,8,73,1863214,56034684
"Northeast","Male","45-49",45,2015,9,87,1863214,56034684
"Northeast","Male","45-49",45,2015,10,73,1863214,56034684
"Northeast","Male","45-49",45,2015,11,78,1863214,56034684
"Northeast","Male","45-49",45,2015,12,62,1863214,56034684
"Northeast","Male","45-49",45,2016,1,77,1840838,56042330
"Northeast","Male","45-49",45,2016,2,90,1840838,56042330
"Northeast","Male","45-49",45,2016,3,86,1840838,56042330
"Northeast","Male","45-49",45,2016,4,118,1840838,56042330
"Northeast","Male","45-49",45,2016,5,79,1840838,56042330
"Northeast","Male","45-49",45,2016,6,81,1840838,56042330
"Northeast","Male","45-49",45,2016,7,96,1840838,56042330
"Northeast","Male","45-49",45,2016,8,94,1840838,56042330
"Northeast","Male","45-49",45,2016,9,86,1840838,56042330
"Northeast","Male","45-49",45,2016,10,100,1840838,56042330
"Northeast","Male","45-49",45,2016,11,110,1840838,56042330
"Northeast","Male","45-49",45,2016,12,102,1840838,56042330
"Northeast","Male","45-49",45,2017,1,133,1806718,56059240
"Northeast","Male","45-49",45,2017,2,111,1806718,56059240
"Northeast","Male","45-49",45,2017,3,110,1806718,56059240
"Northeast","Male","45-49",45,2017,4,103,1806718,56059240
"Northeast","Male","45-49",45,2017,5,103,1806718,56059240
"Northeast","Male","45-49",45,2017,6,94,1806718,56059240
"Northeast","Male","45-49",45,2017,7,121,1806718,56059240
"Northeast","Male","45-49",45,2017,8,123,1806718,56059240
"Northeast","Male","45-49",45,2017,9,97,1806718,56059240
"Northeast","Male","45-49",45,2017,10,81,1806718,56059240
"Northeast","Male","45-49",45,2017,11,90,1806718,56059240
"Northeast","Male","45-49",45,2017,12,101,1806718,56059240
"Northeast","Male","45-49",45,2018,1,114,1758848,56046620
"Northeast","Male","45-49",45,2018,2,79,1758848,56046620
"Northeast","Male","45-49",45,2018,3,110,1758848,56046620
"Northeast","Male","45-49",45,2018,4,104,1758848,56046620
"Northeast","Male","45-49",45,2018,5,122,1758848,56046620
"Northeast","Male","45-49",45,2018,6,100,1758848,56046620
"Northeast","Male","45-49",45,2018,7,113,1758848,56046620
"Northeast","Male","45-49",45,2018,8,120,1758848,56046620
"Northeast","Male","45-49",45,2018,9,109,1758848,56046620
"Northeast","Male","45-49",45,2018,10,107,1758848,56046620
"Northeast","Male","45-49",45,2018,11,92,1758848,56046620
"Northeast","Male","45-49",45,2018,12,92,1758848,56046620
"Northeast","Male","45-49",45,2019,1,81,1704101,55982803
"Northeast","Male","45-49",45,2019,2,101,1704101,55982803
"Northeast","Male","45-49",45,2019,3,92,1704101,55982803
"Northeast","Male","45-49",45,2019,4,76,1704101,55982803
"Northeast","Male","45-49",45,2019,5,88,1704101,55982803
"Northeast","Male","45-49",45,2019,6,105,1704101,55982803
"Northeast","Male","45-49",45,2019,7,104,1704101,55982803
"Northeast","Male","45-49",45,2019,8,110,1704101,55982803
"Northeast","Male","45-49",45,2019,9,92,1704101,55982803
"Northeast","Male","45-49",45,2019,10,100,1704101,55982803
"Northeast","Male","45-49",45,2019,11,101,1704101,55982803
"Northeast","Male","45-49",45,2019,12,96,1704101,55982803
"Northeast","Male","50-54",50,2011,1,46,2076348,55604223
"Northeast","Male","50-54",50,2011,2,52,2076348,55604223
"Northeast","Male","50-54",50,2011,3,55,2076348,55604223
"Northeast","Male","50-54",50,2011,4,38,2076348,55604223
"Northeast","Male","50-54",50,2011,5,61,2076348,55604223
"Northeast","Male","50-54",50,2011,6,54,2076348,55604223
"Northeast","Male","50-54",50,2011,7,64,2076348,55604223
"Northeast","Male","50-54",50,2011,8,57,2076348,55604223
"Northeast","Male","50-54",50,2011,9,62,2076348,55604223
"Northeast","Male","50-54",50,2011,10,54,2076348,55604223
"Northeast","Male","50-54",50,2011,11,46,2076348,55604223
"Northeast","Male","50-54",50,2011,12,44,2076348,55604223
"Northeast","Male","50-54",50,2012,1,70,2070597,55775216
"Northeast","Male","50-54",50,2012,2,56,2070597,55775216
"Northeast","Male","50-54",50,2012,3,56,2070597,55775216
"Northeast","Male","50-54",50,2012,4,42,2070597,55775216
"Northeast","Male","50-54",50,2012,5,61,2070597,55775216
"Northeast","Male","50-54",50,2012,6,60,2070597,55775216
"Northeast","Male","50-54",50,2012,7,63,2070597,55775216
"Northeast","Male","50-54",50,2012,8,57,2070597,55775216
"Northeast","Male","50-54",50,2012,9,45,2070597,55775216
"Northeast","Male","50-54",50,2012,10,64,2070597,55775216
"Northeast","Male","50-54",50,2012,11,58,2070597,55775216
"Northeast","Male","50-54",50,2012,12,71,2070597,55775216
"Northeast","Male","50-54",50,2013,1,55,2059697,55901806
"Northeast","Male","50-54",50,2013,2,54,2059697,55901806
"Northeast","Male","50-54",50,2013,3,78,2059697,55901806
"Northeast","Male","50-54",50,2013,4,45,2059697,55901806
"Northeast","Male","50-54",50,2013,5,62,2059697,55901806
"Northeast","Male","50-54",50,2013,6,70,2059697,55901806
"Northeast","Male","50-54",50,2013,7,58,2059697,55901806
"Northeast","Male","50-54",50,2013,8,47,2059697,55901806
"Northeast","Male","50-54",50,2013,9,53,2059697,55901806
"Northeast","Male","50-54",50,2013,10,62,2059697,55901806
"Northeast","Male","50-54",50,2013,11,58,2059697,55901806
"Northeast","Male","50-54",50,2013,12,71,2059697,55901806
"Northeast","Male","50-54",50,2014,1,71,2048398,56006011
"Northeast","Male","50-54",50,2014,2,62,2048398,56006011
"Northeast","Male","50-54",50,2014,3,67,2048398,56006011
"Northeast","Male","50-54",50,2014,4,66,2048398,56006011
"Northeast","Male","50-54",50,2014,5,77,2048398,56006011
"Northeast","Male","50-54",50,2014,6,71,2048398,56006011
"Northeast","Male","50-54",50,2014,7,58,2048398,56006011
"Northeast","Male","50-54",50,2014,8,68,2048398,56006011
"Northeast","Male","50-54",50,2014,9,61,2048398,56006011
"Northeast","Male","50-54",50,2014,10,52,2048398,56006011
"Northeast","Male","50-54",50,2014,11,54,2048398,56006011
"Northeast","Male","50-54",50,2014,12,71,2048398,56006011
"Northeast","Male","50-54",50,2015,1,62,2020242,56034684
"Northeast","Male","50-54",50,2015,2,69,2020242,56034684
"Northeast","Male","50-54",50,2015,3,81,2020242,56034684
"Northeast","Male","50-54",50,2015,4,63,2020242,56034684
"Northeast","Male","50-54",50,2015,5,73,2020242,56034684
"Northeast","Male","50-54",50,2015,6,80,2020242,56034684
"Northeast","Male","50-54",50,2015,7,70,2020242,56034684
"Northeast","Male","50-54",50,2015,8,74,2020242,56034684
"Northeast","Male","50-54",50,2015,9,76,2020242,56034684
"Northeast","Male","50-54",50,2015,10,103,2020242,56034684
"Northeast","Male","50-54",50,2015,11,73,2020242,56034684
"Northeast","Male","50-54",50,2015,12,72,2020242,56034684
"Northeast","Male","50-54",50,2016,1,84,1974197,56042330
"Northeast","Male","50-54",50,2016,2,93,1974197,56042330
"Northeast","Male","50-54",50,2016,3,104,1974197,56042330
"Northeast","Male","50-54",50,2016,4,105,1974197,56042330
"Northeast","Male","50-54",50,2016,5,96,1974197,56042330
"Northeast","Male","50-54",50,2016,6,88,1974197,56042330
"Northeast","Male","50-54",50,2016,7,119,1974197,56042330
"Northeast","Male","50-54",50,2016,8,81,1974197,56042330
"Northeast","Male","50-54",50,2016,9,96,1974197,56042330
"Northeast","Male","50-54",50,2016,10,110,1974197,56042330
"Northeast","Male","50-54",50,2016,11,120,1974197,56042330
"Northeast","Male","50-54",50,2016,12,116,1974197,56042330
"Northeast","Male","50-54",50,2017,1,118,1925350,56059240
"Northeast","Male","50-54",50,2017,2,122,1925350,56059240
"Northeast","Male","50-54",50,2017,3,143,1925350,56059240
"Northeast","Male","50-54",50,2017,4,102,1925350,56059240
"Northeast","Male","50-54",50,2017,5,137,1925350,56059240
"Northeast","Male","50-54",50,2017,6,113,1925350,56059240
"Northeast","Male","50-54",50,2017,7,116,1925350,56059240
"Northeast","Male","50-54",50,2017,8,115,1925350,56059240
"Northeast","Male","50-54",50,2017,9,121,1925350,56059240
"Northeast","Male","50-54",50,2017,10,114,1925350,56059240
"Northeast","Male","50-54",50,2017,11,97,1925350,56059240
"Northeast","Male","50-54",50,2017,12,115,1925350,56059240
"Northeast","Male","50-54",50,2018,1,105,1871813,56046620
"Northeast","Male","50-54",50,2018,2,101,1871813,56046620
"Northeast","Male","50-54",50,2018,3,122,1871813,56046620
"Northeast","Male","50-54",50,2018,4,100,1871813,56046620
"Northeast","Male","50-54",50,2018,5,106,1871813,56046620
"Northeast","Male","50-54",50,2018,6,135,1871813,56046620
"Northeast","Male","50-54",50,2018,7,107,1871813,56046620
"Northeast","Male","50-54",50,2018,8,101,1871813,56046620
"Northeast","Male","50-54",50,2018,9,79,1871813,56046620
"Northeast","Male","50-54",50,2018,10,89,1871813,56046620
"Northeast","Male","50-54",50,2018,11,79,1871813,56046620
"Northeast","Male","50-54",50,2018,12,102,1871813,56046620
"Northeast","Male","50-54",50,2019,1,105,1820277,55982803
"Northeast","Male","50-54",50,2019,2,112,1820277,55982803
"Northeast","Male","50-54",50,2019,3,106,1820277,55982803
"Northeast","Male","50-54",50,2019,4,103,1820277,55982803
"Northeast","Male","50-54",50,2019,5,108,1820277,55982803
"Northeast","Male","50-54",50,2019,6,104,1820277,55982803
"Northeast","Male","50-54",50,2019,7,120,1820277,55982803
"Northeast","Male","50-54",50,2019,8,119,1820277,55982803
"Northeast","Male","50-54",50,2019,9,96,1820277,55982803
"Northeast","Male","50-54",50,2019,10,106,1820277,55982803
"Northeast","Male","50-54",50,2019,11,108,1820277,55982803
"Northeast","Male","50-54",50,2019,12,130,1820277,55982803
"Midwest","Female","15-19",15,2011,1,2,2301829,67157800
"Midwest","Female","15-19",15,2011,2,6,2301829,67157800
"Midwest","Female","15-19",15,2011,3,3,2301829,67157800
"Midwest","Female","15-19",15,2011,4,6,2301829,67157800
"Midwest","Female","15-19",15,2011,5,7,2301829,67157800
"Midwest","Female","15-19",15,2011,6,3,2301829,67157800
"Midwest","Female","15-19",15,2011,7,9,2301829,67157800
"Midwest","Female","15-19",15,2011,8,1,2301829,67157800
"Midwest","Female","15-19",15,2011,9,8,2301829,67157800
"Midwest","Female","15-19",15,2011,10,3,2301829,67157800
"Midwest","Female","15-19",15,2011,11,5,2301829,67157800
"Midwest","Female","15-19",15,2011,12,6,2301829,67157800
"Midwest","Female","15-19",15,2012,1,6,2262237,67336743
"Midwest","Female","15-19",15,2012,2,2,2262237,67336743
"Midwest","Female","15-19",15,2012,3,6,2262237,67336743
"Midwest","Female","15-19",15,2012,4,2,2262237,67336743
"Midwest","Female","15-19",15,2012,5,4,2262237,67336743
"Midwest","Female","15-19",15,2012,6,7,2262237,67336743
"Midwest","Female","15-19",15,2012,8,2,2262237,67336743
"Midwest","Female","15-19",15,2012,9,5,2262237,67336743
"Midwest","Female","15-19",15,2012,10,2,2262237,67336743
"Midwest","Female","15-19",15,2012,11,7,2262237,67336743
"Midwest","Female","15-19",15,2012,12,1,2262237,67336743
"Midwest","Female","15-19",15,2013,1,2,2237741,67560379
"Midwest","Female","15-19",15,2013,2,5,2237741,67560379
"Midwest","Female","15-19",15,2013,3,6,2237741,67560379
"Midwest","Female","15-19",15,2013,4,3,2237741,67560379
"Midwest","Female","15-19",15,2013,5,6,2237741,67560379
"Midwest","Female","15-19",15,2013,6,4,2237741,67560379
"Midwest","Female","15-19",15,2013,7,4,2237741,67560379
"Midwest","Female","15-19",15,2013,8,5,2237741,67560379
"Midwest","Female","15-19",15,2013,9,4,2237741,67560379
"Midwest","Female","15-19",15,2013,10,4,2237741,67560379
"Midwest","Female","15-19",15,2013,11,9,2237741,67560379
"Midwest","Female","15-19",15,2013,12,2,2237741,67560379
"Midwest","Female","15-19",15,2014,1,4,2218755,67745167
"Midwest","Female","15-19",15,2014,2,6,2218755,67745167
"Midwest","Female","15-19",15,2014,3,5,2218755,67745167
"Midwest","Female","15-19",15,2014,4,7,2218755,67745167
"Midwest","Female","15-19",15,2014,6,1,2218755,67745167
"Midwest","Female","15-19",15,2014,7,3,2218755,67745167
"Midwest","Female","15-19",15,2014,8,6,2218755,67745167
"Midwest","Female","15-19",15,2014,9,3,2218755,67745167
"Midwest","Female","15-19",15,2014,10,5,2218755,67745167
"Midwest","Female","15-19",15,2014,11,4,2218755,67745167
"Midwest","Female","15-19",15,2014,12,5,2218755,67745167
"Midwest","Female","15-19",15,2015,1,3,2212175,67860583
"Midwest","Female","15-19",15,2015,2,6,2212175,67860583
"Midwest","Female","15-19",15,2015,3,9,2212175,67860583
"Midwest","Female","15-19",15,2015,4,3,2212175,67860583
"Midwest","Female","15-19",15,2015,5,8,2212175,67860583
"Midwest","Female","15-19",15,2015,6,2,2212175,67860583
"Midwest","Female","15-19",15,2015,7,10,2212175,67860583
"Midwest","Female","15-19",15,2015,8,10,2212175,67860583
"Midwest","Female","15-19",15,2015,9,7,2212175,67860583
"Midwest","Female","15-19",15,2015,10,8,2212175,67860583
"Midwest","Female","15-19",15,2015,11,7,2212175,67860583
"Midwest","Female","15-19",15,2015,12,8,2212175,67860583
"Midwest","Female","15-19",15,2016,1,9,2207632,67987540
"Midwest","Female","15-19",15,2016,2,5,2207632,67987540
"Midwest","Female","15-19",15,2016,3,6,2207632,67987540
"Midwest","Female","15-19",15,2016,4,1,2207632,67987540
"Midwest","Female","15-19",15,2016,5,11,2207632,67987540
"Midwest","Female","15-19",15,2016,6,5,2207632,67987540
"Midwest","Female","15-19",15,2016,7,4,2207632,67987540
"Midwest","Female","15-19",15,2016,8,6,2207632,67987540
"Midwest","Female","15-19",15,2016,9,8,2207632,67987540
"Midwest","Female","15-19",15,2016,10,6,2207632,67987540
"Midwest","Female","15-19",15,2016,11,6,2207632,67987540
"Midwest","Female","15-19",15,2016,12,5,2207632,67987540
"Midwest","Female","15-19",15,2017,1,8,2195932,68126781
"Midwest","Female","15-19",15,2017,2,10,2195932,68126781
"Midwest","Female","15-19",15,2017,3,5,2195932,68126781
"Midwest","Female","15-19",15,2017,4,7,2195932,68126781
"Midwest","Female","15-19",15,2017,5,2,2195932,68126781
"Midwest","Female","15-19",15,2017,6,8,2195932,68126781
"Midwest","Female","15-19",15,2017,7,6,2195932,68126781
"Midwest","Female","15-19",15,2017,8,4,2195932,68126781
"Midwest","Female","15-19",15,2017,9,8,2195932,68126781
"Midwest","Female","15-19",15,2017,10,7,2195932,68126781
"Midwest","Female","15-19",15,2017,11,4,2195932,68126781
"Midwest","Female","15-19",15,2017,12,5,2195932,68126781
"Midwest","Female","15-19",15,2018,1,3,2184374,68236628
"Midwest","Female","15-19",15,2018,2,8,2184374,68236628
"Midwest","Female","15-19",15,2018,3,9,2184374,68236628
"Midwest","Female","15-19",15,2018,4,10,2184374,68236628
"Midwest","Female","15-19",15,2018,5,7,2184374,68236628
"Midwest","Female","15-19",15,2018,6,4,2184374,68236628
"Midwest","Female","15-19",15,2018,7,7,2184374,68236628
"Midwest","Female","15-19",15,2018,8,2,2184374,68236628
"Midwest","Female","15-19",15,2018,9,10,2184374,68236628
"Midwest","Female","15-19",15,2018,10,9,2184374,68236628
"Midwest","Female","15-19",15,2018,11,3,2184374,68236628
"Midwest","Female","15-19",15,2018,12,8,2184374,68236628
"Midwest","Female","15-19",15,2019,1,5,2177369,68329004
"Midwest","Female","15-19",15,2019,2,6,2177369,68329004
"Midwest","Female","15-19",15,2019,3,5,2177369,68329004
"Midwest","Female","15-19",15,2019,4,7,2177369,68329004
"Midwest","Female","15-19",15,2019,5,11,2177369,68329004
"Midwest","Female","15-19",15,2019,6,8,2177369,68329004
"Midwest","Female","15-19",15,2019,7,4,2177369,68329004
"Midwest","Female","15-19",15,2019,8,8,2177369,68329004
"Midwest","Female","15-19",15,2019,9,10,2177369,68329004
"Midwest","Female","15-19",15,2019,10,4,2177369,68329004
"Midwest","Female","15-19",15,2019,11,7,2177369,68329004
"Midwest","Female","15-19",15,2019,12,3,2177369,68329004
"Midwest","Female","20-24",20,2011,1,11,2296521,67157800
"Midwest","Female","20-24",20,2011,2,13,2296521,67157800
"Midwest","Female","20-24",20,2011,3,10,2296521,67157800
"Midwest","Female","20-24",20,2011,4,18,2296521,67157800
"Midwest","Female","20-24",20,2011,5,16,2296521,67157800
"Midwest","Female","20-24",20,2011,6,15,2296521,67157800
"Midwest","Female","20-24",20,2011,7,21,2296521,67157800
"Midwest","Female","20-24",20,2011,8,15,2296521,67157800
"Midwest","Female","20-24",20,2011,9,19,2296521,67157800
"Midwest","Female","20-24",20,2011,10,9,2296521,67157800
"Midwest","Female","20-24",20,2011,11,10,2296521,67157800
"Midwest","Female","20-24",20,2011,12,14,2296521,67157800
"Midwest","Female","20-24",20,2012,1,13,2342008,67336743
"Midwest","Female","20-24",20,2012,2,20,2342008,67336743
"Midwest","Female","20-24",20,2012,3,15,2342008,67336743
"Midwest","Female","20-24",20,2012,4,20,2342008,67336743
"Midwest","Female","20-24",20,2012,5,13,2342008,67336743
"Midwest","Female","20-24",20,2012,6,11,2342008,67336743
"Midwest","Female","20-24",20,2012,7,14,2342008,67336743
"Midwest","Female","20-24",20,2012,8,16,2342008,67336743
"Midwest","Female","20-24",20,2012,9,15,2342008,67336743
"Midwest","Female","20-24",20,2012,10,21,2342008,67336743
"Midwest","Female","20-24",20,2012,11,18,2342008,67336743
"Midwest","Female","20-24",20,2012,12,8,2342008,67336743
"Midwest","Female","20-24",20,2013,1,11,2372045,67560379
"Midwest","Female","20-24",20,2013,2,21,2372045,67560379
"Midwest","Female","20-24",20,2013,3,22,2372045,67560379
"Midwest","Female","20-24",20,2013,4,21,2372045,67560379
"Midwest","Female","20-24",20,2013,5,23,2372045,67560379
"Midwest","Female","20-24",20,2013,6,21,2372045,67560379
"Midwest","Female","20-24",20,2013,7,18,2372045,67560379
"Midwest","Female","20-24",20,2013,8,13,2372045,67560379
"Midwest","Female","20-24",20,2013,9,17,2372045,67560379
"Midwest","Female","20-24",20,2013,10,19,2372045,67560379
"Midwest","Female","20-24",20,2013,11,12,2372045,67560379
"Midwest","Female","20-24",20,2013,12,17,2372045,67560379
"Midwest","Female","20-24",20,2014,1,19,2382478,67745167
"Midwest","Female","20-24",20,2014,2,18,2382478,67745167
"Midwest","Female","20-24",20,2014,3,25,2382478,67745167
"Midwest","Female","20-24",20,2014,4,21,2382478,67745167
"Midwest","Female","20-24",20,2014,5,16,2382478,67745167
"Midwest","Female","20-24",20,2014,6,16,2382478,67745167
"Midwest","Female","20-24",20,2014,7,19,2382478,67745167
"Midwest","Female","20-24",20,2014,8,10,2382478,67745167
"Midwest","Female","20-24",20,2014,9,22,2382478,67745167
"Midwest","Female","20-24",20,2014,10,21,2382478,67745167
"Midwest","Female","20-24",20,2014,11,26,2382478,67745167
"Midwest","Female","20-24",20,2014,12,22,2382478,67745167
"Midwest","Female","20-24",20,2015,1,27,2364544,67860583
"Midwest","Female","20-24",20,2015,2,21,2364544,67860583
"Midwest","Female","20-24",20,2015,3,22,2364544,67860583
"Midwest","Female","20-24",20,2015,4,33,2364544,67860583
"Midwest","Female","20-24",20,2015,5,20,2364544,67860583
"Midwest","Female","20-24",20,2015,6,17,2364544,67860583
"Midwest","Female","20-24",20,2015,7,14,2364544,67860583
"Midwest","Female","20-24",20,2015,8,27,2364544,67860583
"Midwest","Female","20-24",20,2015,9,25,2364544,67860583
"Midwest","Female","20-24",20,2015,10,23,2364544,67860583
"Midwest","Female","20-24",20,2015,11,19,2364544,67860583
"Midwest","Female","20-24",20,2015,12,21,2364544,67860583
"Midwest","Female","20-24",20,2016,1,16,2328985,67987540
"Midwest","Female","20-24",20,2016,2,25,2328985,67987540
"Midwest","Female","20-24",20,2016,3,27,2328985,67987540
"Midwest","Female","20-24",20,2016,4,34,2328985,67987540
"Midwest","Female","20-24",20,2016,5,30,2328985,67987540
"Midwest","Female","20-24",20,2016,6,25,2328985,67987540
"Midwest","Female","20-24",20,2016,7,25,2328985,67987540
"Midwest","Female","20-24",20,2016,8,16,2328985,67987540
"Midwest","Female","20-24",20,2016,9,29,2328985,67987540
"Midwest","Female","20-24",20,2016,10,28,2328985,67987540
"Midwest","Female","20-24",20,2016,11,34,2328985,67987540
"Midwest","Female","20-24",20,2016,12,37,2328985,67987540
"Midwest","Female","20-24",20,2017,1,38,2291998,68126781
"Midwest","Female","20-24",20,2017,2,34,2291998,68126781
"Midwest","Female","20-24",20,2017,3,40,2291998,68126781
"Midwest","Female","20-24",20,2017,4,30,2291998,68126781
"Midwest","Female","20-24",20,2017,5,34,2291998,68126781
"Midwest","Female","20-24",20,2017,6,26,2291998,68126781
"Midwest","Female","20-24",20,2017,7,28,2291998,68126781
"Midwest","Female","20-24",20,2017,8,31,2291998,68126781
"Midwest","Female","20-24",20,2017,9,29,2291998,68126781
"Midwest","Female","20-24",20,2017,10,36,2291998,68126781
"Midwest","Female","20-24",20,2017,11,24,2291998,68126781
"Midwest","Female","20-24",20,2017,12,22,2291998,68126781
"Midwest","Female","20-24",20,2018,1,22,2265784,68236628
"Midwest","Female","20-24",20,2018,2,28,2265784,68236628
"Midwest","Female","20-24",20,2018,3,27,2265784,68236628
"Midwest","Female","20-24",20,2018,4,24,2265784,68236628
"Midwest","Female","20-24",20,2018,5,35,2265784,68236628
"Midwest","Female","20-24",20,2018,6,25,2265784,68236628
"Midwest","Female","20-24",20,2018,7,35,2265784,68236628
"Midwest","Female","20-24",20,2018,8,25,2265784,68236628
"Midwest","Female","20-24",20,2018,9,23,2265784,68236628
"Midwest","Female","20-24",20,2018,10,31,2265784,68236628
"Midwest","Female","20-24",20,2018,11,22,2265784,68236628
"Midwest","Female","20-24",20,2018,12,26,2265784,68236628
"Midwest","Female","20-24",20,2019,1,22,2243813,68329004
"Midwest","Female","20-24",20,2019,2,21,2243813,68329004
"Midwest","Female","20-24",20,2019,3,29,2243813,68329004
"Midwest","Female","20-24",20,2019,4,27,2243813,68329004
"Midwest","Female","20-24",20,2019,5,29,2243813,68329004
"Midwest","Female","20-24",20,2019,6,25,2243813,68329004
"Midwest","Female","20-24",20,2019,7,24,2243813,68329004
"Midwest","Female","20-24",20,2019,8,34,2243813,68329004
"Midwest","Female","20-24",20,2019,9,22,2243813,68329004
"Midwest","Female","20-24",20,2019,10,28,2243813,68329004
"Midwest","Female","20-24",20,2019,11,28,2243813,68329004
"Midwest","Female","20-24",20,2019,12,28,2243813,68329004
"Midwest","Female","25-29",25,2011,1,26,2183966,67157800
"Midwest","Female","25-29",25,2011,2,26,2183966,67157800
"Midwest","Female","25-29",25,2011,3,18,2183966,67157800
"Midwest","Female","25-29",25,2011,4,29,2183966,67157800
"Midwest","Female","25-29",25,2011,5,18,2183966,67157800
"Midwest","Female","25-29",25,2011,6,21,2183966,67157800
"Midwest","Female","25-29",25,2011,7,26,2183966,67157800
"Midwest","Female","25-29",25,2011,8,25,2183966,67157800
"Midwest","Female","25-29",25,2011,9,17,2183966,67157800
"Midwest","Female","25-29",25,2011,10,19,2183966,67157800
"Midwest","Female","25-29",25,2011,11,12,2183966,67157800
"Midwest","Female","25-29",25,2011,12,25,2183966,67157800
"Midwest","Female","25-29",25,2012,1,35,2166093,67336743
"Midwest","Female","25-29",25,2012,2,23,2166093,67336743
"Midwest","Female","25-29",25,2012,3,33,2166093,67336743
"Midwest","Female","25-29",25,2012,4,18,2166093,67336743
"Midwest","Female","25-29",25,2012,5,28,2166093,67336743
"Midwest","Female","25-29",25,2012,6,23,2166093,67336743
"Midwest","Female","25-29",25,2012,7,27,2166093,67336743
"Midwest","Female","25-29",25,2012,8,23,2166093,67336743
"Midwest","Female","25-29",25,2012,9,22,2166093,67336743
"Midwest","Female","25-29",25,2012,10,23,2166093,67336743
"Midwest","Female","25-29",25,2012,11,24,2166093,67336743
"Midwest","Female","25-29",25,2012,12,24,2166093,67336743
"Midwest","Female","25-29",25,2013,1,22,2160297,67560379
"Midwest","Female","25-29",25,2013,2,29,2160297,67560379
"Midwest","Female","25-29",25,2013,3,27,2160297,67560379
"Midwest","Female","25-29",25,2013,4,33,2160297,67560379
"Midwest","Female","25-29",25,2013,5,28,2160297,67560379
"Midwest","Female","25-29",25,2013,6,27,2160297,67560379
"Midwest","Female","25-29",25,2013,7,27,2160297,67560379
"Midwest","Female","25-29",25,2013,8,19,2160297,67560379
"Midwest","Female","25-29",25,2013,9,18,2160297,67560379
"Midwest","Female","25-29",25,2013,10,27,2160297,67560379
"Midwest","Female","25-29",25,2013,11,17,2160297,67560379
"Midwest","Female","25-29",25,2013,12,35,2160297,67560379
"Midwest","Female","25-29",25,2014,1,32,2172148,67745167
"Midwest","Female","25-29",25,2014,2,28,2172148,67745167
"Midwest","Female","25-29",25,2014,3,49,2172148,67745167
"Midwest","Female","25-29",25,2014,4,30,2172148,67745167
"Midwest","Female","25-29",25,2014,5,23,2172148,67745167
"Midwest","Female","25-29",25,2014,6,31,2172148,67745167
"Midwest","Female","25-29",25,2014,7,37,2172148,67745167
"Midwest","Female","25-29",25,2014,8,28,2172148,67745167
"Midwest","Female","25-29",25,2014,9,26,2172148,67745167
"Midwest","Female","25-29",25,2014,10,28,2172148,67745167
"Midwest","Female","25-29",25,2014,11,26,2172148,67745167
"Midwest","Female","25-29",25,2014,12,40,2172148,67745167
"Midwest","Female","25-29",25,2015,1,30,2190290,67860583
"Midwest","Female","25-29",25,2015,2,28,2190290,67860583
"Midwest","Female","25-29",25,2015,3,42,2190290,67860583
"Midwest","Female","25-29",25,2015,4,32,2190290,67860583
"Midwest","Female","25-29",25,2015,5,28,2190290,67860583
"Midwest","Female","25-29",25,2015,6,35,2190290,67860583
"Midwest","Female","25-29",25,2015,7,33,2190290,67860583
"Midwest","Female","25-29",25,2015,8,32,2190290,67860583
"Midwest","Female","25-29",25,2015,9,40,2190290,67860583
"Midwest","Female","25-29",25,2015,10,33,2190290,67860583
"Midwest","Female","25-29",25,2015,11,40,2190290,67860583
"Midwest","Female","25-29",25,2015,12,43,2190290,67860583
"Midwest","Female","25-29",25,2016,1,32,2224348,67987540
"Midwest","Female","25-29",25,2016,2,48,2224348,67987540
"Midwest","Female","25-29",25,2016,3,39,2224348,67987540
"Midwest","Female","25-29",25,2016,4,37,2224348,67987540
"Midwest","Female","25-29",25,2016,5,57,2224348,67987540
"Midwest","Female","25-29",25,2016,6,47,2224348,67987540
"Midwest","Female","25-29",25,2016,7,47,2224348,67987540
"Midwest","Female","25-29",25,2016,8,54,2224348,67987540
"Midwest","Female","25-29",25,2016,9,39,2224348,67987540
"Midwest","Female","25-29",25,2016,10,39,2224348,67987540
"Midwest","Female","25-29",25,2016,11,44,2224348,67987540
"Midwest","Female","25-29",25,2016,12,55,2224348,67987540
"Midwest","Female","25-29",25,2017,1,49,2269025,68126781
"Midwest","Female","25-29",25,2017,2,60,2269025,68126781
"Midwest","Female","25-29",25,2017,3,53,2269025,68126781
"Midwest","Female","25-29",25,2017,4,35,2269025,68126781
"Midwest","Female","25-29",25,2017,5,50,2269025,68126781
"Midwest","Female","25-29",25,2017,6,57,2269025,68126781
"Midwest","Female","25-29",25,2017,7,40,2269025,68126781
"Midwest","Female","25-29",25,2017,8,51,2269025,68126781
"Midwest","Female","25-29",25,2017,9,65,2269025,68126781
"Midwest","Female","25-29",25,2017,10,51,2269025,68126781
"Midwest","Female","25-29",25,2017,11,52,2269025,68126781
"Midwest","Female","25-29",25,2017,12,48,2269025,68126781
"Midwest","Female","25-29",25,2018,1,54,2290479,68236628
"Midwest","Female","25-29",25,2018,2,55,2290479,68236628
"Midwest","Female","25-29",25,2018,3,61,2290479,68236628
"Midwest","Female","25-29",25,2018,4,54,2290479,68236628
"Midwest","Female","25-29",25,2018,5,42,2290479,68236628
"Midwest","Female","25-29",25,2018,6,53,2290479,68236628
"Midwest","Female","25-29",25,2018,7,44,2290479,68236628
"Midwest","Female","25-29",25,2018,8,50,2290479,68236628
"Midwest","Female","25-29",25,2018,9,55,2290479,68236628
"Midwest","Female","25-29",25,2018,10,42,2290479,68236628
"Midwest","Female","25-29",25,2018,11,66,2290479,68236628
"Midwest","Female","25-29",25,2018,12,47,2290479,68236628
"Midwest","Female","25-29",25,2019,1,49,2294871,68329004
"Midwest","Female","25-29",25,2019,2,39,2294871,68329004
"Midwest","Female","25-29",25,2019,3,55,2294871,68329004
"Midwest","Female","25-29",25,2019,4,45,2294871,68329004
"Midwest","Female","25-29",25,2019,5,48,2294871,68329004
"Midwest","Female","25-29",25,2019,6,52,2294871,68329004
"Midwest","Female","25-29",25,2019,7,60,2294871,68329004
"Midwest","Female","25-29",25,2019,8,39,2294871,68329004
"Midwest","Female","25-29",25,2019,9,38,2294871,68329004
"Midwest","Female","25-29",25,2019,10,47,2294871,68329004
"Midwest","Female","25-29",25,2019,11,50,2294871,68329004
"Midwest","Female","25-29",25,2019,12,43,2294871,68329004
"Midwest","Female","30-34",30,2011,1,38,2131359,67157800
"Midwest","Female","30-34",30,2011,2,31,2131359,67157800
"Midwest","Female","30-34",30,2011,3,32,2131359,67157800
"Midwest","Female","30-34",30,2011,4,37,2131359,67157800
"Midwest","Female","30-34",30,2011,5,38,2131359,67157800
"Midwest","Female","30-34",30,2011,6,29,2131359,67157800
"Midwest","Female","30-34",30,2011,7,33,2131359,67157800
"Midwest","Female","30-34",30,2011,8,36,2131359,67157800
"Midwest","Female","30-34",30,2011,9,32,2131359,67157800
"Midwest","Female","30-34",30,2011,10,31,2131359,67157800
"Midwest","Female","30-34",30,2011,11,36,2131359,67157800
"Midwest","Female","30-34",30,2011,12,36,2131359,67157800
"Midwest","Female","30-34",30,2012,1,36,2163653,67336743
"Midwest","Female","30-34",30,2012,2,38,2163653,67336743
"Midwest","Female","30-34",30,2012,3,38,2163653,67336743
"Midwest","Female","30-34",30,2012,4,31,2163653,67336743
"Midwest","Female","30-34",30,2012,5,29,2163653,67336743
"Midwest","Female","30-34",30,2012,6,28,2163653,67336743
"Midwest","Female","30-34",30,2012,7,30,2163653,67336743
"Midwest","Female","30-34",30,2012,8,38,2163653,67336743
"Midwest","Female","30-34",30,2012,9,31,2163653,67336743
"Midwest","Female","30-34",30,2012,10,30,2163653,67336743
"Midwest","Female","30-34",30,2012,11,29,2163653,67336743
"Midwest","Female","30-34",30,2012,12,24,2163653,67336743
"Midwest","Female","30-34",30,2013,1,49,2193522,67560379
"Midwest","Female","30-34",30,2013,2,38,2193522,67560379
"Midwest","Female","30-34",30,2013,3,29,2193522,67560379
"Midwest","Female","30-34",30,2013,4,39,2193522,67560379
"Midwest","Female","30-34",30,2013,5,24,2193522,67560379
"Midwest","Female","30-34",30,2013,6,30,2193522,67560379
"Midwest","Female","30-34",30,2013,7,37,2193522,67560379
"Midwest","Female","30-34",30,2013,8,37,2193522,67560379
"Midwest","Female","30-34",30,2013,9,25,2193522,67560379
"Midwest","Female","30-34",30,2013,10,41,2193522,67560379
"Midwest","Female","30-34",30,2013,11,37,2193522,67560379
"Midwest","Female","30-34",30,2013,12,28,2193522,67560379
"Midwest","Female","30-34",30,2014,1,45,2200776,67745167
"Midwest","Female","30-34",30,2014,2,40,2200776,67745167
"Midwest","Female","30-34",30,2014,3,41,2200776,67745167
"Midwest","Female","30-34",30,2014,4,22,2200776,67745167
"Midwest","Female","30-34",30,2014,5,38,2200776,67745167
"Midwest","Female","30-34",30,2014,6,33,2200776,67745167
"Midwest","Female","30-34",30,2014,7,37,2200776,67745167
"Midwest","Female","30-34",30,2014,8,38,2200776,67745167
"Midwest","Female","30-34",30,2014,9,39,2200776,67745167
"Midwest","Female","30-34",30,2014,10,39,2200776,67745167
"Midwest","Female","30-34",30,2014,11,27,2200776,67745167
"Midwest","Female","30-34",30,2014,12,30,2200776,67745167
"Midwest","Female","30-34",30,2015,1,40,2192893,67860583
"Midwest","Female","30-34",30,2015,2,37,2192893,67860583
"Midwest","Female","30-34",30,2015,3,58,2192893,67860583
"Midwest","Female","30-34",30,2015,4,47,2192893,67860583
"Midwest","Female","30-34",30,2015,5,41,2192893,67860583
"Midwest","Female","30-34",30,2015,6,36,2192893,67860583
"Midwest","Female","30-34",30,2015,7,42,2192893,67860583
"Midwest","Female","30-34",30,2015,8,37,2192893,67860583
"Midwest","Female","30-34",30,2015,9,52,2192893,67860583
"Midwest","Female","30-34",30,2015,10,41,2192893,67860583
"Midwest","Female","30-34",30,2015,11,35,2192893,67860583
"Midwest","Female","30-34",30,2015,12,39,2192893,67860583
"Midwest","Female","30-34",30,2016,1,45,2186989,67987540
"Midwest","Female","30-34",30,2016,2,47,2186989,67987540
"Midwest","Female","30-34",30,2016,3,52,2186989,67987540
"Midwest","Female","30-34",30,2016,4,42,2186989,67987540
"Midwest","Female","30-34",30,2016,5,32,2186989,67987540
"Midwest","Female","30-34",30,2016,6,53,2186989,67987540
"Midwest","Female","30-34",30,2016,7,64,2186989,67987540
"Midwest","Female","30-34",30,2016,8,71,2186989,67987540
"Midwest","Female","30-34",30,2016,9,46,2186989,67987540
"Midwest","Female","30-34",30,2016,10,63,2186989,67987540
"Midwest","Female","30-34",30,2016,11,50,2186989,67987540
"Midwest","Female","30-34",30,2016,12,54,2186989,67987540
"Midwest","Female","30-34",30,2017,1,64,2173690,68126781
"Midwest","Female","30-34",30,2017,2,63,2173690,68126781
"Midwest","Female","30-34",30,2017,3,68,2173690,68126781
"Midwest","Female","30-34",30,2017,4,67,2173690,68126781
"Midwest","Female","30-34",30,2017,5,72,2173690,68126781
"Midwest","Female","30-34",30,2017,6,69,2173690,68126781
"Midwest","Female","30-34",30,2017,7,70,2173690,68126781
"Midwest","Female","30-34",30,2017,8,66,2173690,68126781
"Midwest","Female","30-34",30,2017,9,66,2173690,68126781
"Midwest","Female","30-34",30,2017,10,64,2173690,68126781
"Midwest","Female","30-34",30,2017,11,54,2173690,68126781
"Midwest","Female","30-34",30,2017,12,63,2173690,68126781
"Midwest","Female","30-34",30,2018,1,57,2167073,68236628
"Midwest","Female","30-34",30,2018,2,55,2167073,68236628
"Midwest","Female","30-34",30,2018,3,60,2167073,68236628
"Midwest","Female","30-34",30,2018,4,58,2167073,68236628
"Midwest","Female","30-34",30,2018,5,43,2167073,68236628
"Midwest","Female","30-34",30,2018,6,55,2167073,68236628
"Midwest","Female","30-34",30,2018,7,72,2167073,68236628
"Midwest","Female","30-34",30,2018,8,50,2167073,68236628
"Midwest","Female","30-34",30,2018,9,41,2167073,68236628
"Midwest","Female","30-34",30,2018,10,60,2167073,68236628
"Midwest","Female","30-34",30,2018,11,50,2167073,68236628
"Midwest","Female","30-34",30,2018,12,41,2167073,68236628
"Midwest","Female","30-34",30,2019,1,52,2177862,68329004
"Midwest","Female","30-34",30,2019,2,50,2177862,68329004
"Midwest","Female","30-34",30,2019,3,57,2177862,68329004
"Midwest","Female","30-34",30,2019,4,57,2177862,68329004
"Midwest","Female","30-34",30,2019,5,62,2177862,68329004
"Midwest","Female","30-34",30,2019,6,57,2177862,68329004
"Midwest","Female","30-34",30,2019,7,66,2177862,68329004
"Midwest","Female","30-34",30,2019,8,72,2177862,68329004
"Midwest","Female","30-34",30,2019,9,50,2177862,68329004
"Midwest","Female","30-34",30,2019,10,45,2177862,68329004
"Midwest","Female","30-34",30,2019,11,45,2177862,68329004
"Midwest","Female","30-34",30,2019,12,58,2177862,68329004
"Midwest","Female","35-39",35,2011,1,40,2017446,67157800
"Midwest","Female","35-39",35,2011,2,39,2017446,67157800
"Midwest","Female","35-39",35,2011,3,30,2017446,67157800
"Midwest","Female","35-39",35,2011,4,28,2017446,67157800
"Midwest","Female","35-39",35,2011,5,31,2017446,67157800
"Midwest","Female","35-39",35,2011,6,29,2017446,67157800
"Midwest","Female","35-39",35,2011,7,27,2017446,67157800
"Midwest","Female","35-39",35,2011,8,32,2017446,67157800
"Midwest","Female","35-39",35,2011,9,30,2017446,67157800
"Midwest","Female","35-39",35,2011,10,33,2017446,67157800
"Midwest","Female","35-39",35,2011,11,27,2017446,67157800
"Midwest","Female","35-39",35,2011,12,30,2017446,67157800
"Midwest","Female","35-39",35,2012,1,33,1995910,67336743
"Midwest","Female","35-39",35,2012,2,26,1995910,67336743
"Midwest","Female","35-39",35,2012,3,37,1995910,67336743
"Midwest","Female","35-39",35,2012,4,31,1995910,67336743
"Midwest","Female","35-39",35,2012,5,32,1995910,67336743
"Midwest","Female","35-39",35,2012,6,41,1995910,67336743
"Midwest","Female","35-39",35,2012,7,45,1995910,67336743
"Midwest","Female","35-39",35,2012,8,26,1995910,67336743
"Midwest","Female","35-39",35,2012,9,24,1995910,67336743
"Midwest","Female","35-39",35,2012,10,30,1995910,67336743
"Midwest","Female","35-39",35,2012,11,26,1995910,67336743
"Midwest","Female","35-39",35,2012,12,23,1995910,67336743
"Midwest","Female","35-39",35,2013,1,30,2006463,67560379
"Midwest","Female","35-39",35,2013,2,26,2006463,67560379
"Midwest","Female","35-39",35,2013,3,32,2006463,67560379
"Midwest","Female","35-39",35,2013,4,29,2006463,67560379
"Midwest","Female","35-39",35,2013,5,42,2006463,67560379
"Midwest","Female","35-39",35,2013,6,31,2006463,67560379
"Midwest","Female","35-39",35,2013,7,35,2006463,67560379
"Midwest","Female","35-39",35,2013,8,38,2006463,67560379
"Midwest","Female","35-39",35,2013,9,35,2006463,67560379
"Midwest","Female","35-39",35,2013,10,26,2006463,67560379
"Midwest","Female","35-39",35,2013,11,37,2006463,67560379
"Midwest","Female","35-39",35,2013,12,34,2006463,67560379
"Midwest","Female","35-39",35,2014,1,42,2032955,67745167
"Midwest","Female","35-39",35,2014,2,43,2032955,67745167
"Midwest","Female","35-39",35,2014,3,41,2032955,67745167
"Midwest","Female","35-39",35,2014,4,43,2032955,67745167
"Midwest","Female","35-39",35,2014,5,32,2032955,67745167
"Midwest","Female","35-39",35,2014,6,37,2032955,67745167
"Midwest","Female","35-39",35,2014,7,29,2032955,67745167
"Midwest","Female","35-39",35,2014,8,38,2032955,67745167
"Midwest","Female","35-39",35,2014,9,34,2032955,67745167
"Midwest","Female","35-39",35,2014,10,35,2032955,67745167
"Midwest","Female","35-39",35,2014,11,51,2032955,67745167
"Midwest","Female","35-39",35,2014,12,41,2032955,67745167
"Midwest","Female","35-39",35,2015,1,41,2072500,67860583
"Midwest","Female","35-39",35,2015,2,32,2072500,67860583
"Midwest","Female","35-39",35,2015,3,49,2072500,67860583
"Midwest","Female","35-39",35,2015,4,46,2072500,67860583
"Midwest","Female","35-39",35,2015,5,49,2072500,67860583
"Midwest","Female","35-39",35,2015,6,49,2072500,67860583
"Midwest","Female","35-39",35,2015,7,42,2072500,67860583
"Midwest","Female","35-39",35,2015,8,41,2072500,67860583
"Midwest","Female","35-39",35,2015,9,42,2072500,67860583
"Midwest","Female","35-39",35,2015,10,38,2072500,67860583
"Midwest","Female","35-39",35,2015,11,39,2072500,67860583
"Midwest","Female","35-39",35,2015,12,42,2072500,67860583
"Midwest","Female","35-39",35,2016,1,48,2116777,67987540
"Midwest","Female","35-39",35,2016,2,43,2116777,67987540
"Midwest","Female","35-39",35,2016,3,53,2116777,67987540
"Midwest","Female","35-39",35,2016,4,46,2116777,67987540
"Midwest","Female","35-39",35,2016,5,47,2116777,67987540
"Midwest","Female","35-39",35,2016,6,54,2116777,67987540
"Midwest","Female","35-39",35,2016,7,57,2116777,67987540
"Midwest","Female","35-39",35,2016,8,60,2116777,67987540
"Midwest","Female","35-39",35,2016,9,63,2116777,67987540
"Midwest","Female","35-39",35,2016,10,56,2116777,67987540
"Midwest","Female","35-39",35,2016,11,46,2116777,67987540
"Midwest","Female","35-39",35,2016,12,61,2116777,67987540
"Midwest","Female","35-39",35,2017,1,75,2151419,68126781
"Midwest","Female","35-39",35,2017,2,69,2151419,68126781
"Midwest","Female","35-39",35,2017,3,59,2151419,68126781
"Midwest","Female","35-39",35,2017,4,62,2151419,68126781
"Midwest","Female","35-39",35,2017,5,67,2151419,68126781
"Midwest","Female","35-39",35,2017,6,64,2151419,68126781
"Midwest","Female","35-39",35,2017,7,46,2151419,68126781
"Midwest","Female","35-39",35,2017,8,65,2151419,68126781
"Midwest","Female","35-39",35,2017,9,54,2151419,68126781
"Midwest","Female","35-39",35,2017,10,54,2151419,68126781
"Midwest","Female","35-39",35,2017,11,58,2151419,68126781
"Midwest","Female","35-39",35,2017,12,61,2151419,68126781
"Midwest","Female","35-39",35,2018,1,66,2179157,68236628
"Midwest","Female","35-39",35,2018,2,71,2179157,68236628
"Midwest","Female","35-39",35,2018,3,66,2179157,68236628
"Midwest","Female","35-39",35,2018,4,58,2179157,68236628
"Midwest","Female","35-39",35,2018,5,70,2179157,68236628
"Midwest","Female","35-39",35,2018,6,57,2179157,68236628
"Midwest","Female","35-39",35,2018,7,64,2179157,68236628
"Midwest","Female","35-39",35,2018,8,68,2179157,68236628
"Midwest","Female","35-39",35,2018,9,63,2179157,68236628
"Midwest","Female","35-39",35,2018,10,48,2179157,68236628
"Midwest","Female","35-39",35,2018,11,59,2179157,68236628
"Midwest","Female","35-39",35,2018,12,62,2179157,68236628
"Midwest","Female","35-39",35,2019,1,51,2187601,68329004
"Midwest","Female","35-39",35,2019,2,60,2187601,68329004
"Midwest","Female","35-39",35,2019,3,60,2187601,68329004
"Midwest","Female","35-39",35,2019,4,55,2187601,68329004
"Midwest","Female","35-39",35,2019,5,61,2187601,68329004
"Midwest","Female","35-39",35,2019,6,59,2187601,68329004
"Midwest","Female","35-39",35,2019,7,55,2187601,68329004
"Midwest","Female","35-39",35,2019,8,63,2187601,68329004
"Midwest","Female","35-39",35,2019,9,67,2187601,68329004
"Midwest","Female","35-39",35,2019,10,47,2187601,68329004
"Midwest","Female","35-39",35,2019,11,68,2187601,68329004
"Midwest","Female","35-39",35,2019,12,76,2187601,68329004
"Midwest","Female","40-44",40,2011,1,40,2199331,67157800
"Midwest","Female","40-44",40,2011,2,42,2199331,67157800
"Midwest","Female","40-44",40,2011,3,46,2199331,67157800
"Midwest","Female","40-44",40,2011,4,34,2199331,67157800
"Midwest","Female","40-44",40,2011,5,45,2199331,67157800
"Midwest","Female","40-44",40,2011,6,33,2199331,67157800
"Midwest","Female","40-44",40,2011,7,42,2199331,67157800
"Midwest","Female","40-44",40,2011,8,30,2199331,67157800
"Midwest","Female","40-44",40,2011,9,47,2199331,67157800
"Midwest","Female","40-44",40,2011,10,37,2199331,67157800
"Midwest","Female","40-44",40,2011,11,44,2199331,67157800
"Midwest","Female","40-44",40,2011,12,28,2199331,67157800
"Midwest","Female","40-44",40,2012,1,35,2181844,67336743
"Midwest","Female","40-44",40,2012,2,44,2181844,67336743
"Midwest","Female","40-44",40,2012,3,43,2181844,67336743
"Midwest","Female","40-44",40,2012,4,31,2181844,67336743
"Midwest","Female","40-44",40,2012,5,36,2181844,67336743
"Midwest","Female","40-44",40,2012,6,33,2181844,67336743
"Midwest","Female","40-44",40,2012,7,50,2181844,67336743
"Midwest","Female","40-44",40,2012,8,36,2181844,67336743
"Midwest","Female","40-44",40,2012,9,23,2181844,67336743
"Midwest","Female","40-44",40,2012,10,32,2181844,67336743
"Midwest","Female","40-44",40,2012,11,36,2181844,67336743
"Midwest","Female","40-44",40,2012,12,42,2181844,67336743
"Midwest","Female","40-44",40,2013,1,42,2152565,67560379
"Midwest","Female","40-44",40,2013,2,46,2152565,67560379
"Midwest","Female","40-44",40,2013,3,32,2152565,67560379
"Midwest","Female","40-44",40,2013,4,53,2152565,67560379
"Midwest","Female","40-44",40,2013,5,40,2152565,67560379
"Midwest","Female","40-44",40,2013,6,36,2152565,67560379
"Midwest","Female","40-44",40,2013,7,46,2152565,67560379
"Midwest","Female","40-44",40,2013,8,39,2152565,67560379
"Midwest","Female","40-44",40,2013,9,40,2152565,67560379
"Midwest","Female","40-44",40,2013,10,41,2152565,67560379
"Midwest","Female","40-44",40,2013,11,33,2152565,67560379
"Midwest","Female","40-44",40,2013,12,27,2152565,67560379
"Midwest","Female","40-44",40,2014,1,48,2108206,67745167
"Midwest","Female","40-44",40,2014,2,51,2108206,67745167
"Midwest","Female","40-44",40,2014,3,52,2108206,67745167
"Midwest","Female","40-44",40,2014,4,38,2108206,67745167
"Midwest","Female","40-44",40,2014,5,48,2108206,67745167
"Midwest","Female","40-44",40,2014,6,43,2108206,67745167
"Midwest","Female","40-44",40,2014,7,43,2108206,67745167
"Midwest","Female","40-44",40,2014,8,38,2108206,67745167
"Midwest","Female","40-44",40,2014,9,43,2108206,67745167
"Midwest","Female","40-44",40,2014,10,53,2108206,67745167
"Midwest","Female","40-44",40,2014,11,38,2108206,67745167
"Midwest","Female","40-44",40,2014,12,41,2108206,67745167
"Midwest","Female","40-44",40,2015,1,45,2052423,67860583
"Midwest","Female","40-44",40,2015,2,41,2052423,67860583
"Midwest","Female","40-44",40,2015,3,56,2052423,67860583
"Midwest","Female","40-44",40,2015,4,45,2052423,67860583
"Midwest","Female","40-44",40,2015,5,54,2052423,67860583
"Midwest","Female","40-44",40,2015,6,40,2052423,67860583
"Midwest","Female","40-44",40,2015,7,44,2052423,67860583
"Midwest","Female","40-44",40,2015,8,39,2052423,67860583
"Midwest","Female","40-44",40,2015,9,52,2052423,67860583
"Midwest","Female","40-44",40,2015,10,39,2052423,67860583
"Midwest","Female","40-44",40,2015,11,57,2052423,67860583
"Midwest","Female","40-44",40,2015,12,54,2052423,67860583
"Midwest","Female","40-44",40,2016,1,41,1988371,67987540
"Midwest","Female","40-44",40,2016,2,48,1988371,67987540
"Midwest","Female","40-44",40,2016,3,49,1988371,67987540
"Midwest","Female","40-44",40,2016,4,56,1988371,67987540
"Midwest","Female","40-44",40,2016,5,45,1988371,67987540
"Midwest","Female","40-44",40,2016,6,42,1988371,67987540
"Midwest","Female","40-44",40,2016,7,36,1988371,67987540
"Midwest","Female","40-44",40,2016,8,40,1988371,67987540
"Midwest","Female","40-44",40,2016,9,48,1988371,67987540
"Midwest","Female","40-44",40,2016,10,42,1988371,67987540
"Midwest","Female","40-44",40,2016,11,57,1988371,67987540
"Midwest","Female","40-44",40,2016,12,44,1988371,67987540
"Midwest","Female","40-44",40,2017,1,65,1969064,68126781
"Midwest","Female","40-44",40,2017,2,71,1969064,68126781
"Midwest","Female","40-44",40,2017,3,54,1969064,68126781
"Midwest","Female","40-44",40,2017,4,54,1969064,68126781
"Midwest","Female","40-44",40,2017,5,44,1969064,68126781
"Midwest","Female","40-44",40,2017,6,48,1969064,68126781
"Midwest","Female","40-44",40,2017,7,52,1969064,68126781
"Midwest","Female","40-44",40,2017,8,41,1969064,68126781
"Midwest","Female","40-44",40,2017,9,57,1969064,68126781
"Midwest","Female","40-44",40,2017,10,52,1969064,68126781
"Midwest","Female","40-44",40,2017,11,47,1969064,68126781
"Midwest","Female","40-44",40,2017,12,50,1969064,68126781
"Midwest","Female","40-44",40,2018,1,54,1978410,68236628
"Midwest","Female","40-44",40,2018,2,48,1978410,68236628
"Midwest","Female","40-44",40,2018,3,50,1978410,68236628
"Midwest","Female","40-44",40,2018,4,42,1978410,68236628
"Midwest","Female","40-44",40,2018,5,46,1978410,68236628
"Midwest","Female","40-44",40,2018,6,50,1978410,68236628
"Midwest","Female","40-44",40,2018,7,67,1978410,68236628
"Midwest","Female","40-44",40,2018,8,54,1978410,68236628
"Midwest","Female","40-44",40,2018,9,52,1978410,68236628
"Midwest","Female","40-44",40,2018,10,58,1978410,68236628
"Midwest","Female","40-44",40,2018,11,49,1978410,68236628
"Midwest","Female","40-44",40,2018,12,56,1978410,68236628
"Midwest","Female","40-44",40,2019,1,42,2005409,68329004
"Midwest","Female","40-44",40,2019,2,49,2005409,68329004
"Midwest","Female","40-44",40,2019,3,56,2005409,68329004
"Midwest","Female","40-44",40,2019,4,59,2005409,68329004
"Midwest","Female","40-44",40,2019,5,52,2005409,68329004
"Midwest","Female","40-44",40,2019,6,47,2005409,68329004
"Midwest","Female","40-44",40,2019,7,54,2005409,68329004
"Midwest","Female","40-44",40,2019,8,48,2005409,68329004
"Midwest","Female","40-44",40,2019,9,62,2005409,68329004
"Midwest","Female","40-44",40,2019,10,62,2005409,68329004
"Midwest","Female","40-44",40,2019,11,55,2005409,68329004
"Midwest","Female","40-44",40,2019,12,43,2005409,68329004
"Midwest","Female","45-49",45,2011,1,43,2403255,67157800
"Midwest","Female","45-49",45,2011,2,43,2403255,67157800
"Midwest","Female","45-49",45,2011,3,53,2403255,67157800
"Midwest","Female","45-49",45,2011,4,38,2403255,67157800
"Midwest","Female","45-49",45,2011,5,47,2403255,67157800
"Midwest","Female","45-49",45,2011,6,49,2403255,67157800
"Midwest","Female","45-49",45,2011,7,41,2403255,67157800
"Midwest","Female","45-49",45,2011,8,40,2403255,67157800
"Midwest","Female","45-49",45,2011,9,57,2403255,67157800
"Midwest","Female","45-49",45,2011,10,50,2403255,67157800
"Midwest","Female","45-49",45,2011,11,50,2403255,67157800
"Midwest","Female","45-49",45,2011,12,49,2403255,67157800
"Midwest","Female","45-49",45,2012,1,56,2324796,67336743
"Midwest","Female","45-49",45,2012,2,46,2324796,67336743
"Midwest","Female","45-49",45,2012,3,49,2324796,67336743
"Midwest","Female","45-49",45,2012,4,39,2324796,67336743
"Midwest","Female","45-49",45,2012,5,50,2324796,67336743
"Midwest","Female","45-49",45,2012,6,39,2324796,67336743
"Midwest","Female","45-49",45,2012,7,40,2324796,67336743
"Midwest","Female","45-49",45,2012,8,46,2324796,67336743
"Midwest","Female","45-49",45,2012,9,64,2324796,67336743
"Midwest","Female","45-49",45,2012,10,42,2324796,67336743
"Midwest","Female","45-49",45,2012,11,63,2324796,67336743
"Midwest","Female","45-49",45,2012,12,51,2324796,67336743
"Midwest","Female","45-49",45,2013,1,64,2247854,67560379
"Midwest","Female","45-49",45,2013,2,47,2247854,67560379
"Midwest","Female","45-49",45,2013,3,64,2247854,67560379
"Midwest","Female","45-49",45,2013,4,49,2247854,67560379
"Midwest","Female","45-49",45,2013,5,47,2247854,67560379
"Midwest","Female","45-49",45,2013,6,41,2247854,67560379
"Midwest","Female","45-49",45,2013,7,50,2247854,67560379
"Midwest","Female","45-49",45,2013,8,38,2247854,67560379
"Midwest","Female","45-49",45,2013,9,45,2247854,67560379
"Midwest","Female","45-49",45,2013,10,37,2247854,67560379
"Midwest","Female","45-49",45,2013,11,41,2247854,67560379
"Midwest","Female","45-49",45,2013,12,54,2247854,67560379
"Midwest","Female","45-49",45,2014,1,42,2183692,67745167
"Midwest","Female","45-49",45,2014,2,55,2183692,67745167
"Midwest","Female","45-49",45,2014,3,62,2183692,67745167
"Midwest","Female","45-49",45,2014,4,39,2183692,67745167
"Midwest","Female","45-49",45,2014,5,50,2183692,67745167
"Midwest","Female","45-49",45,2014,6,33,2183692,67745167
"Midwest","Female","45-49",45,2014,7,41,2183692,67745167
"Midwest","Female","45-49",45,2014,8,55,2183692,67745167
"Midwest","Female","45-49",45,2014,9,39,2183692,67745167
"Midwest","Female","45-49",45,2014,10,50,2183692,67745167
"Midwest","Female","45-49",45,2014,11,52,2183692,67745167
"Midwest","Female","45-49",45,2014,12,58,2183692,67745167
"Midwest","Female","45-49",45,2015,1,56,2154902,67860583
"Midwest","Female","45-49",45,2015,2,59,2154902,67860583
"Midwest","Female","45-49",45,2015,3,52,2154902,67860583
"Midwest","Female","45-49",45,2015,4,55,2154902,67860583
"Midwest","Female","45-49",45,2015,5,67,2154902,67860583
"Midwest","Female","45-49",45,2015,6,42,2154902,67860583
"Midwest","Female","45-49",45,2015,7,48,2154902,67860583
"Midwest","Female","45-49",45,2015,8,43,2154902,67860583
"Midwest","Female","45-49",45,2015,9,49,2154902,67860583
"Midwest","Female","45-49",45,2015,10,55,2154902,67860583
"Midwest","Female","45-49",45,2015,11,47,2154902,67860583
"Midwest","Female","45-49",45,2015,12,38,2154902,67860583
"Midwest","Female","45-49",45,2016,1,48,2155522,67987540
"Midwest","Female","45-49",45,2016,2,48,2155522,67987540
"Midwest","Female","45-49",45,2016,3,48,2155522,67987540
"Midwest","Female","45-49",45,2016,4,65,2155522,67987540
"Midwest","Female","45-49",45,2016,5,54,2155522,67987540
"Midwest","Female","45-49",45,2016,6,56,2155522,67987540
"Midwest","Female","45-49",45,2016,7,50,2155522,67987540
"Midwest","Female","45-49",45,2016,8,45,2155522,67987540
"Midwest","Female","45-49",45,2016,9,66,2155522,67987540
"Midwest","Female","45-49",45,2016,10,65,2155522,67987540
"Midwest","Female","45-49",45,2016,11,65,2155522,67987540
"Midwest","Female","45-49",45,2016,12,63,2155522,67987540
"Midwest","Female","45-49",45,2017,1,74,2138867,68126781
"Midwest","Female","45-49",45,2017,2,67,2138867,68126781
"Midwest","Female","45-49",45,2017,3,56,2138867,68126781
"Midwest","Female","45-49",45,2017,4,51,2138867,68126781
"Midwest","Female","45-49",45,2017,5,59,2138867,68126781
"Midwest","Female","45-49",45,2017,6,66,2138867,68126781
"Midwest","Female","45-49",45,2017,7,69,2138867,68126781
"Midwest","Female","45-49",45,2017,8,62,2138867,68126781
"Midwest","Female","45-49",45,2017,9,74,2138867,68126781
"Midwest","Female","45-49",45,2017,10,50,2138867,68126781
"Midwest","Female","45-49",45,2017,11,62,2138867,68126781
"Midwest","Female","45-49",45,2017,12,55,2138867,68126781
"Midwest","Female","45-49",45,2018,1,55,2108838,68236628
"Midwest","Female","45-49",45,2018,2,60,2108838,68236628
"Midwest","Female","45-49",45,2018,3,66,2108838,68236628
"Midwest","Female","45-49",45,2018,4,64,2108838,68236628
"Midwest","Female","45-49",45,2018,5,44,2108838,68236628
"Midwest","Female","45-49",45,2018,6,55,2108838,68236628
"Midwest","Female","45-49",45,2018,7,50,2108838,68236628
"Midwest","Female","45-49",45,2018,8,41,2108838,68236628
"Midwest","Female","45-49",45,2018,9,52,2108838,68236628
"Midwest","Female","45-49",45,2018,10,38,2108838,68236628
"Midwest","Female","45-49",45,2018,11,45,2108838,68236628
"Midwest","Female","45-49",45,2018,12,47,2108838,68236628
"Midwest","Female","45-49",45,2019,1,60,2064891,68329004
"Midwest","Female","45-49",45,2019,2,43,2064891,68329004
"Midwest","Female","45-49",45,2019,3,48,2064891,68329004
"Midwest","Female","45-49",45,2019,4,53,2064891,68329004
"Midwest","Female","45-49",45,2019,5,53,2064891,68329004
"Midwest","Female","45-49",45,2019,6,46,2064891,68329004
"Midwest","Female","45-49",45,2019,7,55,2064891,68329004
"Midwest","Female","45-49",45,2019,8,46,2064891,68329004
"Midwest","Female","45-49",45,2019,9,54,2064891,68329004
"Midwest","Female","45-49",45,2019,10,51,2064891,68329004
"Midwest","Female","45-49",45,2019,11,46,2064891,68329004
"Midwest","Female","45-49",45,2019,12,53,2064891,68329004
"Midwest","Female","50-54",50,2011,1,40,2553103,67157800
"Midwest","Female","50-54",50,2011,2,56,2553103,67157800
"Midwest","Female","50-54",50,2011,3,54,2553103,67157800
"Midwest","Female","50-54",50,2011,4,54,2553103,67157800
"Midwest","Female","50-54",50,2011,5,58,2553103,67157800
"Midwest","Female","50-54",50,2011,6,42,2553103,67157800
"Midwest","Female","50-54",50,2011,7,48,2553103,67157800
"Midwest","Female","50-54",50,2011,8,33,2553103,67157800
"Midwest","Female","50-54",50,2011,9,51,2553103,67157800
"Midwest","Female","50-54",50,2011,10,48,2553103,67157800
"Midwest","Female","50-54",50,2011,11,53,2553103,67157800
"Midwest","Female","50-54",50,2011,12,52,2553103,67157800
"Midwest","Female","50-54",50,2012,1,64,2536370,67336743
"Midwest","Female","50-54",50,2012,2,49,2536370,67336743
"Midwest","Female","50-54",50,2012,3,56,2536370,67336743
"Midwest","Female","50-54",50,2012,4,52,2536370,67336743
"Midwest","Female","50-54",50,2012,5,53,2536370,67336743
"Midwest","Female","50-54",50,2012,6,51,2536370,67336743
"Midwest","Female","50-54",50,2012,7,46,2536370,67336743
"Midwest","Female","50-54",50,2012,8,58,2536370,67336743
"Midwest","Female","50-54",50,2012,9,43,2536370,67336743
"Midwest","Female","50-54",50,2012,10,53,2536370,67336743
"Midwest","Female","50-54",50,2012,11,43,2536370,67336743
"Midwest","Female","50-54",50,2012,12,44,2536370,67336743
"Midwest","Female","50-54",50,2013,1,47,2510373,67560379
"Midwest","Female","50-54",50,2013,2,56,2510373,67560379
"Midwest","Female","50-54",50,2013,3,56,2510373,67560379
"Midwest","Female","50-54",50,2013,4,58,2510373,67560379
"Midwest","Female","50-54",50,2013,5,58,2510373,67560379
"Midwest","Female","50-54",50,2013,6,45,2510373,67560379
"Midwest","Female","50-54",50,2013,7,51,2510373,67560379
"Midwest","Female","50-54",50,2013,8,61,2510373,67560379
"Midwest","Female","50-54",50,2013,9,44,2510373,67560379
"Midwest","Female","50-54",50,2013,10,56,2510373,67560379
"Midwest","Female","50-54",50,2013,11,38,2510373,67560379
"Midwest","Female","50-54",50,2013,12,60,2510373,67560379
"Midwest","Female","50-54",50,2014,1,69,2479808,67745167
"Midwest","Female","50-54",50,2014,2,60,2479808,67745167
"Midwest","Female","50-54",50,2014,3,46,2479808,67745167
"Midwest","Female","50-54",50,2014,4,44,2479808,67745167
"Midwest","Female","50-54",50,2014,5,53,2479808,67745167
"Midwest","Female","50-54",50,2014,6,53,2479808,67745167
"Midwest","Female","50-54",50,2014,7,62,2479808,67745167
"Midwest","Female","50-54",50,2014,8,61,2479808,67745167
"Midwest","Female","50-54",50,2014,9,54,2479808,67745167
"Midwest","Female","50-54",50,2014,10,55,2479808,67745167
"Midwest","Female","50-54",50,2014,11,67,2479808,67745167
"Midwest","Female","50-54",50,2014,12,54,2479808,67745167
"Midwest","Female","50-54",50,2015,1,61,2422353,67860583
"Midwest","Female","50-54",50,2015,2,59,2422353,67860583
"Midwest","Female","50-54",50,2015,3,61,2422353,67860583
"Midwest","Female","50-54",50,2015,4,59,2422353,67860583
"Midwest","Female","50-54",50,2015,5,58,2422353,67860583
"Midwest","Female","50-54",50,2015,6,56,2422353,67860583
"Midwest","Female","50-54",50,2015,7,54,2422353,67860583
"Midwest","Female","50-54",50,2015,8,53,2422353,67860583
"Midwest","Female","50-54",50,2015,9,61,2422353,67860583
"Midwest","Female","50-54",50,2015,10,60,2422353,67860583
"Midwest","Female","50-54",50,2015,11,59,2422353,67860583
"Midwest","Female","50-54",50,2015,12,50,2422353,67860583
"Midwest","Female","50-54",50,2016,1,42,2339351,67987540
"Midwest","Female","50-54",50,2016,2,59,2339351,67987540
"Midwest","Female","50-54",50,2016,3,66,2339351,67987540
"Midwest","Female","50-54",50,2016,4,65,2339351,67987540
"Midwest","Female","50-54",50,2016,5,51,2339351,67987540
"Midwest","Female","50-54",50,2016,6,60,2339351,67987540
"Midwest","Female","50-54",50,2016,7,69,2339351,67987540
"Midwest","Female","50-54",50,2016,8,52,2339351,67987540
"Midwest","Female","50-54",50,2016,9,58,2339351,67987540
"Midwest","Female","50-54",50,2016,10,72,2339351,67987540
"Midwest","Female","50-54",50,2016,11,64,2339351,67987540
"Midwest","Female","50-54",50,2016,12,57,2339351,67987540
"Midwest","Female","50-54",50,2017,1,80,2262734,68126781
"Midwest","Female","50-54",50,2017,2,64,2262734,68126781
"Midwest","Female","50-54",50,2017,3,56,2262734,68126781
"Midwest","Female","50-54",50,2017,4,75,2262734,68126781
"Midwest","Female","50-54",50,2017,5,72,2262734,68126781
"Midwest","Female","50-54",50,2017,6,63,2262734,68126781
"Midwest","Female","50-54",50,2017,7,55,2262734,68126781
"Midwest","Female","50-54",50,2017,8,61,2262734,68126781
"Midwest","Female","50-54",50,2017,9,55,2262734,68126781
"Midwest","Female","50-54",50,2017,10,72,2262734,68126781
"Midwest","Female","50-54",50,2017,11,57,2262734,68126781
"Midwest","Female","50-54",50,2017,12,56,2262734,68126781
"Midwest","Female","50-54",50,2018,1,58,2185791,68236628
"Midwest","Female","50-54",50,2018,2,47,2185791,68236628
"Midwest","Female","50-54",50,2018,3,67,2185791,68236628
"Midwest","Female","50-54",50,2018,4,44,2185791,68236628
"Midwest","Female","50-54",50,2018,5,65,2185791,68236628
"Midwest","Female","50-54",50,2018,6,61,2185791,68236628
"Midwest","Female","50-54",50,2018,7,50,2185791,68236628
"Midwest","Female","50-54",50,2018,8,55,2185791,68236628
"Midwest","Female","50-54",50,2018,9,70,2185791,68236628
"Midwest","Female","50-54",50,2018,10,35,2185791,68236628
"Midwest","Female","50-54",50,2018,11,51,2185791,68236628
"Midwest","Female","50-54",50,2018,12,48,2185791,68236628
"Midwest","Female","50-54",50,2019,1,65,2124127,68329004
"Midwest","Female","50-54",50,2019,2,55,2124127,68329004
"Midwest","Female","50-54",50,2019,3,60,2124127,68329004
"Midwest","Female","50-54",50,2019,4,43,2124127,68329004
"Midwest","Female","50-54",50,2019,5,46,2124127,68329004
"Midwest","Female","50-54",50,2019,6,40,2124127,68329004
"Midwest","Female","50-54",50,2019,7,50,2124127,68329004
"Midwest","Female","50-54",50,2019,8,60,2124127,68329004
"Midwest","Female","50-54",50,2019,9,46,2124127,68329004
"Midwest","Female","50-54",50,2019,10,63,2124127,68329004
"Midwest","Female","50-54",50,2019,11,49,2124127,68329004
"Midwest","Female","50-54",50,2019,12,59,2124127,68329004
"Midwest","Male","15-19",15,2011,1,9,2428279,67157800
"Midwest","Male","15-19",15,2011,2,14,2428279,67157800
"Midwest","Male","15-19",15,2011,3,20,2428279,67157800
"Midwest","Male","15-19",15,2011,4,5,2428279,67157800
"Midwest","Male","15-19",15,2011,5,9,2428279,67157800
"Midwest","Male","15-19",15,2011,6,7,2428279,67157800
"Midwest","Male","15-19",15,2011,7,16,2428279,67157800
"Midwest","Male","15-19",15,2011,8,16,2428279,67157800
"Midwest","Male","15-19",15,2011,9,12,2428279,67157800
"Midwest","Male","15-19",15,2011,10,5,2428279,67157800
"Midwest","Male","15-19",15,2011,11,15,2428279,67157800
"Midwest","Male","15-19",15,2011,12,10,2428279,67157800
"Midwest","Male","15-19",15,2012,1,10,2384132,67336743
"Midwest","Male","15-19",15,2012,2,9,2384132,67336743
"Midwest","Male","15-19",15,2012,3,8,2384132,67336743
"Midwest","Male","15-19",15,2012,4,10,2384132,67336743
"Midwest","Male","15-19",15,2012,5,4,2384132,67336743
"Midwest","Male","15-19",15,2012,6,12,2384132,67336743
"Midwest","Male","15-19",15,2012,7,11,2384132,67336743
"Midwest","Male","15-19",15,2012,8,12,2384132,67336743
"Midwest","Male","15-19",15,2012,9,15,2384132,67336743
"Midwest","Male","15-19",15,2012,10,16,2384132,67336743
"Midwest","Male","15-19",15,2012,11,11,2384132,67336743
"Midwest","Male","15-19",15,2012,12,12,2384132,67336743
"Midwest","Male","15-19",15,2013,1,9,2352965,67560379
"Midwest","Male","15-19",15,2013,2,12,2352965,67560379
"Midwest","Male","15-19",15,2013,3,15,2352965,67560379
"Midwest","Male","15-19",15,2013,4,6,2352965,67560379
"Midwest","Male","15-19",15,2013,5,8,2352965,67560379
"Midwest","Male","15-19",15,2013,6,10,2352965,67560379
"Midwest","Male","15-19",15,2013,7,6,2352965,67560379
"Midwest","Male","15-19",15,2013,8,6,2352965,67560379
"Midwest","Male","15-19",15,2013,9,13,2352965,67560379
"Midwest","Male","15-19",15,2013,10,12,2352965,67560379
"Midwest","Male","15-19",15,2013,11,10,2352965,67560379
"Midwest","Male","15-19",15,2013,12,10,2352965,67560379
"Midwest","Male","15-19",15,2014,1,19,2329474,67745167
"Midwest","Male","15-19",15,2014,2,5,2329474,67745167
"Midwest","Male","15-19",15,2014,3,9,2329474,67745167
"Midwest","Male","15-19",15,2014,4,12,2329474,67745167
"Midwest","Male","15-19",15,2014,5,8,2329474,67745167
"Midwest","Male","15-19",15,2014,6,10,2329474,67745167
"Midwest","Male","15-19",15,2014,7,6,2329474,67745167
"Midwest","Male","15-19",15,2014,8,7,2329474,67745167
"Midwest","Male","15-19",15,2014,9,13,2329474,67745167
"Midwest","Male","15-19",15,2014,10,6,2329474,67745167
"Midwest","Male","15-19",15,2014,11,10,2329474,67745167
"Midwest","Male","15-19",15,2014,12,17,2329474,67745167
"Midwest","Male","15-19",15,2015,1,15,2320809,67860583
"Midwest","Male","15-19",15,2015,2,7,2320809,67860583
"Midwest","Male","15-19",15,2015,3,11,2320809,67860583
"Midwest","Male","15-19",15,2015,4,12,2320809,67860583
"Midwest","Male","15-19",15,2015,5,13,2320809,67860583
"Midwest","Male","15-19",15,2015,6,9,2320809,67860583
"Midwest","Male","15-19",15,2015,7,19,2320809,67860583
"Midwest","Male","15-19",15,2015,8,11,2320809,67860583
"Midwest","Male","15-19",15,2015,9,9,2320809,67860583
"Midwest","Male","15-19",15,2015,10,10,2320809,67860583
"Midwest","Male","15-19",15,2015,11,11,2320809,67860583
"Midwest","Male","15-19",15,2015,12,8,2320809,67860583
"Midwest","Male","15-19",15,2016,1,12,2313478,67987540
"Midwest","Male","15-19",15,2016,2,8,2313478,67987540
"Midwest","Male","15-19",15,2016,3,17,2313478,67987540
"Midwest","Male","15-19",15,2016,4,9,2313478,67987540
"Midwest","Male","15-19",15,2016,5,8,2313478,67987540
"Midwest","Male","15-19",15,2016,6,13,2313478,67987540
"Midwest","Male","15-19",15,2016,7,14,2313478,67987540
"Midwest","Male","15-19",15,2016,8,9,2313478,67987540
"Midwest","Male","15-19",15,2016,9,8,2313478,67987540
"Midwest","Male","15-19",15,2016,10,11,2313478,67987540
"Midwest","Male","15-19",15,2016,11,17,2313478,67987540
"Midwest","Male","15-19",15,2016,12,11,2313478,67987540
"Midwest","Male","15-19",15,2017,1,17,2301026,68126781
"Midwest","Male","15-19",15,2017,2,12,2301026,68126781
"Midwest","Male","15-19",15,2017,3,10,2301026,68126781
"Midwest","Male","15-19",15,2017,4,11,2301026,68126781
"Midwest","Male","15-19",15,2017,5,11,2301026,68126781
"Midwest","Male","15-19",15,2017,6,8,2301026,68126781
"Midwest","Male","15-19",15,2017,7,16,2301026,68126781
"Midwest","Male","15-19",15,2017,8,15,2301026,68126781
"Midwest","Male","15-19",15,2017,9,16,2301026,68126781
"Midwest","Male","15-19",15,2017,10,7,2301026,68126781
"Midwest","Male","15-19",15,2017,11,11,2301026,68126781
"Midwest","Male","15-19",15,2017,12,13,2301026,68126781
"Midwest","Male","15-19",15,2018,1,14,2288669,68236628
"Midwest","Male","15-19",15,2018,2,8,2288669,68236628
"Midwest","Male","15-19",15,2018,3,3,2288669,68236628
"Midwest","Male","15-19",15,2018,4,9,2288669,68236628
"Midwest","Male","15-19",15,2018,5,15,2288669,68236628
"Midwest","Male","15-19",15,2018,6,10,2288669,68236628
"Midwest","Male","15-19",15,2018,7,11,2288669,68236628
"Midwest","Male","15-19",15,2018,8,9,2288669,68236628
"Midwest","Male","15-19",15,2018,9,12,2288669,68236628
"Midwest","Male","15-19",15,2018,10,4,2288669,68236628
"Midwest","Male","15-19",15,2018,11,10,2288669,68236628
"Midwest","Male","15-19",15,2018,12,11,2288669,68236628
"Midwest","Male","15-19",15,2019,1,11,2281963,68329004
"Midwest","Male","15-19",15,2019,2,10,2281963,68329004
"Midwest","Male","15-19",15,2019,3,7,2281963,68329004
"Midwest","Male","15-19",15,2019,4,12,2281963,68329004
"Midwest","Male","15-19",15,2019,5,10,2281963,68329004
"Midwest","Male","15-19",15,2019,6,11,2281963,68329004
"Midwest","Male","15-19",15,2019,7,10,2281963,68329004
"Midwest","Male","15-19",15,2019,8,8,2281963,68329004
"Midwest","Male","15-19",15,2019,9,4,2281963,68329004
"Midwest","Male","15-19",15,2019,10,10,2281963,68329004
"Midwest","Male","15-19",15,2019,11,11,2281963,68329004
"Midwest","Male","15-19",15,2019,12,14,2281963,68329004
"Midwest","Male","20-24",20,2011,1,31,2372292,67157800
"Midwest","Male","20-24",20,2011,2,27,2372292,67157800
"Midwest","Male","20-24",20,2011,3,43,2372292,67157800
"Midwest","Male","20-24",20,2011,4,45,2372292,67157800
"Midwest","Male","20-24",20,2011,5,40,2372292,67157800
"Midwest","Male","20-24",20,2011,6,43,2372292,67157800
"Midwest","Male","20-24",20,2011,7,41,2372292,67157800
"Midwest","Male","20-24",20,2011,8,44,2372292,67157800
"Midwest","Male","20-24",20,2011,9,41,2372292,67157800
"Midwest","Male","20-24",20,2011,10,36,2372292,67157800
"Midwest","Male","20-24",20,2011,11,44,2372292,67157800
"Midwest","Male","20-24",20,2011,12,49,2372292,67157800
"Midwest","Male","20-24",20,2012,1,42,2429009,67336743
"Midwest","Male","20-24",20,2012,2,49,2429009,67336743
"Midwest","Male","20-24",20,2012,3,34,2429009,67336743
"Midwest","Male","20-24",20,2012,4,40,2429009,67336743
"Midwest","Male","20-24",20,2012,5,39,2429009,67336743
"Midwest","Male","20-24",20,2012,6,53,2429009,67336743
"Midwest","Male","20-24",20,2012,7,48,2429009,67336743
"Midwest","Male","20-24",20,2012,8,45,2429009,67336743
"Midwest","Male","20-24",20,2012,9,43,2429009,67336743
"Midwest","Male","20-24",20,2012,10,45,2429009,67336743
"Midwest","Male","20-24",20,2012,11,31,2429009,67336743
"Midwest","Male","20-24",20,2012,12,41,2429009,67336743
"Midwest","Male","20-24",20,2013,1,50,2469867,67560379
"Midwest","Male","20-24",20,2013,2,39,2469867,67560379
"Midwest","Male","20-24",20,2013,3,50,2469867,67560379
"Midwest","Male","20-24",20,2013,4,40,2469867,67560379
"Midwest","Male","20-24",20,2013,5,53,2469867,67560379
"Midwest","Male","20-24",20,2013,6,56,2469867,67560379
"Midwest","Male","20-24",20,2013,7,48,2469867,67560379
"Midwest","Male","20-24",20,2013,8,48,2469867,67560379
"Midwest","Male","20-24",20,2013,9,43,2469867,67560379
"Midwest","Male","20-24",20,2013,10,43,2469867,67560379
"Midwest","Male","20-24",20,2013,11,44,2469867,67560379
"Midwest","Male","20-24",20,2013,12,32,2469867,67560379
"Midwest","Male","20-24",20,2014,1,36,2484908,67745167
"Midwest","Male","20-24",20,2014,2,44,2484908,67745167
"Midwest","Male","20-24",20,2014,3,38,2484908,67745167
"Midwest","Male","20-24",20,2014,4,47,2484908,67745167
"Midwest","Male","20-24",20,2014,5,40,2484908,67745167
"Midwest","Male","20-24",20,2014,6,40,2484908,67745167
"Midwest","Male","20-24",20,2014,7,73,2484908,67745167
"Midwest","Male","20-24",20,2014,8,53,2484908,67745167
"Midwest","Male","20-24",20,2014,9,44,2484908,67745167
"Midwest","Male","20-24",20,2014,10,51,2484908,67745167
"Midwest","Male","20-24",20,2014,11,43,2484908,67745167
"Midwest","Male","20-24",20,2014,12,67,2484908,67745167
"Midwest","Male","20-24",20,2015,1,52,2470919,67860583
"Midwest","Male","20-24",20,2015,2,46,2470919,67860583
"Midwest","Male","20-24",20,2015,3,64,2470919,67860583
"Midwest","Male","20-24",20,2015,4,58,2470919,67860583
"Midwest","Male","20-24",20,2015,5,52,2470919,67860583
"Midwest","Male","20-24",20,2015,6,49,2470919,67860583
"Midwest","Male","20-24",20,2015,7,45,2470919,67860583
"Midwest","Male","20-24",20,2015,8,42,2470919,67860583
"Midwest","Male","20-24",20,2015,9,51,2470919,67860583
"Midwest","Male","20-24",20,2015,10,44,2470919,67860583
"Midwest","Male","20-24",20,2015,11,45,2470919,67860583
"Midwest","Male","20-24",20,2015,12,52,2470919,67860583
"Midwest","Male","20-24",20,2016,1,64,2439377,67987540
"Midwest","Male","20-24",20,2016,2,67,2439377,67987540
"Midwest","Male","20-24",20,2016,3,76,2439377,67987540
"Midwest","Male","20-24",20,2016,4,71,2439377,67987540
"Midwest","Male","20-24",20,2016,5,67,2439377,67987540
"Midwest","Male","20-24",20,2016,6,70,2439377,67987540
"Midwest","Male","20-24",20,2016,7,71,2439377,67987540
"Midwest","Male","20-24",20,2016,8,64,2439377,67987540
"Midwest","Male","20-24",20,2016,9,71,2439377,67987540
"Midwest","Male","20-24",20,2016,10,62,2439377,67987540
"Midwest","Male","20-24",20,2016,11,86,2439377,67987540
"Midwest","Male","20-24",20,2016,12,81,2439377,67987540
"Midwest","Male","20-24",20,2017,1,70,2397325,68126781
"Midwest","Male","20-24",20,2017,2,74,2397325,68126781
"Midwest","Male","20-24",20,2017,3,78,2397325,68126781
"Midwest","Male","20-24",20,2017,4,73,2397325,68126781
"Midwest","Male","20-24",20,2017,5,67,2397325,68126781
"Midwest","Male","20-24",20,2017,6,62,2397325,68126781
"Midwest","Male","20-24",20,2017,7,84,2397325,68126781
"Midwest","Male","20-24",20,2017,8,56,2397325,68126781
"Midwest","Male","20-24",20,2017,9,79,2397325,68126781
"Midwest","Male","20-24",20,2017,10,69,2397325,68126781
"Midwest","Male","20-24",20,2017,11,67,2397325,68126781
"Midwest","Male","20-24",20,2017,12,61,2397325,68126781
"Midwest","Male","20-24",20,2018,1,52,2362999,68236628
"Midwest","Male","20-24",20,2018,2,46,2362999,68236628
"Midwest","Male","20-24",20,2018,3,70,2362999,68236628
"Midwest","Male","20-24",20,2018,4,47,2362999,68236628
"Midwest","Male","20-24",20,2018,5,57,2362999,68236628
"Midwest","Male","20-24",20,2018,6,42,2362999,68236628
"Midwest","Male","20-24",20,2018,7,69,2362999,68236628
"Midwest","Male","20-24",20,2018,8,62,2362999,68236628
"Midwest","Male","20-24",20,2018,9,56,2362999,68236628
"Midwest","Male","20-24",20,2018,10,61,2362999,68236628
"Midwest","Male","20-24",20,2018,11,41,2362999,68236628
"Midwest","Male","20-24",20,2018,12,50,2362999,68236628
"Midwest","Male","20-24",20,2019,1,38,2336562,68329004
"Midwest","Male","20-24",20,2019,2,38,2336562,68329004
"Midwest","Male","20-24",20,2019,3,50,2336562,68329004
"Midwest","Male","20-24",20,2019,4,48,2336562,68329004
"Midwest","Male","20-24",20,2019,5,56,2336562,68329004
"Midwest","Male","20-24",20,2019,6,52,2336562,68329004
"Midwest","Male","20-24",20,2019,7,63,2336562,68329004
"Midwest","Male","20-24",20,2019,8,47,2336562,68329004
"Midwest","Male","20-24",20,2019,9,59,2336562,68329004
"Midwest","Male","20-24",20,2019,10,60,2336562,68329004
"Midwest","Male","20-24",20,2019,11,63,2336562,68329004
"Midwest","Male","20-24",20,2019,12,56,2336562,68329004
"Midwest","Male","25-29",25,2011,1,47,2217440,67157800
"Midwest","Male","25-29",25,2011,2,69,2217440,67157800
"Midwest","Male","25-29",25,2011,3,53,2217440,67157800
"Midwest","Male","25-29",25,2011,4,56,2217440,67157800
"Midwest","Male","25-29",25,2011,5,51,2217440,67157800
"Midwest","Male","25-29",25,2011,6,65,2217440,67157800
"Midwest","Male","25-29",25,2011,7,74,2217440,67157800
"Midwest","Male","25-29",25,2011,8,61,2217440,67157800
"Midwest","Male","25-29",25,2011,9,43,2217440,67157800
"Midwest","Male","25-29",25,2011,10,54,2217440,67157800
"Midwest","Male","25-29",25,2011,11,47,2217440,67157800
"Midwest","Male","25-29",25,2011,12,65,2217440,67157800
"Midwest","Male","25-29",25,2012,1,50,2208994,67336743
"Midwest","Male","25-29",25,2012,2,61,2208994,67336743
"Midwest","Male","25-29",25,2012,3,57,2208994,67336743
"Midwest","Male","25-29",25,2012,4,65,2208994,67336743
"Midwest","Male","25-29",25,2012,5,60,2208994,67336743
"Midwest","Male","25-29",25,2012,6,48,2208994,67336743
"Midwest","Male","25-29",25,2012,7,53,2208994,67336743
"Midwest","Male","25-29",25,2012,8,55,2208994,67336743
"Midwest","Male","25-29",25,2012,9,70,2208994,67336743
"Midwest","Male","25-29",25,2012,10,56,2208994,67336743
"Midwest","Male","25-29",25,2012,11,58,2208994,67336743
"Midwest","Male","25-29",25,2012,12,58,2208994,67336743
"Midwest","Male","25-29",25,2013,1,60,2217616,67560379
"Midwest","Male","25-29",25,2013,2,65,2217616,67560379
"Midwest","Male","25-29",25,2013,3,70,2217616,67560379
"Midwest","Male","25-29",25,2013,4,61,2217616,67560379
"Midwest","Male","25-29",25,2013,5,64,2217616,67560379
"Midwest","Male","25-29",25,2013,6,72,2217616,67560379
"Midwest","Male","25-29",25,2013,7,59,2217616,67560379
"Midwest","Male","25-29",25,2013,8,57,2217616,67560379
"Midwest","Male","25-29",25,2013,9,56,2217616,67560379
"Midwest","Male","25-29",25,2013,10,47,2217616,67560379
"Midwest","Male","25-29",25,2013,11,63,2217616,67560379
"Midwest","Male","25-29",25,2013,12,62,2217616,67560379
"Midwest","Male","25-29",25,2014,1,51,2243360,67745167
"Midwest","Male","25-29",25,2014,2,71,2243360,67745167
"Midwest","Male","25-29",25,2014,3,66,2243360,67745167
"Midwest","Male","25-29",25,2014,4,64,2243360,67745167
"Midwest","Male","25-29",25,2014,5,58,2243360,67745167
"Midwest","Male","25-29",25,2014,6,86,2243360,67745167
"Midwest","Male","25-29",25,2014,7,63,2243360,67745167
"Midwest","Male","25-29",25,2014,8,58,2243360,67745167
"Midwest","Male","25-29",25,2014,9,74,2243360,67745167
"Midwest","Male","25-29",25,2014,10,80,2243360,67745167
"Midwest","Male","25-29",25,2014,11,75,2243360,67745167
"Midwest","Male","25-29",25,2014,12,65,2243360,67745167
"Midwest","Male","25-29",25,2015,1,62,2271099,67860583
"Midwest","Male","25-29",25,2015,2,82,2271099,67860583
"Midwest","Male","25-29",25,2015,3,80,2271099,67860583
"Midwest","Male","25-29",25,2015,4,97,2271099,67860583
"Midwest","Male","25-29",25,2015,5,61,2271099,67860583
"Midwest","Male","25-29",25,2015,6,78,2271099,67860583
"Midwest","Male","25-29",25,2015,7,73,2271099,67860583
"Midwest","Male","25-29",25,2015,8,62,2271099,67860583
"Midwest","Male","25-29",25,2015,9,73,2271099,67860583
"Midwest","Male","25-29",25,2015,10,79,2271099,67860583
"Midwest","Male","25-29",25,2015,11,90,2271099,67860583
"Midwest","Male","25-29",25,2015,12,88,2271099,67860583
"Midwest","Male","25-29",25,2016,1,106,2309887,67987540
"Midwest","Male","25-29",25,2016,2,101,2309887,67987540
"Midwest","Male","25-29",25,2016,3,108,2309887,67987540
"Midwest","Male","25-29",25,2016,4,92,2309887,67987540
"Midwest","Male","25-29",25,2016,5,113,2309887,67987540
"Midwest","Male","25-29",25,2016,6,83,2309887,67987540
"Midwest","Male","25-29",25,2016,7,99,2309887,67987540
"Midwest","Male","25-29",25,2016,8,122,2309887,67987540
"Midwest","Male","25-29",25,2016,9,125,2309887,67987540
"Midwest","Male","25-29",25,2016,10,121,2309887,67987540
"Midwest","Male","25-29",25,2016,11,122,2309887,67987540
"Midwest","Male","25-29",25,2016,12,135,2309887,67987540
"Midwest","Male","25-29",25,2017,1,131,2359734,68126781
"Midwest","Male","25-29",25,2017,2,120,2359734,68126781
"Midwest","Male","25-29",25,2017,3,125,2359734,68126781
"Midwest","Male","25-29",25,2017,4,104,2359734,68126781
"Midwest","Male","25-29",25,2017,5,133,2359734,68126781
"Midwest","Male","25-29",25,2017,6,126,2359734,68126781
"Midwest","Male","25-29",25,2017,7,132,2359734,68126781
"Midwest","Male","25-29",25,2017,8,131,2359734,68126781
"Midwest","Male","25-29",25,2017,9,138,2359734,68126781
"Midwest","Male","25-29",25,2017,10,122,2359734,68126781
"Midwest","Male","25-29",25,2017,11,110,2359734,68126781
"Midwest","Male","25-29",25,2017,12,106,2359734,68126781
"Midwest","Male","25-29",25,2018,1,105,2390071,68236628
"Midwest","Male","25-29",25,2018,2,101,2390071,68236628
"Midwest","Male","25-29",25,2018,3,117,2390071,68236628
"Midwest","Male","25-29",25,2018,4,115,2390071,68236628
"Midwest","Male","25-29",25,2018,5,104,2390071,68236628
"Midwest","Male","25-29",25,2018,6,124,2390071,68236628
"Midwest","Male","25-29",25,2018,7,122,2390071,68236628
"Midwest","Male","25-29",25,2018,8,102,2390071,68236628
"Midwest","Male","25-29",25,2018,9,96,2390071,68236628
"Midwest","Male","25-29",25,2018,10,120,2390071,68236628
"Midwest","Male","25-29",25,2018,11,108,2390071,68236628
"Midwest","Male","25-29",25,2018,12,126,2390071,68236628
"Midwest","Male","25-29",25,2019,1,83,2400354,68329004
"Midwest","Male","25-29",25,2019,2,79,2400354,68329004
"Midwest","Male","25-29",25,2019,3,115,2400354,68329004
"Midwest","Male","25-29",25,2019,4,99,2400354,68329004
"Midwest","Male","25-29",25,2019,5,115,2400354,68329004
"Midwest","Male","25-29",25,2019,6,110,2400354,68329004
"Midwest","Male","25-29",25,2019,7,124,2400354,68329004
"Midwest","Male","25-29",25,2019,8,120,2400354,68329004
"Midwest","Male","25-29",25,2019,9,125,2400354,68329004
"Midwest","Male","25-29",25,2019,10,100,2400354,68329004
"Midwest","Male","25-29",25,2019,11,117,2400354,68329004
"Midwest","Male","25-29",25,2019,12,104,2400354,68329004
"Midwest","Male","30-34",30,2011,1,57,2151298,67157800
"Midwest","Male","30-34",30,2011,2,59,2151298,67157800
"Midwest","Male","30-34",30,2011,3,49,2151298,67157800
"Midwest","Male","30-34",30,2011,4,60,2151298,67157800
"Midwest","Male","30-34",30,2011,5,50,2151298,67157800
"Midwest","Male","30-34",30,2011,6,51,2151298,67157800
"Midwest","Male","30-34",30,2011,7,56,2151298,67157800
"Midwest","Male","30-34",30,2011,8,60,2151298,67157800
"Midwest","Male","30-34",30,2011,9,51,2151298,67157800
"Midwest","Male","30-34",30,2011,10,58,2151298,67157800
"Midwest","Male","30-34",30,2011,11,59,2151298,67157800
"Midwest","Male","30-34",30,2011,12,67,2151298,67157800
"Midwest","Male","30-34",30,2012,1,50,2183504,67336743
"Midwest","Male","30-34",30,2012,2,85,2183504,67336743
"Midwest","Male","30-34",30,2012,3,66,2183504,67336743
"Midwest","Male","30-34",30,2012,4,47,2183504,67336743
"Midwest","Male","30-34",30,2012,5,80,2183504,67336743
"Midwest","Male","30-34",30,2012,6,71,2183504,67336743
"Midwest","Male","30-34",30,2012,7,73,2183504,67336743
"Midwest","Male","30-34",30,2012,8,65,2183504,67336743
"Midwest","Male","30-34",30,2012,9,66,2183504,67336743
"Midwest","Male","30-34",30,2012,10,55,2183504,67336743
"Midwest","Male","30-34",30,2012,11,55,2183504,67336743
"Midwest","Male","30-34",30,2012,12,57,2183504,67336743
"Midwest","Male","30-34",30,2013,1,66,2212142,67560379
"Midwest","Male","30-34",30,2013,2,66,2212142,67560379
"Midwest","Male","30-34",30,2013,3,66,2212142,67560379
"Midwest","Male","30-34",30,2013,4,60,2212142,67560379
"Midwest","Male","30-34",30,2013,5,72,2212142,67560379
"Midwest","Male","30-34",30,2013,6,74,2212142,67560379
"Midwest","Male","30-34",30,2013,7,72,2212142,67560379
"Midwest","Male","30-34",30,2013,8,65,2212142,67560379
"Midwest","Male","30-34",30,2013,9,80,2212142,67560379
"Midwest","Male","30-34",30,2013,10,55,2212142,67560379
"Midwest","Male","30-34",30,2013,11,59,2212142,67560379
"Midwest","Male","30-34",30,2013,12,66,2212142,67560379
"Midwest","Male","30-34",30,2014,1,69,2220562,67745167
"Midwest","Male","30-34",30,2014,2,62,2220562,67745167
"Midwest","Male","30-34",30,2014,3,82,2220562,67745167
"Midwest","Male","30-34",30,2014,4,54,2220562,67745167
"Midwest","Male","30-34",30,2014,5,79,2220562,67745167
"Midwest","Male","30-34",30,2014,6,76,2220562,67745167
"Midwest","Male","30-34",30,2014,7,88,2220562,67745167
"Midwest","Male","30-34",30,2014,8,87,2220562,67745167
"Midwest","Male","30-34",30,2014,9,79,2220562,67745167
"Midwest","Male","30-34",30,2014,10,73,2220562,67745167
"Midwest","Male","30-34",30,2014,11,75,2220562,67745167
"Midwest","Male","30-34",30,2014,12,88,2220562,67745167
"Midwest","Male","30-34",30,2015,1,77,2217340,67860583
"Midwest","Male","30-34",30,2015,2,89,2217340,67860583
"Midwest","Male","30-34",30,2015,3,91,2217340,67860583
"Midwest","Male","30-34",30,2015,4,101,2217340,67860583
"Midwest","Male","30-34",30,2015,5,113,2217340,67860583
"Midwest","Male","30-34",30,2015,6,96,2217340,67860583
"Midwest","Male","30-34",30,2015,7,96,2217340,67860583
"Midwest","Male","30-34",30,2015,8,91,2217340,67860583
"Midwest","Male","30-34",30,2015,9,100,2217340,67860583
"Midwest","Male","30-34",30,2015,10,102,2217340,67860583
"Midwest","Male","30-34",30,2015,11,90,2217340,67860583
"Midwest","Male","30-34",30,2015,12,79,2217340,67860583
"Midwest","Male","30-34",30,2016,1,104,2219117,67987540
"Midwest","Male","30-34",30,2016,2,130,2219117,67987540
"Midwest","Male","30-34",30,2016,3,124,2219117,67987540
"Midwest","Male","30-34",30,2016,4,107,2219117,67987540
"Midwest","Male","30-34",30,2016,5,111,2219117,67987540
"Midwest","Male","30-34",30,2016,6,107,2219117,67987540
"Midwest","Male","30-34",30,2016,7,106,2219117,67987540
"Midwest","Male","30-34",30,2016,8,135,2219117,67987540
"Midwest","Male","30-34",30,2016,9,120,2219117,67987540
"Midwest","Male","30-34",30,2016,10,124,2219117,67987540
"Midwest","Male","30-34",30,2016,11,135,2219117,67987540
"Midwest","Male","30-34",30,2016,12,127,2219117,67987540
"Midwest","Male","30-34",30,2017,1,151,2213959,68126781
"Midwest","Male","30-34",30,2017,2,148,2213959,68126781
"Midwest","Male","30-34",30,2017,3,129,2213959,68126781
"Midwest","Male","30-34",30,2017,4,139,2213959,68126781
"Midwest","Male","30-34",30,2017,5,123,2213959,68126781
"Midwest","Male","30-34",30,2017,6,121,2213959,68126781
"Midwest","Male","30-34",30,2017,7,138,2213959,68126781
"Midwest","Male","30-34",30,2017,8,125,2213959,68126781
"Midwest","Male","30-34",30,2017,9,149,2213959,68126781
"Midwest","Male","30-34",30,2017,10,129,2213959,68126781
"Midwest","Male","30-34",30,2017,11,132,2213959,68126781
"Midwest","Male","30-34",30,2017,12,119,2213959,68126781
"Midwest","Male","30-34",30,2018,1,115,2216841,68236628
"Midwest","Male","30-34",30,2018,2,123,2216841,68236628
"Midwest","Male","30-34",30,2018,3,143,2216841,68236628
"Midwest","Male","30-34",30,2018,4,103,2216841,68236628
"Midwest","Male","30-34",30,2018,5,127,2216841,68236628
"Midwest","Male","30-34",30,2018,6,138,2216841,68236628
"Midwest","Male","30-34",30,2018,7,123,2216841,68236628
"Midwest","Male","30-34",30,2018,8,113,2216841,68236628
"Midwest","Male","30-34",30,2018,9,126,2216841,68236628
"Midwest","Male","30-34",30,2018,10,139,2216841,68236628
"Midwest","Male","30-34",30,2018,11,115,2216841,68236628
"Midwest","Male","30-34",30,2018,12,110,2216841,68236628
"Midwest","Male","30-34",30,2019,1,100,2237458,68329004
"Midwest","Male","30-34",30,2019,2,102,2237458,68329004
"Midwest","Male","30-34",30,2019,3,131,2237458,68329004
"Midwest","Male","30-34",30,2019,4,99,2237458,68329004
"Midwest","Male","30-34",30,2019,5,125,2237458,68329004
"Midwest","Male","30-34",30,2019,6,100,2237458,68329004
"Midwest","Male","30-34",30,2019,7,133,2237458,68329004
"Midwest","Male","30-34",30,2019,8,119,2237458,68329004
"Midwest","Male","30-34",30,2019,9,126,2237458,68329004
"Midwest","Male","30-34",30,2019,10,130,2237458,68329004
"Midwest","Male","30-34",30,2019,11,144,2237458,68329004
"Midwest","Male","30-34",30,2019,12,135,2237458,68329004
"Midwest","Male","35-39",35,2011,1,52,2018479,67157800
"Midwest","Male","35-39",35,2011,2,43,2018479,67157800
"Midwest","Male","35-39",35,2011,3,41,2018479,67157800
"Midwest","Male","35-39",35,2011,4,43,2018479,67157800
"Midwest","Male","35-39",35,2011,5,58,2018479,67157800
"Midwest","Male","35-39",35,2011,6,45,2018479,67157800
"Midwest","Male","35-39",35,2011,7,64,2018479,67157800
"Midwest","Male","35-39",35,2011,8,50,2018479,67157800
"Midwest","Male","35-39",35,2011,9,50,2018479,67157800
"Midwest","Male","35-39",35,2011,10,50,2018479,67157800
"Midwest","Male","35-39",35,2011,11,51,2018479,67157800
"Midwest","Male","35-39",35,2011,12,61,2018479,67157800
"Midwest","Male","35-39",35,2012,1,61,2002095,67336743
"Midwest","Male","35-39",35,2012,2,57,2002095,67336743
"Midwest","Male","35-39",35,2012,3,64,2002095,67336743
"Midwest","Male","35-39",35,2012,4,42,2002095,67336743
"Midwest","Male","35-39",35,2012,5,55,2002095,67336743
"Midwest","Male","35-39",35,2012,6,49,2002095,67336743
"Midwest","Male","35-39",35,2012,7,53,2002095,67336743
"Midwest","Male","35-39",35,2012,8,67,2002095,67336743
"Midwest","Male","35-39",35,2012,9,47,2002095,67336743
"Midwest","Male","35-39",35,2012,10,61,2002095,67336743
"Midwest","Male","35-39",35,2012,11,58,2002095,67336743
"Midwest","Male","35-39",35,2012,12,46,2002095,67336743
"Midwest","Male","35-39",35,2013,1,60,2018547,67560379
"Midwest","Male","35-39",35,2013,2,55,2018547,67560379
"Midwest","Male","35-39",35,2013,3,50,2018547,67560379
"Midwest","Male","35-39",35,2013,4,51,2018547,67560379
"Midwest","Male","35-39",35,2013,5,57,2018547,67560379
"Midwest","Male","35-39",35,2013,6,66,2018547,67560379
"Midwest","Male","35-39",35,2013,7,55,2018547,67560379
"Midwest","Male","35-39",35,2013,8,69,2018547,67560379
"Midwest","Male","35-39",35,2013,9,63,2018547,67560379
"Midwest","Male","35-39",35,2013,10,67,2018547,67560379
"Midwest","Male","35-39",35,2013,11,64,2018547,67560379
"Midwest","Male","35-39",35,2013,12,44,2018547,67560379
"Midwest","Male","35-39",35,2014,1,70,2049118,67745167
"Midwest","Male","35-39",35,2014,2,67,2049118,67745167
"Midwest","Male","35-39",35,2014,3,65,2049118,67745167
"Midwest","Male","35-39",35,2014,4,70,2049118,67745167
"Midwest","Male","35-39",35,2014,5,58,2049118,67745167
"Midwest","Male","35-39",35,2014,6,62,2049118,67745167
"Midwest","Male","35-39",35,2014,7,66,2049118,67745167
"Midwest","Male","35-39",35,2014,8,75,2049118,67745167
"Midwest","Male","35-39",35,2014,9,88,2049118,67745167
"Midwest","Male","35-39",35,2014,10,72,2049118,67745167
"Midwest","Male","35-39",35,2014,11,64,2049118,67745167
"Midwest","Male","35-39",35,2014,12,78,2049118,67745167
"Midwest","Male","35-39",35,2015,1,81,2091407,67860583
"Midwest","Male","35-39",35,2015,2,75,2091407,67860583
"Midwest","Male","35-39",35,2015,3,82,2091407,67860583
"Midwest","Male","35-39",35,2015,4,82,2091407,67860583
"Midwest","Male","35-39",35,2015,5,70,2091407,67860583
"Midwest","Male","35-39",35,2015,6,79,2091407,67860583
"Midwest","Male","35-39",35,2015,7,64,2091407,67860583
"Midwest","Male","35-39",35,2015,8,90,2091407,67860583
"Midwest","Male","35-39",35,2015,9,84,2091407,67860583
"Midwest","Male","35-39",35,2015,10,87,2091407,67860583
"Midwest","Male","35-39",35,2015,11,91,2091407,67860583
"Midwest","Male","35-39",35,2015,12,72,2091407,67860583
"Midwest","Male","35-39",35,2016,1,102,2136022,67987540
"Midwest","Male","35-39",35,2016,2,104,2136022,67987540
"Midwest","Male","35-39",35,2016,3,120,2136022,67987540
"Midwest","Male","35-39",35,2016,4,108,2136022,67987540
"Midwest","Male","35-39",35,2016,5,125,2136022,67987540
"Midwest","Male","35-39",35,2016,6,117,2136022,67987540
"Midwest","Male","35-39",35,2016,7,101,2136022,67987540
"Midwest","Male","35-39",35,2016,8,114,2136022,67987540
"Midwest","Male","35-39",35,2016,9,132,2136022,67987540
"Midwest","Male","35-39",35,2016,10,110,2136022,67987540
"Midwest","Male","35-39",35,2016,11,123,2136022,67987540
"Midwest","Male","35-39",35,2016,12,145,2136022,67987540
"Midwest","Male","35-39",35,2017,1,142,2170891,68126781
"Midwest","Male","35-39",35,2017,2,144,2170891,68126781
"Midwest","Male","35-39",35,2017,3,145,2170891,68126781
"Midwest","Male","35-39",35,2017,4,126,2170891,68126781
"Midwest","Male","35-39",35,2017,5,140,2170891,68126781
"Midwest","Male","35-39",35,2017,6,113,2170891,68126781
"Midwest","Male","35-39",35,2017,7,121,2170891,68126781
"Midwest","Male","35-39",35,2017,8,124,2170891,68126781
"Midwest","Male","35-39",35,2017,9,116,2170891,68126781
"Midwest","Male","35-39",35,2017,10,123,2170891,68126781
"Midwest","Male","35-39",35,2017,11,125,2170891,68126781
"Midwest","Male","35-39",35,2017,12,117,2170891,68126781
"Midwest","Male","35-39",35,2018,1,110,2196341,68236628
"Midwest","Male","35-39",35,2018,2,124,2196341,68236628
"Midwest","Male","35-39",35,2018,3,119,2196341,68236628
"Midwest","Male","35-39",35,2018,4,125,2196341,68236628
"Midwest","Male","35-39",35,2018,5,111,2196341,68236628
"Midwest","Male","35-39",35,2018,6,115,2196341,68236628
"Midwest","Male","35-39",35,2018,7,143,2196341,68236628
"Midwest","Male","35-39",35,2018,8,128,2196341,68236628
"Midwest","Male","35-39",35,2018,9,108,2196341,68236628
"Midwest","Male","35-39",35,2018,10,121,2196341,68236628
"Midwest","Male","35-39",35,2018,11,96,2196341,68236628
"Midwest","Male","35-39",35,2018,12,119,2196341,68236628
"Midwest","Male","35-39",35,2019,1,125,2204084,68329004
"Midwest","Male","35-39",35,2019,2,107,2204084,68329004
"Midwest","Male","35-39",35,2019,3,130,2204084,68329004
"Midwest","Male","35-39",35,2019,4,103,2204084,68329004
"Midwest","Male","35-39",35,2019,5,132,2204084,68329004
"Midwest","Male","35-39",35,2019,6,129,2204084,68329004
"Midwest","Male","35-39",35,2019,7,139,2204084,68329004
"Midwest","Male","35-39",35,2019,8,126,2204084,68329004
"Midwest","Male","35-39",35,2019,9,134,2204084,68329004
"Midwest","Male","35-39",35,2019,10,153,2204084,68329004
"Midwest","Male","35-39",35,2019,11,137,2204084,68329004
"Midwest","Male","35-39",35,2019,12,140,2204084,68329004
"Midwest","Male","40-44",40,2011,1,56,2193576,67157800
"Midwest","Male","40-44",40,2011,2,48,2193576,67157800
"Midwest","Male","40-44",40,2011,3,46,2193576,67157800
"Midwest","Male","40-44",40,2011,4,55,2193576,67157800
"Midwest","Male","40-44",40,2011,5,55,2193576,67157800
"Midwest","Male","40-44",40,2011,6,42,2193576,67157800
"Midwest","Male","40-44",40,2011,7,49,2193576,67157800
"Midwest","Male","40-44",40,2011,8,51,2193576,67157800
"Midwest","Male","40-44",40,2011,9,56,2193576,67157800
"Midwest","Male","40-44",40,2011,10,55,2193576,67157800
"Midwest","Male","40-44",40,2011,11,69,2193576,67157800
"Midwest","Male","40-44",40,2011,12,55,2193576,67157800
"Midwest","Male","40-44",40,2012,1,54,2176725,67336743
"Midwest","Male","40-44",40,2012,2,58,2176725,67336743
"Midwest","Male","40-44",40,2012,3,67,2176725,67336743
"Midwest","Male","40-44",40,2012,4,63,2176725,67336743
"Midwest","Male","40-44",40,2012,5,47,2176725,67336743
"Midwest","Male","40-44",40,2012,6,55,2176725,67336743
"Midwest","Male","40-44",40,2012,7,63,2176725,67336743
"Midwest","Male","40-44",40,2012,8,74,2176725,67336743
"Midwest","Male","40-44",40,2012,9,52,2176725,67336743
"Midwest","Male","40-44",40,2012,10,48,2176725,67336743
"Midwest","Male","40-44",40,2012,11,47,2176725,67336743
"Midwest","Male","40-44",40,2012,12,55,2176725,67336743
"Midwest","Male","40-44",40,2013,1,72,2144783,67560379
"Midwest","Male","40-44",40,2013,2,57,2144783,67560379
"Midwest","Male","40-44",40,2013,3,56,2144783,67560379
"Midwest","Male","40-44",40,2013,4,61,2144783,67560379
"Midwest","Male","40-44",40,2013,5,58,2144783,67560379
"Midwest","Male","40-44",40,2013,6,58,2144783,67560379
"Midwest","Male","40-44",40,2013,7,54,2144783,67560379
"Midwest","Male","40-44",40,2013,8,64,2144783,67560379
"Midwest","Male","40-44",40,2013,9,41,2144783,67560379
"Midwest","Male","40-44",40,2013,10,53,2144783,67560379
"Midwest","Male","40-44",40,2013,11,69,2144783,67560379
"Midwest","Male","40-44",40,2013,12,64,2144783,67560379
"Midwest","Male","40-44",40,2014,1,49,2098129,67745167
"Midwest","Male","40-44",40,2014,2,59,2098129,67745167
"Midwest","Male","40-44",40,2014,3,72,2098129,67745167
"Midwest","Male","40-44",40,2014,4,69,2098129,67745167
"Midwest","Male","40-44",40,2014,5,63,2098129,67745167
"Midwest","Male","40-44",40,2014,6,64,2098129,67745167
"Midwest","Male","40-44",40,2014,7,44,2098129,67745167
"Midwest","Male","40-44",40,2014,8,70,2098129,67745167
"Midwest","Male","40-44",40,2014,9,56,2098129,67745167
"Midwest","Male","40-44",40,2014,10,71,2098129,67745167
"Midwest","Male","40-44",40,2014,11,68,2098129,67745167
"Midwest","Male","40-44",40,2014,12,71,2098129,67745167
"Midwest","Male","40-44",40,2015,1,65,2044660,67860583
"Midwest","Male","40-44",40,2015,2,54,2044660,67860583
"Midwest","Male","40-44",40,2015,3,66,2044660,67860583
"Midwest","Male","40-44",40,2015,4,57,2044660,67860583
"Midwest","Male","40-44",40,2015,5,70,2044660,67860583
"Midwest","Male","40-44",40,2015,6,68,2044660,67860583
"Midwest","Male","40-44",40,2015,7,69,2044660,67860583
"Midwest","Male","40-44",40,2015,8,71,2044660,67860583
"Midwest","Male","40-44",40,2015,9,75,2044660,67860583
"Midwest","Male","40-44",40,2015,10,80,2044660,67860583
"Midwest","Male","40-44",40,2015,11,68,2044660,67860583
"Midwest","Male","40-44",40,2015,12,64,2044660,67860583
"Midwest","Male","40-44",40,2016,1,75,1983636,67987540
"Midwest","Male","40-44",40,2016,2,89,1983636,67987540
"Midwest","Male","40-44",40,2016,3,82,1983636,67987540
"Midwest","Male","40-44",40,2016,4,85,1983636,67987540
"Midwest","Male","40-44",40,2016,5,66,1983636,67987540
"Midwest","Male","40-44",40,2016,6,85,1983636,67987540
"Midwest","Male","40-44",40,2016,7,86,1983636,67987540
"Midwest","Male","40-44",40,2016,8,99,1983636,67987540
"Midwest","Male","40-44",40,2016,9,101,1983636,67987540
"Midwest","Male","40-44",40,2016,10,87,1983636,67987540
"Midwest","Male","40-44",40,2016,11,82,1983636,67987540
"Midwest","Male","40-44",40,2016,12,94,1983636,67987540
"Midwest","Male","40-44",40,2017,1,127,1967479,68126781
"Midwest","Male","40-44",40,2017,2,98,1967479,68126781
"Midwest","Male","40-44",40,2017,3,104,1967479,68126781
"Midwest","Male","40-44",40,2017,4,97,1967479,68126781
"Midwest","Male","40-44",40,2017,5,98,1967479,68126781
"Midwest","Male","40-44",40,2017,6,96,1967479,68126781
"Midwest","Male","40-44",40,2017,7,109,1967479,68126781
"Midwest","Male","40-44",40,2017,8,102,1967479,68126781
"Midwest","Male","40-44",40,2017,9,109,1967479,68126781
"Midwest","Male","40-44",40,2017,10,115,1967479,68126781
"Midwest","Male","40-44",40,2017,11,111,1967479,68126781
"Midwest","Male","40-44",40,2017,12,96,1967479,68126781
"Midwest","Male","40-44",40,2018,1,103,1982679,68236628
"Midwest","Male","40-44",40,2018,2,92,1982679,68236628
"Midwest","Male","40-44",40,2018,3,105,1982679,68236628
"Midwest","Male","40-44",40,2018,4,88,1982679,68236628
"Midwest","Male","40-44",40,2018,5,91,1982679,68236628
"Midwest","Male","40-44",40,2018,6,93,1982679,68236628
"Midwest","Male","40-44",40,2018,7,92,1982679,68236628
"Midwest","Male","40-44",40,2018,8,107,1982679,68236628
"Midwest","Male","40-44",40,2018,9,106,1982679,68236628
"Midwest","Male","40-44",40,2018,10,105,1982679,68236628
"Midwest","Male","40-44",40,2018,11,82,1982679,68236628
"Midwest","Male","40-44",40,2018,12,104,1982679,68236628
"Midwest","Male","40-44",40,2019,1,95,2013194,68329004
"Midwest","Male","40-44",40,2019,2,84,2013194,68329004
"Midwest","Male","40-44",40,2019,3,109,2013194,68329004
"Midwest","Male","40-44",40,2019,4,108,2013194,68329004
"Midwest","Male","40-44",40,2019,5,106,2013194,68329004
"Midwest","Male","40-44",40,2019,6,114,2013194,68329004
"Midwest","Male","40-44",40,2019,7,116,2013194,68329004
"Midwest","Male","40-44",40,2019,8,100,2013194,68329004
"Midwest","Male","40-44",40,2019,9,117,2013194,68329004
"Midwest","Male","40-44",40,2019,10,104,2013194,68329004
"Midwest","Male","40-44",40,2019,11,113,2013194,68329004
"Midwest","Male","40-44",40,2019,12,124,2013194,68329004
"Midwest","Male","45-49",45,2011,1,62,2364138,67157800
"Midwest","Male","45-49",45,2011,2,82,2364138,67157800
"Midwest","Male","45-49",45,2011,3,68,2364138,67157800
"Midwest","Male","45-49",45,2011,4,73,2364138,67157800
"Midwest","Male","45-49",45,2011,5,73,2364138,67157800
"Midwest","Male","45-49",45,2011,6,65,2364138,67157800
"Midwest","Male","45-49",45,2011,7,79,2364138,67157800
"Midwest","Male","45-49",45,2011,8,62,2364138,67157800
"Midwest","Male","45-49",45,2011,9,59,2364138,67157800
"Midwest","Male","45-49",45,2011,10,75,2364138,67157800
"Midwest","Male","45-49",45,2011,11,62,2364138,67157800
"Midwest","Male","45-49",45,2011,12,59,2364138,67157800
"Midwest","Male","45-49",45,2012,1,62,2291980,67336743
"Midwest","Male","45-49",45,2012,2,72,2291980,67336743
"Midwest","Male","45-49",45,2012,3,57,2291980,67336743
"Midwest","Male","45-49",45,2012,4,68,2291980,67336743
"Midwest","Male","45-49",45,2012,5,57,2291980,67336743
"Midwest","Male","45-49",45,2012,6,68,2291980,67336743
"Midwest","Male","45-49",45,2012,7,65,2291980,67336743
"Midwest","Male","45-49",45,2012,8,78,2291980,67336743
"Midwest","Male","45-49",45,2012,9,51,2291980,67336743
"Midwest","Male","45-49",45,2012,10,57,2291980,67336743
"Midwest","Male","45-49",45,2012,11,49,2291980,67336743
"Midwest","Male","45-49",45,2012,12,51,2291980,67336743
"Midwest","Male","45-49",45,2013,1,69,2222683,67560379
"Midwest","Male","45-49",45,2013,2,69,2222683,67560379
"Midwest","Male","45-49",45,2013,3,84,2222683,67560379
"Midwest","Male","45-49",45,2013,4,67,2222683,67560379
"Midwest","Male","45-49",45,2013,5,85,2222683,67560379
"Midwest","Male","45-49",45,2013,6,67,2222683,67560379
"Midwest","Male","45-49",45,2013,7,67,2222683,67560379
"Midwest","Male","45-49",45,2013,8,76,2222683,67560379
"Midwest","Male","45-49",45,2013,9,61,2222683,67560379
"Midwest","Male","45-49",45,2013,10,62,2222683,67560379
"Midwest","Male","45-49",45,2013,11,66,2222683,67560379
"Midwest","Male","45-49",45,2013,12,58,2222683,67560379
"Midwest","Male","45-49",45,2014,1,61,2164040,67745167
"Midwest","Male","45-49",45,2014,2,66,2164040,67745167
"Midwest","Male","45-49",45,2014,3,65,2164040,67745167
"Midwest","Male","45-49",45,2014,4,55,2164040,67745167
"Midwest","Male","45-49",45,2014,5,56,2164040,67745167
"Midwest","Male","45-49",45,2014,6,62,2164040,67745167
"Midwest","Male","45-49",45,2014,7,80,2164040,67745167
"Midwest","Male","45-49",45,2014,8,77,2164040,67745167
"Midwest","Male","45-49",45,2014,9,66,2164040,67745167
"Midwest","Male","45-49",45,2014,10,75,2164040,67745167
"Midwest","Male","45-49",45,2014,11,62,2164040,67745167
"Midwest","Male","45-49",45,2014,12,62,2164040,67745167
"Midwest","Male","45-49",45,2015,1,85,2141280,67860583
"Midwest","Male","45-49",45,2015,2,66,2141280,67860583
"Midwest","Male","45-49",45,2015,3,80,2141280,67860583
"Midwest","Male","45-49",45,2015,4,75,2141280,67860583
"Midwest","Male","45-49",45,2015,5,84,2141280,67860583
"Midwest","Male","45-49",45,2015,6,66,2141280,67860583
"Midwest","Male","45-49",45,2015,7,76,2141280,67860583
"Midwest","Male","45-49",45,2015,8,75,2141280,67860583
"Midwest","Male","45-49",45,2015,9,72,2141280,67860583
"Midwest","Male","45-49",45,2015,10,79,2141280,67860583
"Midwest","Male","45-49",45,2015,11,66,2141280,67860583
"Midwest","Male","45-49",45,2015,12,72,2141280,67860583
"Midwest","Male","45-49",45,2016,1,85,2142701,67987540
"Midwest","Male","45-49",45,2016,2,92,2142701,67987540
"Midwest","Male","45-49",45,2016,3,93,2142701,67987540
"Midwest","Male","45-49",45,2016,4,83,2142701,67987540
"Midwest","Male","45-49",45,2016,5,82,2142701,67987540
"Midwest","Male","45-49",45,2016,6,81,2142701,67987540
"Midwest","Male","45-49",45,2016,7,106,2142701,67987540
"Midwest","Male","45-49",45,2016,8,96,2142701,67987540
"Midwest","Male","45-49",45,2016,9,83,2142701,67987540
"Midwest","Male","45-49",45,2016,10,93,2142701,67987540
"Midwest","Male","45-49",45,2016,11,98,2142701,67987540
"Midwest","Male","45-49",45,2016,12,109,2142701,67987540
"Midwest","Male","45-49",45,2017,1,131,2126351,68126781
"Midwest","Male","45-49",45,2017,2,106,2126351,68126781
"Midwest","Male","45-49",45,2017,3,101,2126351,68126781
"Midwest","Male","45-49",45,2017,4,106,2126351,68126781
"Midwest","Male","45-49",45,2017,5,97,2126351,68126781
"Midwest","Male","45-49",45,2017,6,98,2126351,68126781
"Midwest","Male","45-49",45,2017,7,109,2126351,68126781
"Midwest","Male","45-49",45,2017,8,111,2126351,68126781
"Midwest","Male","45-49",45,2017,9,114,2126351,68126781
"Midwest","Male","45-49",45,2017,10,104,2126351,68126781
"Midwest","Male","45-49",45,2017,11,94,2126351,68126781
"Midwest","Male","45-49",45,2017,12,88,2126351,68126781
"Midwest","Male","45-49",45,2018,1,97,2092728,68236628
"Midwest","Male","45-49",45,2018,2,79,2092728,68236628
"Midwest","Male","45-49",45,2018,3,95,2092728,68236628
"Midwest","Male","45-49",45,2018,4,88,2092728,68236628
"Midwest","Male","45-49",45,2018,5,105,2092728,68236628
"Midwest","Male","45-49",45,2018,6,110,2092728,68236628
"Midwest","Male","45-49",45,2018,7,94,2092728,68236628
"Midwest","Male","45-49",45,2018,8,101,2092728,68236628
"Midwest","Male","45-49",45,2018,9,89,2092728,68236628
"Midwest","Male","45-49",45,2018,10,93,2092728,68236628
"Midwest","Male","45-49",45,2018,11,75,2092728,68236628
"Midwest","Male","45-49",45,2018,12,105,2092728,68236628
"Midwest","Male","45-49",45,2019,1,97,2046783,68329004
"Midwest","Male","45-49",45,2019,2,85,2046783,68329004
"Midwest","Male","45-49",45,2019,3,99,2046783,68329004
"Midwest","Male","45-49",45,2019,4,90,2046783,68329004
"Midwest","Male","45-49",45,2019,5,101,2046783,68329004
"Midwest","Male","45-49",45,2019,6,95,2046783,68329004
"Midwest","Male","45-49",45,2019,7,117,2046783,68329004
"Midwest","Male","45-49",45,2019,8,95,2046783,68329004
"Midwest","Male","45-49",45,2019,9,96,2046783,68329004
"Midwest","Male","45-49",45,2019,10,93,2046783,68329004
"Midwest","Male","45-49",45,2019,11,117,2046783,68329004
"Midwest","Male","45-49",45,2019,12,93,2046783,68329004
"Midwest","Male","50-54",50,2011,1,57,2484272,67157800
"Midwest","Male","50-54",50,2011,2,64,2484272,67157800
"Midwest","Male","50-54",50,2011,3,51,2484272,67157800
"Midwest","Male","50-54",50,2011,4,75,2484272,67157800
"Midwest","Male","50-54",50,2011,5,63,2484272,67157800
"Midwest","Male","50-54",50,2011,6,70,2484272,67157800
"Midwest","Male","50-54",50,2011,7,68,2484272,67157800
"Midwest","Male","50-54",50,2011,8,60,2484272,67157800
"Midwest","Male","50-54",50,2011,9,61,2484272,67157800
"Midwest","Male","50-54",50,2011,10,63,2484272,67157800
"Midwest","Male","50-54",50,2011,11,66,2484272,67157800
"Midwest","Male","50-54",50,2011,12,61,2484272,67157800
"Midwest","Male","50-54",50,2012,1,77,2467323,67336743
"Midwest","Male","50-54",50,2012,2,59,2467323,67336743
"Midwest","Male","50-54",50,2012,3,88,2467323,67336743
"Midwest","Male","50-54",50,2012,4,51,2467323,67336743
"Midwest","Male","50-54",50,2012,5,66,2467323,67336743
"Midwest","Male","50-54",50,2012,6,63,2467323,67336743
"Midwest","Male","50-54",50,2012,7,66,2467323,67336743
"Midwest","Male","50-54",50,2012,8,79,2467323,67336743
"Midwest","Male","50-54",50,2012,9,61,2467323,67336743
"Midwest","Male","50-54",50,2012,10,50,2467323,67336743
"Midwest","Male","50-54",50,2012,11,60,2467323,67336743
"Midwest","Male","50-54",50,2012,12,56,2467323,67336743
"Midwest","Male","50-54",50,2013,1,59,2442569,67560379
"Midwest","Male","50-54",50,2013,2,75,2442569,67560379
"Midwest","Male","50-54",50,2013,3,78,2442569,67560379
"Midwest","Male","50-54",50,2013,4,91,2442569,67560379
"Midwest","Male","50-54",50,2013,5,82,2442569,67560379
"Midwest","Male","50-54",50,2013,6,62,2442569,67560379
"Midwest","Male","50-54",50,2013,7,60,2442569,67560379
"Midwest","Male","50-54",50,2013,8,78,2442569,67560379
"Midwest","Male","50-54",50,2013,9,57,2442569,67560379
"Midwest","Male","50-54",50,2013,10,67,2442569,67560379
"Midwest","Male","50-54",50,2013,11,68,2442569,67560379
"Midwest","Male","50-54",50,2013,12,75,2442569,67560379
"Midwest","Male","50-54",50,2014,1,67,2415497,67745167
"Midwest","Male","50-54",50,2014,2,74,2415497,67745167
"Midwest","Male","50-54",50,2014,3,77,2415497,67745167
"Midwest","Male","50-54",50,2014,4,66,2415497,67745167
"Midwest","Male","50-54",50,2014,5,73,2415497,67745167
"Midwest","Male","50-54",50,2014,6,71,2415497,67745167
"Midwest","Male","50-54",50,2014,7,83,2415497,67745167
"Midwest","Male","50-54",50,2014,8,70,2415497,67745167
"Midwest","Male","50-54",50,2014,9,82,2415497,67745167
"Midwest","Male","50-54",50,2014,10,78,2415497,67745167
"Midwest","Male","50-54",50,2014,11,66,2415497,67745167
"Midwest","Male","50-54",50,2014,12,71,2415497,67745167
"Midwest","Male","50-54",50,2015,1,58,2361955,67860583
"Midwest","Male","50-54",50,2015,2,61,2361955,67860583
"Midwest","Male","50-54",50,2015,3,84,2361955,67860583
"Midwest","Male","50-54",50,2015,4,70,2361955,67860583
"Midwest","Male","50-54",50,2015,5,86,2361955,67860583
"Midwest","Male","50-54",50,2015,6,60,2361955,67860583
"Midwest","Male","50-54",50,2015,7,83,2361955,67860583
"Midwest","Male","50-54",50,2015,8,80,2361955,67860583
"Midwest","Male","50-54",50,2015,9,73,2361955,67860583
"Midwest","Male","50-54",50,2015,10,73,2361955,67860583
"Midwest","Male","50-54",50,2015,11,68,2361955,67860583
"Midwest","Male","50-54",50,2015,12,67,2361955,67860583
"Midwest","Male","50-54",50,2016,1,95,2287046,67987540
"Midwest","Male","50-54",50,2016,2,92,2287046,67987540
"Midwest","Male","50-54",50,2016,3,104,2287046,67987540
"Midwest","Male","50-54",50,2016,4,75,2287046,67987540
"Midwest","Male","50-54",50,2016,5,79,2287046,67987540
"Midwest","Male","50-54",50,2016,6,78,2287046,67987540
"Midwest","Male","50-54",50,2016,7,98,2287046,67987540
"Midwest","Male","50-54",50,2016,8,63,2287046,67987540
"Midwest","Male","50-54",50,2016,9,100,2287046,67987540
"Midwest","Male","50-54",50,2016,10,81,2287046,67987540
"Midwest","Male","50-54",50,2016,11,93,2287046,67987540
"Midwest","Male","50-54",50,2016,12,104,2287046,67987540
"Midwest","Male","50-54",50,2017,1,122,2216518,68126781
"Midwest","Male","50-54",50,2017,2,114,2216518,68126781
"Midwest","Male","50-54",50,2017,3,110,2216518,68126781
"Midwest","Male","50-54",50,2017,4,97,2216518,68126781
"Midwest","Male","50-54",50,2017,5,103,2216518,68126781
"Midwest","Male","50-54",50,2017,6,100,2216518,68126781
"Midwest","Male","50-54",50,2017,7,93,2216518,68126781
"Midwest","Male","50-54",50,2017,8,86,2216518,68126781
"Midwest","Male","50-54",50,2017,9,112,2216518,68126781
"Midwest","Male","50-54",50,2017,10,103,2216518,68126781
"Midwest","Male","50-54",50,2017,11,107,2216518,68126781
"Midwest","Male","50-54",50,2017,12,103,2216518,68126781
"Midwest","Male","50-54",50,2018,1,86,2147582,68236628
"Midwest","Male","50-54",50,2018,2,71,2147582,68236628
"Midwest","Male","50-54",50,2018,3,97,2147582,68236628
"Midwest","Male","50-54",50,2018,4,74,2147582,68236628
"Midwest","Male","50-54",50,2018,5,103,2147582,68236628
"Midwest","Male","50-54",50,2018,6,87,2147582,68236628
"Midwest","Male","50-54",50,2018,7,77,2147582,68236628
"Midwest","Male","50-54",50,2018,8,82,2147582,68236628
"Midwest","Male","50-54",50,2018,9,98,2147582,68236628
"Midwest","Male","50-54",50,2018,10,93,2147582,68236628
"Midwest","Male","50-54",50,2018,11,71,2147582,68236628
"Midwest","Male","50-54",50,2018,12,90,2147582,68236628
"Midwest","Male","50-54",50,2019,1,99,2091133,68329004
"Midwest","Male","50-54",50,2019,2,92,2091133,68329004
"Midwest","Male","50-54",50,2019,3,80,2091133,68329004
"Midwest","Male","50-54",50,2019,4,86,2091133,68329004
"Midwest","Male","50-54",50,2019,5,101,2091133,68329004
"Midwest","Male","50-54",50,2019,6,76,2091133,68329004
"Midwest","Male","50-54",50,2019,7,117,2091133,68329004
"Midwest","Male","50-54",50,2019,8,98,2091133,68329004
"Midwest","Male","50-54",50,2019,9,79,2091133,68329004
"Midwest","Male","50-54",50,2019,10,111,2091133,68329004
"Midwest","Male","50-54",50,2019,11,100,2091133,68329004
"Midwest","Male","50-54",50,2019,12,103,2091133,68329004
"South","Female","15-19",15,2011,1,6,3868859,116006522
"South","Female","15-19",15,2011,2,5,3868859,116006522
"South","Female","15-19",15,2011,3,11,3868859,116006522
"South","Female","15-19",15,2011,4,11,3868859,116006522
"South","Female","15-19",15,2011,5,4,3868859,116006522
"South","Female","15-19",15,2011,6,9,3868859,116006522
"South","Female","15-19",15,2011,7,8,3868859,116006522
"South","Female","15-19",15,2011,8,10,3868859,116006522
"South","Female","15-19",15,2011,9,9,3868859,116006522
"South","Female","15-19",15,2011,10,6,3868859,116006522
"South","Female","15-19",15,2011,11,12,3868859,116006522
"South","Female","15-19",15,2011,12,10,3868859,116006522
"South","Female","15-19",15,2012,1,9,3833886,117241208
"South","Female","15-19",15,2012,2,4,3833886,117241208
"South","Female","15-19",15,2012,3,2,3833886,117241208
"South","Female","15-19",15,2012,4,4,3833886,117241208
"South","Female","15-19",15,2012,5,6,3833886,117241208
"South","Female","15-19",15,2012,6,5,3833886,117241208
"South","Female","15-19",15,2012,7,11,3833886,117241208
"South","Female","15-19",15,2012,8,6,3833886,117241208
"South","Female","15-19",15,2012,9,5,3833886,117241208
"South","Female","15-19",15,2012,10,8,3833886,117241208
"South","Female","15-19",15,2012,11,1,3833886,117241208
"South","Female","15-19",15,2012,12,5,3833886,117241208
"South","Female","15-19",15,2013,1,7,3828199,118364400
"South","Female","15-19",15,2013,2,7,3828199,118364400
"South","Female","15-19",15,2013,3,8,3828199,118364400
"South","Female","15-19",15,2013,4,6,3828199,118364400
"South","Female","15-19",15,2013,5,4,3828199,118364400
"South","Female","15-19",15,2013,6,4,3828199,118364400
"South","Female","15-19",15,2013,7,6,3828199,118364400
"South","Female","15-19",15,2013,8,4,3828199,118364400
"South","Female","15-19",15,2013,9,5,3828199,118364400
"South","Female","15-19",15,2013,10,4,3828199,118364400
"South","Female","15-19",15,2013,11,8,3828199,118364400
"South","Female","15-19",15,2013,12,6,3828199,118364400
"South","Female","15-19",15,2014,1,6,3836082,119624037
"South","Female","15-19",15,2014,2,6,3836082,119624037
"South","Female","15-19",15,2014,3,8,3836082,119624037
"South","Female","15-19",15,2014,4,6,3836082,119624037
"South","Female","15-19",15,2014,5,5,3836082,119624037
"South","Female","15-19",15,2014,6,7,3836082,119624037
"South","Female","15-19",15,2014,7,8,3836082,119624037
"South","Female","15-19",15,2014,8,4,3836082,119624037
"South","Female","15-19",15,2014,9,11,3836082,119624037
"South","Female","15-19",15,2014,10,2,3836082,119624037
"South","Female","15-19",15,2014,11,5,3836082,119624037
"South","Female","15-19",15,2014,12,6,3836082,119624037
"South","Female","15-19",15,2015,1,4,3878546,120997341
"South","Female","15-19",15,2015,2,8,3878546,120997341
"South","Female","15-19",15,2015,3,9,3878546,120997341
"South","Female","15-19",15,2015,4,11,3878546,120997341
"South","Female","15-19",15,2015,5,6,3878546,120997341
"South","Female","15-19",15,2015,6,8,3878546,120997341
"South","Female","15-19",15,2015,7,3,3878546,120997341
"South","Female","15-19",15,2015,8,8,3878546,120997341
"South","Female","15-19",15,2015,9,7,3878546,120997341
"South","Female","15-19",15,2015,10,5,3878546,120997341
"South","Female","15-19",15,2015,11,10,3878546,120997341
"South","Female","15-19",15,2015,12,15,3878546,120997341
"South","Female","15-19",15,2016,1,12,3924044,122351760
"South","Female","15-19",15,2016,2,10,3924044,122351760
"South","Female","15-19",15,2016,3,12,3924044,122351760
"South","Female","15-19",15,2016,4,9,3924044,122351760
"South","Female","15-19",15,2016,5,7,3924044,122351760
"South","Female","15-19",15,2016,6,5,3924044,122351760
"South","Female","15-19",15,2016,7,9,3924044,122351760
"South","Female","15-19",15,2016,8,10,3924044,122351760
"South","Female","15-19",15,2016,9,9,3924044,122351760
"South","Female","15-19",15,2016,10,13,3924044,122351760
"South","Female","15-19",15,2016,11,14,3924044,122351760
"South","Female","15-19",15,2016,12,7,3924044,122351760
"South","Female","15-19",15,2017,1,13,3945485,123542189
"South","Female","15-19",15,2017,2,4,3945485,123542189
"South","Female","15-19",15,2017,3,8,3945485,123542189
"South","Female","15-19",15,2017,4,11,3945485,123542189
"South","Female","15-19",15,2017,5,9,3945485,123542189
"South","Female","15-19",15,2017,6,5,3945485,123542189
"South","Female","15-19",15,2017,7,10,3945485,123542189
"South","Female","15-19",15,2017,8,8,3945485,123542189
"South","Female","15-19",15,2017,9,9,3945485,123542189
"South","Female","15-19",15,2017,10,11,3945485,123542189
"South","Female","15-19",15,2017,11,9,3945485,123542189
"South","Female","15-19",15,2017,12,10,3945485,123542189
"South","Female","15-19",15,2018,1,10,3959077,124569433
"South","Female","15-19",15,2018,2,8,3959077,124569433
"South","Female","15-19",15,2018,3,7,3959077,124569433
"South","Female","15-19",15,2018,4,13,3959077,124569433
"South","Female","15-19",15,2018,5,5,3959077,124569433
"South","Female","15-19",15,2018,6,7,3959077,124569433
"South","Female","15-19",15,2018,7,6,3959077,124569433
"South","Female","15-19",15,2018,8,10,3959077,124569433
"South","Female","15-19",15,2018,9,7,3959077,124569433
"South","Female","15-19",15,2018,10,7,3959077,124569433
"South","Female","15-19",15,2018,11,4,3959077,124569433
"South","Female","15-19",15,2018,12,10,3959077,124569433
"South","Female","15-19",15,2019,1,6,3972572,125580448
"South","Female","15-19",15,2019,2,11,3972572,125580448
"South","Female","15-19",15,2019,3,9,3972572,125580448
"South","Female","15-19",15,2019,4,10,3972572,125580448
"South","Female","15-19",15,2019,5,11,3972572,125580448
"South","Female","15-19",15,2019,6,12,3972572,125580448
"South","Female","15-19",15,2019,7,11,3972572,125580448
"South","Female","15-19",15,2019,8,7,3972572,125580448
"South","Female","15-19",15,2019,9,9,3972572,125580448
"South","Female","15-19",15,2019,10,11,3972572,125580448
"South","Female","15-19",15,2019,11,7,3972572,125580448
"South","Female","15-19",15,2019,12,2,3972572,125580448
"South","Female","20-24",20,2011,1,22,4062584,116006522
"South","Female","20-24",20,2011,2,29,4062584,116006522
"South","Female","20-24",20,2011,3,26,4062584,116006522
"South","Female","20-24",20,2011,4,17,4062584,116006522
"South","Female","20-24",20,2011,5,25,4062584,116006522
"South","Female","20-24",20,2011,6,12,4062584,116006522
"South","Female","20-24",20,2011,7,27,4062584,116006522
"South","Female","20-24",20,2011,8,20,4062584,116006522
"South","Female","20-24",20,2011,9,36,4062584,116006522
"South","Female","20-24",20,2011,10,19,4062584,116006522
"South","Female","20-24",20,2011,11,32,4062584,116006522
"South","Female","20-24",20,2011,12,14,4062584,116006522
"South","Female","20-24",20,2012,1,28,4144881,117241208
"South","Female","20-24",20,2012,2,18,4144881,117241208
"South","Female","20-24",20,2012,3,25,4144881,117241208
"South","Female","20-24",20,2012,4,27,4144881,117241208
"South","Female","20-24",20,2012,5,25,4144881,117241208
"South","Female","20-24",20,2012,6,23,4144881,117241208
"South","Female","20-24",20,2012,7,17,4144881,117241208
"South","Female","20-24",20,2012,8,25,4144881,117241208
"South","Female","20-24",20,2012,9,21,4144881,117241208
"South","Female","20-24",20,2012,10,19,4144881,117241208
"South","Female","20-24",20,2012,11,16,4144881,117241208
"South","Female","20-24",20,2012,12,25,4144881,117241208
"South","Female","20-24",20,2013,1,24,4178462,118364400
"South","Female","20-24",20,2013,2,30,4178462,118364400
"South","Female","20-24",20,2013,3,19,4178462,118364400
"South","Female","20-24",20,2013,4,24,4178462,118364400
"South","Female","20-24",20,2013,5,21,4178462,118364400
"South","Female","20-24",20,2013,6,20,4178462,118364400
"South","Female","20-24",20,2013,7,23,4178462,118364400
"South","Female","20-24",20,2013,8,23,4178462,118364400
"South","Female","20-24",20,2013,9,27,4178462,118364400
"South","Female","20-24",20,2013,10,28,4178462,118364400
"South","Female","20-24",20,2013,11,21,4178462,118364400
"South","Female","20-24",20,2013,12,26,4178462,118364400
"South","Female","20-24",20,2014,1,28,4182829,119624037
"South","Female","20-24",20,2014,2,16,4182829,119624037
"South","Female","20-24",20,2014,3,26,4182829,119624037
"South","Female","20-24",20,2014,4,24,4182829,119624037
"South","Female","20-24",20,2014,5,20,4182829,119624037
"South","Female","20-24",20,2014,6,14,4182829,119624037
"South","Female","20-24",20,2014,7,28,4182829,119624037
"South","Female","20-24",20,2014,8,29,4182829,119624037
"South","Female","20-24",20,2014,9,17,4182829,119624037
"South","Female","20-24",20,2014,10,23,4182829,119624037
"South","Female","20-24",20,2014,11,25,4182829,119624037
"South","Female","20-24",20,2014,12,28,4182829,119624037
"South","Female","20-24",20,2015,1,32,4137985,120997341
"South","Female","20-24",20,2015,2,30,4137985,120997341
"South","Female","20-24",20,2015,3,30,4137985,120997341
"South","Female","20-24",20,2015,4,21,4137985,120997341
"South","Female","20-24",20,2015,5,35,4137985,120997341
"South","Female","20-24",20,2015,6,23,4137985,120997341
"South","Female","20-24",20,2015,7,32,4137985,120997341
"South","Female","20-24",20,2015,8,26,4137985,120997341
"South","Female","20-24",20,2015,9,25,4137985,120997341
"South","Female","20-24",20,2015,10,23,4137985,120997341
"South","Female","20-24",20,2015,11,16,4137985,120997341
"South","Female","20-24",20,2015,12,35,4137985,120997341
"South","Female","20-24",20,2016,1,29,4075997,122351760
"South","Female","20-24",20,2016,2,20,4075997,122351760
"South","Female","20-24",20,2016,3,36,4075997,122351760
"South","Female","20-24",20,2016,4,30,4075997,122351760
"South","Female","20-24",20,2016,5,39,4075997,122351760
"South","Female","20-24",20,2016,6,26,4075997,122351760
"South","Female","20-24",20,2016,7,45,4075997,122351760
"South","Female","20-24",20,2016,8,32,4075997,122351760
"South","Female","20-24",20,2016,9,38,4075997,122351760
"South","Female","20-24",20,2016,10,25,4075997,122351760
"South","Female","20-24",20,2016,11,39,4075997,122351760
"South","Female","20-24",20,2016,12,40,4075997,122351760
"South","Female","20-24",20,2017,1,50,4035498,123542189
"South","Female","20-24",20,2017,2,45,4035498,123542189
"South","Female","20-24",20,2017,3,43,4035498,123542189
"South","Female","20-24",20,2017,4,54,4035498,123542189
"South","Female","20-24",20,2017,5,48,4035498,123542189
"South","Female","20-24",20,2017,6,38,4035498,123542189
"South","Female","20-24",20,2017,7,40,4035498,123542189
"South","Female","20-24",20,2017,8,35,4035498,123542189
"South","Female","20-24",20,2017,9,37,4035498,123542189
"South","Female","20-24",20,2017,10,36,4035498,123542189
"South","Female","20-24",20,2017,11,34,4035498,123542189
"South","Female","20-24",20,2017,12,46,4035498,123542189
"South","Female","20-24",20,2018,1,34,4015785,124569433
"South","Female","20-24",20,2018,2,33,4015785,124569433
"South","Female","20-24",20,2018,3,31,4015785,124569433
"South","Female","20-24",20,2018,4,39,4015785,124569433
"South","Female","20-24",20,2018,5,29,4015785,124569433
"South","Female","20-24",20,2018,6,37,4015785,124569433
"South","Female","20-24",20,2018,7,26,4015785,124569433
"South","Female","20-24",20,2018,8,34,4015785,124569433
"South","Female","20-24",20,2018,9,33,4015785,124569433
"South","Female","20-24",20,2018,10,42,4015785,124569433
"South","Female","20-24",20,2018,11,35,4015785,124569433
"South","Female","20-24",20,2018,12,32,4015785,124569433
"South","Female","20-24",20,2019,1,37,4010458,125580448
"South","Female","20-24",20,2019,2,27,4010458,125580448
"South","Female","20-24",20,2019,3,21,4010458,125580448
"South","Female","20-24",20,2019,4,34,4010458,125580448
"South","Female","20-24",20,2019,5,29,4010458,125580448
"South","Female","20-24",20,2019,6,30,4010458,125580448
"South","Female","20-24",20,2019,7,34,4010458,125580448
"South","Female","20-24",20,2019,8,36,4010458,125580448
"South","Female","20-24",20,2019,9,36,4010458,125580448
"South","Female","20-24",20,2019,10,36,4010458,125580448
"South","Female","20-24",20,2019,11,41,4010458,125580448
"South","Female","20-24",20,2019,12,35,4010458,125580448
"South","Female","25-29",25,2011,1,50,3939939,116006522
"South","Female","25-29",25,2011,2,39,3939939,116006522
"South","Female","25-29",25,2011,3,47,3939939,116006522
"South","Female","25-29",25,2011,4,46,3939939,116006522
"South","Female","25-29",25,2011,5,37,3939939,116006522
"South","Female","25-29",25,2011,6,37,3939939,116006522
"South","Female","25-29",25,2011,7,53,3939939,116006522
"South","Female","25-29",25,2011,8,28,3939939,116006522
"South","Female","25-29",25,2011,9,37,3939939,116006522
"South","Female","25-29",25,2011,10,30,3939939,116006522
"South","Female","25-29",25,2011,11,27,3939939,116006522
"South","Female","25-29",25,2011,12,38,3939939,116006522
"South","Female","25-29",25,2012,1,30,3964080,117241208
"South","Female","25-29",25,2012,2,30,3964080,117241208
"South","Female","25-29",25,2012,3,51,3964080,117241208
"South","Female","25-29",25,2012,4,38,3964080,117241208
"South","Female","25-29",25,2012,5,37,3964080,117241208
"South","Female","25-29",25,2012,6,41,3964080,117241208
"South","Female","25-29",25,2012,7,53,3964080,117241208
"South","Female","25-29",25,2012,8,43,3964080,117241208
"South","Female","25-29",25,2012,9,47,3964080,117241208
"South","Female","25-29",25,2012,10,31,3964080,117241208
"South","Female","25-29",25,2012,11,37,3964080,117241208
"South","Female","25-29",25,2012,12,35,3964080,117241208
"South","Female","25-29",25,2013,1,39,3998165,118364400
"South","Female","25-29",25,2013,2,44,3998165,118364400
"South","Female","25-29",25,2013,3,56,3998165,118364400
"South","Female","25-29",25,2013,4,34,3998165,118364400
"South","Female","25-29",25,2013,5,42,3998165,118364400
"South","Female","25-29",25,2013,6,36,3998165,118364400
"South","Female","25-29",25,2013,7,32,3998165,118364400
"South","Female","25-29",25,2013,8,43,3998165,118364400
"South","Female","25-29",25,2013,9,36,3998165,118364400
"South","Female","25-29",25,2013,10,37,3998165,118364400
"South","Female","25-29",25,2013,11,24,3998165,118364400
"South","Female","25-29",25,2013,12,37,3998165,118364400
"South","Female","25-29",25,2014,1,42,4079311,119624037
"South","Female","25-29",25,2014,2,46,4079311,119624037
"South","Female","25-29",25,2014,3,42,4079311,119624037
"South","Female","25-29",25,2014,4,40,4079311,119624037
"South","Female","25-29",25,2014,5,41,4079311,119624037
"South","Female","25-29",25,2014,6,43,4079311,119624037
"South","Female","25-29",25,2014,7,33,4079311,119624037
"South","Female","25-29",25,2014,8,36,4079311,119624037
"South","Female","25-29",25,2014,9,31,4079311,119624037
"South","Female","25-29",25,2014,10,41,4079311,119624037
"South","Female","25-29",25,2014,11,35,4079311,119624037
"South","Female","25-29",25,2014,12,51,4079311,119624037
"South","Female","25-29",25,2015,1,38,4184137,120997341
"South","Female","25-29",25,2015,2,50,4184137,120997341
"South","Female","25-29",25,2015,3,57,4184137,120997341
"South","Female","25-29",25,2015,4,37,4184137,120997341
"South","Female","25-29",25,2015,5,50,4184137,120997341
"South","Female","25-29",25,2015,6,35,4184137,120997341
"South","Female","25-29",25,2015,7,46,4184137,120997341
"South","Female","25-29",25,2015,8,49,4184137,120997341
"South","Female","25-29",25,2015,9,47,4184137,120997341
"South","Female","25-29",25,2015,10,57,4184137,120997341
"South","Female","25-29",25,2015,11,32,4184137,120997341
"South","Female","25-29",25,2015,12,41,4184137,120997341
"South","Female","25-29",25,2016,1,52,4294660,122351760
"South","Female","25-29",25,2016,2,72,4294660,122351760
"South","Female","25-29",25,2016,3,70,4294660,122351760
"South","Female","25-29",25,2016,4,59,4294660,122351760
"South","Female","25-29",25,2016,5,59,4294660,122351760
"South","Female","25-29",25,2016,6,55,4294660,122351760
"South","Female","25-29",25,2016,7,72,4294660,122351760
"South","Female","25-29",25,2016,8,69,4294660,122351760
"South","Female","25-29",25,2016,9,62,4294660,122351760
"South","Female","25-29",25,2016,10,69,4294660,122351760
"South","Female","25-29",25,2016,11,71,4294660,122351760
"South","Female","25-29",25,2016,12,67,4294660,122351760
"South","Female","25-29",25,2017,1,68,4371249,123542189
"South","Female","25-29",25,2017,2,76,4371249,123542189
"South","Female","25-29",25,2017,3,86,4371249,123542189
"South","Female","25-29",25,2017,4,68,4371249,123542189
"South","Female","25-29",25,2017,5,60,4371249,123542189
"South","Female","25-29",25,2017,6,86,4371249,123542189
"South","Female","25-29",25,2017,7,68,4371249,123542189
"South","Female","25-29",25,2017,8,77,4371249,123542189
"South","Female","25-29",25,2017,9,59,4371249,123542189
"South","Female","25-29",25,2017,10,82,4371249,123542189
"South","Female","25-29",25,2017,11,88,4371249,123542189
"South","Female","25-29",25,2017,12,67,4371249,123542189
"South","Female","25-29",25,2018,1,59,4397816,124569433
"South","Female","25-29",25,2018,2,78,4397816,124569433
"South","Female","25-29",25,2018,3,52,4397816,124569433
"South","Female","25-29",25,2018,4,75,4397816,124569433
"South","Female","25-29",25,2018,5,76,4397816,124569433
"South","Female","25-29",25,2018,6,66,4397816,124569433
"South","Female","25-29",25,2018,7,78,4397816,124569433
"South","Female","25-29",25,2018,8,60,4397816,124569433
"South","Female","25-29",25,2018,9,72,4397816,124569433
"South","Female","25-29",25,2018,10,61,4397816,124569433
"South","Female","25-29",25,2018,11,54,4397816,124569433
"South","Female","25-29",25,2018,12,57,4397816,124569433
"South","Female","25-29",25,2019,1,64,4389441,125580448
"South","Female","25-29",25,2019,2,42,4389441,125580448
"South","Female","25-29",25,2019,3,64,4389441,125580448
"South","Female","25-29",25,2019,4,65,4389441,125580448
"South","Female","25-29",25,2019,5,56,4389441,125580448
"South","Female","25-29",25,2019,6,64,4389441,125580448
"South","Female","25-29",25,2019,7,68,4389441,125580448
"South","Female","25-29",25,2019,8,67,4389441,125580448
"South","Female","25-29",25,2019,9,73,4389441,125580448
"South","Female","25-29",25,2019,10,78,4389441,125580448
"South","Female","25-29",25,2019,11,65,4389441,125580448
"South","Female","25-29",25,2019,12,81,4389441,125580448
"South","Female","30-34",30,2011,1,49,3853262,116006522
"South","Female","30-34",30,2011,2,47,3853262,116006522
"South","Female","30-34",30,2011,3,46,3853262,116006522
"South","Female","30-34",30,2011,4,50,3853262,116006522
"South","Female","30-34",30,2011,5,60,3853262,116006522
"South","Female","30-34",30,2011,6,47,3853262,116006522
"South","Female","30-34",30,2011,7,55,3853262,116006522
"South","Female","30-34",30,2011,8,57,3853262,116006522
"South","Female","30-34",30,2011,9,36,3853262,116006522
"South","Female","30-34",30,2011,10,48,3853262,116006522
"South","Female","30-34",30,2011,11,66,3853262,116006522
"South","Female","30-34",30,2011,12,43,3853262,116006522
"South","Female","30-34",30,2012,1,61,3929995,117241208
"South","Female","30-34",30,2012,2,58,3929995,117241208
"South","Female","30-34",30,2012,3,64,3929995,117241208
"South","Female","30-34",30,2012,4,51,3929995,117241208
"South","Female","30-34",30,2012,5,49,3929995,117241208
"South","Female","30-34",30,2012,6,51,3929995,117241208
"South","Female","30-34",30,2012,7,61,3929995,117241208
"South","Female","30-34",30,2012,8,41,3929995,117241208
"South","Female","30-34",30,2012,9,45,3929995,117241208
"South","Female","30-34",30,2012,10,61,3929995,117241208
"South","Female","30-34",30,2012,11,48,3929995,117241208
"South","Female","30-34",30,2012,12,45,3929995,117241208
"South","Female","30-34",30,2013,1,45,3998345,118364400
"South","Female","30-34",30,2013,2,53,3998345,118364400
"South","Female","30-34",30,2013,3,61,3998345,118364400
"South","Female","30-34",30,2013,4,56,3998345,118364400
"South","Female","30-34",30,2013,5,40,3998345,118364400
"South","Female","30-34",30,2013,6,53,3998345,118364400
"South","Female","30-34",30,2013,7,57,3998345,118364400
"South","Female","30-34",30,2013,8,48,3998345,118364400
"South","Female","30-34",30,2013,9,50,3998345,118364400
"South","Female","30-34",30,2013,10,50,3998345,118364400
"South","Female","30-34",30,2013,11,41,3998345,118364400
"South","Female","30-34",30,2013,12,51,3998345,118364400
"South","Female","30-34",30,2014,1,59,4046811,119624037
"South","Female","30-34",30,2014,2,56,4046811,119624037
"South","Female","30-34",30,2014,3,56,4046811,119624037
"South","Female","30-34",30,2014,4,47,4046811,119624037
"South","Female","30-34",30,2014,5,54,4046811,119624037
"South","Female","30-34",30,2014,6,55,4046811,119624037
"South","Female","30-34",30,2014,7,48,4046811,119624037
"South","Female","30-34",30,2014,8,51,4046811,119624037
"South","Female","30-34",30,2014,9,60,4046811,119624037
"South","Female","30-34",30,2014,10,57,4046811,119624037
"South","Female","30-34",30,2014,11,59,4046811,119624037
"South","Female","30-34",30,2014,12,74,4046811,119624037
"South","Female","30-34",30,2015,1,64,4075612,120997341
"South","Female","30-34",30,2015,2,58,4075612,120997341
"South","Female","30-34",30,2015,3,63,4075612,120997341
"South","Female","30-34",30,2015,4,63,4075612,120997341
"South","Female","30-34",30,2015,5,68,4075612,120997341
"South","Female","30-34",30,2015,6,62,4075612,120997341
"South","Female","30-34",30,2015,7,68,4075612,120997341
"South","Female","30-34",30,2015,8,71,4075612,120997341
"South","Female","30-34",30,2015,9,63,4075612,120997341
"South","Female","30-34",30,2015,10,54,4075612,120997341
"South","Female","30-34",30,2015,11,65,4075612,120997341
"South","Female","30-34",30,2015,12,59,4075612,120997341
"South","Female","30-34",30,2016,1,61,4108565,122351760
"South","Female","30-34",30,2016,2,73,4108565,122351760
"South","Female","30-34",30,2016,3,71,4108565,122351760
"South","Female","30-34",30,2016,4,60,4108565,122351760
"South","Female","30-34",30,2016,5,79,4108565,122351760
"South","Female","30-34",30,2016,6,72,4108565,122351760
"South","Female","30-34",30,2016,7,96,4108565,122351760
"South","Female","30-34",30,2016,8,89,4108565,122351760
"South","Female","30-34",30,2016,9,69,4108565,122351760
"South","Female","30-34",30,2016,10,70,4108565,122351760
"South","Female","30-34",30,2016,11,77,4108565,122351760
"South","Female","30-34",30,2016,12,82,4108565,122351760
"South","Female","30-34",30,2017,1,92,4131075,123542189
"South","Female","30-34",30,2017,2,80,4131075,123542189
"South","Female","30-34",30,2017,3,91,4131075,123542189
"South","Female","30-34",30,2017,4,101,4131075,123542189
"South","Female","30-34",30,2017,5,88,4131075,123542189
"South","Female","30-34",30,2017,6,93,4131075,123542189
"South","Female","30-34",30,2017,7,87,4131075,123542189
"South","Female","30-34",30,2017,8,75,4131075,123542189
"South","Female","30-34",30,2017,9,73,4131075,123542189
"South","Female","30-34",30,2017,10,74,4131075,123542189
"South","Female","30-34",30,2017,11,79,4131075,123542189
"South","Female","30-34",30,2017,12,94,4131075,123542189
"South","Female","30-34",30,2018,1,87,4161210,124569433
"South","Female","30-34",30,2018,2,96,4161210,124569433
"South","Female","30-34",30,2018,3,88,4161210,124569433
"South","Female","30-34",30,2018,4,75,4161210,124569433
"South","Female","30-34",30,2018,5,86,4161210,124569433
"South","Female","30-34",30,2018,6,93,4161210,124569433
"South","Female","30-34",30,2018,7,78,4161210,124569433
"South","Female","30-34",30,2018,8,84,4161210,124569433
"South","Female","30-34",30,2018,9,92,4161210,124569433
"South","Female","30-34",30,2018,10,84,4161210,124569433
"South","Female","30-34",30,2018,11,87,4161210,124569433
"South","Female","30-34",30,2018,12,79,4161210,124569433
"South","Female","30-34",30,2019,1,71,4232006,125580448
"South","Female","30-34",30,2019,2,85,4232006,125580448
"South","Female","30-34",30,2019,3,89,4232006,125580448
"South","Female","30-34",30,2019,4,86,4232006,125580448
"South","Female","30-34",30,2019,5,73,4232006,125580448
"South","Female","30-34",30,2019,6,107,4232006,125580448
"South","Female","30-34",30,2019,7,79,4232006,125580448
"South","Female","30-34",30,2019,8,92,4232006,125580448
"South","Female","30-34",30,2019,9,95,4232006,125580448
"South","Female","30-34",30,2019,10,102,4232006,125580448
"South","Female","30-34",30,2019,11,101,4232006,125580448
"South","Female","30-34",30,2019,12,95,4232006,125580448
"South","Female","35-39",35,2011,1,72,3753460,116006522
"South","Female","35-39",35,2011,2,55,3753460,116006522
"South","Female","35-39",35,2011,3,68,3753460,116006522
"South","Female","35-39",35,2011,4,69,3753460,116006522
"South","Female","35-39",35,2011,5,60,3753460,116006522
"South","Female","35-39",35,2011,6,56,3753460,116006522
"South","Female","35-39",35,2011,7,55,3753460,116006522
"South","Female","35-39",35,2011,8,50,3753460,116006522
"South","Female","35-39",35,2011,9,46,3753460,116006522
"South","Female","35-39",35,2011,10,64,3753460,116006522
"South","Female","35-39",35,2011,11,51,3753460,116006522
"South","Female","35-39",35,2011,12,34,3753460,116006522
"South","Female","35-39",35,2012,1,56,3734481,117241208
"South","Female","35-39",35,2012,2,63,3734481,117241208
"South","Female","35-39",35,2012,3,68,3734481,117241208
"South","Female","35-39",35,2012,4,47,3734481,117241208
"South","Female","35-39",35,2012,5,53,3734481,117241208
"South","Female","35-39",35,2012,6,51,3734481,117241208
"South","Female","35-39",35,2012,7,56,3734481,117241208
"South","Female","35-39",35,2012,8,46,3734481,117241208
"South","Female","35-39",35,2012,9,48,3734481,117241208
"South","Female","35-39",35,2012,10,56,3734481,117241208
"South","Female","35-39",35,2012,11,52,3734481,117241208
"South","Female","35-39",35,2012,12,58,3734481,117241208
"South","Female","35-39",35,2013,1,57,3749953,118364400
"South","Female","35-39",35,2013,2,55,3749953,118364400
"South","Female","35-39",35,2013,3,68,3749953,118364400
"South","Female","35-39",35,2013,4,54,3749953,118364400
"South","Female","35-39",35,2013,5,48,3749953,118364400
"South","Female","35-39",35,2013,6,58,3749953,118364400
"South","Female","35-39",35,2013,7,57,3749953,118364400
"South","Female","35-39",35,2013,8,60,3749953,118364400
"South","Female","35-39",35,2013,9,65,3749953,118364400
"South","Female","35-39",35,2013,10,52,3749953,118364400
"South","Female","35-39",35,2013,11,60,3749953,118364400
"South","Female","35-39",35,2013,12,63,3749953,118364400
"South","Female","35-39",35,2014,1,57,3802225,119624037
"South","Female","35-39",35,2014,2,66,3802225,119624037
"South","Female","35-39",35,2014,3,57,3802225,119624037
"South","Female","35-39",35,2014,4,60,3802225,119624037
"South","Female","35-39",35,2014,5,67,3802225,119624037
"South","Female","35-39",35,2014,6,60,3802225,119624037
"South","Female","35-39",35,2014,7,68,3802225,119624037
"South","Female","35-39",35,2014,8,66,3802225,119624037
"South","Female","35-39",35,2014,9,53,3802225,119624037
"South","Female","35-39",35,2014,10,76,3802225,119624037
"South","Female","35-39",35,2014,11,57,3802225,119624037
"South","Female","35-39",35,2014,12,49,3802225,119624037
"South","Female","35-39",35,2015,1,66,3890969,120997341
"South","Female","35-39",35,2015,2,58,3890969,120997341
"South","Female","35-39",35,2015,3,70,3890969,120997341
"South","Female","35-39",35,2015,4,63,3890969,120997341
"South","Female","35-39",35,2015,5,71,3890969,120997341
"South","Female","35-39",35,2015,6,49,3890969,120997341
"South","Female","35-39",35,2015,7,64,3890969,120997341
"South","Female","35-39",35,2015,8,82,3890969,120997341
"South","Female","35-39",35,2015,9,78,3890969,120997341
"South","Female","35-39",35,2015,10,73,3890969,120997341
"South","Female","35-39",35,2015,11,67,3890969,120997341
"South","Female","35-39",35,2015,12,68,3890969,120997341
"South","Female","35-39",35,2016,1,77,3991757,122351760
"South","Female","35-39",35,2016,2,83,3991757,122351760
"South","Female","35-39",35,2016,3,83,3991757,122351760
"South","Female","35-39",35,2016,4,90,3991757,122351760
"South","Female","35-39",35,2016,5,74,3991757,122351760
"South","Female","35-39",35,2016,6,93,3991757,122351760
"South","Female","35-39",35,2016,7,80,3991757,122351760
"South","Female","35-39",35,2016,8,85,3991757,122351760
"South","Female","35-39",35,2016,9,102,3991757,122351760
"South","Female","35-39",35,2016,10,89,3991757,122351760
"South","Female","35-39",35,2016,11,94,3991757,122351760
"South","Female","35-39",35,2016,12,97,3991757,122351760
"South","Female","35-39",35,2017,1,92,4069286,123542189
"South","Female","35-39",35,2017,2,109,4069286,123542189
"South","Female","35-39",35,2017,3,98,4069286,123542189
"South","Female","35-39",35,2017,4,106,4069286,123542189
"South","Female","35-39",35,2017,5,83,4069286,123542189
"South","Female","35-39",35,2017,6,91,4069286,123542189
"South","Female","35-39",35,2017,7,99,4069286,123542189
"South","Female","35-39",35,2017,8,85,4069286,123542189
"South","Female","35-39",35,2017,9,86,4069286,123542189
"South","Female","35-39",35,2017,10,84,4069286,123542189
"South","Female","35-39",35,2017,11,91,4069286,123542189
"South","Female","35-39",35,2017,12,126,4069286,123542189
"South","Female","35-39",35,2018,1,86,4141031,124569433
"South","Female","35-39",35,2018,2,89,4141031,124569433
"South","Female","35-39",35,2018,3,103,4141031,124569433
"South","Female","35-39",35,2018,4,80,4141031,124569433
"South","Female","35-39",35,2018,5,103,4141031,124569433
"South","Female","35-39",35,2018,6,93,4141031,124569433
"South","Female","35-39",35,2018,7,92,4141031,124569433
"South","Female","35-39",35,2018,8,102,4141031,124569433
"South","Female","35-39",35,2018,9,101,4141031,124569433
"South","Female","35-39",35,2018,10,79,4141031,124569433
"South","Female","35-39",35,2018,11,84,4141031,124569433
"South","Female","35-39",35,2018,12,84,4141031,124569433
"South","Female","35-39",35,2019,1,92,4184976,125580448
"South","Female","35-39",35,2019,2,67,4184976,125580448
"South","Female","35-39",35,2019,3,99,4184976,125580448
"South","Female","35-39",35,2019,4,104,4184976,125580448
"South","Female","35-39",35,2019,5,74,4184976,125580448
"South","Female","35-39",35,2019,6,92,4184976,125580448
"South","Female","35-39",35,2019,7,88,4184976,125580448
"South","Female","35-39",35,2019,8,105,4184976,125580448
"South","Female","35-39",35,2019,9,92,4184976,125580448
"South","Female","35-39",35,2019,10,123,4184976,125580448
"South","Female","35-39",35,2019,11,113,4184976,125580448
"South","Female","35-39",35,2019,12,100,4184976,125580448
"South","Female","40-44",40,2011,1,74,3971924,116006522
"South","Female","40-44",40,2011,2,86,3971924,116006522
"South","Female","40-44",40,2011,3,65,3971924,116006522
"South","Female","40-44",40,2011,4,71,3971924,116006522
"South","Female","40-44",40,2011,5,79,3971924,116006522
"South","Female","40-44",40,2011,6,75,3971924,116006522
"South","Female","40-44",40,2011,7,82,3971924,116006522
"South","Female","40-44",40,2011,8,66,3971924,116006522
"South","Female","40-44",40,2011,9,65,3971924,116006522
"South","Female","40-44",40,2011,10,77,3971924,116006522
"South","Female","40-44",40,2011,11,59,3971924,116006522
"South","Female","40-44",40,2011,12,73,3971924,116006522
"South","Female","40-44",40,2012,1,73,4006595,117241208
"South","Female","40-44",40,2012,2,89,4006595,117241208
"South","Female","40-44",40,2012,3,65,4006595,117241208
"South","Female","40-44",40,2012,4,69,4006595,117241208
"South","Female","40-44",40,2012,5,59,4006595,117241208
"South","Female","40-44",40,2012,6,71,4006595,117241208
"South","Female","40-44",40,2012,7,51,4006595,117241208
"South","Female","40-44",40,2012,8,72,4006595,117241208
"South","Female","40-44",40,2012,9,69,4006595,117241208
"South","Female","40-44",40,2012,10,64,4006595,117241208
"South","Female","40-44",40,2012,11,63,4006595,117241208
"South","Female","40-44",40,2012,12,71,4006595,117241208
"South","Female","40-44",40,2013,1,77,4009321,118364400
"South","Female","40-44",40,2013,2,59,4009321,118364400
"South","Female","40-44",40,2013,3,70,4009321,118364400
"South","Female","40-44",40,2013,4,61,4009321,118364400
"South","Female","40-44",40,2013,5,73,4009321,118364400
"South","Female","40-44",40,2013,6,65,4009321,118364400
"South","Female","40-44",40,2013,7,67,4009321,118364400
"South","Female","40-44",40,2013,8,58,4009321,118364400
"South","Female","40-44",40,2013,9,78,4009321,118364400
"South","Female","40-44",40,2013,10,67,4009321,118364400
"South","Female","40-44",40,2013,11,71,4009321,118364400
"South","Female","40-44",40,2013,12,71,4009321,118364400
"South","Female","40-44",40,2014,1,96,3981629,119624037
"South","Female","40-44",40,2014,2,70,3981629,119624037
"South","Female","40-44",40,2014,3,82,3981629,119624037
"South","Female","40-44",40,2014,4,69,3981629,119624037
"South","Female","40-44",40,2014,5,82,3981629,119624037
"South","Female","40-44",40,2014,6,75,3981629,119624037
"South","Female","40-44",40,2014,7,65,3981629,119624037
"South","Female","40-44",40,2014,8,70,3981629,119624037
"South","Female","40-44",40,2014,9,76,3981629,119624037
"South","Female","40-44",40,2014,10,79,3981629,119624037
"South","Female","40-44",40,2014,11,77,3981629,119624037
"South","Female","40-44",40,2014,12,73,3981629,119624037
"South","Female","40-44",40,2015,1,98,3930556,120997341
"South","Female","40-44",40,2015,2,75,3930556,120997341
"South","Female","40-44",40,2015,3,92,3930556,120997341
"South","Female","40-44",40,2015,4,73,3930556,120997341
"South","Female","40-44",40,2015,5,73,3930556,120997341
"South","Female","40-44",40,2015,6,60,3930556,120997341
"South","Female","40-44",40,2015,7,81,3930556,120997341
"South","Female","40-44",40,2015,8,83,3930556,120997341
"South","Female","40-44",40,2015,9,76,3930556,120997341
"South","Female","40-44",40,2015,10,81,3930556,120997341
"South","Female","40-44",40,2015,11,82,3930556,120997341
"South","Female","40-44",40,2015,12,66,3930556,120997341
"South","Female","40-44",40,2016,1,93,3854208,122351760
"South","Female","40-44",40,2016,2,74,3854208,122351760
"South","Female","40-44",40,2016,3,101,3854208,122351760
"South","Female","40-44",40,2016,4,98,3854208,122351760
"South","Female","40-44",40,2016,5,77,3854208,122351760
"South","Female","40-44",40,2016,6,78,3854208,122351760
"South","Female","40-44",40,2016,7,77,3854208,122351760
"South","Female","40-44",40,2016,8,74,3854208,122351760
"South","Female","40-44",40,2016,9,76,3854208,122351760
"South","Female","40-44",40,2016,10,79,3854208,122351760
"South","Female","40-44",40,2016,11,64,3854208,122351760
"South","Female","40-44",40,2016,12,92,3854208,122351760
"South","Female","40-44",40,2017,1,92,3839455,123542189
"South","Female","40-44",40,2017,2,66,3839455,123542189
"South","Female","40-44",40,2017,3,83,3839455,123542189
"South","Female","40-44",40,2017,4,95,3839455,123542189
"South","Female","40-44",40,2017,5,82,3839455,123542189
"South","Female","40-44",40,2017,6,66,3839455,123542189
"South","Female","40-44",40,2017,7,103,3839455,123542189
"South","Female","40-44",40,2017,8,94,3839455,123542189
"South","Female","40-44",40,2017,9,94,3839455,123542189
"South","Female","40-44",40,2017,10,83,3839455,123542189
"South","Female","40-44",40,2017,11,69,3839455,123542189
"South","Female","40-44",40,2017,12,77,3839455,123542189
"South","Female","40-44",40,2018,1,73,3857380,124569433
"South","Female","40-44",40,2018,2,87,3857380,124569433
"South","Female","40-44",40,2018,3,75,3857380,124569433
"South","Female","40-44",40,2018,4,90,3857380,124569433
"South","Female","40-44",40,2018,5,70,3857380,124569433
"South","Female","40-44",40,2018,6,94,3857380,124569433
"South","Female","40-44",40,2018,7,97,3857380,124569433
"South","Female","40-44",40,2018,8,81,3857380,124569433
"South","Female","40-44",40,2018,9,71,3857380,124569433
"South","Female","40-44",40,2018,10,74,3857380,124569433
"South","Female","40-44",40,2018,11,80,3857380,124569433
"South","Female","40-44",40,2018,12,78,3857380,124569433
"South","Female","40-44",40,2019,1,93,3905854,125580448
"South","Female","40-44",40,2019,2,66,3905854,125580448
"South","Female","40-44",40,2019,3,92,3905854,125580448
"South","Female","40-44",40,2019,4,62,3905854,125580448
"South","Female","40-44",40,2019,5,82,3905854,125580448
"South","Female","40-44",40,2019,6,81,3905854,125580448
"South","Female","40-44",40,2019,7,78,3905854,125580448
"South","Female","40-44",40,2019,8,72,3905854,125580448
"South","Female","40-44",40,2019,9,73,3905854,125580448
"South","Female","40-44",40,2019,10,96,3905854,125580448
"South","Female","40-44",40,2019,11,81,3905854,125580448
"South","Female","40-44",40,2019,12,99,3905854,125580448
"South","Female","45-49",45,2011,1,109,4178539,116006522
"South","Female","45-49",45,2011,2,88,4178539,116006522
"South","Female","45-49",45,2011,3,120,4178539,116006522
"South","Female","45-49",45,2011,4,89,4178539,116006522
"South","Female","45-49",45,2011,5,95,4178539,116006522
"South","Female","45-49",45,2011,6,96,4178539,116006522
"South","Female","45-49",45,2011,7,92,4178539,116006522
"South","Female","45-49",45,2011,8,82,4178539,116006522
"South","Female","45-49",45,2011,9,88,4178539,116006522
"South","Female","45-49",45,2011,10,101,4178539,116006522
"South","Female","45-49",45,2011,11,102,4178539,116006522
"South","Female","45-49",45,2011,12,95,4178539,116006522
"South","Female","45-49",45,2012,1,113,4104244,117241208
"South","Female","45-49",45,2012,2,108,4104244,117241208
"South","Female","45-49",45,2012,3,94,4104244,117241208
"South","Female","45-49",45,2012,4,87,4104244,117241208
"South","Female","45-49",45,2012,5,100,4104244,117241208
"South","Female","45-49",45,2012,6,88,4104244,117241208
"South","Female","45-49",45,2012,7,75,4104244,117241208
"South","Female","45-49",45,2012,8,102,4104244,117241208
"South","Female","45-49",45,2012,9,90,4104244,117241208
"South","Female","45-49",45,2012,10,83,4104244,117241208
"South","Female","45-49",45,2012,11,94,4104244,117241208
"South","Female","45-49",45,2012,12,83,4104244,117241208
"South","Female","45-49",45,2013,1,86,4023953,118364400
"South","Female","45-49",45,2013,2,82,4023953,118364400
"South","Female","45-49",45,2013,3,82,4023953,118364400
"South","Female","45-49",45,2013,4,95,4023953,118364400
"South","Female","45-49",45,2013,5,85,4023953,118364400
"South","Female","45-49",45,2013,6,85,4023953,118364400
"South","Female","45-49",45,2013,7,88,4023953,118364400
"South","Female","45-49",45,2013,8,86,4023953,118364400
"South","Female","45-49",45,2013,9,68,4023953,118364400
"South","Female","45-49",45,2013,10,85,4023953,118364400
"South","Female","45-49",45,2013,11,76,4023953,118364400
"South","Female","45-49",45,2013,12,91,4023953,118364400
"South","Female","45-49",45,2014,1,90,3961495,119624037
"South","Female","45-49",45,2014,2,85,3961495,119624037
"South","Female","45-49",45,2014,3,81,3961495,119624037
"South","Female","45-49",45,2014,4,93,3961495,119624037
"South","Female","45-49",45,2014,5,83,3961495,119624037
"South","Female","45-49",45,2014,6,71,3961495,119624037
"South","Female","45-49",45,2014,7,88,3961495,119624037
"South","Female","45-49",45,2014,8,86,3961495,119624037
"South","Female","45-49",45,2014,9,78,3961495,119624037
"South","Female","45-49",45,2014,10,83,3961495,119624037
"South","Female","45-49",45,2014,11,85,3961495,119624037
"South","Female","45-49",45,2014,12,85,3961495,119624037
"South","Female","45-49",45,2015,1,95,3969096,120997341
"South","Female","45-49",45,2015,2,78,3969096,120997341
"South","Female","45-49",45,2015,3,98,3969096,120997341
"South","Female","45-49",45,2015,4,79,3969096,120997341
"South","Female","45-49",45,2015,5,86,3969096,120997341
"South","Female","45-49",45,2015,6,71,3969096,120997341
"South","Female","45-49",45,2015,7,95,3969096,120997341
"South","Female","45-49",45,2015,8,100,3969096,120997341
"South","Female","45-49",45,2015,9,74,3969096,120997341
"South","Female","45-49",45,2015,10,83,3969096,120997341
"South","Female","45-49",45,2015,11,95,3969096,120997341
"South","Female","45-49",45,2015,12,83,3969096,120997341
"South","Female","45-49",45,2016,1,81,4032754,122351760
"South","Female","45-49",45,2016,2,91,4032754,122351760
"South","Female","45-49",45,2016,3,94,4032754,122351760
"South","Female","45-49",45,2016,4,82,4032754,122351760
"South","Female","45-49",45,2016,5,98,4032754,122351760
"South","Female","45-49",45,2016,6,82,4032754,122351760
"South","Female","45-49",45,2016,7,109,4032754,122351760
"South","Female","45-49",45,2016,8,93,4032754,122351760
"South","Female","45-49",45,2016,9,107,4032754,122351760
"South","Female","45-49",45,2016,10,107,4032754,122351760
"South","Female","45-49",45,2016,11,83,4032754,122351760
"South","Female","45-49",45,2016,12,95,4032754,122351760
"South","Female","45-49",45,2017,1,94,4070669,123542189
"South","Female","45-49",45,2017,2,98,4070669,123542189
"South","Female","45-49",45,2017,3,121,4070669,123542189
"South","Female","45-49",45,2017,4,85,4070669,123542189
"South","Female","45-49",45,2017,5,118,4070669,123542189
"South","Female","45-49",45,2017,6,110,4070669,123542189
"South","Female","45-49",45,2017,7,86,4070669,123542189
"South","Female","45-49",45,2017,8,85,4070669,123542189
"South","Female","45-49",45,2017,9,85,4070669,123542189
"South","Female","45-49",45,2017,10,94,4070669,123542189
"South","Female","45-49",45,2017,11,81,4070669,123542189
"South","Female","45-49",45,2017,12,106,4070669,123542189
"South","Female","45-49",45,2018,1,88,4076015,124569433
"South","Female","45-49",45,2018,2,87,4076015,124569433
"South","Female","45-49",45,2018,3,107,4076015,124569433
"South","Female","45-49",45,2018,4,102,4076015,124569433
"South","Female","45-49",45,2018,5,95,4076015,124569433
"South","Female","45-49",45,2018,6,79,4076015,124569433
"South","Female","45-49",45,2018,7,90,4076015,124569433
"South","Female","45-49",45,2018,8,87,4076015,124569433
"South","Female","45-49",45,2018,9,75,4076015,124569433
"South","Female","45-49",45,2018,10,89,4076015,124569433
"South","Female","45-49",45,2018,11,70,4076015,124569433
"South","Female","45-49",45,2018,12,89,4076015,124569433
"South","Female","45-49",45,2019,1,99,4048026,125580448
"South","Female","45-49",45,2019,2,92,4048026,125580448
"South","Female","45-49",45,2019,3,96,4048026,125580448
"South","Female","45-49",45,2019,4,76,4048026,125580448
"South","Female","45-49",45,2019,5,93,4048026,125580448
"South","Female","45-49",45,2019,6,70,4048026,125580448
"South","Female","45-49",45,2019,7,97,4048026,125580448
"South","Female","45-49",45,2019,8,74,4048026,125580448
"South","Female","45-49",45,2019,9,83,4048026,125580448
"South","Female","45-49",45,2019,10,89,4048026,125580448
"South","Female","45-49",45,2019,11,100,4048026,125580448
"South","Female","45-49",45,2019,12,78,4048026,125580448
"South","Female","50-54",50,2011,1,90,4213051,116006522
"South","Female","50-54",50,2011,2,85,4213051,116006522
"South","Female","50-54",50,2011,3,96,4213051,116006522
"South","Female","50-54",50,2011,4,99,4213051,116006522
"South","Female","50-54",50,2011,5,95,4213051,116006522
"South","Female","50-54",50,2011,6,77,4213051,116006522
"South","Female","50-54",50,2011,7,74,4213051,116006522
"South","Female","50-54",50,2011,8,90,4213051,116006522
"South","Female","50-54",50,2011,9,105,4213051,116006522
"South","Female","50-54",50,2011,10,108,4213051,116006522
"South","Female","50-54",50,2011,11,78,4213051,116006522
"South","Female","50-54",50,2011,12,86,4213051,116006522
"South","Female","50-54",50,2012,1,93,4233713,117241208
"South","Female","50-54",50,2012,2,88,4233713,117241208
"South","Female","50-54",50,2012,3,87,4233713,117241208
"South","Female","50-54",50,2012,4,95,4233713,117241208
"South","Female","50-54",50,2012,5,100,4233713,117241208
"South","Female","50-54",50,2012,6,92,4233713,117241208
"South","Female","50-54",50,2012,7,90,4233713,117241208
"South","Female","50-54",50,2012,8,92,4233713,117241208
"South","Female","50-54",50,2012,9,93,4233713,117241208
"South","Female","50-54",50,2012,10,77,4233713,117241208
"South","Female","50-54",50,2012,11,93,4233713,117241208
"South","Female","50-54",50,2012,12,108,4233713,117241208
"South","Female","50-54",50,2013,1,93,4254754,118364400
"South","Female","50-54",50,2013,2,112,4254754,118364400
"South","Female","50-54",50,2013,3,109,4254754,118364400
"South","Female","50-54",50,2013,4,81,4254754,118364400
"South","Female","50-54",50,2013,5,98,4254754,118364400
"South","Female","50-54",50,2013,6,100,4254754,118364400
"South","Female","50-54",50,2013,7,78,4254754,118364400
"South","Female","50-54",50,2013,8,93,4254754,118364400
"South","Female","50-54",50,2013,9,89,4254754,118364400
"South","Female","50-54",50,2013,10,80,4254754,118364400
"South","Female","50-54",50,2013,11,74,4254754,118364400
"South","Female","50-54",50,2013,12,95,4254754,118364400
"South","Female","50-54",50,2014,1,113,4276867,119624037
"South","Female","50-54",50,2014,2,101,4276867,119624037
"South","Female","50-54",50,2014,3,100,4276867,119624037
"South","Female","50-54",50,2014,4,85,4276867,119624037
"South","Female","50-54",50,2014,5,88,4276867,119624037
"South","Female","50-54",50,2014,6,91,4276867,119624037
"South","Female","50-54",50,2014,7,77,4276867,119624037
"South","Female","50-54",50,2014,8,114,4276867,119624037
"South","Female","50-54",50,2014,9,89,4276867,119624037
"South","Female","50-54",50,2014,10,101,4276867,119624037
"South","Female","50-54",50,2014,11,100,4276867,119624037
"South","Female","50-54",50,2014,12,68,4276867,119624037
"South","Female","50-54",50,2015,1,106,4258988,120997341
"South","Female","50-54",50,2015,2,104,4258988,120997341
"South","Female","50-54",50,2015,3,112,4258988,120997341
"South","Female","50-54",50,2015,4,99,4258988,120997341
"South","Female","50-54",50,2015,5,83,4258988,120997341
"South","Female","50-54",50,2015,6,106,4258988,120997341
"South","Female","50-54",50,2015,7,102,4258988,120997341
"South","Female","50-54",50,2015,8,101,4258988,120997341
"South","Female","50-54",50,2015,9,90,4258988,120997341
"South","Female","50-54",50,2015,10,97,4258988,120997341
"South","Female","50-54",50,2015,11,85,4258988,120997341
"South","Female","50-54",50,2015,12,98,4258988,120997341
"South","Female","50-54",50,2016,1,97,4198295,122351760
"South","Female","50-54",50,2016,2,97,4198295,122351760
"South","Female","50-54",50,2016,3,120,4198295,122351760
"South","Female","50-54",50,2016,4,103,4198295,122351760
"South","Female","50-54",50,2016,5,112,4198295,122351760
"South","Female","50-54",50,2016,6,100,4198295,122351760
"South","Female","50-54",50,2016,7,106,4198295,122351760
"South","Female","50-54",50,2016,8,114,4198295,122351760
"South","Female","50-54",50,2016,9,102,4198295,122351760
"South","Female","50-54",50,2016,10,106,4198295,122351760
"South","Female","50-54",50,2016,11,105,4198295,122351760
"South","Female","50-54",50,2016,12,102,4198295,122351760
"South","Female","50-54",50,2017,1,117,4127672,123542189
"South","Female","50-54",50,2017,2,100,4127672,123542189
"South","Female","50-54",50,2017,3,119,4127672,123542189
"South","Female","50-54",50,2017,4,117,4127672,123542189
"South","Female","50-54",50,2017,5,123,4127672,123542189
"South","Female","50-54",50,2017,6,89,4127672,123542189
"South","Female","50-54",50,2017,7,96,4127672,123542189
"South","Female","50-54",50,2017,8,98,4127672,123542189
"South","Female","50-54",50,2017,9,93,4127672,123542189
"South","Female","50-54",50,2017,10,105,4127672,123542189
"South","Female","50-54",50,2017,11,99,4127672,123542189
"South","Female","50-54",50,2017,12,106,4127672,123542189
"South","Female","50-54",50,2018,1,94,4053243,124569433
"South","Female","50-54",50,2018,2,103,4053243,124569433
"South","Female","50-54",50,2018,3,91,4053243,124569433
"South","Female","50-54",50,2018,4,100,4053243,124569433
"South","Female","50-54",50,2018,5,107,4053243,124569433
"South","Female","50-54",50,2018,6,103,4053243,124569433
"South","Female","50-54",50,2018,7,106,4053243,124569433
"South","Female","50-54",50,2018,8,122,4053243,124569433
"South","Female","50-54",50,2018,9,77,4053243,124569433
"South","Female","50-54",50,2018,10,86,4053243,124569433
"South","Female","50-54",50,2018,11,70,4053243,124569433
"South","Female","50-54",50,2018,12,86,4053243,124569433
"South","Female","50-54",50,2019,1,92,3991435,125580448
"South","Female","50-54",50,2019,2,71,3991435,125580448
"South","Female","50-54",50,2019,3,99,3991435,125580448
"South","Female","50-54",50,2019,4,75,3991435,125580448
"South","Female","50-54",50,2019,5,90,3991435,125580448
"South","Female","50-54",50,2019,6,83,3991435,125580448
"South","Female","50-54",50,2019,7,97,3991435,125580448
"South","Female","50-54",50,2019,8,85,3991435,125580448
"South","Female","50-54",50,2019,9,78,3991435,125580448
"South","Female","50-54",50,2019,10,108,3991435,125580448
"South","Female","50-54",50,2019,11,113,3991435,125580448
"South","Female","50-54",50,2019,12,92,3991435,125580448
"South","Male","15-19",15,2011,1,20,4086068,116006522
"South","Male","15-19",15,2011,2,20,4086068,116006522
"South","Male","15-19",15,2011,3,21,4086068,116006522
"South","Male","15-19",15,2011,4,19,4086068,116006522
"South","Male","15-19",15,2011,5,17,4086068,116006522
"South","Male","15-19",15,2011,6,22,4086068,116006522
"South","Male","15-19",15,2011,7,25,4086068,116006522
"South","Male","15-19",15,2011,8,20,4086068,116006522
"South","Male","15-19",15,2011,9,18,4086068,116006522
"South","Male","15-19",15,2011,10,16,4086068,116006522
"South","Male","15-19",15,2011,11,21,4086068,116006522
"South","Male","15-19",15,2011,12,20,4086068,116006522
"South","Male","15-19",15,2012,1,15,4045388,117241208
"South","Male","15-19",15,2012,2,20,4045388,117241208
"South","Male","15-19",15,2012,3,13,4045388,117241208
"South","Male","15-19",15,2012,4,8,4045388,117241208
"South","Male","15-19",15,2012,5,13,4045388,117241208
"South","Male","15-19",15,2012,6,16,4045388,117241208
"South","Male","15-19",15,2012,7,24,4045388,117241208
"South","Male","15-19",15,2012,8,18,4045388,117241208
"South","Male","15-19",15,2012,9,11,4045388,117241208
"South","Male","15-19",15,2012,10,14,4045388,117241208
"South","Male","15-19",15,2012,11,9,4045388,117241208
"South","Male","15-19",15,2012,12,7,4045388,117241208
"South","Male","15-19",15,2013,1,15,4027554,118364400
"South","Male","15-19",15,2013,2,7,4027554,118364400
"South","Male","15-19",15,2013,3,12,4027554,118364400
"South","Male","15-19",15,2013,4,10,4027554,118364400
"South","Male","15-19",15,2013,5,16,4027554,118364400
"South","Male","15-19",15,2013,6,15,4027554,118364400
"South","Male","15-19",15,2013,7,7,4027554,118364400
"South","Male","15-19",15,2013,8,18,4027554,118364400
"South","Male","15-19",15,2013,9,9,4027554,118364400
"South","Male","15-19",15,2013,10,15,4027554,118364400
"South","Male","15-19",15,2013,11,13,4027554,118364400
"South","Male","15-19",15,2013,12,12,4027554,118364400
"South","Male","15-19",15,2014,1,9,4025048,119624037
"South","Male","15-19",15,2014,2,15,4025048,119624037
"South","Male","15-19",15,2014,3,9,4025048,119624037
"South","Male","15-19",15,2014,4,8,4025048,119624037
"South","Male","15-19",15,2014,5,11,4025048,119624037
"South","Male","15-19",15,2014,6,7,4025048,119624037
"South","Male","15-19",15,2014,7,9,4025048,119624037
"South","Male","15-19",15,2014,8,14,4025048,119624037
"South","Male","15-19",15,2014,9,12,4025048,119624037
"South","Male","15-19",15,2014,10,16,4025048,119624037
"South","Male","15-19",15,2014,11,10,4025048,119624037
"South","Male","15-19",15,2014,12,8,4025048,119624037
"South","Male","15-19",15,2015,1,14,4061348,120997341
"South","Male","15-19",15,2015,2,12,4061348,120997341
"South","Male","15-19",15,2015,3,16,4061348,120997341
"South","Male","15-19",15,2015,4,9,4061348,120997341
"South","Male","15-19",15,2015,5,14,4061348,120997341
"South","Male","15-19",15,2015,6,14,4061348,120997341
"South","Male","15-19",15,2015,7,19,4061348,120997341
"South","Male","15-19",15,2015,8,20,4061348,120997341
"South","Male","15-19",15,2015,9,13,4061348,120997341
"South","Male","15-19",15,2015,10,20,4061348,120997341
"South","Male","15-19",15,2015,11,18,4061348,120997341
"South","Male","15-19",15,2015,12,9,4061348,120997341
"South","Male","15-19",15,2016,1,17,4100033,122351760
"South","Male","15-19",15,2016,2,21,4100033,122351760
"South","Male","15-19",15,2016,3,21,4100033,122351760
"South","Male","15-19",15,2016,4,13,4100033,122351760
"South","Male","15-19",15,2016,5,22,4100033,122351760
"South","Male","15-19",15,2016,6,20,4100033,122351760
"South","Male","15-19",15,2016,7,14,4100033,122351760
"South","Male","15-19",15,2016,8,22,4100033,122351760
"South","Male","15-19",15,2016,9,13,4100033,122351760
"South","Male","15-19",15,2016,10,19,4100033,122351760
"South","Male","15-19",15,2016,11,22,4100033,122351760
"South","Male","15-19",15,2016,12,7,4100033,122351760
"South","Male","15-19",15,2017,1,18,4117984,123542189
"South","Male","15-19",15,2017,2,14,4117984,123542189
"South","Male","15-19",15,2017,3,20,4117984,123542189
"South","Male","15-19",15,2017,4,8,4117984,123542189
"South","Male","15-19",15,2017,5,15,4117984,123542189
"South","Male","15-19",15,2017,6,16,4117984,123542189
"South","Male","15-19",15,2017,7,16,4117984,123542189
"South","Male","15-19",15,2017,8,12,4117984,123542189
"South","Male","15-19",15,2017,9,18,4117984,123542189
"South","Male","15-19",15,2017,10,13,4117984,123542189
"South","Male","15-19",15,2017,11,11,4117984,123542189
"South","Male","15-19",15,2017,12,18,4117984,123542189
"South","Male","15-19",15,2018,1,19,4124788,124569433
"South","Male","15-19",15,2018,2,15,4124788,124569433
"South","Male","15-19",15,2018,3,12,4124788,124569433
"South","Male","15-19",15,2018,4,14,4124788,124569433
"South","Male","15-19",15,2018,5,17,4124788,124569433
"South","Male","15-19",15,2018,6,10,4124788,124569433
"South","Male","15-19",15,2018,7,8,4124788,124569433
"South","Male","15-19",15,2018,8,13,4124788,124569433
"South","Male","15-19",15,2018,9,13,4124788,124569433
"South","Male","15-19",15,2018,10,17,4124788,124569433
"South","Male","15-19",15,2018,11,5,4124788,124569433
"South","Male","15-19",15,2018,12,8,4124788,124569433
"South","Male","15-19",15,2019,1,9,4133515,125580448
"South","Male","15-19",15,2019,2,17,4133515,125580448
"South","Male","15-19",15,2019,3,17,4133515,125580448
"South","Male","15-19",15,2019,4,8,4133515,125580448
"South","Male","15-19",15,2019,5,18,4133515,125580448
"South","Male","15-19",15,2019,6,16,4133515,125580448
"South","Male","15-19",15,2019,7,8,4133515,125580448
"South","Male","15-19",15,2019,8,20,4133515,125580448
"South","Male","15-19",15,2019,9,10,4133515,125580448
"South","Male","15-19",15,2019,10,15,4133515,125580448
"South","Male","15-19",15,2019,11,13,4133515,125580448
"South","Male","15-19",15,2019,12,15,4133515,125580448
"South","Male","20-24",20,2011,1,69,4192923,116006522
"South","Male","20-24",20,2011,2,80,4192923,116006522
"South","Male","20-24",20,2011,3,59,4192923,116006522
"South","Male","20-24",20,2011,4,63,4192923,116006522
"South","Male","20-24",20,2011,5,71,4192923,116006522
"South","Male","20-24",20,2011,6,66,4192923,116006522
"South","Male","20-24",20,2011,7,63,4192923,116006522
"South","Male","20-24",20,2011,8,60,4192923,116006522
"South","Male","20-24",20,2011,9,57,4192923,116006522
"South","Male","20-24",20,2011,10,61,4192923,116006522
"South","Male","20-24",20,2011,11,72,4192923,116006522
"South","Male","20-24",20,2011,12,62,4192923,116006522
"South","Male","20-24",20,2012,1,58,4298705,117241208
"South","Male","20-24",20,2012,2,89,4298705,117241208
"South","Male","20-24",20,2012,3,46,4298705,117241208
"South","Male","20-24",20,2012,4,60,4298705,117241208
"South","Male","20-24",20,2012,5,53,4298705,117241208
"South","Male","20-24",20,2012,6,47,4298705,117241208
"South","Male","20-24",20,2012,7,61,4298705,117241208
"South","Male","20-24",20,2012,8,64,4298705,117241208
"South","Male","20-24",20,2012,9,60,4298705,117241208
"South","Male","20-24",20,2012,10,67,4298705,117241208
"South","Male","20-24",20,2012,11,50,4298705,117241208
"South","Male","20-24",20,2012,12,71,4298705,117241208
"South","Male","20-24",20,2013,1,56,4361889,118364400
"South","Male","20-24",20,2013,2,49,4361889,118364400
"South","Male","20-24",20,2013,3,72,4361889,118364400
"South","Male","20-24",20,2013,4,55,4361889,118364400
"South","Male","20-24",20,2013,5,62,4361889,118364400
"South","Male","20-24",20,2013,6,53,4361889,118364400
"South","Male","20-24",20,2013,7,61,4361889,118364400
"South","Male","20-24",20,2013,8,57,4361889,118364400
"South","Male","20-24",20,2013,9,51,4361889,118364400
"South","Male","20-24",20,2013,10,60,4361889,118364400
"South","Male","20-24",20,2013,11,53,4361889,118364400
"South","Male","20-24",20,2013,12,57,4361889,118364400
"South","Male","20-24",20,2014,1,68,4385220,119624037
"South","Male","20-24",20,2014,2,68,4385220,119624037
"South","Male","20-24",20,2014,3,67,4385220,119624037
"South","Male","20-24",20,2014,4,68,4385220,119624037
"South","Male","20-24",20,2014,5,72,4385220,119624037
"South","Male","20-24",20,2014,6,61,4385220,119624037
"South","Male","20-24",20,2014,7,62,4385220,119624037
"South","Male","20-24",20,2014,8,68,4385220,119624037
"South","Male","20-24",20,2014,9,60,4385220,119624037
"South","Male","20-24",20,2014,10,75,4385220,119624037
"South","Male","20-24",20,2014,11,57,4385220,119624037
"South","Male","20-24",20,2014,12,73,4385220,119624037
"South","Male","20-24",20,2015,1,64,4364948,120997341
"South","Male","20-24",20,2015,2,76,4364948,120997341
"South","Male","20-24",20,2015,3,73,4364948,120997341
"South","Male","20-24",20,2015,4,72,4364948,120997341
"South","Male","20-24",20,2015,5,73,4364948,120997341
"South","Male","20-24",20,2015,6,81,4364948,120997341
"South","Male","20-24",20,2015,7,81,4364948,120997341
"South","Male","20-24",20,2015,8,67,4364948,120997341
"South","Male","20-24",20,2015,9,61,4364948,120997341
"South","Male","20-24",20,2015,10,65,4364948,120997341
"South","Male","20-24",20,2015,11,50,4364948,120997341
"South","Male","20-24",20,2015,12,82,4364948,120997341
"South","Male","20-24",20,2016,1,82,4308724,122351760
"South","Male","20-24",20,2016,2,78,4308724,122351760
"South","Male","20-24",20,2016,3,94,4308724,122351760
"South","Male","20-24",20,2016,4,89,4308724,122351760
"South","Male","20-24",20,2016,5,100,4308724,122351760
"South","Male","20-24",20,2016,6,102,4308724,122351760
"South","Male","20-24",20,2016,7,84,4308724,122351760
"South","Male","20-24",20,2016,8,104,4308724,122351760
"South","Male","20-24",20,2016,9,96,4308724,122351760
"South","Male","20-24",20,2016,10,108,4308724,122351760
"South","Male","20-24",20,2016,11,94,4308724,122351760
"South","Male","20-24",20,2016,12,103,4308724,122351760
"South","Male","20-24",20,2017,1,111,4257341,123542189
"South","Male","20-24",20,2017,2,92,4257341,123542189
"South","Male","20-24",20,2017,3,95,4257341,123542189
"South","Male","20-24",20,2017,4,101,4257341,123542189
"South","Male","20-24",20,2017,5,106,4257341,123542189
"South","Male","20-24",20,2017,6,98,4257341,123542189
"South","Male","20-24",20,2017,7,89,4257341,123542189
"South","Male","20-24",20,2017,8,80,4257341,123542189
"South","Male","20-24",20,2017,9,106,4257341,123542189
"South","Male","20-24",20,2017,10,75,4257341,123542189
"South","Male","20-24",20,2017,11,68,4257341,123542189
"South","Male","20-24",20,2017,12,104,4257341,123542189
"South","Male","20-24",20,2018,1,83,4219626,124569433
"South","Male","20-24",20,2018,2,70,4219626,124569433
"South","Male","20-24",20,2018,3,98,4219626,124569433
"South","Male","20-24",20,2018,4,85,4219626,124569433
"South","Male","20-24",20,2018,5,92,4219626,124569433
"South","Male","20-24",20,2018,6,74,4219626,124569433
"South","Male","20-24",20,2018,7,79,4219626,124569433
"South","Male","20-24",20,2018,8,91,4219626,124569433
"South","Male","20-24",20,2018,9,76,4219626,124569433
"South","Male","20-24",20,2018,10,87,4219626,124569433
"South","Male","20-24",20,2018,11,68,4219626,124569433
"South","Male","20-24",20,2018,12,70,4219626,124569433
"South","Male","20-24",20,2019,1,77,4204110,125580448
"South","Male","20-24",20,2019,2,62,4204110,125580448
"South","Male","20-24",20,2019,3,98,4204110,125580448
"South","Male","20-24",20,2019,4,66,4204110,125580448
"South","Male","20-24",20,2019,5,88,4204110,125580448
"South","Male","20-24",20,2019,6,72,4204110,125580448
"South","Male","20-24",20,2019,7,77,4204110,125580448
"South","Male","20-24",20,2019,8,82,4204110,125580448
"South","Male","20-24",20,2019,9,86,4204110,125580448
"South","Male","20-24",20,2019,10,101,4204110,125580448
"South","Male","20-24",20,2019,11,105,4204110,125580448
"South","Male","20-24",20,2019,12,88,4204110,125580448
"South","Male","25-29",25,2011,1,106,3971562,116006522
"South","Male","25-29",25,2011,2,93,3971562,116006522
"South","Male","25-29",25,2011,3,113,3971562,116006522
"South","Male","25-29",25,2011,4,79,3971562,116006522
"South","Male","25-29",25,2011,5,107,3971562,116006522
"South","Male","25-29",25,2011,6,97,3971562,116006522
"South","Male","25-29",25,2011,7,102,3971562,116006522
"South","Male","25-29",25,2011,8,108,3971562,116006522
"South","Male","25-29",25,2011,9,66,3971562,116006522
"South","Male","25-29",25,2011,10,78,3971562,116006522
"South","Male","25-29",25,2011,11,99,3971562,116006522
"South","Male","25-29",25,2011,12,98,3971562,116006522
"South","Male","25-29",25,2012,1,76,4010139,117241208
"South","Male","25-29",25,2012,2,89,4010139,117241208
"South","Male","25-29",25,2012,3,91,4010139,117241208
"South","Male","25-29",25,2012,4,65,4010139,117241208
"South","Male","25-29",25,2012,5,92,4010139,117241208
"South","Male","25-29",25,2012,6,92,4010139,117241208
"South","Male","25-29",25,2012,7,82,4010139,117241208
"South","Male","25-29",25,2012,8,82,4010139,117241208
"South","Male","25-29",25,2012,9,92,4010139,117241208
"South","Male","25-29",25,2012,10,72,4010139,117241208
"South","Male","25-29",25,2012,11,79,4010139,117241208
"South","Male","25-29",25,2012,12,78,4010139,117241208
"South","Male","25-29",25,2013,1,92,4052692,118364400
"South","Male","25-29",25,2013,2,76,4052692,118364400
"South","Male","25-29",25,2013,3,81,4052692,118364400
"South","Male","25-29",25,2013,4,77,4052692,118364400
"South","Male","25-29",25,2013,5,86,4052692,118364400
"South","Male","25-29",25,2013,6,82,4052692,118364400
"South","Male","25-29",25,2013,7,80,4052692,118364400
"South","Male","25-29",25,2013,8,77,4052692,118364400
"South","Male","25-29",25,2013,9,104,4052692,118364400
"South","Male","25-29",25,2013,10,76,4052692,118364400
"South","Male","25-29",25,2013,11,84,4052692,118364400
"South","Male","25-29",25,2013,12,90,4052692,118364400
"South","Male","25-29",25,2014,1,80,4140737,119624037
"South","Male","25-29",25,2014,2,101,4140737,119624037
"South","Male","25-29",25,2014,3,83,4140737,119624037
"South","Male","25-29",25,2014,4,85,4140737,119624037
"South","Male","25-29",25,2014,5,92,4140737,119624037
"South","Male","25-29",25,2014,6,105,4140737,119624037
"South","Male","25-29",25,2014,7,96,4140737,119624037
"South","Male","25-29",25,2014,8,113,4140737,119624037
"South","Male","25-29",25,2014,9,90,4140737,119624037
"South","Male","25-29",25,2014,10,86,4140737,119624037
"South","Male","25-29",25,2014,11,110,4140737,119624037
"South","Male","25-29",25,2014,12,109,4140737,119624037
"South","Male","25-29",25,2015,1,111,4248951,120997341
"South","Male","25-29",25,2015,2,93,4248951,120997341
"South","Male","25-29",25,2015,3,113,4248951,120997341
"South","Male","25-29",25,2015,4,118,4248951,120997341
"South","Male","25-29",25,2015,5,128,4248951,120997341
"South","Male","25-29",25,2015,6,128,4248951,120997341
"South","Male","25-29",25,2015,7,117,4248951,120997341
"South","Male","25-29",25,2015,8,132,4248951,120997341
"South","Male","25-29",25,2015,9,118,4248951,120997341
"South","Male","25-29",25,2015,10,126,4248951,120997341
"South","Male","25-29",25,2015,11,124,4248951,120997341
"South","Male","25-29",25,2015,12,121,4248951,120997341
"South","Male","25-29",25,2016,1,106,4362461,122351760
"South","Male","25-29",25,2016,2,155,4362461,122351760
"South","Male","25-29",25,2016,3,159,4362461,122351760
"South","Male","25-29",25,2016,4,155,4362461,122351760
"South","Male","25-29",25,2016,5,156,4362461,122351760
"South","Male","25-29",25,2016,6,148,4362461,122351760
"South","Male","25-29",25,2016,7,178,4362461,122351760
"South","Male","25-29",25,2016,8,163,4362461,122351760
"South","Male","25-29",25,2016,9,139,4362461,122351760
"South","Male","25-29",25,2016,10,183,4362461,122351760
"South","Male","25-29",25,2016,11,156,4362461,122351760
"South","Male","25-29",25,2016,12,179,4362461,122351760
"South","Male","25-29",25,2017,1,176,4453362,123542189
"South","Male","25-29",25,2017,2,168,4453362,123542189
"South","Male","25-29",25,2017,3,189,4453362,123542189
"South","Male","25-29",25,2017,4,165,4453362,123542189
"South","Male","25-29",25,2017,5,185,4453362,123542189
"South","Male","25-29",25,2017,6,188,4453362,123542189
"South","Male","25-29",25,2017,7,164,4453362,123542189
"South","Male","25-29",25,2017,8,181,4453362,123542189
"South","Male","25-29",25,2017,9,160,4453362,123542189
"South","Male","25-29",25,2017,10,161,4453362,123542189
"South","Male","25-29",25,2017,11,155,4453362,123542189
"South","Male","25-29",25,2017,12,182,4453362,123542189
"South","Male","25-29",25,2018,1,158,4498529,124569433
"South","Male","25-29",25,2018,2,140,4498529,124569433
"South","Male","25-29",25,2018,3,166,4498529,124569433
"South","Male","25-29",25,2018,4,174,4498529,124569433
"South","Male","25-29",25,2018,5,180,4498529,124569433
"South","Male","25-29",25,2018,6,152,4498529,124569433
"South","Male","25-29",25,2018,7,144,4498529,124569433
"South","Male","25-29",25,2018,8,161,4498529,124569433
"South","Male","25-29",25,2018,9,164,4498529,124569433
"South","Male","25-29",25,2018,10,142,4498529,124569433
"South","Male","25-29",25,2018,11,146,4498529,124569433
"South","Male","25-29",25,2018,12,149,4498529,124569433
"South","Male","25-29",25,2019,1,142,4507475,125580448
"South","Male","25-29",25,2019,2,130,4507475,125580448
"South","Male","25-29",25,2019,3,176,4507475,125580448
"South","Male","25-29",25,2019,4,175,4507475,125580448
"South","Male","25-29",25,2019,5,155,4507475,125580448
"South","Male","25-29",25,2019,6,156,4507475,125580448
"South","Male","25-29",25,2019,7,181,4507475,125580448
"South","Male","25-29",25,2019,8,172,4507475,125580448
"South","Male","25-29",25,2019,9,168,4507475,125580448
"South","Male","25-29",25,2019,10,190,4507475,125580448
"South","Male","25-29",25,2019,11,163,4507475,125580448
"South","Male","25-29",25,2019,12,146,4507475,125580448
"South","Male","30-34",30,2011,1,101,3816089,116006522
"South","Male","30-34",30,2011,2,104,3816089,116006522
"South","Male","30-34",30,2011,3,104,3816089,116006522
"South","Male","30-34",30,2011,4,99,3816089,116006522
"South","Male","30-34",30,2011,5,88,3816089,116006522
"South","Male","30-34",30,2011,6,95,3816089,116006522
"South","Male","30-34",30,2011,7,91,3816089,116006522
"South","Male","30-34",30,2011,8,77,3816089,116006522
"South","Male","30-34",30,2011,9,102,3816089,116006522
"South","Male","30-34",30,2011,10,106,3816089,116006522
"South","Male","30-34",30,2011,11,92,3816089,116006522
"South","Male","30-34",30,2011,12,117,3816089,116006522
"South","Male","30-34",30,2012,1,105,3896248,117241208
"South","Male","30-34",30,2012,2,89,3896248,117241208
"South","Male","30-34",30,2012,3,101,3896248,117241208
"South","Male","30-34",30,2012,4,88,3896248,117241208
"South","Male","30-34",30,2012,5,89,3896248,117241208
"South","Male","30-34",30,2012,6,101,3896248,117241208
"South","Male","30-34",30,2012,7,90,3896248,117241208
"South","Male","30-34",30,2012,8,88,3896248,117241208
"South","Male","30-34",30,2012,9,102,3896248,117241208
"South","Male","30-34",30,2012,10,67,3896248,117241208
"South","Male","30-34",30,2012,11,71,3896248,117241208
"South","Male","30-34",30,2012,12,90,3896248,117241208
"South","Male","30-34",30,2013,1,91,3966074,118364400
"South","Male","30-34",30,2013,2,98,3966074,118364400
"South","Male","30-34",30,2013,3,103,3966074,118364400
"South","Male","30-34",30,2013,4,106,3966074,118364400
"South","Male","30-34",30,2013,5,82,3966074,118364400
"South","Male","30-34",30,2013,6,103,3966074,118364400
"South","Male","30-34",30,2013,7,102,3966074,118364400
"South","Male","30-34",30,2013,8,107,3966074,118364400
"South","Male","30-34",30,2013,9,109,3966074,118364400
"South","Male","30-34",30,2013,10,99,3966074,118364400
"South","Male","30-34",30,2013,11,95,3966074,118364400
"South","Male","30-34",30,2013,12,101,3966074,118364400
"South","Male","30-34",30,2014,1,110,4015362,119624037
"South","Male","30-34",30,2014,2,99,4015362,119624037
"South","Male","30-34",30,2014,3,122,4015362,119624037
"South","Male","30-34",30,2014,4,116,4015362,119624037
"South","Male","30-34",30,2014,5,116,4015362,119624037
"South","Male","30-34",30,2014,6,91,4015362,119624037
"South","Male","30-34",30,2014,7,111,4015362,119624037
"South","Male","30-34",30,2014,8,111,4015362,119624037
"South","Male","30-34",30,2014,9,110,4015362,119624037
"South","Male","30-34",30,2014,10,123,4015362,119624037
"South","Male","30-34",30,2014,11,138,4015362,119624037
"South","Male","30-34",30,2014,12,121,4015362,119624037
"South","Male","30-34",30,2015,1,129,4049381,120997341
"South","Male","30-34",30,2015,2,119,4049381,120997341
"South","Male","30-34",30,2015,3,137,4049381,120997341
"South","Male","30-34",30,2015,4,121,4049381,120997341
"South","Male","30-34",30,2015,5,132,4049381,120997341
"South","Male","30-34",30,2015,6,114,4049381,120997341
"South","Male","30-34",30,2015,7,138,4049381,120997341
"South","Male","30-34",30,2015,8,142,4049381,120997341
"South","Male","30-34",30,2015,9,130,4049381,120997341
"South","Male","30-34",30,2015,10,125,4049381,120997341
"South","Male","30-34",30,2015,11,123,4049381,120997341
"South","Male","30-34",30,2015,12,133,4049381,120997341
"South","Male","30-34",30,2016,1,120,4095509,122351760
"South","Male","30-34",30,2016,2,178,4095509,122351760
"South","Male","30-34",30,2016,3,165,4095509,122351760
"South","Male","30-34",30,2016,4,153,4095509,122351760
"South","Male","30-34",30,2016,5,131,4095509,122351760
"South","Male","30-34",30,2016,6,170,4095509,122351760
"South","Male","30-34",30,2016,7,198,4095509,122351760
"South","Male","30-34",30,2016,8,214,4095509,122351760
"South","Male","30-34",30,2016,9,167,4095509,122351760
"South","Male","30-34",30,2016,10,185,4095509,122351760
"South","Male","30-34",30,2016,11,195,4095509,122351760
"South","Male","30-34",30,2016,12,200,4095509,122351760
"South","Male","30-34",30,2017,1,208,4130054,123542189
"South","Male","30-34",30,2017,2,171,4130054,123542189
"South","Male","30-34",30,2017,3,200,4130054,123542189
"South","Male","30-34",30,2017,4,206,4130054,123542189
"South","Male","30-34",30,2017,5,189,4130054,123542189
"South","Male","30-34",30,2017,6,216,4130054,123542189
"South","Male","30-34",30,2017,7,197,4130054,123542189
"South","Male","30-34",30,2017,8,197,4130054,123542189
"South","Male","30-34",30,2017,9,194,4130054,123542189
"South","Male","30-34",30,2017,10,183,4130054,123542189
"South","Male","30-34",30,2017,11,219,4130054,123542189
"South","Male","30-34",30,2017,12,214,4130054,123542189
"South","Male","30-34",30,2018,1,186,4166659,124569433
"South","Male","30-34",30,2018,2,179,4166659,124569433
"South","Male","30-34",30,2018,3,208,4166659,124569433
"South","Male","30-34",30,2018,4,190,4166659,124569433
"South","Male","30-34",30,2018,5,199,4166659,124569433
"South","Male","30-34",30,2018,6,190,4166659,124569433
"South","Male","30-34",30,2018,7,211,4166659,124569433
"South","Male","30-34",30,2018,8,188,4166659,124569433
"South","Male","30-34",30,2018,9,176,4166659,124569433
"South","Male","30-34",30,2018,10,159,4166659,124569433
"South","Male","30-34",30,2018,11,181,4166659,124569433
"South","Male","30-34",30,2018,12,185,4166659,124569433
"South","Male","30-34",30,2019,1,172,4243402,125580448
"South","Male","30-34",30,2019,2,179,4243402,125580448
"South","Male","30-34",30,2019,3,189,4243402,125580448
"South","Male","30-34",30,2019,4,168,4243402,125580448
"South","Male","30-34",30,2019,5,203,4243402,125580448
"South","Male","30-34",30,2019,6,192,4243402,125580448
"South","Male","30-34",30,2019,7,189,4243402,125580448
"South","Male","30-34",30,2019,8,223,4243402,125580448
"South","Male","30-34",30,2019,9,229,4243402,125580448
"South","Male","30-34",30,2019,10,229,4243402,125580448
"South","Male","30-34",30,2019,11,205,4243402,125580448
"South","Male","30-34",30,2019,12,229,4243402,125580448
"South","Male","35-39",35,2011,1,96,3671534,116006522
"South","Male","35-39",35,2011,2,97,3671534,116006522
"South","Male","35-39",35,2011,3,86,3671534,116006522
"South","Male","35-39",35,2011,4,80,3671534,116006522
"South","Male","35-39",35,2011,5,93,3671534,116006522
"South","Male","35-39",35,2011,6,82,3671534,116006522
"South","Male","35-39",35,2011,7,97,3671534,116006522
"South","Male","35-39",35,2011,8,80,3671534,116006522
"South","Male","35-39",35,2011,9,94,3671534,116006522
"South","Male","35-39",35,2011,10,97,3671534,116006522
"South","Male","35-39",35,2011,11,69,3671534,116006522
"South","Male","35-39",35,2011,12,75,3671534,116006522
"South","Male","35-39",35,2012,1,94,3650790,117241208
"South","Male","35-39",35,2012,2,86,3650790,117241208
"South","Male","35-39",35,2012,3,85,3650790,117241208
"South","Male","35-39",35,2012,4,69,3650790,117241208
"South","Male","35-39",35,2012,5,83,3650790,117241208
"South","Male","35-39",35,2012,6,72,3650790,117241208
"South","Male","35-39",35,2012,7,94,3650790,117241208
"South","Male","35-39",35,2012,8,95,3650790,117241208
"South","Male","35-39",35,2012,9,90,3650790,117241208
"South","Male","35-39",35,2012,10,96,3650790,117241208
"South","Male","35-39",35,2012,11,89,3650790,117241208
"South","Male","35-39",35,2012,12,91,3650790,117241208
"South","Male","35-39",35,2013,1,93,3669905,118364400
"South","Male","35-39",35,2013,2,80,3669905,118364400
"South","Male","35-39",35,2013,3,96,3669905,118364400
"South","Male","35-39",35,2013,4,88,3669905,118364400
"South","Male","35-39",35,2013,5,96,3669905,118364400
"South","Male","35-39",35,2013,6,84,3669905,118364400
"South","Male","35-39",35,2013,7,81,3669905,118364400
"South","Male","35-39",35,2013,8,90,3669905,118364400
"South","Male","35-39",35,2013,9,73,3669905,118364400
"South","Male","35-39",35,2013,10,92,3669905,118364400
"South","Male","35-39",35,2013,11,93,3669905,118364400
"South","Male","35-39",35,2013,12,88,3669905,118364400
"South","Male","35-39",35,2014,1,92,3724867,119624037
"South","Male","35-39",35,2014,2,89,3724867,119624037
"South","Male","35-39",35,2014,3,100,3724867,119624037
"South","Male","35-39",35,2014,4,81,3724867,119624037
"South","Male","35-39",35,2014,5,93,3724867,119624037
"South","Male","35-39",35,2014,6,94,3724867,119624037
"South","Male","35-39",35,2014,7,102,3724867,119624037
"South","Male","35-39",35,2014,8,116,3724867,119624037
"South","Male","35-39",35,2014,9,98,3724867,119624037
"South","Male","35-39",35,2014,10,102,3724867,119624037
"South","Male","35-39",35,2014,11,117,3724867,119624037
"South","Male","35-39",35,2014,12,102,3724867,119624037
"South","Male","35-39",35,2015,1,132,3818809,120997341
"South","Male","35-39",35,2015,2,127,3818809,120997341
"South","Male","35-39",35,2015,3,126,3818809,120997341
"South","Male","35-39",35,2015,4,85,3818809,120997341
"South","Male","35-39",35,2015,5,132,3818809,120997341
"South","Male","35-39",35,2015,6,126,3818809,120997341
"South","Male","35-39",35,2015,7,135,3818809,120997341
"South","Male","35-39",35,2015,8,114,3818809,120997341
"South","Male","35-39",35,2015,9,114,3818809,120997341
"South","Male","35-39",35,2015,10,154,3818809,120997341
"South","Male","35-39",35,2015,11,117,3818809,120997341
"South","Male","35-39",35,2015,12,128,3818809,120997341
"South","Male","35-39",35,2016,1,127,3918651,122351760
"South","Male","35-39",35,2016,2,127,3918651,122351760
"South","Male","35-39",35,2016,3,150,3918651,122351760
"South","Male","35-39",35,2016,4,142,3918651,122351760
"South","Male","35-39",35,2016,5,161,3918651,122351760
"South","Male","35-39",35,2016,6,172,3918651,122351760
"South","Male","35-39",35,2016,7,178,3918651,122351760
"South","Male","35-39",35,2016,8,171,3918651,122351760
"South","Male","35-39",35,2016,9,173,3918651,122351760
"South","Male","35-39",35,2016,10,201,3918651,122351760
"South","Male","35-39",35,2016,11,154,3918651,122351760
"South","Male","35-39",35,2016,12,197,3918651,122351760
"South","Male","35-39",35,2017,1,217,3998530,123542189
"South","Male","35-39",35,2017,2,195,3998530,123542189
"South","Male","35-39",35,2017,3,203,3998530,123542189
"South","Male","35-39",35,2017,4,182,3998530,123542189
"South","Male","35-39",35,2017,5,198,3998530,123542189
"South","Male","35-39",35,2017,6,194,3998530,123542189
"South","Male","35-39",35,2017,7,173,3998530,123542189
"South","Male","35-39",35,2017,8,193,3998530,123542189
"South","Male","35-39",35,2017,9,173,3998530,123542189
"South","Male","35-39",35,2017,10,199,3998530,123542189
"South","Male","35-39",35,2017,11,196,3998530,123542189
"South","Male","35-39",35,2017,12,201,3998530,123542189
"South","Male","35-39",35,2018,1,181,4068269,124569433
"South","Male","35-39",35,2018,2,186,4068269,124569433
"South","Male","35-39",35,2018,3,175,4068269,124569433
"South","Male","35-39",35,2018,4,187,4068269,124569433
"South","Male","35-39",35,2018,5,200,4068269,124569433
"South","Male","35-39",35,2018,6,220,4068269,124569433
"South","Male","35-39",35,2018,7,197,4068269,124569433
"South","Male","35-39",35,2018,8,199,4068269,124569433
"South","Male","35-39",35,2018,9,189,4068269,124569433
"South","Male","35-39",35,2018,10,189,4068269,124569433
"South","Male","35-39",35,2018,11,193,4068269,124569433
"South","Male","35-39",35,2018,12,193,4068269,124569433
"South","Male","35-39",35,2019,1,219,4111033,125580448
"South","Male","35-39",35,2019,2,169,4111033,125580448
"South","Male","35-39",35,2019,3,222,4111033,125580448
"South","Male","35-39",35,2019,4,199,4111033,125580448
"South","Male","35-39",35,2019,5,202,4111033,125580448
"South","Male","35-39",35,2019,6,189,4111033,125580448
"South","Male","35-39",35,2019,7,219,4111033,125580448
"South","Male","35-39",35,2019,8,216,4111033,125580448
"South","Male","35-39",35,2019,9,230,4111033,125580448
"South","Male","35-39",35,2019,10,218,4111033,125580448
"South","Male","35-39",35,2019,11,238,4111033,125580448
"South","Male","35-39",35,2019,12,224,4111033,125580448
"South","Male","40-44",40,2011,1,104,3886582,116006522
"South","Male","40-44",40,2011,2,107,3886582,116006522
"South","Male","40-44",40,2011,3,98,3886582,116006522
"South","Male","40-44",40,2011,4,84,3886582,116006522
"South","Male","40-44",40,2011,5,128,3886582,116006522
"South","Male","40-44",40,2011,6,75,3886582,116006522
"South","Male","40-44",40,2011,7,93,3886582,116006522
"South","Male","40-44",40,2011,8,99,3886582,116006522
"South","Male","40-44",40,2011,9,102,3886582,116006522
"South","Male","40-44",40,2011,10,108,3886582,116006522
"South","Male","40-44",40,2011,11,80,3886582,116006522
"South","Male","40-44",40,2011,12,100,3886582,116006522
"South","Male","40-44",40,2012,1,98,3914913,117241208
"South","Male","40-44",40,2012,2,90,3914913,117241208
"South","Male","40-44",40,2012,3,96,3914913,117241208
"South","Male","40-44",40,2012,4,89,3914913,117241208
"South","Male","40-44",40,2012,5,76,3914913,117241208
"South","Male","40-44",40,2012,6,94,3914913,117241208
"South","Male","40-44",40,2012,7,120,3914913,117241208
"South","Male","40-44",40,2012,8,101,3914913,117241208
"South","Male","40-44",40,2012,9,78,3914913,117241208
"South","Male","40-44",40,2012,10,90,3914913,117241208
"South","Male","40-44",40,2012,11,89,3914913,117241208
"South","Male","40-44",40,2012,12,82,3914913,117241208
"South","Male","40-44",40,2013,1,99,3906391,118364400
"South","Male","40-44",40,2013,2,95,3906391,118364400
"South","Male","40-44",40,2013,3,87,3906391,118364400
"South","Male","40-44",40,2013,4,112,3906391,118364400
"South","Male","40-44",40,2013,5,90,3906391,118364400
"South","Male","40-44",40,2013,6,102,3906391,118364400
"South","Male","40-44",40,2013,7,93,3906391,118364400
"South","Male","40-44",40,2013,8,103,3906391,118364400
"South","Male","40-44",40,2013,9,77,3906391,118364400
"South","Male","40-44",40,2013,10,83,3906391,118364400
"South","Male","40-44",40,2013,11,97,3906391,118364400
"South","Male","40-44",40,2013,12,97,3906391,118364400
"South","Male","40-44",40,2014,1,101,3870909,119624037
"South","Male","40-44",40,2014,2,102,3870909,119624037
"South","Male","40-44",40,2014,3,93,3870909,119624037
"South","Male","40-44",40,2014,4,97,3870909,119624037
"South","Male","40-44",40,2014,5,99,3870909,119624037
"South","Male","40-44",40,2014,6,100,3870909,119624037
"South","Male","40-44",40,2014,7,108,3870909,119624037
"South","Male","40-44",40,2014,8,110,3870909,119624037
"South","Male","40-44",40,2014,9,85,3870909,119624037
"South","Male","40-44",40,2014,10,87,3870909,119624037
"South","Male","40-44",40,2014,11,101,3870909,119624037
"South","Male","40-44",40,2014,12,102,3870909,119624037
"South","Male","40-44",40,2015,1,104,3816434,120997341
"South","Male","40-44",40,2015,2,111,3816434,120997341
"South","Male","40-44",40,2015,3,120,3816434,120997341
"South","Male","40-44",40,2015,4,111,3816434,120997341
"South","Male","40-44",40,2015,5,136,3816434,120997341
"South","Male","40-44",40,2015,6,107,3816434,120997341
"South","Male","40-44",40,2015,7,104,3816434,120997341
"South","Male","40-44",40,2015,8,118,3816434,120997341
"South","Male","40-44",40,2015,9,99,3816434,120997341
"South","Male","40-44",40,2015,10,116,3816434,120997341
"South","Male","40-44",40,2015,11,116,3816434,120997341
"South","Male","40-44",40,2015,12,111,3816434,120997341
"South","Male","40-44",40,2016,1,104,3741884,122351760
"South","Male","40-44",40,2016,2,119,3741884,122351760
"South","Male","40-44",40,2016,3,148,3741884,122351760
"South","Male","40-44",40,2016,4,123,3741884,122351760
"South","Male","40-44",40,2016,5,125,3741884,122351760
"South","Male","40-44",40,2016,6,130,3741884,122351760
"South","Male","40-44",40,2016,7,159,3741884,122351760
"South","Male","40-44",40,2016,8,138,3741884,122351760
"South","Male","40-44",40,2016,9,142,3741884,122351760
"South","Male","40-44",40,2016,10,149,3741884,122351760
"South","Male","40-44",40,2016,11,130,3741884,122351760
"South","Male","40-44",40,2016,12,158,3741884,122351760
"South","Male","40-44",40,2017,1,174,3723246,123542189
"South","Male","40-44",40,2017,2,142,3723246,123542189
"South","Male","40-44",40,2017,3,143,3723246,123542189
"South","Male","40-44",40,2017,4,152,3723246,123542189
"South","Male","40-44",40,2017,5,149,3723246,123542189
"South","Male","40-44",40,2017,6,150,3723246,123542189
"South","Male","40-44",40,2017,7,149,3723246,123542189
"South","Male","40-44",40,2017,8,142,3723246,123542189
"South","Male","40-44",40,2017,9,134,3723246,123542189
"South","Male","40-44",40,2017,10,155,3723246,123542189
"South","Male","40-44",40,2017,11,139,3723246,123542189
"South","Male","40-44",40,2017,12,158,3723246,123542189
"South","Male","40-44",40,2018,1,157,3743222,124569433
"South","Male","40-44",40,2018,2,167,3743222,124569433
"South","Male","40-44",40,2018,3,163,3743222,124569433
"South","Male","40-44",40,2018,4,154,3743222,124569433
"South","Male","40-44",40,2018,5,149,3743222,124569433
"South","Male","40-44",40,2018,6,167,3743222,124569433
"South","Male","40-44",40,2018,7,144,3743222,124569433
"South","Male","40-44",40,2018,8,163,3743222,124569433
"South","Male","40-44",40,2018,9,172,3743222,124569433
"South","Male","40-44",40,2018,10,153,3743222,124569433
"South","Male","40-44",40,2018,11,173,3743222,124569433
"South","Male","40-44",40,2018,12,169,3743222,124569433
"South","Male","40-44",40,2019,1,178,3792234,125580448
"South","Male","40-44",40,2019,2,150,3792234,125580448
"South","Male","40-44",40,2019,3,175,3792234,125580448
"South","Male","40-44",40,2019,4,184,3792234,125580448
"South","Male","40-44",40,2019,5,178,3792234,125580448
"South","Male","40-44",40,2019,6,198,3792234,125580448
"South","Male","40-44",40,2019,7,171,3792234,125580448
"South","Male","40-44",40,2019,8,184,3792234,125580448
"South","Male","40-44",40,2019,9,174,3792234,125580448
"South","Male","40-44",40,2019,10,178,3792234,125580448
"South","Male","40-44",40,2019,11,181,3792234,125580448
"South","Male","40-44",40,2019,12,181,3792234,125580448
"South","Male","45-49",45,2011,1,115,4046883,116006522
"South","Male","45-49",45,2011,2,138,4046883,116006522
"South","Male","45-49",45,2011,3,112,4046883,116006522
"South","Male","45-49",45,2011,4,111,4046883,116006522
"South","Male","45-49",45,2011,5,115,4046883,116006522
"South","Male","45-49",45,2011,6,102,4046883,116006522
"South","Male","45-49",45,2011,7,123,4046883,116006522
"South","Male","45-49",45,2011,8,104,4046883,116006522
"South","Male","45-49",45,2011,9,113,4046883,116006522
"South","Male","45-49",45,2011,10,92,4046883,116006522
"South","Male","45-49",45,2011,11,111,4046883,116006522
"South","Male","45-49",45,2011,12,114,4046883,116006522
"South","Male","45-49",45,2012,1,123,3976730,117241208
"South","Male","45-49",45,2012,2,106,3976730,117241208
"South","Male","45-49",45,2012,3,119,3976730,117241208
"South","Male","45-49",45,2012,4,127,3976730,117241208
"South","Male","45-49",45,2012,5,102,3976730,117241208
"South","Male","45-49",45,2012,6,104,3976730,117241208
"South","Male","45-49",45,2012,7,107,3976730,117241208
"South","Male","45-49",45,2012,8,102,3976730,117241208
"South","Male","45-49",45,2012,9,127,3976730,117241208
"South","Male","45-49",45,2012,10,100,3976730,117241208
"South","Male","45-49",45,2012,11,83,3976730,117241208
"South","Male","45-49",45,2012,12,115,3976730,117241208
"South","Male","45-49",45,2013,1,102,3902849,118364400
"South","Male","45-49",45,2013,2,97,3902849,118364400
"South","Male","45-49",45,2013,3,92,3902849,118364400
"South","Male","45-49",45,2013,4,109,3902849,118364400
"South","Male","45-49",45,2013,5,115,3902849,118364400
"South","Male","45-49",45,2013,6,103,3902849,118364400
"South","Male","45-49",45,2013,7,85,3902849,118364400
"South","Male","45-49",45,2013,8,105,3902849,118364400
"South","Male","45-49",45,2013,9,100,3902849,118364400
"South","Male","45-49",45,2013,10,85,3902849,118364400
"South","Male","45-49",45,2013,11,102,3902849,118364400
"South","Male","45-49",45,2013,12,75,3902849,118364400
"South","Male","45-49",45,2014,1,100,3846658,119624037
"South","Male","45-49",45,2014,2,104,3846658,119624037
"South","Male","45-49",45,2014,3,105,3846658,119624037
"South","Male","45-49",45,2014,4,113,3846658,119624037
"South","Male","45-49",45,2014,5,89,3846658,119624037
"South","Male","45-49",45,2014,6,118,3846658,119624037
"South","Male","45-49",45,2014,7,121,3846658,119624037
"South","Male","45-49",45,2014,8,116,3846658,119624037
"South","Male","45-49",45,2014,9,105,3846658,119624037
"South","Male","45-49",45,2014,10,90,3846658,119624037
"South","Male","45-49",45,2014,11,107,3846658,119624037
"South","Male","45-49",45,2014,12,122,3846658,119624037
"South","Male","45-49",45,2015,1,131,3856144,120997341
"South","Male","45-49",45,2015,2,126,3856144,120997341
"South","Male","45-49",45,2015,3,122,3856144,120997341
"South","Male","45-49",45,2015,4,117,3856144,120997341
"South","Male","45-49",45,2015,5,130,3856144,120997341
"South","Male","45-49",45,2015,6,111,3856144,120997341
"South","Male","45-49",45,2015,7,133,3856144,120997341
"South","Male","45-49",45,2015,8,106,3856144,120997341
"South","Male","45-49",45,2015,9,100,3856144,120997341
"South","Male","45-49",45,2015,10,109,3856144,120997341
"South","Male","45-49",45,2015,11,123,3856144,120997341
"South","Male","45-49",45,2015,12,118,3856144,120997341
"South","Male","45-49",45,2016,1,123,3910702,122351760
"South","Male","45-49",45,2016,2,109,3910702,122351760
"South","Male","45-49",45,2016,3,147,3910702,122351760
"South","Male","45-49",45,2016,4,122,3910702,122351760
"South","Male","45-49",45,2016,5,157,3910702,122351760
"South","Male","45-49",45,2016,6,163,3910702,122351760
"South","Male","45-49",45,2016,7,159,3910702,122351760
"South","Male","45-49",45,2016,8,153,3910702,122351760
"South","Male","45-49",45,2016,9,146,3910702,122351760
"South","Male","45-49",45,2016,10,158,3910702,122351760
"South","Male","45-49",45,2016,11,144,3910702,122351760
"South","Male","45-49",45,2016,12,146,3910702,122351760
"South","Male","45-49",45,2017,1,163,3942294,123542189
"South","Male","45-49",45,2017,2,164,3942294,123542189
"South","Male","45-49",45,2017,3,173,3942294,123542189
"South","Male","45-49",45,2017,4,145,3942294,123542189
"South","Male","45-49",45,2017,5,178,3942294,123542189
"South","Male","45-49",45,2017,6,169,3942294,123542189
"South","Male","45-49",45,2017,7,161,3942294,123542189
"South","Male","45-49",45,2017,8,164,3942294,123542189
"South","Male","45-49",45,2017,9,148,3942294,123542189
"South","Male","45-49",45,2017,10,142,3942294,123542189
"South","Male","45-49",45,2017,11,171,3942294,123542189
"South","Male","45-49",45,2017,12,206,3942294,123542189
"South","Male","45-49",45,2018,1,162,3936134,124569433
"South","Male","45-49",45,2018,2,142,3936134,124569433
"South","Male","45-49",45,2018,3,154,3936134,124569433
"South","Male","45-49",45,2018,4,148,3936134,124569433
"South","Male","45-49",45,2018,5,155,3936134,124569433
"South","Male","45-49",45,2018,6,138,3936134,124569433
"South","Male","45-49",45,2018,7,138,3936134,124569433
"South","Male","45-49",45,2018,8,169,3936134,124569433
"South","Male","45-49",45,2018,9,132,3936134,124569433
"South","Male","45-49",45,2018,10,165,3936134,124569433
"South","Male","45-49",45,2018,11,158,3936134,124569433
"South","Male","45-49",45,2018,12,161,3936134,124569433
"South","Male","45-49",45,2019,1,135,3899502,125580448
"South","Male","45-49",45,2019,2,144,3899502,125580448
"South","Male","45-49",45,2019,3,153,3899502,125580448
"South","Male","45-49",45,2019,4,163,3899502,125580448
"South","Male","45-49",45,2019,5,180,3899502,125580448
"South","Male","45-49",45,2019,6,191,3899502,125580448
"South","Male","45-49",45,2019,7,174,3899502,125580448
"South","Male","45-49",45,2019,8,163,3899502,125580448
"South","Male","45-49",45,2019,9,156,3899502,125580448
"South","Male","45-49",45,2019,10,163,3899502,125580448
"South","Male","45-49",45,2019,11,162,3899502,125580448
"South","Male","45-49",45,2019,12,171,3899502,125580448
"South","Male","50-54",50,2011,1,108,4010635,116006522
"South","Male","50-54",50,2011,2,102,4010635,116006522
"South","Male","50-54",50,2011,3,118,4010635,116006522
"South","Male","50-54",50,2011,4,118,4010635,116006522
"South","Male","50-54",50,2011,5,98,4010635,116006522
"South","Male","50-54",50,2011,6,101,4010635,116006522
"South","Male","50-54",50,2011,7,109,4010635,116006522
"South","Male","50-54",50,2011,8,114,4010635,116006522
"South","Male","50-54",50,2011,9,106,4010635,116006522
"South","Male","50-54",50,2011,10,110,4010635,116006522
"South","Male","50-54",50,2011,11,104,4010635,116006522
"South","Male","50-54",50,2011,12,116,4010635,116006522
"South","Male","50-54",50,2012,1,113,4034585,117241208
"South","Male","50-54",50,2012,2,102,4034585,117241208
"South","Male","50-54",50,2012,3,104,4034585,117241208
"South","Male","50-54",50,2012,4,114,4034585,117241208
"South","Male","50-54",50,2012,5,101,4034585,117241208
"South","Male","50-54",50,2012,6,120,4034585,117241208
"South","Male","50-54",50,2012,7,108,4034585,117241208
"South","Male","50-54",50,2012,8,101,4034585,117241208
"South","Male","50-54",50,2012,9,119,4034585,117241208
"South","Male","50-54",50,2012,10,95,4034585,117241208
"South","Male","50-54",50,2012,11,99,4034585,117241208
"South","Male","50-54",50,2012,12,110,4034585,117241208
"South","Male","50-54",50,2013,1,94,4055130,118364400
"South","Male","50-54",50,2013,2,100,4055130,118364400
"South","Male","50-54",50,2013,3,134,4055130,118364400
"South","Male","50-54",50,2013,4,117,4055130,118364400
"South","Male","50-54",50,2013,5,121,4055130,118364400
"South","Male","50-54",50,2013,6,108,4055130,118364400
"South","Male","50-54",50,2013,7,122,4055130,118364400
"South","Male","50-54",50,2013,8,93,4055130,118364400
"South","Male","50-54",50,2013,9,118,4055130,118364400
"South","Male","50-54",50,2013,10,95,4055130,118364400
"South","Male","50-54",50,2013,11,118,4055130,118364400
"South","Male","50-54",50,2013,12,115,4055130,118364400
"South","Male","50-54",50,2014,1,123,4076857,119624037
"South","Male","50-54",50,2014,2,131,4076857,119624037
"South","Male","50-54",50,2014,3,133,4076857,119624037
"South","Male","50-54",50,2014,4,111,4076857,119624037
"South","Male","50-54",50,2014,5,99,4076857,119624037
"South","Male","50-54",50,2014,6,105,4076857,119624037
"South","Male","50-54",50,2014,7,117,4076857,119624037
"South","Male","50-54",50,2014,8,110,4076857,119624037
"South","Male","50-54",50,2014,9,108,4076857,119624037
"South","Male","50-54",50,2014,10,104,4076857,119624037
"South","Male","50-54",50,2014,11,109,4076857,119624037
"South","Male","50-54",50,2014,12,120,4076857,119624037
"South","Male","50-54",50,2015,1,127,4060856,120997341
"South","Male","50-54",50,2015,2,135,4060856,120997341
"South","Male","50-54",50,2015,3,121,4060856,120997341
"South","Male","50-54",50,2015,4,100,4060856,120997341
"South","Male","50-54",50,2015,5,112,4060856,120997341
"South","Male","50-54",50,2015,6,111,4060856,120997341
"South","Male","50-54",50,2015,7,116,4060856,120997341
"South","Male","50-54",50,2015,8,130,4060856,120997341
"South","Male","50-54",50,2015,9,138,4060856,120997341
"South","Male","50-54",50,2015,10,117,4060856,120997341
"South","Male","50-54",50,2015,11,105,4060856,120997341
"South","Male","50-54",50,2015,12,122,4060856,120997341
"South","Male","50-54",50,2016,1,118,4008931,122351760
"South","Male","50-54",50,2016,2,140,4008931,122351760
"South","Male","50-54",50,2016,3,154,4008931,122351760
"South","Male","50-54",50,2016,4,137,4008931,122351760
"South","Male","50-54",50,2016,5,164,4008931,122351760
"South","Male","50-54",50,2016,6,158,4008931,122351760
"South","Male","50-54",50,2016,7,157,4008931,122351760
"South","Male","50-54",50,2016,8,169,4008931,122351760
"South","Male","50-54",50,2016,9,165,4008931,122351760
"South","Male","50-54",50,2016,10,134,4008931,122351760
"South","Male","50-54",50,2016,11,154,4008931,122351760
"South","Male","50-54",50,2016,12,155,4008931,122351760
"South","Male","50-54",50,2017,1,157,3945416,123542189
"South","Male","50-54",50,2017,2,152,3945416,123542189
"South","Male","50-54",50,2017,3,149,3945416,123542189
"South","Male","50-54",50,2017,4,209,3945416,123542189
"South","Male","50-54",50,2017,5,163,3945416,123542189
"South","Male","50-54",50,2017,6,168,3945416,123542189
"South","Male","50-54",50,2017,7,154,3945416,123542189
"South","Male","50-54",50,2017,8,172,3945416,123542189
"South","Male","50-54",50,2017,9,150,3945416,123542189
"South","Male","50-54",50,2017,10,134,3945416,123542189
"South","Male","50-54",50,2017,11,132,3945416,123542189
"South","Male","50-54",50,2017,12,171,3945416,123542189
"South","Male","50-54",50,2018,1,144,3878132,124569433
"South","Male","50-54",50,2018,2,159,3878132,124569433
"South","Male","50-54",50,2018,3,175,3878132,124569433
"South","Male","50-54",50,2018,4,154,3878132,124569433
"South","Male","50-54",50,2018,5,171,3878132,124569433
"South","Male","50-54",50,2018,6,143,3878132,124569433
"South","Male","50-54",50,2018,7,157,3878132,124569433
"South","Male","50-54",50,2018,8,137,3878132,124569433
"South","Male","50-54",50,2018,9,165,3878132,124569433
"South","Male","50-54",50,2018,10,153,3878132,124569433
"South","Male","50-54",50,2018,11,161,3878132,124569433
"South","Male","50-54",50,2018,12,140,3878132,124569433
"South","Male","50-54",50,2019,1,198,3824078,125580448
"South","Male","50-54",50,2019,2,141,3824078,125580448
"South","Male","50-54",50,2019,3,148,3824078,125580448
"South","Male","50-54",50,2019,4,166,3824078,125580448
"South","Male","50-54",50,2019,5,156,3824078,125580448
"South","Male","50-54",50,2019,6,149,3824078,125580448
"South","Male","50-54",50,2019,7,173,3824078,125580448
"South","Male","50-54",50,2019,8,165,3824078,125580448
"South","Male","50-54",50,2019,9,146,3824078,125580448
"South","Male","50-54",50,2019,10,159,3824078,125580448
"South","Male","50-54",50,2019,11,164,3824078,125580448
"South","Male","50-54",50,2019,12,170,3824078,125580448
"West","Female","15-19",15,2011,1,6,2489768,72788329
"West","Female","15-19",15,2011,2,4,2489768,72788329
"West","Female","15-19",15,2011,3,4,2489768,72788329
"West","Female","15-19",15,2011,4,3,2489768,72788329
"West","Female","15-19",15,2011,5,4,2489768,72788329
"West","Female","15-19",15,2011,6,4,2489768,72788329
"West","Female","15-19",15,2011,7,7,2489768,72788329
"West","Female","15-19",15,2011,8,6,2489768,72788329
"West","Female","15-19",15,2011,9,4,2489768,72788329
"West","Female","15-19",15,2011,10,3,2489768,72788329
"West","Female","15-19",15,2011,11,6,2489768,72788329
"West","Female","15-19",15,2011,12,5,2489768,72788329
"West","Female","15-19",15,2012,1,3,2459754,73477823
"West","Female","15-19",15,2012,2,6,2459754,73477823
"West","Female","15-19",15,2012,3,4,2459754,73477823
"West","Female","15-19",15,2012,4,3,2459754,73477823
"West","Female","15-19",15,2012,5,6,2459754,73477823
"West","Female","15-19",15,2012,6,6,2459754,73477823
"West","Female","15-19",15,2012,7,4,2459754,73477823
"West","Female","15-19",15,2012,8,3,2459754,73477823
"West","Female","15-19",15,2012,9,7,2459754,73477823
"West","Female","15-19",15,2012,10,2,2459754,73477823
"West","Female","15-19",15,2012,11,5,2459754,73477823
"West","Female","15-19",15,2012,12,2,2459754,73477823
"West","Female","15-19",15,2013,1,5,2440298,74167130
"West","Female","15-19",15,2013,2,4,2440298,74167130
"West","Female","15-19",15,2013,3,6,2440298,74167130
"West","Female","15-19",15,2013,4,1,2440298,74167130
"West","Female","15-19",15,2013,5,3,2440298,74167130
"West","Female","15-19",15,2013,6,5,2440298,74167130
"West","Female","15-19",15,2013,7,6,2440298,74167130
"West","Female","15-19",15,2013,8,6,2440298,74167130
"West","Female","15-19",15,2013,9,2,2440298,74167130
"West","Female","15-19",15,2013,10,4,2440298,74167130
"West","Female","15-19",15,2013,11,5,2440298,74167130
"West","Female","15-19",15,2013,12,6,2440298,74167130
"West","Female","15-19",15,2014,1,1,2426102,74925793
"West","Female","15-19",15,2014,2,3,2426102,74925793
"West","Female","15-19",15,2014,3,7,2426102,74925793
"West","Female","15-19",15,2014,4,4,2426102,74925793
"West","Female","15-19",15,2014,5,5,2426102,74925793
"West","Female","15-19",15,2014,6,4,2426102,74925793
"West","Female","15-19",15,2014,7,7,2426102,74925793
"West","Female","15-19",15,2014,8,6,2426102,74925793
"West","Female","15-19",15,2014,9,3,2426102,74925793
"West","Female","15-19",15,2014,10,5,2426102,74925793
"West","Female","15-19",15,2014,11,8,2426102,74925793
"West","Female","15-19",15,2014,12,5,2426102,74925793
"West","Female","15-19",15,2015,1,5,2428013,75742555
"West","Female","15-19",15,2015,2,8,2428013,75742555
"West","Female","15-19",15,2015,3,4,2428013,75742555
"West","Female","15-19",15,2015,4,7,2428013,75742555
"West","Female","15-19",15,2015,5,4,2428013,75742555
"West","Female","15-19",15,2015,6,4,2428013,75742555
"West","Female","15-19",15,2015,7,7,2428013,75742555
"West","Female","15-19",15,2015,8,10,2428013,75742555
"West","Female","15-19",15,2015,9,3,2428013,75742555
"West","Female","15-19",15,2015,10,3,2428013,75742555
"West","Female","15-19",15,2015,11,4,2428013,75742555
"West","Female","15-19",15,2015,12,3,2428013,75742555
"West","Female","15-19",15,2016,2,7,2434517,76559681
"West","Female","15-19",15,2016,3,4,2434517,76559681
"West","Female","15-19",15,2016,4,2,2434517,76559681
"West","Female","15-19",15,2016,5,5,2434517,76559681
"West","Female","15-19",15,2016,6,5,2434517,76559681
"West","Female","15-19",15,2016,7,7,2434517,76559681
"West","Female","15-19",15,2016,8,14,2434517,76559681
"West","Female","15-19",15,2016,9,5,2434517,76559681
"West","Female","15-19",15,2016,10,5,2434517,76559681
"West","Female","15-19",15,2016,11,3,2434517,76559681
"West","Female","15-19",15,2016,12,5,2434517,76559681
"West","Female","15-19",15,2017,1,2,2429846,77257329
"West","Female","15-19",15,2017,2,4,2429846,77257329
"West","Female","15-19",15,2017,3,4,2429846,77257329
"West","Female","15-19",15,2017,4,3,2429846,77257329
"West","Female","15-19",15,2017,5,8,2429846,77257329
"West","Female","15-19",15,2017,6,8,2429846,77257329
"West","Female","15-19",15,2017,7,4,2429846,77257329
"West","Female","15-19",15,2017,8,4,2429846,77257329
"West","Female","15-19",15,2017,9,2,2429846,77257329
"West","Female","15-19",15,2017,10,5,2429846,77257329
"West","Female","15-19",15,2017,11,9,2429846,77257329
"West","Female","15-19",15,2017,12,6,2429846,77257329
"West","Female","15-19",15,2018,1,6,2433811,77834820
"West","Female","15-19",15,2018,2,5,2433811,77834820
"West","Female","15-19",15,2018,3,4,2433811,77834820
"West","Female","15-19",15,2018,4,8,2433811,77834820
"West","Female","15-19",15,2018,5,6,2433811,77834820
"West","Female","15-19",15,2018,6,5,2433811,77834820
"West","Female","15-19",15,2018,7,7,2433811,77834820
"West","Female","15-19",15,2018,8,10,2433811,77834820
"West","Female","15-19",15,2018,9,7,2433811,77834820
"West","Female","15-19",15,2018,10,7,2433811,77834820
"West","Female","15-19",15,2018,11,5,2433811,77834820
"West","Female","15-19",15,2018,12,5,2433811,77834820
"West","Female","15-19",15,2019,1,7,2440879,78347268
"West","Female","15-19",15,2019,2,7,2440879,78347268
"West","Female","15-19",15,2019,3,5,2440879,78347268
"West","Female","15-19",15,2019,4,3,2440879,78347268
"West","Female","15-19",15,2019,5,4,2440879,78347268
"West","Female","15-19",15,2019,6,4,2440879,78347268
"West","Female","15-19",15,2019,7,8,2440879,78347268
"West","Female","15-19",15,2019,8,10,2440879,78347268
"West","Female","15-19",15,2019,9,5,2440879,78347268
"West","Female","15-19",15,2019,10,7,2440879,78347268
"West","Female","15-19",15,2019,11,10,2440879,78347268
"West","Female","15-19",15,2019,12,9,2440879,78347268
"West","Female","20-24",20,2011,1,15,2588806,72788329
"West","Female","20-24",20,2011,2,15,2588806,72788329
"West","Female","20-24",20,2011,3,15,2588806,72788329
"West","Female","20-24",20,2011,4,11,2588806,72788329
"West","Female","20-24",20,2011,5,19,2588806,72788329
"West","Female","20-24",20,2011,6,14,2588806,72788329
"West","Female","20-24",20,2011,7,15,2588806,72788329
"West","Female","20-24",20,2011,8,19,2588806,72788329
"West","Female","20-24",20,2011,9,16,2588806,72788329
"West","Female","20-24",20,2011,10,14,2588806,72788329
"West","Female","20-24",20,2011,11,22,2588806,72788329
"West","Female","20-24",20,2011,12,20,2588806,72788329
"West","Female","20-24",20,2012,1,22,2640507,73477823
"West","Female","20-24",20,2012,2,10,2640507,73477823
"West","Female","20-24",20,2012,3,15,2640507,73477823
"West","Female","20-24",20,2012,4,16,2640507,73477823
"West","Female","20-24",20,2012,5,18,2640507,73477823
"West","Female","20-24",20,2012,6,17,2640507,73477823
"West","Female","20-24",20,2012,7,11,2640507,73477823
"West","Female","20-24",20,2012,8,13,2640507,73477823
"West","Female","20-24",20,2012,9,16,2640507,73477823
"West","Female","20-24",20,2012,10,14,2640507,73477823
"West","Female","20-24",20,2012,11,8,2640507,73477823
"West","Female","20-24",20,2012,12,13,2640507,73477823
"West","Female","20-24",20,2013,1,17,2659133,74167130
"West","Female","20-24",20,2013,2,14,2659133,74167130
"West","Female","20-24",20,2013,3,11,2659133,74167130
"West","Female","20-24",20,2013,4,17,2659133,74167130
"West","Female","20-24",20,2013,5,26,2659133,74167130
"West","Female","20-24",20,2013,6,17,2659133,74167130
"West","Female","20-24",20,2013,7,16,2659133,74167130
"West","Female","20-24",20,2013,8,15,2659133,74167130
"West","Female","20-24",20,2013,9,16,2659133,74167130
"West","Female","20-24",20,2013,10,14,2659133,74167130
"West","Female","20-24",20,2013,11,11,2659133,74167130
"West","Female","20-24",20,2013,12,22,2659133,74167130
"West","Female","20-24",20,2014,1,17,2659992,74925793
"West","Female","20-24",20,2014,2,12,2659992,74925793
"West","Female","20-24",20,2014,3,18,2659992,74925793
"West","Female","20-24",20,2014,4,13,2659992,74925793
"West","Female","20-24",20,2014,5,13,2659992,74925793
"West","Female","20-24",20,2014,6,14,2659992,74925793
"West","Female","20-24",20,2014,7,15,2659992,74925793
"West","Female","20-24",20,2014,8,10,2659992,74925793
"West","Female","20-24",20,2014,9,18,2659992,74925793
"West","Female","20-24",20,2014,10,18,2659992,74925793
"West","Female","20-24",20,2014,11,20,2659992,74925793
"West","Female","20-24",20,2014,12,18,2659992,74925793
"West","Female","20-24",20,2015,1,18,2628320,75742555
"West","Female","20-24",20,2015,2,16,2628320,75742555
"West","Female","20-24",20,2015,3,18,2628320,75742555
"West","Female","20-24",20,2015,4,11,2628320,75742555
"West","Female","20-24",20,2015,5,13,2628320,75742555
"West","Female","20-24",20,2015,6,13,2628320,75742555
"West","Female","20-24",20,2015,7,10,2628320,75742555
"West","Female","20-24",20,2015,8,22,2628320,75742555
"West","Female","20-24",20,2015,9,10,2628320,75742555
"West","Female","20-24",20,2015,10,16,2628320,75742555
"West","Female","20-24",20,2015,11,20,2628320,75742555
"West","Female","20-24",20,2015,12,14,2628320,75742555
"West","Female","20-24",20,2016,1,13,2587671,76559681
"West","Female","20-24",20,2016,2,16,2587671,76559681
"West","Female","20-24",20,2016,3,16,2587671,76559681
"West","Female","20-24",20,2016,4,21,2587671,76559681
"West","Female","20-24",20,2016,5,11,2587671,76559681
"West","Female","20-24",20,2016,6,15,2587671,76559681
"West","Female","20-24",20,2016,7,14,2587671,76559681
"West","Female","20-24",20,2016,8,27,2587671,76559681
"West","Female","20-24",20,2016,9,10,2587671,76559681
"West","Female","20-24",20,2016,10,12,2587671,76559681
"West","Female","20-24",20,2016,11,12,2587671,76559681
"West","Female","20-24",20,2016,12,15,2587671,76559681
"West","Female","20-24",20,2017,1,26,2557398,77257329
"West","Female","20-24",20,2017,2,11,2557398,77257329
"West","Female","20-24",20,2017,3,24,2557398,77257329
"West","Female","20-24",20,2017,4,21,2557398,77257329
"West","Female","20-24",20,2017,5,19,2557398,77257329
"West","Female","20-24",20,2017,6,18,2557398,77257329
"West","Female","20-24",20,2017,7,20,2557398,77257329
"West","Female","20-24",20,2017,8,13,2557398,77257329
"West","Female","20-24",20,2017,9,8,2557398,77257329
"West","Female","20-24",20,2017,10,16,2557398,77257329
"West","Female","20-24",20,2017,11,13,2557398,77257329
"West","Female","20-24",20,2017,12,21,2557398,77257329
"West","Female","20-24",20,2018,1,18,2537909,77834820
"West","Female","20-24",20,2018,2,9,2537909,77834820
"West","Female","20-24",20,2018,3,18,2537909,77834820
"West","Female","20-24",20,2018,4,19,2537909,77834820
"West","Female","20-24",20,2018,5,17,2537909,77834820
"West","Female","20-24",20,2018,6,22,2537909,77834820
"West","Female","20-24",20,2018,7,21,2537909,77834820
"West","Female","20-24",20,2018,8,21,2537909,77834820
"West","Female","20-24",20,2018,9,16,2537909,77834820
"West","Female","20-24",20,2018,10,19,2537909,77834820
"West","Female","20-24",20,2018,11,10,2537909,77834820
"West","Female","20-24",20,2018,12,13,2537909,77834820
"West","Female","20-24",20,2019,1,12,2519086,78347268
"West","Female","20-24",20,2019,2,19,2519086,78347268
"West","Female","20-24",20,2019,3,22,2519086,78347268
"West","Female","20-24",20,2019,4,15,2519086,78347268
"West","Female","20-24",20,2019,5,21,2519086,78347268
"West","Female","20-24",20,2019,6,19,2519086,78347268
"West","Female","20-24",20,2019,7,16,2519086,78347268
"West","Female","20-24",20,2019,8,25,2519086,78347268
"West","Female","20-24",20,2019,9,30,2519086,78347268
"West","Female","20-24",20,2019,10,25,2519086,78347268
"West","Female","20-24",20,2019,11,20,2519086,78347268
"West","Female","20-24",20,2019,12,21,2519086,78347268
"West","Female","25-29",25,2011,1,15,2565872,72788329
"West","Female","25-29",25,2011,2,20,2565872,72788329
"West","Female","25-29",25,2011,3,20,2565872,72788329
"West","Female","25-29",25,2011,4,26,2565872,72788329
"West","Female","25-29",25,2011,5,22,2565872,72788329
"West","Female","25-29",25,2011,6,23,2565872,72788329
"West","Female","25-29",25,2011,7,16,2565872,72788329
"West","Female","25-29",25,2011,8,22,2565872,72788329
"West","Female","25-29",25,2011,9,19,2565872,72788329
"West","Female","25-29",25,2011,10,36,2565872,72788329
"West","Female","25-29",25,2011,11,22,2565872,72788329
"West","Female","25-29",25,2011,12,19,2565872,72788329
"West","Female","25-29",25,2012,1,25,2569715,73477823
"West","Female","25-29",25,2012,2,26,2569715,73477823
"West","Female","25-29",25,2012,3,18,2569715,73477823
"West","Female","25-29",25,2012,4,23,2569715,73477823
"West","Female","25-29",25,2012,5,16,2569715,73477823
"West","Female","25-29",25,2012,6,21,2569715,73477823
"West","Female","25-29",25,2012,7,16,2569715,73477823
"West","Female","25-29",25,2012,8,18,2569715,73477823
"West","Female","25-29",25,2012,9,21,2569715,73477823
"West","Female","25-29",25,2012,10,30,2569715,73477823
"West","Female","25-29",25,2012,11,22,2569715,73477823
"West","Female","25-29",25,2012,12,23,2569715,73477823
"West","Female","25-29",25,2013,1,24,2594705,74167130
"West","Female","25-29",25,2013,2,18,2594705,74167130
"West","Female","25-29",25,2013,3,28,2594705,74167130
"West","Female","25-29",25,2013,4,17,2594705,74167130
"West","Female","25-29",25,2013,5,17,2594705,74167130
"West","Female","25-29",25,2013,6,25,2594705,74167130
"West","Female","25-29",25,2013,7,24,2594705,74167130
"West","Female","25-29",25,2013,8,23,2594705,74167130
"West","Female","25-29",25,2013,9,23,2594705,74167130
"West","Female","25-29",25,2013,10,10,2594705,74167130
"West","Female","25-29",25,2013,11,18,2594705,74167130
"West","Female","25-29",25,2013,12,18,2594705,74167130
"West","Female","25-29",25,2014,1,32,2649941,74925793
"West","Female","25-29",25,2014,2,23,2649941,74925793
"West","Female","25-29",25,2014,3,14,2649941,74925793
"West","Female","25-29",25,2014,4,19,2649941,74925793
"West","Female","25-29",25,2014,5,20,2649941,74925793
"West","Female","25-29",25,2014,6,21,2649941,74925793
"West","Female","25-29",25,2014,7,27,2649941,74925793
"West","Female","25-29",25,2014,8,23,2649941,74925793
"West","Female","25-29",25,2014,9,22,2649941,74925793
"West","Female","25-29",25,2014,10,18,2649941,74925793
"West","Female","25-29",25,2014,11,15,2649941,74925793
"West","Female","25-29",25,2014,12,23,2649941,74925793
"West","Female","25-29",25,2015,1,35,2723463,75742555
"West","Female","25-29",25,2015,2,24,2723463,75742555
"West","Female","25-29",25,2015,3,25,2723463,75742555
"West","Female","25-29",25,2015,4,16,2723463,75742555
"West","Female","25-29",25,2015,5,18,2723463,75742555
"West","Female","25-29",25,2015,6,22,2723463,75742555
"West","Female","25-29",25,2015,7,24,2723463,75742555
"West","Female","25-29",25,2015,8,28,2723463,75742555
"West","Female","25-29",25,2015,9,25,2723463,75742555
"West","Female","25-29",25,2015,10,18,2723463,75742555
"West","Female","25-29",25,2015,11,28,2723463,75742555
"West","Female","25-29",25,2015,12,24,2723463,75742555
"West","Female","25-29",25,2016,1,17,2809207,76559681
"West","Female","25-29",25,2016,2,21,2809207,76559681
"West","Female","25-29",25,2016,3,32,2809207,76559681
"West","Female","25-29",25,2016,4,20,2809207,76559681
"West","Female","25-29",25,2016,5,24,2809207,76559681
"West","Female","25-29",25,2016,6,20,2809207,76559681
"West","Female","25-29",25,2016,7,32,2809207,76559681
"West","Female","25-29",25,2016,8,26,2809207,76559681
"West","Female","25-29",25,2016,9,31,2809207,76559681
"West","Female","25-29",25,2016,10,24,2809207,76559681
"West","Female","25-29",25,2016,11,14,2809207,76559681
"West","Female","25-29",25,2016,12,27,2809207,76559681
"West","Female","25-29",25,2017,1,17,2869392,77257329
"West","Female","25-29",25,2017,2,16,2869392,77257329
"West","Female","25-29",25,2017,3,30,2869392,77257329
"West","Female","25-29",25,2017,4,22,2869392,77257329
"West","Female","25-29",25,2017,5,35,2869392,77257329
"West","Female","25-29",25,2017,6,25,2869392,77257329
"West","Female","25-29",25,2017,7,36,2869392,77257329
"West","Female","25-29",25,2017,8,33,2869392,77257329
"West","Female","25-29",25,2017,9,23,2869392,77257329
"West","Female","25-29",25,2017,10,21,2869392,77257329
"West","Female","25-29",25,2017,11,28,2869392,77257329
"West","Female","25-29",25,2017,12,29,2869392,77257329
"West","Female","25-29",25,2018,1,36,2891372,77834820
"West","Female","25-29",25,2018,2,25,2891372,77834820
"West","Female","25-29",25,2018,3,23,2891372,77834820
"West","Female","25-29",25,2018,4,29,2891372,77834820
"West","Female","25-29",25,2018,5,23,2891372,77834820
"West","Female","25-29",25,2018,6,23,2891372,77834820
"West","Female","25-29",25,2018,7,32,2891372,77834820
"West","Female","25-29",25,2018,8,37,2891372,77834820
"West","Female","25-29",25,2018,9,18,2891372,77834820
"West","Female","25-29",25,2018,10,29,2891372,77834820
"West","Female","25-29",25,2018,11,23,2891372,77834820
"West","Female","25-29",25,2018,12,29,2891372,77834820
"West","Female","25-29",25,2019,1,21,2890250,78347268
"West","Female","25-29",25,2019,2,22,2890250,78347268
"West","Female","25-29",25,2019,3,32,2890250,78347268
"West","Female","25-29",25,2019,4,19,2890250,78347268
"West","Female","25-29",25,2019,5,28,2890250,78347268
"West","Female","25-29",25,2019,6,33,2890250,78347268
"West","Female","25-29",25,2019,7,31,2890250,78347268
"West","Female","25-29",25,2019,8,31,2890250,78347268
"West","Female","25-29",25,2019,9,29,2890250,78347268
"West","Female","25-29",25,2019,10,33,2890250,78347268
"West","Female","25-29",25,2019,11,35,2890250,78347268
"West","Female","25-29",25,2019,12,34,2890250,78347268
"West","Female","30-34",30,2011,1,28,2489015,72788329
"West","Female","30-34",30,2011,2,24,2489015,72788329
"West","Female","30-34",30,2011,3,30,2489015,72788329
"West","Female","30-34",30,2011,4,28,2489015,72788329
"West","Female","30-34",30,2011,5,30,2489015,72788329
"West","Female","30-34",30,2011,6,24,2489015,72788329
"West","Female","30-34",30,2011,7,21,2489015,72788329
"West","Female","30-34",30,2011,8,30,2489015,72788329
"West","Female","30-34",30,2011,9,22,2489015,72788329
"West","Female","30-34",30,2011,10,23,2489015,72788329
"West","Female","30-34",30,2011,11,34,2489015,72788329
"West","Female","30-34",30,2011,12,28,2489015,72788329
"West","Female","30-34",30,2012,1,33,2540686,73477823
"West","Female","30-34",30,2012,2,28,2540686,73477823
"West","Female","30-34",30,2012,3,34,2540686,73477823
"West","Female","30-34",30,2012,4,23,2540686,73477823
"West","Female","30-34",30,2012,5,33,2540686,73477823
"West","Female","30-34",30,2012,6,29,2540686,73477823
"West","Female","30-34",30,2012,7,31,2540686,73477823
"West","Female","30-34",30,2012,8,25,2540686,73477823
"West","Female","30-34",30,2012,9,32,2540686,73477823
"West","Female","30-34",30,2012,10,25,2540686,73477823
"West","Female","30-34",30,2012,11,28,2540686,73477823
"West","Female","30-34",30,2012,12,27,2540686,73477823
"West","Female","30-34",30,2013,1,25,2590479,74167130
"West","Female","30-34",30,2013,2,20,2590479,74167130
"West","Female","30-34",30,2013,3,40,2590479,74167130
"West","Female","30-34",30,2013,4,21,2590479,74167130
"West","Female","30-34",30,2013,5,24,2590479,74167130
"West","Female","30-34",30,2013,6,23,2590479,74167130
"West","Female","30-34",30,2013,7,32,2590479,74167130
"West","Female","30-34",30,2013,8,36,2590479,74167130
"West","Female","30-34",30,2013,9,18,2590479,74167130
"West","Female","30-34",30,2013,10,17,2590479,74167130
"West","Female","30-34",30,2013,11,15,2590479,74167130
"West","Female","30-34",30,2013,12,27,2590479,74167130
"West","Female","30-34",30,2014,1,30,2629843,74925793
"West","Female","30-34",30,2014,2,25,2629843,74925793
"West","Female","30-34",30,2014,3,34,2629843,74925793
"West","Female","30-34",30,2014,4,21,2629843,74925793
"West","Female","30-34",30,2014,5,37,2629843,74925793
"West","Female","30-34",30,2014,6,30,2629843,74925793
"West","Female","30-34",30,2014,7,29,2629843,74925793
"West","Female","30-34",30,2014,8,25,2629843,74925793
"West","Female","30-34",30,2014,9,29,2629843,74925793
"West","Female","30-34",30,2014,10,33,2629843,74925793
"West","Female","30-34",30,2014,11,37,2629843,74925793
"West","Female","30-34",30,2014,12,23,2629843,74925793
"West","Female","30-34",30,2015,1,30,2656908,75742555
"West","Female","30-34",30,2015,2,26,2656908,75742555
"West","Female","30-34",30,2015,3,28,2656908,75742555
"West","Female","30-34",30,2015,4,26,2656908,75742555
"West","Female","30-34",30,2015,5,43,2656908,75742555
"West","Female","30-34",30,2015,6,33,2656908,75742555
"West","Female","30-34",30,2015,7,27,2656908,75742555
"West","Female","30-34",30,2015,8,33,2656908,75742555
"West","Female","30-34",30,2015,9,36,2656908,75742555
"West","Female","30-34",30,2015,10,26,2656908,75742555
"West","Female","30-34",30,2015,11,31,2656908,75742555
"West","Female","30-34",30,2015,12,34,2656908,75742555
"West","Female","30-34",30,2016,1,33,2685974,76559681
"West","Female","30-34",30,2016,2,26,2685974,76559681
"West","Female","30-34",30,2016,3,38,2685974,76559681
"West","Female","30-34",30,2016,4,30,2685974,76559681
"West","Female","30-34",30,2016,5,30,2685974,76559681
"West","Female","30-34",30,2016,6,23,2685974,76559681
"West","Female","30-34",30,2016,7,34,2685974,76559681
"West","Female","30-34",30,2016,8,25,2685974,76559681
"West","Female","30-34",30,2016,9,35,2685974,76559681
"West","Female","30-34",30,2016,10,34,2685974,76559681
"West","Female","30-34",30,2016,11,27,2685974,76559681
"West","Female","30-34",30,2016,12,31,2685974,76559681
"West","Female","30-34",30,2017,1,37,2701493,77257329
"West","Female","30-34",30,2017,2,29,2701493,77257329
"West","Female","30-34",30,2017,3,32,2701493,77257329
"West","Female","30-34",30,2017,4,36,2701493,77257329
"West","Female","30-34",30,2017,5,34,2701493,77257329
"West","Female","30-34",30,2017,6,23,2701493,77257329
"West","Female","30-34",30,2017,7,39,2701493,77257329
"West","Female","30-34",30,2017,8,23,2701493,77257329
"West","Female","30-34",30,2017,9,19,2701493,77257329
"West","Female","30-34",30,2017,10,28,2701493,77257329
"West","Female","30-34",30,2017,11,19,2701493,77257329
"West","Female","30-34",30,2017,12,43,2701493,77257329
"West","Female","30-34",30,2018,1,28,2728021,77834820
"West","Female","30-34",30,2018,2,27,2728021,77834820
"West","Female","30-34",30,2018,3,27,2728021,77834820
"West","Female","30-34",30,2018,4,25,2728021,77834820
"West","Female","30-34",30,2018,5,25,2728021,77834820
"West","Female","30-34",30,2018,6,36,2728021,77834820
"West","Female","30-34",30,2018,7,30,2728021,77834820
"West","Female","30-34",30,2018,8,35,2728021,77834820
"West","Female","30-34",30,2018,9,28,2728021,77834820
"West","Female","30-34",30,2018,10,42,2728021,77834820
"West","Female","30-34",30,2018,11,21,2728021,77834820
"West","Female","30-34",30,2018,12,40,2728021,77834820
"West","Female","30-34",30,2019,1,37,2775753,78347268
"West","Female","30-34",30,2019,2,37,2775753,78347268
"West","Female","30-34",30,2019,3,28,2775753,78347268
"West","Female","30-34",30,2019,4,31,2775753,78347268
"West","Female","30-34",30,2019,5,35,2775753,78347268
"West","Female","30-34",30,2019,6,32,2775753,78347268
"West","Female","30-34",30,2019,7,36,2775753,78347268
"West","Female","30-34",30,2019,8,37,2775753,78347268
"West","Female","30-34",30,2019,9,31,2775753,78347268
"West","Female","30-34",30,2019,10,30,2775753,78347268
"West","Female","30-34",30,2019,11,49,2775753,78347268
"West","Female","30-34",30,2019,12,35,2775753,78347268
"West","Female","35-39",35,2011,1,42,2359962,72788329
"West","Female","35-39",35,2011,2,31,2359962,72788329
"West","Female","35-39",35,2011,3,46,2359962,72788329
"West","Female","35-39",35,2011,4,42,2359962,72788329
"West","Female","35-39",35,2011,5,28,2359962,72788329
"West","Female","35-39",35,2011,6,23,2359962,72788329
"West","Female","35-39",35,2011,7,30,2359962,72788329
"West","Female","35-39",35,2011,8,35,2359962,72788329
"West","Female","35-39",35,2011,9,31,2359962,72788329
"West","Female","35-39",35,2011,10,32,2359962,72788329
"West","Female","35-39",35,2011,11,32,2359962,72788329
"West","Female","35-39",35,2011,12,25,2359962,72788329
"West","Female","35-39",35,2012,1,22,2364570,73477823
"West","Female","35-39",35,2012,2,28,2364570,73477823
"West","Female","35-39",35,2012,3,36,2364570,73477823
"West","Female","35-39",35,2012,4,31,2364570,73477823
"West","Female","35-39",35,2012,5,39,2364570,73477823
"West","Female","35-39",35,2012,6,25,2364570,73477823
"West","Female","35-39",35,2012,7,36,2364570,73477823
"West","Female","35-39",35,2012,8,30,2364570,73477823
"West","Female","35-39",35,2012,9,30,2364570,73477823
"West","Female","35-39",35,2012,10,34,2364570,73477823
"West","Female","35-39",35,2012,11,24,2364570,73477823
"West","Female","35-39",35,2012,12,32,2364570,73477823
"West","Female","35-39",35,2013,1,30,2386011,74167130
"West","Female","35-39",35,2013,2,29,2386011,74167130
"West","Female","35-39",35,2013,3,34,2386011,74167130
"West","Female","35-39",35,2013,4,40,2386011,74167130
"West","Female","35-39",35,2013,5,27,2386011,74167130
"West","Female","35-39",35,2013,6,30,2386011,74167130
"West","Female","35-39",35,2013,7,37,2386011,74167130
"West","Female","35-39",35,2013,8,27,2386011,74167130
"West","Female","35-39",35,2013,9,23,2386011,74167130
"West","Female","35-39",35,2013,10,30,2386011,74167130
"West","Female","35-39",35,2013,11,30,2386011,74167130
"West","Female","35-39",35,2013,12,30,2386011,74167130
"West","Female","35-39",35,2014,1,32,2420432,74925793
"West","Female","35-39",35,2014,2,34,2420432,74925793
"West","Female","35-39",35,2014,3,48,2420432,74925793
"West","Female","35-39",35,2014,4,23,2420432,74925793
"West","Female","35-39",35,2014,5,37,2420432,74925793
"West","Female","35-39",35,2014,6,29,2420432,74925793
"West","Female","35-39",35,2014,7,41,2420432,74925793
"West","Female","35-39",35,2014,8,35,2420432,74925793
"West","Female","35-39",35,2014,9,34,2420432,74925793
"West","Female","35-39",35,2014,10,23,2420432,74925793
"West","Female","35-39",35,2014,11,33,2420432,74925793
"West","Female","35-39",35,2014,12,23,2420432,74925793
"West","Female","35-39",35,2015,1,29,2476488,75742555
"West","Female","35-39",35,2015,2,29,2476488,75742555
"West","Female","35-39",35,2015,3,29,2476488,75742555
"West","Female","35-39",35,2015,4,41,2476488,75742555
"West","Female","35-39",35,2015,5,31,2476488,75742555
"West","Female","35-39",35,2015,6,27,2476488,75742555
"West","Female","35-39",35,2015,7,37,2476488,75742555
"West","Female","35-39",35,2015,8,40,2476488,75742555
"West","Female","35-39",35,2015,9,34,2476488,75742555
"West","Female","35-39",35,2015,10,46,2476488,75742555
"West","Female","35-39",35,2015,11,35,2476488,75742555
"West","Female","35-39",35,2015,12,29,2476488,75742555
"West","Female","35-39",35,2016,1,39,2541460,76559681
"West","Female","35-39",35,2016,2,30,2541460,76559681
"West","Female","35-39",35,2016,3,31,2541460,76559681
"West","Female","35-39",35,2016,4,34,2541460,76559681
"West","Female","35-39",35,2016,5,31,2541460,76559681
"West","Female","35-39",35,2016,6,36,2541460,76559681
"West","Female","35-39",35,2016,7,34,2541460,76559681
"West","Female","35-39",35,2016,8,37,2541460,76559681
"West","Female","35-39",35,2016,9,34,2541460,76559681
"West","Female","35-39",35,2016,10,41,2541460,76559681
"West","Female","35-39",35,2016,11,38,2541460,76559681
"West","Female","35-39",35,2016,12,29,2541460,76559681
"West","Female","35-39",35,2017,1,29,2599519,77257329
"West","Female","35-39",35,2017,2,28,2599519,77257329
"West","Female","35-39",35,2017,3,41,2599519,77257329
"West","Female","35-39",35,2017,4,42,2599519,77257329
"West","Female","35-39",35,2017,5,36,2599519,77257329
"West","Female","35-39",35,2017,6,38,2599519,77257329
"West","Female","35-39",35,2017,7,46,2599519,77257329
"West","Female","35-39",35,2017,8,38,2599519,77257329
"West","Female","35-39",35,2017,9,35,2599519,77257329
"West","Female","35-39",35,2017,10,33,2599519,77257329
"West","Female","35-39",35,2017,11,34,2599519,77257329
"West","Female","35-39",35,2017,12,31,2599519,77257329
"West","Female","35-39",35,2018,1,43,2651413,77834820
"West","Female","35-39",35,2018,2,41,2651413,77834820
"West","Female","35-39",35,2018,3,35,2651413,77834820
"West","Female","35-39",35,2018,4,39,2651413,77834820
"West","Female","35-39",35,2018,5,40,2651413,77834820
"West","Female","35-39",35,2018,6,42,2651413,77834820
"West","Female","35-39",35,2018,7,43,2651413,77834820
"West","Female","35-39",35,2018,8,42,2651413,77834820
"West","Female","35-39",35,2018,9,21,2651413,77834820
"West","Female","35-39",35,2018,10,40,2651413,77834820
"West","Female","35-39",35,2018,11,35,2651413,77834820
"West","Female","35-39",35,2018,12,29,2651413,77834820
"West","Female","35-39",35,2019,1,40,2685893,78347268
"West","Female","35-39",35,2019,2,37,2685893,78347268
"West","Female","35-39",35,2019,3,36,2685893,78347268
"West","Female","35-39",35,2019,4,36,2685893,78347268
"West","Female","35-39",35,2019,5,35,2685893,78347268
"West","Female","35-39",35,2019,6,35,2685893,78347268
"West","Female","35-39",35,2019,7,44,2685893,78347268
"West","Female","35-39",35,2019,8,44,2685893,78347268
"West","Female","35-39",35,2019,9,38,2685893,78347268
"West","Female","35-39",35,2019,10,41,2685893,78347268
"West","Female","35-39",35,2019,11,36,2685893,78347268
"West","Female","35-39",35,2019,12,36,2685893,78347268
"West","Female","40-44",40,2011,1,55,2446477,72788329
"West","Female","40-44",40,2011,2,51,2446477,72788329
"West","Female","40-44",40,2011,3,46,2446477,72788329
"West","Female","40-44",40,2011,4,49,2446477,72788329
"West","Female","40-44",40,2011,5,42,2446477,72788329
"West","Female","40-44",40,2011,6,36,2446477,72788329
"West","Female","40-44",40,2011,7,44,2446477,72788329
"West","Female","40-44",40,2011,8,50,2446477,72788329
"West","Female","40-44",40,2011,9,50,2446477,72788329
"West","Female","40-44",40,2011,10,46,2446477,72788329
"West","Female","40-44",40,2011,11,44,2446477,72788329
"West","Female","40-44",40,2011,12,54,2446477,72788329
"West","Female","40-44",40,2012,1,35,2459965,73477823
"West","Female","40-44",40,2012,2,46,2459965,73477823
"West","Female","40-44",40,2012,3,38,2459965,73477823
"West","Female","40-44",40,2012,4,64,2459965,73477823
"West","Female","40-44",40,2012,5,33,2459965,73477823
"West","Female","40-44",40,2012,6,49,2459965,73477823
"West","Female","40-44",40,2012,7,40,2459965,73477823
"West","Female","40-44",40,2012,8,42,2459965,73477823
"West","Female","40-44",40,2012,9,33,2459965,73477823
"West","Female","40-44",40,2012,10,38,2459965,73477823
"West","Female","40-44",40,2012,11,34,2459965,73477823
"West","Female","40-44",40,2012,12,32,2459965,73477823
"West","Female","40-44",40,2013,1,55,2455319,74167130
"West","Female","40-44",40,2013,2,42,2455319,74167130
"West","Female","40-44",40,2013,3,49,2455319,74167130
"West","Female","40-44",40,2013,4,35,2455319,74167130
"West","Female","40-44",40,2013,5,46,2455319,74167130
"West","Female","40-44",40,2013,6,40,2455319,74167130
"West","Female","40-44",40,2013,7,46,2455319,74167130
"West","Female","40-44",40,2013,8,50,2455319,74167130
"West","Female","40-44",40,2013,9,42,2455319,74167130
"West","Female","40-44",40,2013,10,35,2455319,74167130
"West","Female","40-44",40,2013,11,45,2455319,74167130
"West","Female","40-44",40,2013,12,32,2455319,74167130
"West","Female","40-44",40,2014,1,37,2433333,74925793
"West","Female","40-44",40,2014,2,47,2433333,74925793
"West","Female","40-44",40,2014,3,47,2433333,74925793
"West","Female","40-44",40,2014,4,30,2433333,74925793
"West","Female","40-44",40,2014,5,46,2433333,74925793
"West","Female","40-44",40,2014,6,39,2433333,74925793
"West","Female","40-44",40,2014,7,30,2433333,74925793
"West","Female","40-44",40,2014,8,39,2433333,74925793
"West","Female","40-44",40,2014,9,32,2433333,74925793
"West","Female","40-44",40,2014,10,38,2433333,74925793
"West","Female","40-44",40,2014,11,38,2433333,74925793
"West","Female","40-44",40,2014,12,39,2433333,74925793
"West","Female","40-44",40,2015,1,35,2403911,75742555
"West","Female","40-44",40,2015,2,43,2403911,75742555
"West","Female","40-44",40,2015,3,35,2403911,75742555
"West","Female","40-44",40,2015,4,41,2403911,75742555
"West","Female","40-44",40,2015,5,40,2403911,75742555
"West","Female","40-44",40,2015,6,38,2403911,75742555
"West","Female","40-44",40,2015,7,46,2403911,75742555
"West","Female","40-44",40,2015,8,30,2403911,75742555
"West","Female","40-44",40,2015,9,39,2403911,75742555
"West","Female","40-44",40,2015,10,42,2403911,75742555
"West","Female","40-44",40,2015,11,40,2403911,75742555
"West","Female","40-44",40,2015,12,31,2403911,75742555
"West","Female","40-44",40,2016,1,39,2376181,76559681
"West","Female","40-44",40,2016,2,34,2376181,76559681
"West","Female","40-44",40,2016,3,36,2376181,76559681
"West","Female","40-44",40,2016,4,37,2376181,76559681
"West","Female","40-44",40,2016,5,35,2376181,76559681
"West","Female","40-44",40,2016,6,36,2376181,76559681
"West","Female","40-44",40,2016,7,38,2376181,76559681
"West","Female","40-44",40,2016,8,37,2376181,76559681
"West","Female","40-44",40,2016,9,24,2376181,76559681
"West","Female","40-44",40,2016,10,36,2376181,76559681
"West","Female","40-44",40,2016,11,26,2376181,76559681
"West","Female","40-44",40,2016,12,25,2376181,76559681
"West","Female","40-44",40,2017,1,40,2383626,77257329
"West","Female","40-44",40,2017,2,33,2383626,77257329
"West","Female","40-44",40,2017,3,29,2383626,77257329
"West","Female","40-44",40,2017,4,33,2383626,77257329
"West","Female","40-44",40,2017,5,39,2383626,77257329
"West","Female","40-44",40,2017,6,36,2383626,77257329
"West","Female","40-44",40,2017,7,31,2383626,77257329
"West","Female","40-44",40,2017,8,32,2383626,77257329
"West","Female","40-44",40,2017,9,30,2383626,77257329
"West","Female","40-44",40,2017,10,35,2383626,77257329
"West","Female","40-44",40,2017,11,35,2383626,77257329
"West","Female","40-44",40,2017,12,33,2383626,77257329
"West","Female","40-44",40,2018,1,41,2403964,77834820
"West","Female","40-44",40,2018,2,23,2403964,77834820
"West","Female","40-44",40,2018,3,32,2403964,77834820
"West","Female","40-44",40,2018,4,30,2403964,77834820
"West","Female","40-44",40,2018,5,29,2403964,77834820
"West","Female","40-44",40,2018,6,32,2403964,77834820
"West","Female","40-44",40,2018,7,31,2403964,77834820
"West","Female","40-44",40,2018,8,34,2403964,77834820
"West","Female","40-44",40,2018,9,28,2403964,77834820
"West","Female","40-44",40,2018,10,33,2403964,77834820
"West","Female","40-44",40,2018,11,28,2403964,77834820
"West","Female","40-44",40,2018,12,46,2403964,77834820
"West","Female","40-44",40,2019,1,27,2433779,78347268
"West","Female","40-44",40,2019,2,28,2433779,78347268
"West","Female","40-44",40,2019,3,24,2433779,78347268
"West","Female","40-44",40,2019,4,46,2433779,78347268
"West","Female","40-44",40,2019,5,40,2433779,78347268
"West","Female","40-44",40,2019,6,43,2433779,78347268
"West","Female","40-44",40,2019,7,40,2433779,78347268
"West","Female","40-44",40,2019,8,49,2433779,78347268
"West","Female","40-44",40,2019,9,34,2433779,78347268
"West","Female","40-44",40,2019,10,36,2433779,78347268
"West","Female","40-44",40,2019,11,42,2433779,78347268
"West","Female","40-44",40,2019,12,32,2433779,78347268
"West","Female","45-49",45,2011,1,55,2491348,72788329
"West","Female","45-49",45,2011,2,58,2491348,72788329
"West","Female","45-49",45,2011,3,70,2491348,72788329
"West","Female","45-49",45,2011,4,60,2491348,72788329
"West","Female","45-49",45,2011,5,47,2491348,72788329
"West","Female","45-49",45,2011,6,56,2491348,72788329
"West","Female","45-49",45,2011,7,56,2491348,72788329
"West","Female","45-49",45,2011,8,50,2491348,72788329
"West","Female","45-49",45,2011,9,52,2491348,72788329
"West","Female","45-49",45,2011,10,52,2491348,72788329
"West","Female","45-49",45,2011,11,41,2491348,72788329
"West","Female","45-49",45,2011,12,64,2491348,72788329
"West","Female","45-49",45,2012,1,54,2443915,73477823
"West","Female","45-49",45,2012,2,69,2443915,73477823
"West","Female","45-49",45,2012,3,53,2443915,73477823
"West","Female","45-49",45,2012,4,42,2443915,73477823
"West","Female","45-49",45,2012,5,63,2443915,73477823
"West","Female","45-49",45,2012,6,58,2443915,73477823
"West","Female","45-49",45,2012,7,50,2443915,73477823
"West","Female","45-49",45,2012,8,60,2443915,73477823
"West","Female","45-49",45,2012,9,45,2443915,73477823
"West","Female","45-49",45,2012,10,44,2443915,73477823
"West","Female","45-49",45,2012,11,62,2443915,73477823
"West","Female","45-49",45,2012,12,57,2443915,73477823
"West","Female","45-49",45,2013,1,55,2402881,74167130
"West","Female","45-49",45,2013,2,54,2402881,74167130
"West","Female","45-49",45,2013,3,52,2402881,74167130
"West","Female","45-49",45,2013,4,50,2402881,74167130
"West","Female","45-49",45,2013,5,51,2402881,74167130
"West","Female","45-49",45,2013,6,41,2402881,74167130
"West","Female","45-49",45,2013,7,55,2402881,74167130
"West","Female","45-49",45,2013,8,61,2402881,74167130
"West","Female","45-49",45,2013,9,46,2402881,74167130
"West","Female","45-49",45,2013,10,48,2402881,74167130
"West","Female","45-49",45,2013,11,45,2402881,74167130
"West","Female","45-49",45,2013,12,62,2402881,74167130
"West","Female","45-49",45,2014,1,40,2382740,74925793
"West","Female","45-49",45,2014,2,54,2382740,74925793
"West","Female","45-49",45,2014,3,60,2382740,74925793
"West","Female","45-49",45,2014,4,44,2382740,74925793
"West","Female","45-49",45,2014,5,65,2382740,74925793
"West","Female","45-49",45,2014,6,48,2382740,74925793
"West","Female","45-49",45,2014,7,49,2382740,74925793
"West","Female","45-49",45,2014,8,48,2382740,74925793
"West","Female","45-49",45,2014,9,61,2382740,74925793
"West","Female","45-49",45,2014,10,51,2382740,74925793
"West","Female","45-49",45,2014,11,49,2382740,74925793
"West","Female","45-49",45,2014,12,46,2382740,74925793
"West","Female","45-49",45,2015,1,41,2402839,75742555
"West","Female","45-49",45,2015,2,36,2402839,75742555
"West","Female","45-49",45,2015,3,43,2402839,75742555
"West","Female","45-49",45,2015,4,59,2402839,75742555
"West","Female","45-49",45,2015,5,50,2402839,75742555
"West","Female","45-49",45,2015,6,39,2402839,75742555
"West","Female","45-49",45,2015,7,45,2402839,75742555
"West","Female","45-49",45,2015,8,48,2402839,75742555
"West","Female","45-49",45,2015,9,55,2402839,75742555
"West","Female","45-49",45,2015,10,37,2402839,75742555
"West","Female","45-49",45,2015,11,43,2402839,75742555
"West","Female","45-49",45,2015,12,48,2402839,75742555
"West","Female","45-49",45,2016,1,59,2440373,76559681
"West","Female","45-49",45,2016,2,49,2440373,76559681
"West","Female","45-49",45,2016,3,53,2440373,76559681
"West","Female","45-49",45,2016,4,49,2440373,76559681
"West","Female","45-49",45,2016,5,53,2440373,76559681
"West","Female","45-49",45,2016,6,55,2440373,76559681
"West","Female","45-49",45,2016,7,45,2440373,76559681
"West","Female","45-49",45,2016,8,27,2440373,76559681
"West","Female","45-49",45,2016,9,45,2440373,76559681
"West","Female","45-49",45,2016,10,41,2440373,76559681
"West","Female","45-49",45,2016,11,36,2440373,76559681
"West","Female","45-49",45,2016,12,48,2440373,76559681
"West","Female","45-49",45,2017,1,46,2454887,77257329
"West","Female","45-49",45,2017,2,38,2454887,77257329
"West","Female","45-49",45,2017,3,66,2454887,77257329
"West","Female","45-49",45,2017,4,49,2454887,77257329
"West","Female","45-49",45,2017,5,43,2454887,77257329
"West","Female","45-49",45,2017,6,67,2454887,77257329
"West","Female","45-49",45,2017,7,48,2454887,77257329
"West","Female","45-49",45,2017,8,58,2454887,77257329
"West","Female","45-49",45,2017,9,48,2454887,77257329
"West","Female","45-49",45,2017,10,60,2454887,77257329
"West","Female","45-49",45,2017,11,34,2454887,77257329
"West","Female","45-49",45,2017,12,52,2454887,77257329
"West","Female","45-49",45,2018,1,46,2448336,77834820
"West","Female","45-49",45,2018,2,32,2448336,77834820
"West","Female","45-49",45,2018,3,53,2448336,77834820
"West","Female","45-49",45,2018,4,40,2448336,77834820
"West","Female","45-49",45,2018,5,38,2448336,77834820
"West","Female","45-49",45,2018,6,37,2448336,77834820
"West","Female","45-49",45,2018,7,42,2448336,77834820
"West","Female","45-49",45,2018,8,60,2448336,77834820
"West","Female","45-49",45,2018,9,33,2448336,77834820
"West","Female","45-49",45,2018,10,35,2448336,77834820
"West","Female","45-49",45,2018,11,41,2448336,77834820
"West","Female","45-49",45,2018,12,40,2448336,77834820
"West","Female","45-49",45,2019,1,49,2423007,78347268
"West","Female","45-49",45,2019,2,45,2423007,78347268
"West","Female","45-49",45,2019,3,42,2423007,78347268
"West","Female","45-49",45,2019,4,49,2423007,78347268
"West","Female","45-49",45,2019,5,43,2423007,78347268
"West","Female","45-49",45,2019,6,49,2423007,78347268
"West","Female","45-49",45,2019,7,43,2423007,78347268
"West","Female","45-49",45,2019,8,53,2423007,78347268
"West","Female","45-49",45,2019,9,41,2423007,78347268
"West","Female","45-49",45,2019,10,46,2423007,78347268
"West","Female","45-49",45,2019,11,38,2423007,78347268
"West","Female","45-49",45,2019,12,49,2423007,78347268
"West","Female","50-54",50,2011,1,55,2548057,72788329
"West","Female","50-54",50,2011,2,70,2548057,72788329
"West","Female","50-54",50,2011,3,69,2548057,72788329
"West","Female","50-54",50,2011,4,50,2548057,72788329
"West","Female","50-54",50,2011,5,56,2548057,72788329
"West","Female","50-54",50,2011,6,56,2548057,72788329
"West","Female","50-54",50,2011,7,78,2548057,72788329
"West","Female","50-54",50,2011,8,70,2548057,72788329
"West","Female","50-54",50,2011,9,59,2548057,72788329
"West","Female","50-54",50,2011,10,59,2548057,72788329
"West","Female","50-54",50,2011,11,66,2548057,72788329
"West","Female","50-54",50,2011,12,73,2548057,72788329
"West","Female","50-54",50,2012,1,67,2550078,73477823
"West","Female","50-54",50,2012,2,56,2550078,73477823
"West","Female","50-54",50,2012,3,66,2550078,73477823
"West","Female","50-54",50,2012,4,63,2550078,73477823
"West","Female","50-54",50,2012,5,70,2550078,73477823
"West","Female","50-54",50,2012,6,68,2550078,73477823
"West","Female","50-54",50,2012,7,66,2550078,73477823
"West","Female","50-54",50,2012,8,63,2550078,73477823
"West","Female","50-54",50,2012,9,52,2550078,73477823
"West","Female","50-54",50,2012,10,68,2550078,73477823
"West","Female","50-54",50,2012,11,50,2550078,73477823
"West","Female","50-54",50,2012,12,69,2550078,73477823
"West","Female","50-54",50,2013,1,82,2551552,74167130
"West","Female","50-54",50,2013,2,73,2551552,74167130
"West","Female","50-54",50,2013,3,78,2551552,74167130
"West","Female","50-54",50,2013,4,57,2551552,74167130
"West","Female","50-54",50,2013,5,52,2551552,74167130
"West","Female","50-54",50,2013,6,69,2551552,74167130
"West","Female","50-54",50,2013,7,62,2551552,74167130
"West","Female","50-54",50,2013,8,67,2551552,74167130
"West","Female","50-54",50,2013,9,59,2551552,74167130
"West","Female","50-54",50,2013,10,68,2551552,74167130
"West","Female","50-54",50,2013,11,53,2551552,74167130
"West","Female","50-54",50,2013,12,56,2551552,74167130
"West","Female","50-54",50,2014,1,68,2549274,74925793
"West","Female","50-54",50,2014,2,61,2549274,74925793
"West","Female","50-54",50,2014,3,56,2549274,74925793
"West","Female","50-54",50,2014,4,54,2549274,74925793
"West","Female","50-54",50,2014,5,65,2549274,74925793
"West","Female","50-54",50,2014,6,56,2549274,74925793
"West","Female","50-54",50,2014,7,56,2549274,74925793
"West","Female","50-54",50,2014,8,40,2549274,74925793
"West","Female","50-54",50,2014,9,61,2549274,74925793
"West","Female","50-54",50,2014,10,59,2549274,74925793
"West","Female","50-54",50,2014,11,63,2549274,74925793
"West","Female","50-54",50,2014,12,53,2549274,74925793
"West","Female","50-54",50,2015,1,69,2519406,75742555
"West","Female","50-54",50,2015,2,53,2519406,75742555
"West","Female","50-54",50,2015,3,58,2519406,75742555
"West","Female","50-54",50,2015,4,59,2519406,75742555
"West","Female","50-54",50,2015,5,72,2519406,75742555
"West","Female","50-54",50,2015,6,67,2519406,75742555
"West","Female","50-54",50,2015,7,66,2519406,75742555
"West","Female","50-54",50,2015,8,69,2519406,75742555
"West","Female","50-54",50,2015,9,59,2519406,75742555
"West","Female","50-54",50,2015,10,68,2519406,75742555
"West","Female","50-54",50,2015,11,58,2519406,75742555
"West","Female","50-54",50,2015,12,60,2519406,75742555
"West","Female","50-54",50,2016,1,57,2469564,76559681
"West","Female","50-54",50,2016,2,60,2469564,76559681
"West","Female","50-54",50,2016,3,65,2469564,76559681
"West","Female","50-54",50,2016,4,59,2469564,76559681
"West","Female","50-54",50,2016,5,56,2469564,76559681
"West","Female","50-54",50,2016,6,62,2469564,76559681
"West","Female","50-54",50,2016,7,64,2469564,76559681
"West","Female","50-54",50,2016,8,48,2469564,76559681
"West","Female","50-54",50,2016,9,40,2469564,76559681
"West","Female","50-54",50,2016,10,51,2469564,76559681
"West","Female","50-54",50,2016,11,53,2469564,76559681
"West","Female","50-54",50,2016,12,47,2469564,76559681
"West","Female","50-54",50,2017,1,54,2423291,77257329
"West","Female","50-54",50,2017,2,47,2423291,77257329
"West","Female","50-54",50,2017,3,45,2423291,77257329
"West","Female","50-54",50,2017,4,44,2423291,77257329
"West","Female","50-54",50,2017,5,55,2423291,77257329
"West","Female","50-54",50,2017,6,43,2423291,77257329
"West","Female","50-54",50,2017,7,51,2423291,77257329
"West","Female","50-54",50,2017,8,45,2423291,77257329
"West","Female","50-54",50,2017,9,44,2423291,77257329
"West","Female","50-54",50,2017,10,57,2423291,77257329
"West","Female","50-54",50,2017,11,66,2423291,77257329
"West","Female","50-54",50,2017,12,44,2423291,77257329
"West","Female","50-54",50,2018,1,51,2380817,77834820
"West","Female","50-54",50,2018,2,51,2380817,77834820
"West","Female","50-54",50,2018,3,50,2380817,77834820
"West","Female","50-54",50,2018,4,60,2380817,77834820
"West","Female","50-54",50,2018,5,47,2380817,77834820
"West","Female","50-54",50,2018,6,50,2380817,77834820
"West","Female","50-54",50,2018,7,57,2380817,77834820
"West","Female","50-54",50,2018,8,51,2380817,77834820
"West","Female","50-54",50,2018,9,40,2380817,77834820
"West","Female","50-54",50,2018,10,51,2380817,77834820
"West","Female","50-54",50,2018,11,40,2380817,77834820
"West","Female","50-54",50,2018,12,44,2380817,77834820
"West","Female","50-54",50,2019,1,54,2357400,78347268
"West","Female","50-54",50,2019,2,58,2357400,78347268
"West","Female","50-54",50,2019,3,50,2357400,78347268
"West","Female","50-54",50,2019,4,37,2357400,78347268
"West","Female","50-54",50,2019,5,46,2357400,78347268
"West","Female","50-54",50,2019,6,51,2357400,78347268
"West","Female","50-54",50,2019,7,53,2357400,78347268
"West","Female","50-54",50,2019,8,40,2357400,78347268
"West","Female","50-54",50,2019,9,67,2357400,78347268
"West","Female","50-54",50,2019,10,46,2357400,78347268
"West","Female","50-54",50,2019,11,47,2357400,78347268
"West","Female","50-54",50,2019,12,46,2357400,78347268
"West","Male","15-19",15,2011,1,14,2641776,72788329
"West","Male","15-19",15,2011,2,11,2641776,72788329
"West","Male","15-19",15,2011,3,12,2641776,72788329
"West","Male","15-19",15,2011,4,15,2641776,72788329
"West","Male","15-19",15,2011,5,12,2641776,72788329
"West","Male","15-19",15,2011,6,13,2641776,72788329
"West","Male","15-19",15,2011,7,12,2641776,72788329
"West","Male","15-19",15,2011,8,9,2641776,72788329
"West","Male","15-19",15,2011,9,15,2641776,72788329
"West","Male","15-19",15,2011,10,11,2641776,72788329
"West","Male","15-19",15,2011,11,11,2641776,72788329
"West","Male","15-19",15,2011,12,15,2641776,72788329
"West","Male","15-19",15,2012,1,12,2601899,73477823
"West","Male","15-19",15,2012,2,13,2601899,73477823
"West","Male","15-19",15,2012,3,16,2601899,73477823
"West","Male","15-19",15,2012,4,10,2601899,73477823
"West","Male","15-19",15,2012,5,3,2601899,73477823
"West","Male","15-19",15,2012,6,10,2601899,73477823
"West","Male","15-19",15,2012,7,11,2601899,73477823
"West","Male","15-19",15,2012,8,8,2601899,73477823
"West","Male","15-19",15,2012,9,18,2601899,73477823
"West","Male","15-19",15,2012,10,10,2601899,73477823
"West","Male","15-19",15,2012,11,9,2601899,73477823
"West","Male","15-19",15,2012,12,11,2601899,73477823
"West","Male","15-19",15,2013,1,5,2573372,74167130
"West","Male","15-19",15,2013,2,16,2573372,74167130
"West","Male","15-19",15,2013,3,14,2573372,74167130
"West","Male","15-19",15,2013,4,11,2573372,74167130
"West","Male","15-19",15,2013,5,10,2573372,74167130
"West","Male","15-19",15,2013,6,11,2573372,74167130
"West","Male","15-19",15,2013,7,4,2573372,74167130
"West","Male","15-19",15,2013,8,13,2573372,74167130
"West","Male","15-19",15,2013,9,7,2573372,74167130
"West","Male","15-19",15,2013,10,6,2573372,74167130
"West","Male","15-19",15,2013,11,16,2573372,74167130
"West","Male","15-19",15,2013,12,8,2573372,74167130
"West","Male","15-19",15,2014,1,9,2553913,74925793
"West","Male","15-19",15,2014,2,9,2553913,74925793
"West","Male","15-19",15,2014,3,11,2553913,74925793
"West","Male","15-19",15,2014,4,6,2553913,74925793
"West","Male","15-19",15,2014,5,13,2553913,74925793
"West","Male","15-19",15,2014,6,8,2553913,74925793
"West","Male","15-19",15,2014,7,15,2553913,74925793
"West","Male","15-19",15,2014,8,8,2553913,74925793
"West","Male","15-19",15,2014,9,11,2553913,74925793
"West","Male","15-19",15,2014,10,8,2553913,74925793
"West","Male","15-19",15,2014,11,7,2553913,74925793
"West","Male","15-19",15,2014,12,11,2553913,74925793
"West","Male","15-19",15,2015,1,15,2554717,75742555
"West","Male","15-19",15,2015,2,9,2554717,75742555
"West","Male","15-19",15,2015,3,9,2554717,75742555
"West","Male","15-19",15,2015,4,8,2554717,75742555
"West","Male","15-19",15,2015,5,12,2554717,75742555
"West","Male","15-19",15,2015,6,12,2554717,75742555
"West","Male","15-19",15,2015,7,13,2554717,75742555
"West","Male","15-19",15,2015,8,8,2554717,75742555
"West","Male","15-19",15,2015,9,10,2554717,75742555
"West","Male","15-19",15,2015,10,6,2554717,75742555
"West","Male","15-19",15,2015,11,8,2554717,75742555
"West","Male","15-19",15,2015,12,9,2554717,75742555
"West","Male","15-19",15,2016,1,7,2557387,76559681
"West","Male","15-19",15,2016,2,12,2557387,76559681
"West","Male","15-19",15,2016,3,17,2557387,76559681
"West","Male","15-19",15,2016,4,10,2557387,76559681
"West","Male","15-19",15,2016,5,14,2557387,76559681
"West","Male","15-19",15,2016,6,11,2557387,76559681
"West","Male","15-19",15,2016,7,20,2557387,76559681
"West","Male","15-19",15,2016,8,11,2557387,76559681
"West","Male","15-19",15,2016,9,15,2557387,76559681
"West","Male","15-19",15,2016,10,6,2557387,76559681
"West","Male","15-19",15,2016,11,10,2557387,76559681
"West","Male","15-19",15,2016,12,6,2557387,76559681
"West","Male","15-19",15,2017,1,9,2550230,77257329
"West","Male","15-19",15,2017,2,12,2550230,77257329
"West","Male","15-19",15,2017,3,12,2550230,77257329
"West","Male","15-19",15,2017,4,5,2550230,77257329
"West","Male","15-19",15,2017,5,12,2550230,77257329
"West","Male","15-19",15,2017,6,7,2550230,77257329
"West","Male","15-19",15,2017,7,9,2550230,77257329
"West","Male","15-19",15,2017,8,11,2550230,77257329
"West","Male","15-19",15,2017,9,10,2550230,77257329
"West","Male","15-19",15,2017,10,13,2550230,77257329
"West","Male","15-19",15,2017,11,18,2550230,77257329
"West","Male","15-19",15,2017,12,13,2550230,77257329
"West","Male","15-19",15,2018,1,12,2550160,77834820
"West","Male","15-19",15,2018,2,11,2550160,77834820
"West","Male","15-19",15,2018,3,10,2550160,77834820
"West","Male","15-19",15,2018,4,14,2550160,77834820
"West","Male","15-19",15,2018,5,16,2550160,77834820
"West","Male","15-19",15,2018,6,21,2550160,77834820
"West","Male","15-19",15,2018,7,18,2550160,77834820
"West","Male","15-19",15,2018,8,14,2550160,77834820
"West","Male","15-19",15,2018,9,16,2550160,77834820
"West","Male","15-19",15,2018,10,13,2550160,77834820
"West","Male","15-19",15,2018,11,11,2550160,77834820
"West","Male","15-19",15,2018,12,12,2550160,77834820
"West","Male","15-19",15,2019,1,15,2553500,78347268
"West","Male","15-19",15,2019,2,10,2553500,78347268
"West","Male","15-19",15,2019,3,12,2553500,78347268
"West","Male","15-19",15,2019,4,11,2553500,78347268
"West","Male","15-19",15,2019,5,22,2553500,78347268
"West","Male","15-19",15,2019,6,14,2553500,78347268
"West","Male","15-19",15,2019,7,21,2553500,78347268
"West","Male","15-19",15,2019,8,19,2553500,78347268
"West","Male","15-19",15,2019,9,20,2553500,78347268
"West","Male","15-19",15,2019,10,30,2553500,78347268
"West","Male","15-19",15,2019,11,20,2553500,78347268
"West","Male","15-19",15,2019,12,28,2553500,78347268
"West","Male","20-24",20,2011,1,33,2773588,72788329
"West","Male","20-24",20,2011,2,44,2773588,72788329
"West","Male","20-24",20,2011,3,50,2773588,72788329
"West","Male","20-24",20,2011,4,56,2773588,72788329
"West","Male","20-24",20,2011,5,46,2773588,72788329
"West","Male","20-24",20,2011,6,40,2773588,72788329
"West","Male","20-24",20,2011,7,34,2773588,72788329
"West","Male","20-24",20,2011,8,51,2773588,72788329
"West","Male","20-24",20,2011,9,46,2773588,72788329
"West","Male","20-24",20,2011,10,42,2773588,72788329
"West","Male","20-24",20,2011,11,47,2773588,72788329
"West","Male","20-24",20,2011,12,34,2773588,72788329
"West","Male","20-24",20,2012,1,43,2832227,73477823
"West","Male","20-24",20,2012,2,40,2832227,73477823
"West","Male","20-24",20,2012,3,37,2832227,73477823
"West","Male","20-24",20,2012,4,37,2832227,73477823
"West","Male","20-24",20,2012,5,39,2832227,73477823
"West","Male","20-24",20,2012,6,44,2832227,73477823
"West","Male","20-24",20,2012,7,42,2832227,73477823
"West","Male","20-24",20,2012,8,38,2832227,73477823
"West","Male","20-24",20,2012,9,31,2832227,73477823
"West","Male","20-24",20,2012,10,38,2832227,73477823
"West","Male","20-24",20,2012,11,41,2832227,73477823
"West","Male","20-24",20,2012,12,45,2832227,73477823
"West","Male","20-24",20,2013,1,50,2857073,74167130
"West","Male","20-24",20,2013,2,44,2857073,74167130
"West","Male","20-24",20,2013,3,44,2857073,74167130
"West","Male","20-24",20,2013,4,48,2857073,74167130
"West","Male","20-24",20,2013,5,45,2857073,74167130
"West","Male","20-24",20,2013,6,41,2857073,74167130
"West","Male","20-24",20,2013,7,40,2857073,74167130
"West","Male","20-24",20,2013,8,35,2857073,74167130
"West","Male","20-24",20,2013,9,38,2857073,74167130
"West","Male","20-24",20,2013,10,33,2857073,74167130
"West","Male","20-24",20,2013,11,41,2857073,74167130
"West","Male","20-24",20,2013,12,54,2857073,74167130
"West","Male","20-24",20,2014,1,43,2869021,74925793
"West","Male","20-24",20,2014,2,31,2869021,74925793
"West","Male","20-24",20,2014,3,39,2869021,74925793
"West","Male","20-24",20,2014,4,36,2869021,74925793
"West","Male","20-24",20,2014,5,40,2869021,74925793
"West","Male","20-24",20,2014,6,46,2869021,74925793
"West","Male","20-24",20,2014,7,37,2869021,74925793
"West","Male","20-24",20,2014,8,37,2869021,74925793
"West","Male","20-24",20,2014,9,27,2869021,74925793
"West","Male","20-24",20,2014,10,27,2869021,74925793
"West","Male","20-24",20,2014,11,56,2869021,74925793
"West","Male","20-24",20,2014,12,28,2869021,74925793
"West","Male","20-24",20,2015,1,30,2842621,75742555
"West","Male","20-24",20,2015,2,35,2842621,75742555
"West","Male","20-24",20,2015,3,37,2842621,75742555
"West","Male","20-24",20,2015,4,49,2842621,75742555
"West","Male","20-24",20,2015,5,28,2842621,75742555
"West","Male","20-24",20,2015,6,44,2842621,75742555
"West","Male","20-24",20,2015,7,42,2842621,75742555
"West","Male","20-24",20,2015,8,44,2842621,75742555
"West","Male","20-24",20,2015,9,43,2842621,75742555
"West","Male","20-24",20,2015,10,44,2842621,75742555
"West","Male","20-24",20,2015,11,38,2842621,75742555
"West","Male","20-24",20,2015,12,37,2842621,75742555
"West","Male","20-24",20,2016,1,48,2802467,76559681
"West","Male","20-24",20,2016,2,55,2802467,76559681
"West","Male","20-24",20,2016,3,55,2802467,76559681
"West","Male","20-24",20,2016,4,63,2802467,76559681
"West","Male","20-24",20,2016,5,55,2802467,76559681
"West","Male","20-24",20,2016,6,67,2802467,76559681
"West","Male","20-24",20,2016,7,62,2802467,76559681
"West","Male","20-24",20,2016,8,46,2802467,76559681
"West","Male","20-24",20,2016,9,40,2802467,76559681
"West","Male","20-24",20,2016,10,33,2802467,76559681
"West","Male","20-24",20,2016,11,35,2802467,76559681
"West","Male","20-24",20,2016,12,52,2802467,76559681
"West","Male","20-24",20,2017,1,48,2759763,77257329
"West","Male","20-24",20,2017,2,34,2759763,77257329
"West","Male","20-24",20,2017,3,49,2759763,77257329
"West","Male","20-24",20,2017,4,47,2759763,77257329
"West","Male","20-24",20,2017,5,63,2759763,77257329
"West","Male","20-24",20,2017,6,36,2759763,77257329
"West","Male","20-24",20,2017,7,60,2759763,77257329
"West","Male","20-24",20,2017,8,45,2759763,77257329
"West","Male","20-24",20,2017,9,36,2759763,77257329
"West","Male","20-24",20,2017,10,48,2759763,77257329
"West","Male","20-24",20,2017,11,55,2759763,77257329
"West","Male","20-24",20,2017,12,53,2759763,77257329
"West","Male","20-24",20,2018,1,41,2728454,77834820
"West","Male","20-24",20,2018,2,42,2728454,77834820
"West","Male","20-24",20,2018,3,48,2728454,77834820
"West","Male","20-24",20,2018,4,39,2728454,77834820
"West","Male","20-24",20,2018,5,46,2728454,77834820
"West","Male","20-24",20,2018,6,54,2728454,77834820
"West","Male","20-24",20,2018,7,43,2728454,77834820
"West","Male","20-24",20,2018,8,41,2728454,77834820
"West","Male","20-24",20,2018,9,58,2728454,77834820
"West","Male","20-24",20,2018,10,48,2728454,77834820
"West","Male","20-24",20,2018,11,41,2728454,77834820
"West","Male","20-24",20,2018,12,50,2728454,77834820
"West","Male","20-24",20,2019,1,57,2700433,78347268
"West","Male","20-24",20,2019,2,48,2700433,78347268
"West","Male","20-24",20,2019,3,70,2700433,78347268
"West","Male","20-24",20,2019,4,54,2700433,78347268
"West","Male","20-24",20,2019,5,56,2700433,78347268
"West","Male","20-24",20,2019,6,58,2700433,78347268
"West","Male","20-24",20,2019,7,76,2700433,78347268
"West","Male","20-24",20,2019,8,65,2700433,78347268
"West","Male","20-24",20,2019,9,66,2700433,78347268
"West","Male","20-24",20,2019,10,68,2700433,78347268
"West","Male","20-24",20,2019,11,65,2700433,78347268
"West","Male","20-24",20,2019,12,74,2700433,78347268
"West","Male","25-29",25,2011,1,45,2711034,72788329
"West","Male","25-29",25,2011,2,45,2711034,72788329
"West","Male","25-29",25,2011,3,49,2711034,72788329
"West","Male","25-29",25,2011,4,55,2711034,72788329
"West","Male","25-29",25,2011,5,48,2711034,72788329
"West","Male","25-29",25,2011,6,43,2711034,72788329
"West","Male","25-29",25,2011,7,59,2711034,72788329
"West","Male","25-29",25,2011,8,53,2711034,72788329
"West","Male","25-29",25,2011,9,45,2711034,72788329
"West","Male","25-29",25,2011,10,39,2711034,72788329
"West","Male","25-29",25,2011,11,54,2711034,72788329
"West","Male","25-29",25,2011,12,65,2711034,72788329
"West","Male","25-29",25,2012,1,53,2729932,73477823
"West","Male","25-29",25,2012,2,55,2729932,73477823
"West","Male","25-29",25,2012,3,53,2729932,73477823
"West","Male","25-29",25,2012,4,50,2729932,73477823
"West","Male","25-29",25,2012,5,55,2729932,73477823
"West","Male","25-29",25,2012,6,51,2729932,73477823
"West","Male","25-29",25,2012,7,49,2729932,73477823
"West","Male","25-29",25,2012,8,46,2729932,73477823
"West","Male","25-29",25,2012,9,42,2729932,73477823
"West","Male","25-29",25,2012,10,52,2729932,73477823
"West","Male","25-29",25,2012,11,44,2729932,73477823
"West","Male","25-29",25,2012,12,46,2729932,73477823
"West","Male","25-29",25,2013,1,52,2761986,74167130
"West","Male","25-29",25,2013,2,54,2761986,74167130
"West","Male","25-29",25,2013,3,48,2761986,74167130
"West","Male","25-29",25,2013,4,66,2761986,74167130
"West","Male","25-29",25,2013,5,64,2761986,74167130
"West","Male","25-29",25,2013,6,59,2761986,74167130
"West","Male","25-29",25,2013,7,53,2761986,74167130
"West","Male","25-29",25,2013,8,54,2761986,74167130
"West","Male","25-29",25,2013,9,54,2761986,74167130
"West","Male","25-29",25,2013,10,43,2761986,74167130
"West","Male","25-29",25,2013,11,46,2761986,74167130
"West","Male","25-29",25,2013,12,47,2761986,74167130
"West","Male","25-29",25,2014,1,52,2826211,74925793
"West","Male","25-29",25,2014,2,48,2826211,74925793
"West","Male","25-29",25,2014,3,62,2826211,74925793
"West","Male","25-29",25,2014,4,60,2826211,74925793
"West","Male","25-29",25,2014,5,60,2826211,74925793
"West","Male","25-29",25,2014,6,49,2826211,74925793
"West","Male","25-29",25,2014,7,55,2826211,74925793
"West","Male","25-29",25,2014,8,51,2826211,74925793
"West","Male","25-29",25,2014,9,64,2826211,74925793
"West","Male","25-29",25,2014,10,56,2826211,74925793
"West","Male","25-29",25,2014,11,55,2826211,74925793
"West","Male","25-29",25,2014,12,65,2826211,74925793
"West","Male","25-29",25,2015,1,67,2909909,75742555
"West","Male","25-29",25,2015,2,59,2909909,75742555
"West","Male","25-29",25,2015,3,59,2909909,75742555
"West","Male","25-29",25,2015,4,51,2909909,75742555
"West","Male","25-29",25,2015,5,64,2909909,75742555
"West","Male","25-29",25,2015,6,61,2909909,75742555
"West","Male","25-29",25,2015,7,60,2909909,75742555
"West","Male","25-29",25,2015,8,49,2909909,75742555
"West","Male","25-29",25,2015,9,70,2909909,75742555
"West","Male","25-29",25,2015,10,69,2909909,75742555
"West","Male","25-29",25,2015,11,60,2909909,75742555
"West","Male","25-29",25,2015,12,49,2909909,75742555
"West","Male","25-29",25,2016,1,52,3003421,76559681
"West","Male","25-29",25,2016,2,63,3003421,76559681
"West","Male","25-29",25,2016,3,73,3003421,76559681
"West","Male","25-29",25,2016,4,69,3003421,76559681
"West","Male","25-29",25,2016,5,73,3003421,76559681
"West","Male","25-29",25,2016,6,55,3003421,76559681
"West","Male","25-29",25,2016,7,74,3003421,76559681
"West","Male","25-29",25,2016,8,66,3003421,76559681
"West","Male","25-29",25,2016,9,46,3003421,76559681
"West","Male","25-29",25,2016,10,69,3003421,76559681
"West","Male","25-29",25,2016,11,71,3003421,76559681
"West","Male","25-29",25,2016,12,65,3003421,76559681
"West","Male","25-29",25,2017,1,80,3074139,77257329
"West","Male","25-29",25,2017,2,77,3074139,77257329
"West","Male","25-29",25,2017,3,62,3074139,77257329
"West","Male","25-29",25,2017,4,84,3074139,77257329
"West","Male","25-29",25,2017,5,77,3074139,77257329
"West","Male","25-29",25,2017,6,87,3074139,77257329
"West","Male","25-29",25,2017,7,85,3074139,77257329
"West","Male","25-29",25,2017,8,73,3074139,77257329
"West","Male","25-29",25,2017,9,80,3074139,77257329
"West","Male","25-29",25,2017,10,75,3074139,77257329
"West","Male","25-29",25,2017,11,69,3074139,77257329
"West","Male","25-29",25,2017,12,62,3074139,77257329
"West","Male","25-29",25,2018,1,86,3105054,77834820
"West","Male","25-29",25,2018,2,78,3105054,77834820
"West","Male","25-29",25,2018,3,83,3105054,77834820
"West","Male","25-29",25,2018,4,86,3105054,77834820
"West","Male","25-29",25,2018,5,82,3105054,77834820
"West","Male","25-29",25,2018,6,87,3105054,77834820
"West","Male","25-29",25,2018,7,90,3105054,77834820
"West","Male","25-29",25,2018,8,85,3105054,77834820
"West","Male","25-29",25,2018,9,62,3105054,77834820
"West","Male","25-29",25,2018,10,68,3105054,77834820
"West","Male","25-29",25,2018,11,76,3105054,77834820
"West","Male","25-29",25,2018,12,78,3105054,77834820
"West","Male","25-29",25,2019,1,81,3108911,78347268
"West","Male","25-29",25,2019,2,93,3108911,78347268
"West","Male","25-29",25,2019,3,80,3108911,78347268
"West","Male","25-29",25,2019,4,81,3108911,78347268
"West","Male","25-29",25,2019,5,86,3108911,78347268
"West","Male","25-29",25,2019,6,104,3108911,78347268
"West","Male","25-29",25,2019,7,93,3108911,78347268
"West","Male","25-29",25,2019,8,90,3108911,78347268
"West","Male","25-29",25,2019,9,91,3108911,78347268
"West","Male","25-29",25,2019,10,77,3108911,78347268
"West","Male","25-29",25,2019,11,95,3108911,78347268
"West","Male","25-29",25,2019,12,104,3108911,78347268
"West","Male","30-34",30,2011,1,68,2573571,72788329
"West","Male","30-34",30,2011,2,59,2573571,72788329
"West","Male","30-34",30,2011,3,40,2573571,72788329
"West","Male","30-34",30,2011,4,57,2573571,72788329
"West","Male","30-34",30,2011,5,70,2573571,72788329
"West","Male","30-34",30,2011,6,64,2573571,72788329
"West","Male","30-34",30,2011,7,39,2573571,72788329
"West","Male","30-34",30,2011,8,52,2573571,72788329
"West","Male","30-34",30,2011,9,45,2573571,72788329
"West","Male","30-34",30,2011,10,47,2573571,72788329
"West","Male","30-34",30,2011,11,47,2573571,72788329
"West","Male","30-34",30,2011,12,49,2573571,72788329
"West","Male","30-34",30,2012,1,58,2633031,73477823
"West","Male","30-34",30,2012,2,42,2633031,73477823
"West","Male","30-34",30,2012,3,62,2633031,73477823
"West","Male","30-34",30,2012,4,45,2633031,73477823
"West","Male","30-34",30,2012,5,48,2633031,73477823
"West","Male","30-34",30,2012,6,39,2633031,73477823
"West","Male","30-34",30,2012,7,55,2633031,73477823
"West","Male","30-34",30,2012,8,65,2633031,73477823
"West","Male","30-34",30,2012,9,46,2633031,73477823
"West","Male","30-34",30,2012,10,49,2633031,73477823
"West","Male","30-34",30,2012,11,51,2633031,73477823
"West","Male","30-34",30,2012,12,58,2633031,73477823
"West","Male","30-34",30,2013,1,57,2692884,74167130
"West","Male","30-34",30,2013,2,48,2692884,74167130
"West","Male","30-34",30,2013,3,51,2692884,74167130
"West","Male","30-34",30,2013,4,53,2692884,74167130
"West","Male","30-34",30,2013,5,56,2692884,74167130
"West","Male","30-34",30,2013,6,51,2692884,74167130
"West","Male","30-34",30,2013,7,64,2692884,74167130
"West","Male","30-34",30,2013,8,67,2692884,74167130
"West","Male","30-34",30,2013,9,66,2692884,74167130
"West","Male","30-34",30,2013,10,53,2692884,74167130
"West","Male","30-34",30,2013,11,50,2692884,74167130
"West","Male","30-34",30,2013,12,50,2692884,74167130
"West","Male","30-34",30,2014,1,57,2741573,74925793
"West","Male","30-34",30,2014,2,50,2741573,74925793
"West","Male","30-34",30,2014,3,46,2741573,74925793
"West","Male","30-34",30,2014,4,60,2741573,74925793
"West","Male","30-34",30,2014,5,61,2741573,74925793
"West","Male","30-34",30,2014,6,58,2741573,74925793
"West","Male","30-34",30,2014,7,64,2741573,74925793
"West","Male","30-34",30,2014,8,61,2741573,74925793
"West","Male","30-34",30,2014,9,58,2741573,74925793
"West","Male","30-34",30,2014,10,59,2741573,74925793
"West","Male","30-34",30,2014,11,55,2741573,74925793
"West","Male","30-34",30,2014,12,68,2741573,74925793
"West","Male","30-34",30,2015,1,61,2776211,75742555
"West","Male","30-34",30,2015,2,55,2776211,75742555
"West","Male","30-34",30,2015,3,69,2776211,75742555
"West","Male","30-34",30,2015,4,53,2776211,75742555
"West","Male","30-34",30,2015,5,52,2776211,75742555
"West","Male","30-34",30,2015,6,65,2776211,75742555
"West","Male","30-34",30,2015,7,74,2776211,75742555
"West","Male","30-34",30,2015,8,59,2776211,75742555
"West","Male","30-34",30,2015,9,65,2776211,75742555
"West","Male","30-34",30,2015,10,62,2776211,75742555
"West","Male","30-34",30,2015,11,64,2776211,75742555
"West","Male","30-34",30,2015,12,72,2776211,75742555
"West","Male","30-34",30,2016,1,65,2824078,76559681
"West","Male","30-34",30,2016,2,78,2824078,76559681
"West","Male","30-34",30,2016,3,65,2824078,76559681
"West","Male","30-34",30,2016,4,62,2824078,76559681
"West","Male","30-34",30,2016,5,93,2824078,76559681
"West","Male","30-34",30,2016,6,69,2824078,76559681
"West","Male","30-34",30,2016,7,71,2824078,76559681
"West","Male","30-34",30,2016,8,82,2824078,76559681
"West","Male","30-34",30,2016,9,69,2824078,76559681
"West","Male","30-34",30,2016,10,72,2824078,76559681
"West","Male","30-34",30,2016,11,79,2824078,76559681
"West","Male","30-34",30,2016,12,50,2824078,76559681
"West","Male","30-34",30,2017,1,90,2856773,77257329
"West","Male","30-34",30,2017,2,72,2856773,77257329
"West","Male","30-34",30,2017,3,79,2856773,77257329
"West","Male","30-34",30,2017,4,65,2856773,77257329
"West","Male","30-34",30,2017,5,82,2856773,77257329
"West","Male","30-34",30,2017,6,85,2856773,77257329
"West","Male","30-34",30,2017,7,89,2856773,77257329
"West","Male","30-34",30,2017,8,78,2856773,77257329
"West","Male","30-34",30,2017,9,71,2856773,77257329
"West","Male","30-34",30,2017,10,72,2856773,77257329
"West","Male","30-34",30,2017,11,62,2856773,77257329
"West","Male","30-34",30,2017,12,67,2856773,77257329
"West","Male","30-34",30,2018,1,70,2894950,77834820
"West","Male","30-34",30,2018,2,81,2894950,77834820
"West","Male","30-34",30,2018,3,76,2894950,77834820
"West","Male","30-34",30,2018,4,70,2894950,77834820
"West","Male","30-34",30,2018,5,76,2894950,77834820
"West","Male","30-34",30,2018,6,79,2894950,77834820
"West","Male","30-34",30,2018,7,72,2894950,77834820
"West","Male","30-34",30,2018,8,87,2894950,77834820
"West","Male","30-34",30,2018,9,110,2894950,77834820
"West","Male","30-34",30,2018,10,68,2894950,77834820
"West","Male","30-34",30,2018,11,75,2894950,77834820
"West","Male","30-34",30,2018,12,94,2894950,77834820
"West","Male","30-34",30,2019,1,91,2952745,78347268
"West","Male","30-34",30,2019,2,80,2952745,78347268
"West","Male","30-34",30,2019,3,84,2952745,78347268
"West","Male","30-34",30,2019,4,85,2952745,78347268
"West","Male","30-34",30,2019,5,83,2952745,78347268
"West","Male","30-34",30,2019,6,98,2952745,78347268
"West","Male","30-34",30,2019,7,126,2952745,78347268
"West","Male","30-34",30,2019,8,116,2952745,78347268
"West","Male","30-34",30,2019,9,93,2952745,78347268
"West","Male","30-34",30,2019,10,81,2952745,78347268
"West","Male","30-34",30,2019,11,77,2952745,78347268
"West","Male","30-34",30,2019,12,91,2952745,78347268
"West","Male","35-39",35,2011,1,50,2403278,72788329
"West","Male","35-39",35,2011,2,47,2403278,72788329
"West","Male","35-39",35,2011,3,61,2403278,72788329
"West","Male","35-39",35,2011,4,46,2403278,72788329
"West","Male","35-39",35,2011,5,59,2403278,72788329
"West","Male","35-39",35,2011,6,39,2403278,72788329
"West","Male","35-39",35,2011,7,53,2403278,72788329
"West","Male","35-39",35,2011,8,51,2403278,72788329
"West","Male","35-39",35,2011,9,50,2403278,72788329
"West","Male","35-39",35,2011,10,55,2403278,72788329
"West","Male","35-39",35,2011,11,41,2403278,72788329
"West","Male","35-39",35,2011,12,39,2403278,72788329
"West","Male","35-39",35,2012,1,58,2408241,73477823
"West","Male","35-39",35,2012,2,45,2408241,73477823
"West","Male","35-39",35,2012,3,50,2408241,73477823
"West","Male","35-39",35,2012,4,46,2408241,73477823
"West","Male","35-39",35,2012,5,48,2408241,73477823
"West","Male","35-39",35,2012,6,52,2408241,73477823
"West","Male","35-39",35,2012,7,49,2408241,73477823
"West","Male","35-39",35,2012,8,50,2408241,73477823
"West","Male","35-39",35,2012,9,36,2408241,73477823
"West","Male","35-39",35,2012,10,43,2408241,73477823
"West","Male","35-39",35,2012,11,43,2408241,73477823
"West","Male","35-39",35,2012,12,51,2408241,73477823
"West","Male","35-39",35,2013,1,53,2435280,74167130
"West","Male","35-39",35,2013,2,38,2435280,74167130
"West","Male","35-39",35,2013,3,58,2435280,74167130
"West","Male","35-39",35,2013,4,45,2435280,74167130
"West","Male","35-39",35,2013,5,41,2435280,74167130
"West","Male","35-39",35,2013,6,56,2435280,74167130
"West","Male","35-39",35,2013,7,58,2435280,74167130
"West","Male","35-39",35,2013,8,71,2435280,74167130
"West","Male","35-39",35,2013,9,52,2435280,74167130
"West","Male","35-39",35,2013,10,52,2435280,74167130
"West","Male","35-39",35,2013,11,35,2435280,74167130
"West","Male","35-39",35,2013,12,47,2435280,74167130
"West","Male","35-39",35,2014,1,56,2477224,74925793
"West","Male","35-39",35,2014,2,59,2477224,74925793
"West","Male","35-39",35,2014,3,55,2477224,74925793
"West","Male","35-39",35,2014,4,60,2477224,74925793
"West","Male","35-39",35,2014,5,60,2477224,74925793
"West","Male","35-39",35,2014,6,57,2477224,74925793
"West","Male","35-39",35,2014,7,52,2477224,74925793
"West","Male","35-39",35,2014,8,61,2477224,74925793
"West","Male","35-39",35,2014,9,65,2477224,74925793
"West","Male","35-39",35,2014,10,48,2477224,74925793
"West","Male","35-39",35,2014,11,69,2477224,74925793
"West","Male","35-39",35,2014,12,46,2477224,74925793
"West","Male","35-39",35,2015,1,54,2544594,75742555
"West","Male","35-39",35,2015,2,54,2544594,75742555
"West","Male","35-39",35,2015,3,72,2544594,75742555
"West","Male","35-39",35,2015,4,50,2544594,75742555
"West","Male","35-39",35,2015,5,63,2544594,75742555
"West","Male","35-39",35,2015,6,80,2544594,75742555
"West","Male","35-39",35,2015,7,57,2544594,75742555
"West","Male","35-39",35,2015,8,78,2544594,75742555
"West","Male","35-39",35,2015,9,61,2544594,75742555
"West","Male","35-39",35,2015,10,54,2544594,75742555
"West","Male","35-39",35,2015,11,60,2544594,75742555
"West","Male","35-39",35,2015,12,57,2544594,75742555
"West","Male","35-39",35,2016,1,65,2615450,76559681
"West","Male","35-39",35,2016,2,57,2615450,76559681
"West","Male","35-39",35,2016,3,73,2615450,76559681
"West","Male","35-39",35,2016,4,56,2615450,76559681
"West","Male","35-39",35,2016,5,74,2615450,76559681
"West","Male","35-39",35,2016,6,74,2615450,76559681
"West","Male","35-39",35,2016,7,78,2615450,76559681
"West","Male","35-39",35,2016,8,84,2615450,76559681
"West","Male","35-39",35,2016,9,56,2615450,76559681
"West","Male","35-39",35,2016,10,66,2615450,76559681
"West","Male","35-39",35,2016,11,63,2615450,76559681
"West","Male","35-39",35,2016,12,80,2615450,76559681
"West","Male","35-39",35,2017,1,54,2683708,77257329
"West","Male","35-39",35,2017,2,54,2683708,77257329
"West","Male","35-39",35,2017,3,65,2683708,77257329
"West","Male","35-39",35,2017,4,75,2683708,77257329
"West","Male","35-39",35,2017,5,83,2683708,77257329
"West","Male","35-39",35,2017,6,85,2683708,77257329
"West","Male","35-39",35,2017,7,99,2683708,77257329
"West","Male","35-39",35,2017,8,96,2683708,77257329
"West","Male","35-39",35,2017,9,75,2683708,77257329
"West","Male","35-39",35,2017,10,59,2683708,77257329
"West","Male","35-39",35,2017,11,73,2683708,77257329
"West","Male","35-39",35,2017,12,73,2683708,77257329
"West","Male","35-39",35,2018,1,75,2747074,77834820
"West","Male","35-39",35,2018,2,71,2747074,77834820
"West","Male","35-39",35,2018,3,91,2747074,77834820
"West","Male","35-39",35,2018,4,79,2747074,77834820
"West","Male","35-39",35,2018,5,86,2747074,77834820
"West","Male","35-39",35,2018,6,92,2747074,77834820
"West","Male","35-39",35,2018,7,94,2747074,77834820
"West","Male","35-39",35,2018,8,86,2747074,77834820
"West","Male","35-39",35,2018,9,71,2747074,77834820
"West","Male","35-39",35,2018,10,77,2747074,77834820
"West","Male","35-39",35,2018,11,73,2747074,77834820
"West","Male","35-39",35,2018,12,86,2747074,77834820
"West","Male","35-39",35,2019,1,89,2792787,78347268
"West","Male","35-39",35,2019,2,71,2792787,78347268
"West","Male","35-39",35,2019,3,104,2792787,78347268
"West","Male","35-39",35,2019,4,82,2792787,78347268
"West","Male","35-39",35,2019,5,105,2792787,78347268
"West","Male","35-39",35,2019,6,119,2792787,78347268
"West","Male","35-39",35,2019,7,113,2792787,78347268
"West","Male","35-39",35,2019,8,104,2792787,78347268
"West","Male","35-39",35,2019,9,80,2792787,78347268
"West","Male","35-39",35,2019,10,77,2792787,78347268
"West","Male","35-39",35,2019,11,95,2792787,78347268
"West","Male","35-39",35,2019,12,106,2792787,78347268
"West","Male","40-44",40,2011,1,65,2492453,72788329
"West","Male","40-44",40,2011,2,53,2492453,72788329
"West","Male","40-44",40,2011,3,73,2492453,72788329
"West","Male","40-44",40,2011,4,51,2492453,72788329
"West","Male","40-44",40,2011,5,74,2492453,72788329
"West","Male","40-44",40,2011,6,53,2492453,72788329
"West","Male","40-44",40,2011,7,57,2492453,72788329
"West","Male","40-44",40,2011,8,62,2492453,72788329
"West","Male","40-44",40,2011,9,55,2492453,72788329
"West","Male","40-44",40,2011,10,50,2492453,72788329
"West","Male","40-44",40,2011,11,68,2492453,72788329
"West","Male","40-44",40,2011,12,42,2492453,72788329
"West","Male","40-44",40,2012,1,64,2502413,73477823
"West","Male","40-44",40,2012,2,58,2502413,73477823
"West","Male","40-44",40,2012,3,57,2502413,73477823
"West","Male","40-44",40,2012,4,69,2502413,73477823
"West","Male","40-44",40,2012,5,73,2502413,73477823
"West","Male","40-44",40,2012,6,63,2502413,73477823
"West","Male","40-44",40,2012,7,64,2502413,73477823
"West","Male","40-44",40,2012,8,66,2502413,73477823
"West","Male","40-44",40,2012,9,68,2502413,73477823
"West","Male","40-44",40,2012,10,44,2502413,73477823
"West","Male","40-44",40,2012,11,42,2502413,73477823
"West","Male","40-44",40,2012,12,51,2502413,73477823
"West","Male","40-44",40,2013,1,58,2488715,74167130
"West","Male","40-44",40,2013,2,53,2488715,74167130
"West","Male","40-44",40,2013,3,61,2488715,74167130
"West","Male","40-44",40,2013,4,59,2488715,74167130
"West","Male","40-44",40,2013,5,57,2488715,74167130
"West","Male","40-44",40,2013,6,60,2488715,74167130
"West","Male","40-44",40,2013,7,70,2488715,74167130
"West","Male","40-44",40,2013,8,65,2488715,74167130
"West","Male","40-44",40,2013,9,55,2488715,74167130
"West","Male","40-44",40,2013,10,58,2488715,74167130
"West","Male","40-44",40,2013,11,59,2488715,74167130
"West","Male","40-44",40,2013,12,52,2488715,74167130
"West","Male","40-44",40,2014,1,47,2463869,74925793
"West","Male","40-44",40,2014,2,53,2463869,74925793
"West","Male","40-44",40,2014,3,49,2463869,74925793
"West","Male","40-44",40,2014,4,56,2463869,74925793
"West","Male","40-44",40,2014,5,64,2463869,74925793
"West","Male","40-44",40,2014,6,69,2463869,74925793
"West","Male","40-44",40,2014,7,57,2463869,74925793
"West","Male","40-44",40,2014,8,58,2463869,74925793
"West","Male","40-44",40,2014,9,55,2463869,74925793
"West","Male","40-44",40,2014,10,57,2463869,74925793
"West","Male","40-44",40,2014,11,67,2463869,74925793
"West","Male","40-44",40,2014,12,48,2463869,74925793
"West","Male","40-44",40,2015,1,55,2432724,75742555
"West","Male","40-44",40,2015,2,62,2432724,75742555
"West","Male","40-44",40,2015,3,65,2432724,75742555
"West","Male","40-44",40,2015,4,58,2432724,75742555
"West","Male","40-44",40,2015,5,60,2432724,75742555
"West","Male","40-44",40,2015,6,62,2432724,75742555
"West","Male","40-44",40,2015,7,68,2432724,75742555
"West","Male","40-44",40,2015,8,63,2432724,75742555
"West","Male","40-44",40,2015,9,55,2432724,75742555
"West","Male","40-44",40,2015,10,62,2432724,75742555
"West","Male","40-44",40,2015,11,48,2432724,75742555
"West","Male","40-44",40,2015,12,65,2432724,75742555
"West","Male","40-44",40,2016,1,77,2405016,76559681
"West","Male","40-44",40,2016,2,55,2405016,76559681
"West","Male","40-44",40,2016,3,67,2405016,76559681
"West","Male","40-44",40,2016,4,53,2405016,76559681
"West","Male","40-44",40,2016,5,58,2405016,76559681
"West","Male","40-44",40,2016,6,62,2405016,76559681
"West","Male","40-44",40,2016,7,68,2405016,76559681
"West","Male","40-44",40,2016,8,65,2405016,76559681
"West","Male","40-44",40,2016,9,52,2405016,76559681
"West","Male","40-44",40,2016,10,58,2405016,76559681
"West","Male","40-44",40,2016,11,49,2405016,76559681
"West","Male","40-44",40,2016,12,51,2405016,76559681
"West","Male","40-44",40,2017,1,72,2414368,77257329
"West","Male","40-44",40,2017,2,51,2414368,77257329
"West","Male","40-44",40,2017,3,63,2414368,77257329
"West","Male","40-44",40,2017,4,62,2414368,77257329
"West","Male","40-44",40,2017,5,72,2414368,77257329
"West","Male","40-44",40,2017,6,47,2414368,77257329
"West","Male","40-44",40,2017,7,68,2414368,77257329
"West","Male","40-44",40,2017,8,65,2414368,77257329
"West","Male","40-44",40,2017,9,56,2414368,77257329
"West","Male","40-44",40,2017,10,67,2414368,77257329
"West","Male","40-44",40,2017,11,64,2414368,77257329
"West","Male","40-44",40,2017,12,64,2414368,77257329
"West","Male","40-44",40,2018,1,63,2441697,77834820
"West","Male","40-44",40,2018,2,44,2441697,77834820
"West","Male","40-44",40,2018,3,71,2441697,77834820
"West","Male","40-44",40,2018,4,55,2441697,77834820
"West","Male","40-44",40,2018,5,79,2441697,77834820
"West","Male","40-44",40,2018,6,68,2441697,77834820
"West","Male","40-44",40,2018,7,80,2441697,77834820
"West","Male","40-44",40,2018,8,97,2441697,77834820
"West","Male","40-44",40,2018,9,77,2441697,77834820
"West","Male","40-44",40,2018,10,62,2441697,77834820
"West","Male","40-44",40,2018,11,68,2441697,77834820
"West","Male","40-44",40,2018,12,88,2441697,77834820
"West","Male","40-44",40,2019,1,61,2478216,78347268
"West","Male","40-44",40,2019,2,80,2478216,78347268
"West","Male","40-44",40,2019,3,104,2478216,78347268
"West","Male","40-44",40,2019,4,66,2478216,78347268
"West","Male","40-44",40,2019,5,84,2478216,78347268
"West","Male","40-44",40,2019,6,77,2478216,78347268
"West","Male","40-44",40,2019,7,88,2478216,78347268
"West","Male","40-44",40,2019,8,98,2478216,78347268
"West","Male","40-44",40,2019,9,94,2478216,78347268
"West","Male","40-44",40,2019,10,81,2478216,78347268
"West","Male","40-44",40,2019,11,89,2478216,78347268
"West","Male","40-44",40,2019,12,88,2478216,78347268
"West","Male","45-49",45,2011,1,87,2495968,72788329
"West","Male","45-49",45,2011,2,71,2495968,72788329
"West","Male","45-49",45,2011,3,94,2495968,72788329
"West","Male","45-49",45,2011,4,67,2495968,72788329
"West","Male","45-49",45,2011,5,72,2495968,72788329
"West","Male","45-49",45,2011,6,69,2495968,72788329
"West","Male","45-49",45,2011,7,78,2495968,72788329
"West","Male","45-49",45,2011,8,68,2495968,72788329
"West","Male","45-49",45,2011,9,72,2495968,72788329
"West","Male","45-49",45,2011,10,57,2495968,72788329
"West","Male","45-49",45,2011,11,68,2495968,72788329
"West","Male","45-49",45,2011,12,62,2495968,72788329
"West","Male","45-49",45,2012,1,73,2453508,73477823
"West","Male","45-49",45,2012,2,72,2453508,73477823
"West","Male","45-49",45,2012,3,86,2453508,73477823
"West","Male","45-49",45,2012,4,56,2453508,73477823
"West","Male","45-49",45,2012,5,73,2453508,73477823
"West","Male","45-49",45,2012,6,76,2453508,73477823
"West","Male","45-49",45,2012,7,61,2453508,73477823
"West","Male","45-49",45,2012,8,67,2453508,73477823
"West","Male","45-49",45,2012,9,68,2453508,73477823
"West","Male","45-49",45,2012,10,72,2453508,73477823
"West","Male","45-49",45,2012,11,73,2453508,73477823
"West","Male","45-49",45,2012,12,81,2453508,73477823
"West","Male","45-49",45,2013,1,94,2419882,74167130
"West","Male","45-49",45,2013,2,60,2419882,74167130
"West","Male","45-49",45,2013,3,74,2419882,74167130
"West","Male","45-49",45,2013,4,72,2419882,74167130
"West","Male","45-49",45,2013,5,68,2419882,74167130
"West","Male","45-49",45,2013,6,79,2419882,74167130
"West","Male","45-49",45,2013,7,77,2419882,74167130
"West","Male","45-49",45,2013,8,86,2419882,74167130
"West","Male","45-49",45,2013,9,64,2419882,74167130
"West","Male","45-49",45,2013,10,59,2419882,74167130
"West","Male","45-49",45,2013,11,83,2419882,74167130
"West","Male","45-49",45,2013,12,75,2419882,74167130
"West","Male","45-49",45,2014,1,57,2405492,74925793
"West","Male","45-49",45,2014,2,70,2405492,74925793
"West","Male","45-49",45,2014,3,78,2405492,74925793
"West","Male","45-49",45,2014,4,76,2405492,74925793
"West","Male","45-49",45,2014,5,54,2405492,74925793
"West","Male","45-49",45,2014,6,73,2405492,74925793
"West","Male","45-49",45,2014,7,77,2405492,74925793
"West","Male","45-49",45,2014,8,77,2405492,74925793
"West","Male","45-49",45,2014,9,66,2405492,74925793
"West","Male","45-49",45,2014,10,72,2405492,74925793
"West","Male","45-49",45,2014,11,57,2405492,74925793
"West","Male","45-49",45,2014,12,67,2405492,74925793
"West","Male","45-49",45,2015,1,68,2428576,75742555
"West","Male","45-49",45,2015,2,58,2428576,75742555
"West","Male","45-49",45,2015,3,70,2428576,75742555
"West","Male","45-49",45,2015,4,73,2428576,75742555
"West","Male","45-49",45,2015,5,75,2428576,75742555
"West","Male","45-49",45,2015,6,64,2428576,75742555
"West","Male","45-49",45,2015,7,83,2428576,75742555
"West","Male","45-49",45,2015,8,72,2428576,75742555
"West","Male","45-49",45,2015,9,72,2428576,75742555
"West","Male","45-49",45,2015,10,74,2428576,75742555
"West","Male","45-49",45,2015,11,61,2428576,75742555
"West","Male","45-49",45,2015,12,77,2428576,75742555
"West","Male","45-49",45,2016,1,69,2462991,76559681
"West","Male","45-49",45,2016,2,59,2462991,76559681
"West","Male","45-49",45,2016,3,80,2462991,76559681
"West","Male","45-49",45,2016,4,75,2462991,76559681
"West","Male","45-49",45,2016,5,61,2462991,76559681
"West","Male","45-49",45,2016,6,69,2462991,76559681
"West","Male","45-49",45,2016,7,82,2462991,76559681
"West","Male","45-49",45,2016,8,87,2462991,76559681
"West","Male","45-49",45,2016,9,55,2462991,76559681
"West","Male","45-49",45,2016,10,66,2462991,76559681
"West","Male","45-49",45,2016,11,68,2462991,76559681
"West","Male","45-49",45,2016,12,71,2462991,76559681
"West","Male","45-49",45,2017,1,79,2475604,77257329
"West","Male","45-49",45,2017,2,63,2475604,77257329
"West","Male","45-49",45,2017,3,81,2475604,77257329
"West","Male","45-49",45,2017,4,77,2475604,77257329
"West","Male","45-49",45,2017,5,85,2475604,77257329
"West","Male","45-49",45,2017,6,82,2475604,77257329
"West","Male","45-49",45,2017,7,87,2475604,77257329
"West","Male","45-49",45,2017,8,82,2475604,77257329
"West","Male","45-49",45,2017,9,89,2475604,77257329
"West","Male","45-49",45,2017,10,71,2475604,77257329
"West","Male","45-49",45,2017,11,76,2475604,77257329
"West","Male","45-49",45,2017,12,63,2475604,77257329
"West","Male","45-49",45,2018,1,83,2462344,77834820
"West","Male","45-49",45,2018,2,70,2462344,77834820
"West","Male","45-49",45,2018,3,72,2462344,77834820
"West","Male","45-49",45,2018,4,67,2462344,77834820
"West","Male","45-49",45,2018,5,77,2462344,77834820
"West","Male","45-49",45,2018,6,78,2462344,77834820
"West","Male","45-49",45,2018,7,112,2462344,77834820
"West","Male","45-49",45,2018,8,94,2462344,77834820
"West","Male","45-49",45,2018,9,66,2462344,77834820
"West","Male","45-49",45,2018,10,79,2462344,77834820
"West","Male","45-49",45,2018,11,83,2462344,77834820
"West","Male","45-49",45,2018,12,62,2462344,77834820
"West","Male","45-49",45,2019,1,82,2434969,78347268
"West","Male","45-49",45,2019,2,65,2434969,78347268
"West","Male","45-49",45,2019,3,82,2434969,78347268
"West","Male","45-49",45,2019,4,64,2434969,78347268
"West","Male","45-49",45,2019,5,74,2434969,78347268
"West","Male","45-49",45,2019,6,91,2434969,78347268
"West","Male","45-49",45,2019,7,77,2434969,78347268
"West","Male","45-49",45,2019,8,81,2434969,78347268
"West","Male","45-49",45,2019,9,94,2434969,78347268
"West","Male","45-49",45,2019,10,100,2434969,78347268
"West","Male","45-49",45,2019,11,78,2434969,78347268
"West","Male","45-49",45,2019,12,89,2434969,78347268
"West","Male","50-54",50,2011,1,90,2494385,72788329
"West","Male","50-54",50,2011,2,73,2494385,72788329
"West","Male","50-54",50,2011,3,87,2494385,72788329
"West","Male","50-54",50,2011,4,87,2494385,72788329
"West","Male","50-54",50,2011,5,83,2494385,72788329
"West","Male","50-54",50,2011,6,79,2494385,72788329
"West","Male","50-54",50,2011,7,75,2494385,72788329
"West","Male","50-54",50,2011,8,81,2494385,72788329
"West","Male","50-54",50,2011,9,69,2494385,72788329
"West","Male","50-54",50,2011,10,76,2494385,72788329
"West","Male","50-54",50,2011,11,74,2494385,72788329
"West","Male","50-54",50,2011,12,88,2494385,72788329
"West","Male","50-54",50,2012,1,75,2500446,73477823
"West","Male","50-54",50,2012,2,65,2500446,73477823
"West","Male","50-54",50,2012,3,87,2500446,73477823
"West","Male","50-54",50,2012,4,85,2500446,73477823
"West","Male","50-54",50,2012,5,64,2500446,73477823
"West","Male","50-54",50,2012,6,84,2500446,73477823
"West","Male","50-54",50,2012,7,95,2500446,73477823
"West","Male","50-54",50,2012,8,77,2500446,73477823
"West","Male","50-54",50,2012,9,74,2500446,73477823
"West","Male","50-54",50,2012,10,63,2500446,73477823
"West","Male","50-54",50,2012,11,102,2500446,73477823
"West","Male","50-54",50,2012,12,78,2500446,73477823
"West","Male","50-54",50,2013,1,92,2503630,74167130
"West","Male","50-54",50,2013,2,86,2503630,74167130
"West","Male","50-54",50,2013,3,96,2503630,74167130
"West","Male","50-54",50,2013,4,83,2503630,74167130
"West","Male","50-54",50,2013,5,77,2503630,74167130
"West","Male","50-54",50,2013,6,75,2503630,74167130
"West","Male","50-54",50,2013,7,85,2503630,74167130
"West","Male","50-54",50,2013,8,83,2503630,74167130
"West","Male","50-54",50,2013,9,89,2503630,74167130
"West","Male","50-54",50,2013,10,68,2503630,74167130
"West","Male","50-54",50,2013,11,74,2503630,74167130
"West","Male","50-54",50,2013,12,81,2503630,74167130
"West","Male","50-54",50,2014,1,87,2504514,74925793
"West","Male","50-54",50,2014,2,84,2504514,74925793
"West","Male","50-54",50,2014,3,89,2504514,74925793
"West","Male","50-54",50,2014,4,89,2504514,74925793
"West","Male","50-54",50,2014,5,96,2504514,74925793
"West","Male","50-54",50,2014,6,81,2504514,74925793
"West","Male","50-54",50,2014,7,110,2504514,74925793
"West","Male","50-54",50,2014,8,94,2504514,74925793
"West","Male","50-54",50,2014,9,64,2504514,74925793
"West","Male","50-54",50,2014,10,71,2504514,74925793
"West","Male","50-54",50,2014,11,86,2504514,74925793
"West","Male","50-54",50,2014,12,76,2504514,74925793
"West","Male","50-54",50,2015,1,64,2479321,75742555
"West","Male","50-54",50,2015,2,69,2479321,75742555
"West","Male","50-54",50,2015,3,82,2479321,75742555
"West","Male","50-54",50,2015,4,88,2479321,75742555
"West","Male","50-54",50,2015,5,71,2479321,75742555
"West","Male","50-54",50,2015,6,99,2479321,75742555
"West","Male","50-54",50,2015,7,83,2479321,75742555
"West","Male","50-54",50,2015,8,104,2479321,75742555
"West","Male","50-54",50,2015,9,95,2479321,75742555
"West","Male","50-54",50,2015,10,71,2479321,75742555
"West","Male","50-54",50,2015,11,63,2479321,75742555
"West","Male","50-54",50,2015,12,65,2479321,75742555
"West","Male","50-54",50,2016,1,80,2439454,76559681
"West","Male","50-54",50,2016,2,80,2439454,76559681
"West","Male","50-54",50,2016,3,82,2439454,76559681
"West","Male","50-54",50,2016,4,75,2439454,76559681
"West","Male","50-54",50,2016,5,81,2439454,76559681
"West","Male","50-54",50,2016,6,92,2439454,76559681
"West","Male","50-54",50,2016,7,88,2439454,76559681
"West","Male","50-54",50,2016,8,81,2439454,76559681
"West","Male","50-54",50,2016,9,62,2439454,76559681
"West","Male","50-54",50,2016,10,57,2439454,76559681
"West","Male","50-54",50,2016,11,63,2439454,76559681
"West","Male","50-54",50,2016,12,81,2439454,76559681
"West","Male","50-54",50,2017,1,70,2399394,77257329
"West","Male","50-54",50,2017,2,69,2399394,77257329
"West","Male","50-54",50,2017,3,73,2399394,77257329
"West","Male","50-54",50,2017,4,65,2399394,77257329
"West","Male","50-54",50,2017,5,89,2399394,77257329
"West","Male","50-54",50,2017,6,85,2399394,77257329
"West","Male","50-54",50,2017,7,96,2399394,77257329
"West","Male","50-54",50,2017,8,98,2399394,77257329
"West","Male","50-54",50,2017,9,83,2399394,77257329
"West","Male","50-54",50,2017,10,85,2399394,77257329
"West","Male","50-54",50,2017,11,74,2399394,77257329
"West","Male","50-54",50,2017,12,77,2399394,77257329
"West","Male","50-54",50,2018,1,94,2366992,77834820
"West","Male","50-54",50,2018,2,85,2366992,77834820
"West","Male","50-54",50,2018,3,85,2366992,77834820
"West","Male","50-54",50,2018,4,96,2366992,77834820
"West","Male","50-54",50,2018,5,77,2366992,77834820
"West","Male","50-54",50,2018,6,83,2366992,77834820
"West","Male","50-54",50,2018,7,122,2366992,77834820
"West","Male","50-54",50,2018,8,97,2366992,77834820
"West","Male","50-54",50,2018,9,79,2366992,77834820
"West","Male","50-54",50,2018,10,76,2366992,77834820
"West","Male","50-54",50,2018,11,68,2366992,77834820
"West","Male","50-54",50,2018,12,91,2366992,77834820
"West","Male","50-54",50,2019,1,105,2351123,78347268
"West","Male","50-54",50,2019,2,83,2351123,78347268
"West","Male","50-54",50,2019,3,74,2351123,78347268
"West","Male","50-54",50,2019,4,98,2351123,78347268
"West","Male","50-54",50,2019,5,75,2351123,78347268
"West","Male","50-54",50,2019,6,76,2351123,78347268
"West","Male","50-54",50,2019,7,106,2351123,78347268
"West","Male","50-54",50,2019,8,113,2351123,78347268
"West","Male","50-54",50,2019,9,89,2351123,78347268
"West","Male","50-54",50,2019,10,93,2351123,78347268
"West","Male","50-54",50,2019,11,88,2351123,78347268
"West","Male","50-54",50,2019,12,100,2351123,78347268
"Northeast","Female","15-19",15,2006,1,0,1918439,54710026
"Northeast","Female","15-19",15,2006,10,0,1918439,54710026
"Northeast","Female","15-19",15,2007,9,0,1930373,54879379
"Northeast","Female","15-19",15,2007,11,0,1930373,54879379
"West","Female","15-19",15,2008,8,0,2546948,70698031
"Northeast","Female","15-19",15,2008,12,0,1930948,55060196
"Midwest","Female","15-19",15,2009,1,0,2367965,66836911
"Midwest","Female","15-19",15,2009,5,0,2367965,66836911
"Northeast","Female","15-19",15,2010,10,0,1897636,55380134
"Northeast","Female","15-19",15,2011,1,0,1878556,55604223
"Northeast","Female","15-19",15,2011,9,0,1878556,55604223
"Northeast","Female","15-19",15,2012,4,0,1852628,55775216
"Midwest","Female","15-19",15,2012,7,0,2262237,67336743
"Northeast","Female","15-19",15,2014,1,0,1797335,56006011
"Midwest","Female","15-19",15,2014,5,0,2218755,67745167
"West","Female","15-19",15,2016,1,0,2434517,76559681
