"Region","Sex","Age","Age.Group.Code","Year","Deaths","n_months","Population","Rate","socio_score","rate_health_care_coverage_ccf","rate_alochol_consum_ccf","Total_Population"
"Midwest","Female",15,"15-19",2005,43,12,2361751,1.82068304406349e-05,111.947659627236,0.0873603396464183,0.0564407079008015,65806421
"Midwest","Female",15,"15-19",2006,46,12,2375295,1.93660155896426e-05,111.947659627236,-0.130272990102444,-0.216239294024554,66082058
"Midwest","Female",15,"15-19",2007,55,12,2386817,2.30432412706965e-05,111.947659627236,0.415423908655235,0.710661473697707,66359247
"Midwest","Female",15,"15-19",2008,57,12,2384252,2.3906868904797e-05,111.947659627236,-0.30187311025587,-0.658884370426434,66595597
"Midwest","Female",15,"15-19",2009,34,12,2367965,1.43583203299035e-05,111.947659627236,0.0422415913203614,-0.509691780053652,66836911
"Midwest","Female",15,"15-19",2010,48,12,2335541,2.05519834590786e-05,111.905955553725,-0.205438974833411,0.367337805312829,66974416
"Midwest","Female",15,"15-19",2011,59,12,2301829,2.56317910670167e-05,111.905955553725,-2.31958889085819,2.29445295600468,67157800
"Midwest","Female",15,"15-19",2012,44,12,2262237,1.94497747141436e-05,111.905955553725,2.42700310203343,-3.73881543906438,67336743
"Midwest","Female",15,"15-19",2013,54,12,2237741,2.41314790228181e-05,111.905955553725,-1.4293339758859,2.55451914183357,67560379
"Midwest","Female",15,"15-19",2014,49,12,2218755,2.20844572744625e-05,111.905955553725,4.44359255765888,-2.6129747268795,67745167
"Midwest","Female",15,"15-19",2015,81,12,2212175,3.66155480466057e-05,112.426161774532,-2.14889932832871,3.09161902370318,67860583
"Midwest","Female",15,"15-19",2016,72,12,2207632,3.26141313407307e-05,112.426161774532,2.39114545508493,-1.38701992834499,67987540
"Midwest","Female",15,"15-19",2017,74,12,2195932,3.36986755509733e-05,112.426161774532,-2.62665092090754,1.09436566451414,68126781
"Midwest","Female",15,"15-19",2018,80,12,2184374,3.66237649779754e-05,112.426161774532,2.0200441433779,-2.43896792378849,68236628
"Midwest","Female",15,"15-19",2019,78,12,2177369,3.58230506634383e-05,112.426161774532,-2.63814895093533,2.19676238780636,68329004
"Midwest","Female",20,"20-24",2005,117,12,2294184,5.09985249657395e-05,111.947659627236,0.0873603396464183,0.0564407079008015,65806421
"Midwest","Female",20,"20-24",2006,157,12,2281862,6.88034596307752e-05,111.947659627236,-0.130272990102444,-0.216239294024554,66082058
"Midwest","Female",20,"20-24",2007,119,12,2256818,5.27291079741477e-05,111.947659627236,0.415423908655235,0.710661473697707,66359247
"Midwest","Female",20,"20-24",2008,157,12,2246482,6.98870500631654e-05,111.947659627236,-0.30187311025587,-0.658884370426434,66595597
"Midwest","Female",20,"20-24",2009,141,12,2248494,6.2708639649472e-05,111.947659627236,0.0422415913203614,-0.509691780053652,66836911
"Midwest","Female",20,"20-24",2010,182,12,2262176,8.04535102485395e-05,111.905955553725,-0.205438974833411,0.367337805312829,66974416
"Midwest","Female",20,"20-24",2011,171,12,2296521,7.4460455619609e-05,111.905955553725,-2.31958889085819,2.29445295600468,67157800
"Midwest","Female",20,"20-24",2012,184,12,2342008,7.85650604096997e-05,111.905955553725,2.42700310203343,-3.73881543906438,67336743
"Midwest","Female",20,"20-24",2013,215,12,2372045,9.0639089899222e-05,111.905955553725,-1.4293339758859,2.55451914183357,67560379
"Midwest","Female",20,"20-24",2014,235,12,2382478,9.86367974856431e-05,111.905955553725,4.44359255765888,-2.6129747268795,67745167
"Midwest","Female",20,"20-24",2015,269,12,2364544,0.000113764006929032,112.426161774532,-2.14889932832871,3.09161902370318,67860583
"Midwest","Female",20,"20-24",2016,326,12,2328985,0.000139975139384753,112.426161774532,2.39114545508493,-1.38701992834499,67987540
"Midwest","Female",20,"20-24",2017,372,12,2291998,0.000162303806547824,112.426161774532,-2.62665092090754,1.09436566451414,68126781
"Midwest","Female",20,"20-24",2018,323,12,2265784,0.000142555512793806,112.426161774532,2.0200441433779,-2.43896792378849,68236628
"Midwest","Female",20,"20-24",2019,317,12,2243813,0.000141277370262139,112.426161774532,-2.63814895093533,2.19676238780636,68329004
"Midwest","Female",25,"25-29",2005,164,12,2055685,7.97787598780942e-05,111.947659627236,0.0873603396464183,0.0564407079008015,65806421
"Midwest","Female",25,"25-29",2006,183,12,2111494,8.66684915988395e-05,111.947659627236,-0.130272990102444,-0.216239294024554,66082058
"Midwest","Female",25,"25-29",2007,190,12,2160008,8.79626371754179e-05,111.947659627236,0.415423908655235,0.710661473697707,66359247
"Midwest","Female",25,"25-29",2008,201,12,2189268,9.18115096004692e-05,111.947659627236,-0.30187311025587,-0.658884370426434,66595597
"Midwest","Female",25,"25-29",2009,230,12,2198322,0.000104625255080921,111.947659627236,0.0422415913203614,-0.509691780053652,66836911
"Midwest","Female",25,"25-29",2010,262,12,2192180,0.000119515733197091,111.905955553725,-0.205438974833411,0.367337805312829,66974416
"Midwest","Female",25,"25-29",2011,262,12,2183966,0.000119965237554064,111.905955553725,-2.31958889085819,2.29445295600468,67157800
"Midwest","Female",25,"25-29",2012,303,12,2166093,0.000139883190610929,111.905955553725,2.42700310203343,-3.73881543906438,67336743
"Midwest","Female",25,"25-29",2013,309,12,2160297,0.000143035888120939,111.905955553725,-1.4293339758859,2.55451914183357,67560379
"Midwest","Female",25,"25-29",2014,378,12,2172148,0.000174021291366887,111.905955553725,4.44359255765888,-2.6129747268795,67745167
"Midwest","Female",25,"25-29",2015,416,12,2190290,0.000189929187459195,112.426161774532,-2.14889932832871,3.09161902370318,67860583
"Midwest","Female",25,"25-29",2016,538,12,2224348,0.000241868628470006,112.426161774532,2.39114545508493,-1.38701992834499,67987540
"Midwest","Female",25,"25-29",2017,611,12,2269025,0.000269278654928879,112.426161774532,-2.62665092090754,1.09436566451414,68126781
"Midwest","Female",25,"25-29",2018,623,12,2290479,0.000271995508363098,112.426161774532,2.0200441433779,-2.43896792378849,68236628
"Midwest","Female",25,"25-29",2019,565,12,2294871,0.00024620120259483,112.426161774532,-2.63814895093533,2.19676238780636,68329004
"Midwest","Female",30,"30-34",2005,235,12,2103604,0.00011171304104765,111.947659627236,0.0873603396464183,0.0564407079008015,65806421
"Midwest","Female",30,"30-34",2006,212,12,2038897,0.000103977787990271,111.947659627236,-0.130272990102444,-0.216239294024554,66082058
"Midwest","Female",30,"30-34",2007,203,12,2015028,0.000100743016970484,111.947659627236,0.415423908655235,0.710661473697707,66359247
"Midwest","Female",30,"30-34",2008,238,12,2018043,0.000117936040015005,111.947659627236,-0.30187311025587,-0.658884370426434,66595597
"Midwest","Female",30,"30-34",2009,264,12,2047045,0.000128966388135092,111.947659627236,0.0422415913203614,-0.509691780053652,66836911
"Midwest","Female",30,"30-34",2010,327,12,2086614,0.000156713220557324,111.905955553725,-0.205438974833411,0.367337805312829,66974416
"Midwest","Female",30,"30-34",2011,409,12,2131359,0.000191896344069676,111.905955553725,-2.31958889085819,2.29445295600468,67157800
"Midwest","Female",30,"30-34",2012,382,12,2163653,0.000176553264317337,111.905955553725,2.42700310203343,-3.73881543906438,67336743
"Midwest","Female",30,"30-34",2013,414,12,2193522,0.000188737564519526,111.905955553725,-1.4293339758859,2.55451914183357,67560379
"Midwest","Female",30,"30-34",2014,429,12,2200776,0.000194931242434487,111.905955553725,4.44359255765888,-2.6129747268795,67745167
"Midwest","Female",30,"30-34",2015,505,12,2192893,0.000230289393964959,112.426161774532,-2.14889932832871,3.09161902370318,67860583
"Midwest","Female",30,"30-34",2016,619,12,2186989,0.000283037546142207,112.426161774532,2.39114545508493,-1.38701992834499,67987540
"Midwest","Female",30,"30-34",2017,786,12,2173690,0.000361597099862446,112.426161774532,-2.62665092090754,1.09436566451414,68126781
"Midwest","Female",30,"30-34",2018,642,12,2167073,0.000296252133638322,112.426161774532,2.0200441433779,-2.43896792378849,68236628
"Midwest","Female",30,"30-34",2019,671,12,2177862,0.000308100329589294,112.426161774532,-2.63814895093533,2.19676238780636,68329004
"Midwest","Female",35,"35-39",2005,295,12,2223338,0.000132683379675065,111.947659627236,0.0873603396464183,0.0564407079008015,65806421
"Midwest","Female",35,"35-39",2006,351,12,2227299,0.00015758997781618,111.947659627236,-0.130272990102444,-0.216239294024554,66082058
"Midwest","Female",35,"35-39",2007,301,12,2213670,0.000135973293218953,111.947659627236,0.415423908655235,0.710661473697707,66359247
"Midwest","Female",35,"35-39",2008,322,12,2182658,0.000147526547906268,111.947659627236,-0.30187311025587,-0.658884370426434,66595597
"Midwest","Female",35,"35-39",2009,322,12,2135202,0.000150805403891529,111.947659627236,0.0422415913203614,-0.509691780053652,66836911
"Midwest","Female",35,"35-39",2010,360,12,2080273,0.000173054209711898,111.905955553725,-0.205438974833411,0.367337805312829,66974416
"Midwest","Female",35,"35-39",2011,376,12,2017446,0.000186374257353109,111.905955553725,-2.31958889085819,2.29445295600468,67157800
"Midwest","Female",35,"35-39",2012,374,12,1995910,0.000187383198641221,111.905955553725,2.42700310203343,-3.73881543906438,67336743
"Midwest","Female",35,"35-39",2013,395,12,2006463,0.000196863834518753,111.905955553725,-1.4293339758859,2.55451914183357,67560379
"Midwest","Female",35,"35-39",2014,466,12,2032955,0.000229222978373845,111.905955553725,4.44359255765888,-2.6129747268795,67745167
"Midwest","Female",35,"35-39",2015,510,12,2072500,0.000246079613992762,112.426161774532,-2.14889932832871,3.09161902370318,67860583
"Midwest","Female",35,"35-39",2016,634,12,2116777,0.000299511946700101,112.426161774532,2.39114545508493,-1.38701992834499,67987540
"Midwest","Female",35,"35-39",2017,734,12,2151419,0.000341170176520706,112.426161774532,-2.62665092090754,1.09436566451414,68126781
"Midwest","Female",35,"35-39",2018,752,12,2179157,0.000345087572855008,112.426161774532,2.0200441433779,-2.43896792378849,68236628
"Midwest","Female",35,"35-39",2019,722,12,2187601,0.000330041904350931,112.426161774532,-2.63814895093533,2.19676238780636,68329004
"Midwest","Female",40,"40-44",2005,431,12,2522073,0.000170891167702124,111.947659627236,0.0873603396464183,0.0564407079008015,65806421
"Midwest","Female",40,"40-44",2006,468,12,2443519,0.000191527055856738,111.947659627236,-0.130272990102444,-0.216239294024554,66082058
"Midwest","Female",40,"40-44",2007,482,12,2367087,0.000203625806740521,111.947659627236,0.415423908655235,0.710661473697707,66359247
"Midwest","Female",40,"40-44",2008,478,12,2288418,0.000208877923526209,111.947659627236,-0.30187311025587,-0.658884370426434,66595597
"Midwest","Female",40,"40-44",2009,423,12,2225102,0.00019010364468685,111.947659627236,0.0422415913203614,-0.509691780053652,66836911
"Midwest","Female",40,"40-44",2010,426,12,2197075,0.000193894154728446,111.905955553725,-0.205438974833411,0.367337805312829,66974416
"Midwest","Female",40,"40-44",2011,468,12,2199331,0.000212791980834172,111.905955553725,-2.31958889085819,2.29445295600468,67157800
"Midwest","Female",40,"40-44",2012,441,12,2181844,0.000202122608215803,111.905955553725,2.42700310203343,-3.73881543906438,67336743
"Midwest","Female",40,"40-44",2013,475,12,2152565,0.000220666971729077,111.905955553725,-1.4293339758859,2.55451914183357,67560379
"Midwest","Female",40,"40-44",2014,536,12,2108206,0.000254244604180047,111.905955553725,4.44359255765888,-2.6129747268795,67745167
"Midwest","Female",40,"40-44",2015,566,12,2052423,0.000275771612382048,112.426161774532,-2.14889932832871,3.09161902370318,67860583
"Midwest","Female",40,"40-44",2016,548,12,1988371,0.000275602490682071,112.426161774532,2.39114545508493,-1.38701992834499,67987540
"Midwest","Female",40,"40-44",2017,635,12,1969064,0.000322488248223521,112.426161774532,-2.62665092090754,1.09436566451414,68126781
"Midwest","Female",40,"40-44",2018,626,12,1978410,0.000316415707563144,112.426161774532,2.0200441433779,-2.43896792378849,68236628
"Midwest","Female",40,"40-44",2019,629,12,2005409,0.000313651728899192,112.426161774532,-2.63814895093533,2.19676238780636,68329004
"Midwest","Female",45,"45-49",2005,486,12,2569230,0.000189161733281956,111.947659627236,0.0873603396464183,0.0564407079008015,65806421
"Midwest","Female",45,"45-49",2006,515,12,2591216,0.000198748386857753,111.947659627236,-0.130272990102444,-0.216239294024554,66082058
"Midwest","Female",45,"45-49",2007,590,12,2581924,0.000228511760996838,111.947659627236,0.415423908655235,0.710661473697707,66359247
"Midwest","Female",45,"45-49",2008,592,12,2559631,0.000231283337324794,111.947659627236,-0.30187311025587,-0.658884370426434,66595597
"Midwest","Female",45,"45-49",2009,524,12,2537348,0.000206514833597914,111.947659627236,0.0422415913203614,-0.509691780053652,66836911
"Midwest","Female",45,"45-49",2010,614,12,2484884,0.000247094029338995,111.905955553725,-0.205438974833411,0.367337805312829,66974416
"Midwest","Female",45,"45-49",2011,560,12,2403255,0.000233017303615305,111.905955553725,-2.31958889085819,2.29445295600468,67157800
"Midwest","Female",45,"45-49",2012,585,12,2324796,0.000251634982166177,111.905955553725,2.42700310203343,-3.73881543906438,67336743
"Midwest","Female",45,"45-49",2013,577,12,2247854,0.000256689268964977,111.905955553725,-1.4293339758859,2.55451914183357,67560379
"Midwest","Female",45,"45-49",2014,576,12,2183692,0.000263773462557906,111.905955553725,4.44359255765888,-2.6129747268795,67745167
"Midwest","Female",45,"45-49",2015,611,12,2154902,0.000283539576277715,112.426161774532,-2.14889932832871,3.09161902370318,67860583
"Midwest","Female",45,"45-49",2016,673,12,2155522,0.000312221355198416,112.426161774532,2.39114545508493,-1.38701992834499,67987540
"Midwest","Female",45,"45-49",2017,745,12,2138867,0.000348315252888562,112.426161774532,-2.62665092090754,1.09436566451414,68126781
"Midwest","Female",45,"45-49",2018,617,12,2108838,0.000292578187608531,112.426161774532,2.0200441433779,-2.43896792378849,68236628
"Midwest","Female",45,"45-49",2019,608,12,2064891,0.000294446534950271,112.426161774532,-2.63814895093533,2.19676238780636,68329004
"Midwest","Female",50,"50-54",2005,315,12,2317829,0.000135903036850432,111.947659627236,0.0873603396464183,0.0564407079008015,65806421
"Midwest","Female",50,"50-54",2006,376,12,2368058,0.0001587798947492,111.947659627236,-0.130272990102444,-0.216239294024554,66082058
"Midwest","Female",50,"50-54",2007,498,12,2425099,0.000205352441281779,111.947659627236,0.415423908655235,0.710661473697707,66359247
"Midwest","Female",50,"50-54",2008,459,12,2477183,0.000185291114947907,111.947659627236,-0.30187311025587,-0.658884370426434,66595597
"Midwest","Female",50,"50-54",2009,513,12,2510501,0.000204341683193912,111.947659627236,0.0422415913203614,-0.509691780053652,66836911
"Midwest","Female",50,"50-54",2010,542,12,2537854,0.000213566265041251,111.905955553725,-0.205438974833411,0.367337805312829,66974416
"Midwest","Female",50,"50-54",2011,589,12,2553103,0.000230699662332464,111.905955553725,-2.31958889085819,2.29445295600468,67157800
"Midwest","Female",50,"50-54",2012,612,12,2536370,0.000241289717194258,111.905955553725,2.42700310203343,-3.73881543906438,67336743
"Midwest","Female",50,"50-54",2013,630,12,2510373,0.000250958722070386,111.905955553725,-1.4293339758859,2.55451914183357,67560379
"Midwest","Female",50,"50-54",2014,678,12,2479808,0.00027340826386559,111.905955553725,4.44359255765888,-2.6129747268795,67745167
"Midwest","Female",50,"50-54",2015,691,12,2422353,0.000285259827944152,112.426161774532,-2.14889932832871,3.09161902370318,67860583
"Midwest","Female",50,"50-54",2016,715,12,2339351,0.000305640325030318,112.426161774532,2.39114545508493,-1.38701992834499,67987540
"Midwest","Female",50,"50-54",2017,766,12,2262734,0.000338528523458789,112.426161774532,-2.62665092090754,1.09436566451414,68126781
"Midwest","Female",50,"50-54",2018,651,12,2185791,0.000297832683911682,112.426161774532,2.0200441433779,-2.43896792378849,68236628
"Midwest","Female",50,"50-54",2019,636,12,2124127,0.000299417125247219,112.426161774532,-2.63814895093533,2.19676238780636,68329004
"Midwest","Male",15,"15-19",2005,105,12,2493753,4.21052125050075e-05,111.947659627236,0.0873603396464183,0.0564407079008015,65806421
"Midwest","Male",15,"15-19",2006,141,12,2506899,5.62447868861091e-05,111.947659627236,-0.130272990102444,-0.216239294024554,66082058
"Midwest","Male",15,"15-19",2007,164,12,2516259,6.51761205821817e-05,111.947659627236,0.415423908655235,0.710661473697707,66359247
"Midwest","Male",15,"15-19",2008,143,12,2513306,5.68971704997322e-05,111.947659627236,-0.30187311025587,-0.658884370426434,66595597
"Midwest","Male",15,"15-19",2009,123,12,2493250,4.93331996390254e-05,111.947659627236,0.0422415913203614,-0.509691780053652,66836911
"Midwest","Male",15,"15-19",2010,146,12,2460517,5.93371230517814e-05,111.905955553725,-0.205438974833411,0.367337805312829,66974416
"Midwest","Male",15,"15-19",2011,138,12,2428279,5.68303724572012e-05,111.905955553725,-2.31958889085819,2.29445295600468,67157800
"Midwest","Male",15,"15-19",2012,130,12,2384132,5.45271822197764e-05,111.905955553725,2.42700310203343,-3.73881543906438,67336743
"Midwest","Male",15,"15-19",2013,117,12,2352965,4.97244965394725e-05,111.905955553725,-1.4293339758859,2.55451914183357,67560379
"Midwest","Male",15,"15-19",2014,122,12,2329474,5.23723381329862e-05,111.905955553725,4.44359255765888,-2.6129747268795,67745167
"Midwest","Male",15,"15-19",2015,135,12,2320809,5.81693711115391e-05,112.426161774532,-2.14889932832871,3.09161902370318,67860583
"Midwest","Male",15,"15-19",2016,137,12,2313478,5.9218198746649e-05,112.426161774532,2.39114545508493,-1.38701992834499,67987540
"Midwest","Male",15,"15-19",2017,147,12,2301026,6.38845454158275e-05,112.426161774532,-2.62665092090754,1.09436566451414,68126781
"Midwest","Male",15,"15-19",2018,116,12,2288669,5.06844808052191e-05,112.426161774532,2.0200441433779,-2.43896792378849,68236628
"Midwest","Male",15,"15-19",2019,118,12,2281963,5.17098655850248e-05,112.426161774532,-2.63814895093533,2.19676238780636,68329004
"Midwest","Male",20,"20-24",2005,391,12,2375404,0.000164603579012244,111.947659627236,0.0873603396464183,0.0564407079008015,65806421
"Midwest","Male",20,"20-24",2006,411,12,2371628,0.000173298679219507,111.947659627236,-0.130272990102444,-0.216239294024554,66082058
"Midwest","Male",20,"20-24",2007,436,12,2339867,0.000186335377181695,111.947659627236,0.415423908655235,0.710661473697707,66359247
"Midwest","Male",20,"20-24",2008,405,12,2326691,0.000174066947437369,111.947659627236,-0.30187311025587,-0.658884370426434,66595597
"Midwest","Male",20,"20-24",2009,443,12,2321808,0.000190799583772646,111.947659627236,0.0422415913203614,-0.509691780053652,66836911
"Midwest","Male",20,"20-24",2010,494,12,2332068,0.000211829157640343,111.905955553725,-0.205438974833411,0.367337805312829,66974416
"Midwest","Male",20,"20-24",2011,484,12,2372292,0.000204022101832321,111.905955553725,-2.31958889085819,2.29445295600468,67157800
"Midwest","Male",20,"20-24",2012,510,12,2429009,0.000209962169757296,111.905955553725,2.42700310203343,-3.73881543906438,67336743
"Midwest","Male",20,"20-24",2013,546,12,2469867,0.000221064535053912,111.905955553725,-1.4293339758859,2.55451914183357,67560379
"Midwest","Male",20,"20-24",2014,576,12,2484908,0.000231799326172237,111.905955553725,4.44359255765888,-2.6129747268795,67745167
"Midwest","Male",20,"20-24",2015,600,12,2470919,0.00024282463326398,112.426161774532,-2.14889932832871,3.09161902370318,67860583
"Midwest","Male",20,"20-24",2016,850,12,2439377,0.000348449624637766,112.426161774532,2.39114545508493,-1.38701992834499,67987540
"Midwest","Male",20,"20-24",2017,840,12,2397325,0.000350390539455435,112.426161774532,-2.62665092090754,1.09436566451414,68126781
"Midwest","Male",20,"20-24",2018,653,12,2362999,0.000276343747923719,112.426161774532,2.0200441433779,-2.43896792378849,68236628
"Midwest","Male",20,"20-24",2019,630,12,2336562,0.000269626913388132,112.426161774532,-2.63814895093533,2.19676238780636,68329004
"Midwest","Male",25,"25-29",2005,401,12,2090857,0.000191787386703156,111.947659627236,0.0873603396464183,0.0564407079008015,65806421
"Midwest","Male",25,"25-29",2006,534,12,2143493,0.000249126075989051,111.947659627236,-0.130272990102444,-0.216239294024554,66082058
"Midwest","Male",25,"25-29",2007,496,12,2190858,0.000226395320919932,111.947659627236,0.415423908655235,0.710661473697707,66359247
"Midwest","Male",25,"25-29",2008,580,12,2220298,0.000261226195762911,111.947659627236,-0.30187311025587,-0.658884370426434,66595597
"Midwest","Male",25,"25-29",2009,568,12,2226091,0.000255155786533435,111.947659627236,0.0422415913203614,-0.509691780053652,66836911
"Midwest","Male",25,"25-29",2010,620,12,2223286,0.000278866506603289,111.905955553725,-0.205438974833411,0.367337805312829,66974416
"Midwest","Male",25,"25-29",2011,685,12,2217440,0.000308914784616495,111.905955553725,-2.31958889085819,2.29445295600468,67157800
"Midwest","Male",25,"25-29",2012,691,12,2208994,0.000312812076447469,111.905955553725,2.42700310203343,-3.73881543906438,67336743
"Midwest","Male",25,"25-29",2013,736,12,2217616,0.00033188793731647,111.905955553725,-1.4293339758859,2.55451914183357,67560379
"Midwest","Male",25,"25-29",2014,811,12,2243360,0.000361511304471864,111.905955553725,4.44359255765888,-2.6129747268795,67745167
"Midwest","Male",25,"25-29",2015,925,12,2271099,0.00040729180013729,112.426161774532,-2.14889932832871,3.09161902370318,67860583
"Midwest","Male",25,"25-29",2016,1327,12,2309887,0.000574486977068575,112.426161774532,2.39114545508493,-1.38701992834499,67987540
"Midwest","Male",25,"25-29",2017,1478,12,2359734,0.00062634178259075,112.426161774532,-2.62665092090754,1.09436566451414,68126781
"Midwest","Male",25,"25-29",2018,1340,12,2390071,0.000560652800690858,112.426161774532,2.0200441433779,-2.43896792378849,68236628
"Midwest","Male",25,"25-29",2019,1291,12,2400354,0.000537837335659657,112.426161774532,-2.63814895093533,2.19676238780636,68329004
"Midwest","Male",30,"30-34",2005,392,12,2121433,0.000184780759043533,111.947659627236,0.0873603396464183,0.0564407079008015,65806421
"Midwest","Male",30,"30-34",2006,522,12,2058291,0.000253608454781175,111.947659627236,-0.130272990102444,-0.216239294024554,66082058
"Midwest","Male",30,"30-34",2007,476,12,2034728,0.000233937902265069,111.947659627236,0.415423908655235,0.710661473697707,66359247
"Midwest","Male",30,"30-34",2008,547,12,2039572,0.000268193522954816,111.947659627236,-0.30187311025587,-0.658884370426434,66595597
"Midwest","Male",30,"30-34",2009,527,12,2071019,0.0002544641067996,111.947659627236,0.0422415913203614,-0.509691780053652,66836911
"Midwest","Male",30,"30-34",2010,595,12,2108941,0.000282132122235757,111.905955553725,-0.205438974833411,0.367337805312829,66974416
"Midwest","Male",30,"30-34",2011,677,12,2151298,0.000314693733736563,111.905955553725,-2.31958889085819,2.29445295600468,67157800
"Midwest","Male",30,"30-34",2012,770,12,2183504,0.000352644190255662,111.905955553725,2.42700310203343,-3.73881543906438,67336743
"Midwest","Male",30,"30-34",2013,801,12,2212142,0.000362092487733608,111.905955553725,-1.4293339758859,2.55451914183357,67560379
"Midwest","Male",30,"30-34",2014,912,12,2220562,0.000410706839079476,111.905955553725,4.44359255765888,-2.6129747268795,67745167
"Midwest","Male",30,"30-34",2015,1125,12,2217340,0.000507364680202405,112.426161774532,-2.14889932832871,3.09161902370318,67860583
"Midwest","Male",30,"30-34",2016,1430,12,2219117,0.000644400452972962,112.426161774532,2.39114545508493,-1.38701992834499,67987540
"Midwest","Male",30,"30-34",2017,1603,12,2213959,0.000724042315146757,112.426161774532,-2.62665092090754,1.09436566451414,68126781
"Midwest","Male",30,"30-34",2018,1475,12,2216841,0.000665361205427002,112.426161774532,2.0200441433779,-2.43896792378849,68236628
"Midwest","Male",30,"30-34",2019,1444,12,2237458,0.000645375242797854,112.426161774532,-2.63814895093533,2.19676238780636,68329004
"Midwest","Male",35,"35-39",2005,458,12,2234944,0.000204926834855817,111.947659627236,0.0873603396464183,0.0564407079008015,65806421
"Midwest","Male",35,"35-39",2006,603,12,2238564,0.000269369113413778,111.947659627236,-0.130272990102444,-0.216239294024554,66082058
"Midwest","Male",35,"35-39",2007,559,12,2224153,0.000251331630512829,111.947659627236,0.415423908655235,0.710661473697707,66359247
"Midwest","Male",35,"35-39",2008,588,12,2190695,0.000268407970986376,111.947659627236,-0.30187311025587,-0.658884370426434,66595597
"Midwest","Male",35,"35-39",2009,578,12,2136745,0.000270504903486378,111.947659627236,0.0422415913203614,-0.509691780053652,66836911
"Midwest","Male",35,"35-39",2010,570,12,2079605,0.000274090512380957,111.905955553725,-0.205438974833411,0.367337805312829,66974416
"Midwest","Male",35,"35-39",2011,608,12,2018479,0.000301216906393378,111.905955553725,-2.31958889085819,2.29445295600468,67157800
"Midwest","Male",35,"35-39",2012,660,12,2002095,0.000329654686715665,111.905955553725,2.42700310203343,-3.73881543906438,67336743
"Midwest","Male",35,"35-39",2013,701,12,2018547,0.00034727950352407,111.905955553725,-1.4293339758859,2.55451914183357,67560379
"Midwest","Male",35,"35-39",2014,835,12,2049118,0.000407492394288665,111.905955553725,4.44359255765888,-2.6129747268795,67745167
"Midwest","Male",35,"35-39",2015,957,12,2091407,0.000457586686857221,112.426161774532,-2.14889932832871,3.09161902370318,67860583
"Midwest","Male",35,"35-39",2016,1401,12,2136022,0.000655892120961301,112.426161774532,2.39114545508493,-1.38701992834499,67987540
"Midwest","Male",35,"35-39",2017,1536,12,2170891,0.00070754358463875,112.426161774532,-2.62665092090754,1.09436566451414,68126781
"Midwest","Male",35,"35-39",2018,1419,12,2196341,0.000646074539427165,112.426161774532,2.0200441433779,-2.43896792378849,68236628
"Midwest","Male",35,"35-39",2019,1555,12,2204084,0.000705508501490869,112.426161774532,-2.63814895093533,2.19676238780636,68329004
"Midwest","Male",40,"40-44",2005,676,12,2492262,0.000271239540626146,111.947659627236,0.0873603396464183,0.0564407079008015,65806421
"Midwest","Male",40,"40-44",2006,770,12,2421488,0.000317986296029549,111.947659627236,-0.130272990102444,-0.216239294024554,66082058
"Midwest","Male",40,"40-44",2007,660,12,2346921,0.000281219521236548,111.947659627236,0.415423908655235,0.710661473697707,66359247
"Midwest","Male",40,"40-44",2008,657,12,2273917,0.000288928751577124,111.947659627236,-0.30187311025587,-0.658884370426434,66595597
"Midwest","Male",40,"40-44",2009,612,12,2215213,0.000276271401440855,111.947659627236,0.0422415913203614,-0.509691780053652,66836911
"Midwest","Male",40,"40-44",2010,621,12,2191454,0.000283373504531694,111.905955553725,-0.205438974833411,0.367337805312829,66974416
"Midwest","Male",40,"40-44",2011,637,12,2193576,0.000290393403283041,111.905955553725,-2.31958889085819,2.29445295600468,67157800
"Midwest","Male",40,"40-44",2012,683,12,2176725,0.000313774133158759,111.905955553725,2.42700310203343,-3.73881543906438,67336743
"Midwest","Male",40,"40-44",2013,707,12,2144783,0.000329637077503878,111.905955553725,-1.4293339758859,2.55451914183357,67560379
"Midwest","Male",40,"40-44",2014,756,12,2098129,0.000360321028878587,111.905955553725,4.44359255765888,-2.6129747268795,67745167
"Midwest","Male",40,"40-44",2015,807,12,2044660,0.000394686647168722,112.426161774532,-2.14889932832871,3.09161902370318,67860583
"Midwest","Male",40,"40-44",2016,1031,12,1983636,0.000519752615903321,112.426161774532,2.39114545508493,-1.38701992834499,67987540
"Midwest","Male",40,"40-44",2017,1262,12,1967479,0.000641429972060693,112.426161774532,-2.62665092090754,1.09436566451414,68126781
"Midwest","Male",40,"40-44",2018,1168,12,1982679,0.000589101917153508,112.426161774532,2.0200441433779,-2.43896792378849,68236628
"Midwest","Male",40,"40-44",2019,1290,12,2013194,0.000640772821695276,112.426161774532,-2.63814895093533,2.19676238780636,68329004
"Midwest","Male",45,"45-49",2005,740,12,2523598,0.000293232123341356,111.947659627236,0.0873603396464183,0.0564407079008015,65806421
"Midwest","Male",45,"45-49",2006,872,12,2541737,0.00034307247366663,111.947659627236,-0.130272990102444,-0.216239294024554,66082058
"Midwest","Male",45,"45-49",2007,775,12,2532352,0.00030603960270926,111.947659627236,0.415423908655235,0.710661473697707,66359247
"Midwest","Male",45,"45-49",2008,729,12,2510602,0.000290368604820677,111.947659627236,-0.30187311025587,-0.658884370426434,66595597
"Midwest","Male",45,"45-49",2009,816,12,2490390,0.000327659523207209,111.947659627236,0.0422415913203614,-0.509691780053652,66836911
"Midwest","Male",45,"45-49",2010,774,12,2439793,0.000317240028149929,111.905955553725,-0.205438974833411,0.367337805312829,66974416
"Midwest","Male",45,"45-49",2011,819,12,2364138,0.000346426477642168,111.905955553725,-2.31958889085819,2.29445295600468,67157800
"Midwest","Male",45,"45-49",2012,735,12,2291980,0.000320683426556951,111.905955553725,2.42700310203343,-3.73881543906438,67336743
"Midwest","Male",45,"45-49",2013,831,12,2222683,0.000373872477541782,111.905955553725,-1.4293339758859,2.55451914183357,67560379
"Midwest","Male",45,"45-49",2014,787,12,2164040,0.000363671651170958,111.905955553725,4.44359255765888,-2.6129747268795,67745167
"Midwest","Male",45,"45-49",2015,896,12,2141280,0.000418441306134648,112.426161774532,-2.14889932832871,3.09161902370318,67860583
"Midwest","Male",45,"45-49",2016,1101,12,2142701,0.00051383744162158,112.426161774532,2.39114545508493,-1.38701992834499,67987540
"Midwest","Male",45,"45-49",2017,1259,12,2126351,0.000592094155668561,112.426161774532,-2.62665092090754,1.09436566451414,68126781
"Midwest","Male",45,"45-49",2018,1131,12,2092728,0.000540442905145819,112.426161774532,2.0200441433779,-2.43896792378849,68236628
"Midwest","Male",45,"45-49",2019,1178,12,2046783,0.000575537318807123,112.426161774532,-2.63814895093533,2.19676238780636,68329004
"Midwest","Male",50,"50-54",2005,503,12,2264091,0.000222164215130929,111.947659627236,0.0873603396464183,0.0564407079008015,65806421
"Midwest","Male",50,"50-54",2006,628,12,2312725,0.000271541147347826,111.947659627236,-0.130272990102444,-0.216239294024554,66082058
"Midwest","Male",50,"50-54",2007,615,12,2364373,0.000260111243022992,111.947659627236,0.415423908655235,0.710661473697707,66359247
"Midwest","Male",50,"50-54",2008,688,12,2413915,0.000285014178212572,111.947659627236,-0.30187311025587,-0.658884370426434,66595597
"Midwest","Male",50,"50-54",2009,654,12,2447567,0.000267204125566328,111.947659627236,0.0422415913203614,-0.509691780053652,66836911
"Midwest","Male",50,"50-54",2010,717,12,2472558,0.000289983086342161,111.905955553725,-0.205438974833411,0.367337805312829,66974416
"Midwest","Male",50,"50-54",2011,759,12,2484272,0.000305522100639543,111.905955553725,-2.31958889085819,2.29445295600468,67157800
"Midwest","Male",50,"50-54",2012,776,12,2467323,0.000314510909191865,111.905955553725,2.42700310203343,-3.73881543906438,67336743
"Midwest","Male",50,"50-54",2013,852,12,2442569,0.000348813073448488,111.905955553725,-1.4293339758859,2.55451914183357,67560379
"Midwest","Male",50,"50-54",2014,878,12,2415497,0.000363486272183323,111.905955553725,4.44359255765888,-2.6129747268795,67745167
"Midwest","Male",50,"50-54",2015,863,12,2361955,0.000365375292924717,112.426161774532,-2.14889932832871,3.09161902370318,67860583
"Midwest","Male",50,"50-54",2016,1062,12,2287046,0.000464354455485373,112.426161774532,2.39114545508493,-1.38701992834499,67987540
"Midwest","Male",50,"50-54",2017,1250,12,2216518,0.000563947597086963,112.426161774532,-2.62665092090754,1.09436566451414,68126781
"Midwest","Male",50,"50-54",2018,1029,12,2147582,0.000479143520480242,112.426161774532,2.0200441433779,-2.43896792378849,68236628
"Midwest","Male",50,"50-54",2019,1142,12,2091133,0.000546115431204041,112.426161774532,-2.63814895093533,2.19676238780636,68329004
"Northeast","Female",15,"15-19",2005,42,12,1895949,2.2152494608241e-05,125.771120400338,0.0392163002208562,0.0263865683319368,54598185
"Northeast","Female",15,"15-19",2006,35,12,1918439,1.8243999418277e-05,125.771120400338,-0.116796849015725,-0.0811040006760612,54710026
"Northeast","Female",15,"15-19",2007,34,12,1930373,1.76131763135933e-05,125.771120400338,-0.151773272696795,1.16585153847028,54879379
"Northeast","Female",15,"15-19",2008,37,12,1930948,1.91615724504233e-05,125.771120400338,0.464069363482404,-1.40431278068639,55060196
"Northeast","Female",15,"15-19",2009,37,12,1919120,1.92796698486806e-05,125.771120400338,-0.559609904358339,1.68615866265262,55283679
"Northeast","Female",15,"15-19",2010,32,12,1897636,1.68630864928785e-05,125.872096176182,0.250399134917629,0.146314253686235,55380134
"Northeast","Female",15,"15-19",2011,24,12,1878556,1.27757703257183e-05,125.872096176182,-2.98179070807511,1.3280482825167,55604223
"Northeast","Female",15,"15-19",2012,28,12,1852628,1.51136655604903e-05,125.872096176182,2.47129862918953,-4.31312093356184,55775216
"Northeast","Female",15,"15-19",2013,45,12,1823222,2.4681580191551e-05,125.872096176182,0.655100850451618,1.46479695364015,55901806
"Northeast","Female",15,"15-19",2014,50,12,1797335,2.78189653014046e-05,125.872096176182,1.69914076014452,-0.142074217958772,56006011
"Northeast","Female",15,"15-19",2015,57,12,1779753,3.20269160945367e-05,124.60635816588,-0.684680652872487,1.06210397477298,56034684
"Northeast","Female",15,"15-19",2016,67,12,1763607,3.79903232409488e-05,124.60635816588,-0.907436288035029,1.90920956550674,56042330
"Northeast","Female",15,"15-19",2017,61,12,1745687,3.49432630248149e-05,124.60635816588,-0.863494230134961,-2.71904656347905,56059240
"Northeast","Female",15,"15-19",2018,46,12,1731436,2.65675427795194e-05,124.60635816588,-0.302997954803857,-0.0212361157716003,56046620
"Northeast","Female",15,"15-19",2019,49,12,1718143,2.85191628403457e-05,124.60635816588,0.342030849435545,0.167758805783961,55982803
"Northeast","Female",20,"20-24",2005,118,12,1758828,6.7090130473247e-05,125.771120400338,0.0392163002208562,0.0263865683319368,54598185
"Northeast","Female",20,"20-24",2006,98,12,1778406,5.51055270843666e-05,125.771120400338,-0.116796849015725,-0.0811040006760612,54710026
"Northeast","Female",20,"20-24",2007,110,12,1800783,6.10845393364997e-05,125.771120400338,-0.151773272696795,1.16585153847028,54879379
"Northeast","Female",20,"20-24",2008,120,12,1821887,6.58657754295409e-05,125.771120400338,0.464069363482404,-1.40431278068639,55060196
"Northeast","Female",20,"20-24",2009,114,12,1858289,6.13467549988188e-05,125.771120400338,-0.559609904358339,1.68615866265262,55283679
"Northeast","Female",20,"20-24",2010,119,12,1891291,6.29199842858661e-05,125.872096176182,0.250399134917629,0.146314253686235,55380134
"Northeast","Female",20,"20-24",2011,152,12,1907696,7.96772651407771e-05,125.872096176182,-2.98179070807511,1.3280482825167,55604223
"Northeast","Female",20,"20-24",2012,177,12,1915837,9.23878179615489e-05,125.872096176182,2.47129862918953,-4.31312093356184,55775216
"Northeast","Female",20,"20-24",2013,170,12,1921854,8.8456251099199e-05,125.872096176182,0.655100850451618,1.46479695364015,55901806
"Northeast","Female",20,"20-24",2014,189,12,1922362,9.83165501606877e-05,125.872096176182,1.69914076014452,-0.142074217958772,56006011
"Northeast","Female",20,"20-24",2015,237,12,1901224,0.00012465653705192,124.60635816588,-0.684680652872487,1.06210397477298,56034684
"Northeast","Female",20,"20-24",2016,329,12,1876117,0.000175362197560173,124.60635816588,-0.907436288035029,1.90920956550674,56042330
"Northeast","Female",20,"20-24",2017,337,12,1851640,0.00018200082089391,124.60635816588,-0.863494230134961,-2.71904656347905,56059240
"Northeast","Female",20,"20-24",2018,312,12,1822443,0.000171198770002683,124.60635816588,-0.302997954803857,-0.0212361157716003,56046620
"Northeast","Female",20,"20-24",2019,251,12,1794831,0.000139846035643467,124.60635816588,0.342030849435545,0.167758805783961,55982803
"Northeast","Female",25,"25-29",2005,107,12,1721581,6.21521729154771e-05,125.771120400338,0.0392163002208562,0.0263865683319368,54598185
"Northeast","Female",25,"25-29",2006,134,12,1744733,7.68025824008602e-05,125.771120400338,-0.116796849015725,-0.0811040006760612,54710026
"Northeast","Female",25,"25-29",2007,150,12,1760604,8.51980343109524e-05,125.771120400338,-0.151773272696795,1.16585153847028,54879379
"Northeast","Female",25,"25-29",2008,138,12,1790084,7.70913543721971e-05,125.771120400338,0.464069363482404,-1.40431278068639,55060196
"Northeast","Female",25,"25-29",2009,131,12,1806981,7.24966117518668e-05,125.771120400338,-0.559609904358339,1.68615866265262,55283679
"Northeast","Female",25,"25-29",2010,176,12,1822700,9.65600482800241e-05,125.872096176182,0.250399134917629,0.146314253686235,55380134
"Northeast","Female",25,"25-29",2011,213,12,1846139,0.000115375927814753,125.872096176182,-2.98179070807511,1.3280482825167,55604223
"Northeast","Female",25,"25-29",2012,220,12,1863071,0.000118084603324296,125.872096176182,2.47129862918953,-4.31312093356184,55775216
"Northeast","Female",25,"25-29",2013,263,12,1881954,0.000139748367919726,125.872096176182,0.655100850451618,1.46479695364015,55901806
"Northeast","Female",25,"25-29",2014,317,12,1903874,0.000166502615194073,125.872096176182,1.69914076014452,-0.142074217958772,56006011
"Northeast","Female",25,"25-29",2015,354,12,1919999,0.000184375096028696,124.60635816588,-0.684680652872487,1.06210397477298,56034684
"Northeast","Female",25,"25-29",2016,540,12,1929319,0.000279891505759286,124.60635816588,-0.907436288035029,1.90920956550674,56042330
"Northeast","Female",25,"25-29",2017,561,12,1938067,0.000289463676952345,124.60635816588,-0.863494230134961,-2.71904656347905,56059240
"Northeast","Female",25,"25-29",2018,500,12,1938786,0.000257893341503394,124.60635816588,-0.302997954803857,-0.0212361157716003,56046620
"Northeast","Female",25,"25-29",2019,488,12,1929884,0.000252864939032605,124.60635816588,0.342030849435545,0.167758805783961,55982803
"Northeast","Female",30,"30-34",2005,140,12,1760362,7.95290968562148e-05,125.771120400338,0.0392163002208562,0.0263865683319368,54598185
"Northeast","Female",30,"30-34",2006,147,12,1698282,8.65580627952248e-05,125.771120400338,-0.116796849015725,-0.0811040006760612,54710026
"Northeast","Female",30,"30-34",2007,157,12,1677059,9.36162651403439e-05,125.771120400338,-0.151773272696795,1.16585153847028,54879379
"Northeast","Female",30,"30-34",2008,143,12,1682865,8.49741363686333e-05,125.771120400338,0.464069363482404,-1.40431278068639,55060196
"Northeast","Female",30,"30-34",2009,137,12,1707179,8.02493470221928e-05,125.771120400338,-0.559609904358339,1.68615866265262,55283679
"Northeast","Female",30,"30-34",2010,163,12,1732935,9.40600772677567e-05,125.872096176182,0.250399134917629,0.146314253686235,55380134
"Northeast","Female",30,"30-34",2011,240,12,1766931,0.000135828733549867,125.872096176182,-2.98179070807511,1.3280482825167,55604223
"Northeast","Female",30,"30-34",2012,261,12,1793624,0.000145515448053773,125.872096176182,2.47129862918953,-4.31312093356184,55775216
"Northeast","Female",30,"30-34",2013,284,12,1817492,0.000156259284772643,125.872096176182,0.655100850451618,1.46479695364015,55901806
"Northeast","Female",30,"30-34",2014,292,12,1828698,0.000159676447395907,125.872096176182,1.69914076014452,-0.142074217958772,56006011
"Northeast","Female",30,"30-34",2015,380,12,1833995,0.000207197947649803,124.60635816588,-0.684680652872487,1.06210397477298,56034684
"Northeast","Female",30,"30-34",2016,578,12,1847602,0.000312837938040769,124.60635816588,-0.907436288035029,1.90920956550674,56042330
"Northeast","Female",30,"30-34",2017,592,12,1857985,0.0003186247467014,124.60635816588,-0.863494230134961,-2.71904656347905,56059240
"Northeast","Female",30,"30-34",2018,620,12,1872511,0.000331106199109111,124.60635816588,-0.302997954803857,-0.0212361157716003,56046620
"Northeast","Female",30,"30-34",2019,629,12,1891074,0.000332615222883927,124.60635816588,0.342030849435545,0.167758805783961,55982803
"Northeast","Female",35,"35-39",2005,231,12,2000330,0.000115480945643969,125.771120400338,0.0392163002208562,0.0263865683319368,54598185
"Northeast","Female",35,"35-39",2006,227,12,1974652,0.000114956964568947,125.771120400338,-0.116796849015725,-0.0811040006760612,54710026
"Northeast","Female",35,"35-39",2007,229,12,1934857,0.000118354999878544,125.771120400338,-0.151773272696795,1.16585153847028,54879379
"Northeast","Female",35,"35-39",2008,215,12,1886900,0.000113943505220202,125.771120400338,0.464069363482404,-1.40431278068639,55060196
"Northeast","Female",35,"35-39",2009,178,12,1832098,9.71563748227442e-05,125.771120400338,-0.559609904358339,1.68615866265262,55283679
"Northeast","Female",35,"35-39",2010,240,12,1770931,0.000135521937331268,125.872096176182,0.250399134917629,0.146314253686235,55380134
"Northeast","Female",35,"35-39",2011,225,12,1712164,0.000131412645050357,125.872096176182,-2.98179070807511,1.3280482825167,55604223
"Northeast","Female",35,"35-39",2012,236,12,1690125,0.000139634642408106,125.872096176182,2.47129862918953,-4.31312093356184,55775216
"Northeast","Female",35,"35-39",2013,263,12,1689147,0.000155699888760422,125.872096176182,0.655100850451618,1.46479695364015,55901806
"Northeast","Female",35,"35-39",2014,299,12,1702800,0.00017559314070942,125.872096176182,1.69914076014452,-0.142074217958772,56006011
"Northeast","Female",35,"35-39",2015,348,12,1724288,0.000201822433375399,124.60635816588,-0.684680652872487,1.06210397477298,56034684
"Northeast","Female",35,"35-39",2016,521,12,1746539,0.00029830424628365,124.60635816588,-0.907436288035029,1.90920956550674,56042330
"Northeast","Female",35,"35-39",2017,571,12,1768547,0.00032286391031734,124.60635816588,-0.863494230134961,-2.71904656347905,56059240
"Northeast","Female",35,"35-39",2018,558,12,1787145,0.000312229841451029,124.60635816588,-0.302997954803857,-0.0212361157716003,56046620
"Northeast","Female",35,"35-39",2019,601,12,1794110,0.000334985034362442,124.60635816588,0.342030849435545,0.167758805783961,55982803
"Northeast","Female",40,"40-44",2005,308,12,2211862,0.000139249193665789,125.771120400338,0.0392163002208562,0.0263865683319368,54598185
"Northeast","Female",40,"40-44",2006,346,12,2166590,0.000159697958543148,125.771120400338,-0.116796849015725,-0.0811040006760612,54710026
"Northeast","Female",40,"40-44",2007,288,12,2114984,0.00013617124290302,125.771120400338,-0.151773272696795,1.16585153847028,54879379
"Northeast","Female",40,"40-44",2008,327,12,2063660,0.000158456334861363,125.771120400338,0.464069363482404,-1.40431278068639,55060196
"Northeast","Female",40,"40-44",2009,275,12,2008600,0.000136911281489595,125.771120400338,-0.559609904358339,1.68615866265262,55283679
"Northeast","Female",40,"40-44",2010,277,12,1977095,0.000140104547328277,125.872096176182,0.250399134917629,0.146314253686235,55380134
"Northeast","Female",40,"40-44",2011,336,12,1959847,0.000171441954397461,125.872096176182,-2.98179070807511,1.3280482825167,55604223
"Northeast","Female",40,"40-44",2012,315,12,1924452,0.000163682960136184,125.872096176182,2.47129862918953,-4.31312093356184,55775216
"Northeast","Female",40,"40-44",2013,346,12,1876441,0.000184391622225266,125.872096176182,0.655100850451618,1.46479695364015,55901806
"Northeast","Female",40,"40-44",2014,360,12,1819314,0.000197876782127769,125.872096176182,1.69914076014452,-0.142074217958772,56006011
"Northeast","Female",40,"40-44",2015,349,12,1755837,0.00019876560295745,124.60635816588,-0.684680652872487,1.06210397477298,56034684
"Northeast","Female",40,"40-44",2016,421,12,1691898,0.000248832967472034,124.60635816588,-0.907436288035029,1.90920956550674,56042330
"Northeast","Female",40,"40-44",2017,510,12,1665176,0.000306273931404248,124.60635816588,-0.863494230134961,-2.71904656347905,56059240
"Northeast","Female",40,"40-44",2018,466,12,1660531,0.000280633122778196,124.60635816588,-0.302997954803857,-0.0212361157716003,56046620
"Northeast","Female",40,"40-44",2019,408,12,1669442,0.000244393036715262,124.60635816588,0.342030849435545,0.167758805783961,55982803
"Northeast","Female",45,"45-49",2005,299,12,2193903,0.000136286791166246,125.771120400338,0.0392163002208562,0.0263865683319368,54598185
"Northeast","Female",45,"45-49",2006,376,12,2214265,0.00016980804013973,125.771120400338,-0.116796849015725,-0.0811040006760612,54710026
"Northeast","Female",45,"45-49",2007,409,12,2211236,0.000184964427134869,125.771120400338,-0.151773272696795,1.16585153847028,54879379
"Northeast","Female",45,"45-49",2008,404,12,2205291,0.000183195777790777,125.771120400338,0.464069363482404,-1.40431278068639,55060196
"Northeast","Female",45,"45-49",2009,345,12,2202756,0.00015662197719584,125.771120400338,-0.559609904358339,1.68615866265262,55283679
"Northeast","Female",45,"45-49",2010,391,12,2180900,0.000179283781924893,125.872096176182,0.250399134917629,0.146314253686235,55380134
"Northeast","Female",45,"45-49",2011,439,12,2138581,0.000205276302370591,125.872096176182,-2.98179070807511,1.3280482825167,55604223
"Northeast","Female",45,"45-49",2012,417,12,2091867,0.00019934345730393,125.872096176182,2.47129862918953,-4.31312093356184,55775216
"Northeast","Female",45,"45-49",2013,422,12,2037388,0.000207127950100815,125.872096176182,0.655100850451618,1.46479695364015,55901806
"Northeast","Female",45,"45-49",2014,434,12,1981867,0.000218985431413914,125.872096176182,1.69914076014452,-0.142074217958772,56006011
"Northeast","Female",45,"45-49",2015,467,12,1947201,0.000239831429831846,124.60635816588,-0.684680652872487,1.06210397477298,56034684
"Northeast","Female",45,"45-49",2016,564,12,1923311,0.000293244306303037,124.60635816588,-0.907436288035029,1.90920956550674,56042330
"Northeast","Female",45,"45-49",2017,528,12,1884817,0.000280133296760375,124.60635816588,-0.863494230134961,-2.71904656347905,56059240
"Northeast","Female",45,"45-49",2018,504,12,1835282,0.000274617197793037,124.60635816588,-0.302997954803857,-0.0212361157716003,56046620
"Northeast","Female",45,"45-49",2019,487,12,1776472,0.000274138854988989,124.60635816588,0.342030849435545,0.167758805783961,55982803
"Northeast","Female",50,"50-54",2005,213,12,1960801,0.000108629075566567,125.771120400338,0.0392163002208562,0.0263865683319368,54598185
"Northeast","Female",50,"50-54",2006,255,12,1998116,0.000127620218245587,125.771120400338,-0.116796849015725,-0.0811040006760612,54710026
"Northeast","Female",50,"50-54",2007,319,12,2047161,0.000155825555488796,125.771120400338,-0.151773272696795,1.16585153847028,54879379
"Northeast","Female",50,"50-54",2008,337,12,2092263,0.00016106961696498,125.771120400338,0.464069363482404,-1.40431278068639,55060196
"Northeast","Female",50,"50-54",2009,314,12,2134627,0.000147098298672321,125.771120400338,-0.559609904358339,1.68615866265262,55283679
"Northeast","Female",50,"50-54",2010,343,12,2165918,0.000158362412612112,125.872096176182,0.250399134917629,0.146314253686235,55380134
"Northeast","Female",50,"50-54",2011,383,12,2183774,0.000175384449123398,125.872096176182,-2.98179070807511,1.3280482825167,55604223
"Northeast","Female",50,"50-54",2012,420,12,2178355,0.000192806039419654,125.872096176182,2.47129862918953,-4.31312093356184,55775216
"Northeast","Female",50,"50-54",2013,503,12,2168490,0.000231958644033406,125.872096176182,0.655100850451618,1.46479695364015,55901806
"Northeast","Female",50,"50-54",2014,466,12,2158479,0.00021589276522959,125.872096176182,1.69914076014452,-0.142074217958772,56006011
"Northeast","Female",50,"50-54",2015,536,12,2129158,0.000251742707680689,124.60635816588,-0.684680652872487,1.06210397477298,56034684
"Northeast","Female",50,"50-54",2016,629,12,2080999,0.00030225867479994,124.60635816588,-0.907436288035029,1.90920956550674,56042330
"Northeast","Female",50,"50-54",2017,651,12,2031758,0.000320412175072031,124.60635816588,-0.863494230134961,-2.71904656347905,56059240
"Northeast","Female",50,"50-54",2018,560,12,1974811,0.000283571440507471,124.60635816588,-0.302997954803857,-0.0212361157716003,56046620
"Northeast","Female",50,"50-54",2019,598,12,1917578,0.000311851721285914,124.60635816588,0.342030849435545,0.167758805783961,55982803
"Northeast","Male",15,"15-19",2005,88,12,1990394,4.4212351926302e-05,125.771120400338,0.0392163002208562,0.0263865683319368,54598185
"Northeast","Male",15,"15-19",2006,95,12,2014809,4.71508713729192e-05,125.771120400338,-0.116796849015725,-0.0811040006760612,54710026
"Northeast","Male",15,"15-19",2007,98,12,2025800,4.83759502418798e-05,125.771120400338,-0.151773272696795,1.16585153847028,54879379
"Northeast","Male",15,"15-19",2008,117,12,2028880,5.76672844130752e-05,125.771120400338,0.464069363482404,-1.40431278068639,55060196
"Northeast","Male",15,"15-19",2009,82,12,2015640,4.06818677938521e-05,125.771120400338,-0.559609904358339,1.68615866265262,55283679
"Northeast","Male",15,"15-19",2010,86,12,1988841,4.32412646360368e-05,125.872096176182,0.250399134917629,0.146314253686235,55380134
"Northeast","Male",15,"15-19",2011,106,12,1963346,5.39894649236558e-05,125.872096176182,-2.98179070807511,1.3280482825167,55604223
"Northeast","Male",15,"15-19",2012,89,12,1929290,4.61309600941279e-05,125.872096176182,2.47129862918953,-4.31312093356184,55775216
"Northeast","Male",15,"15-19",2013,93,12,1894105,4.90997067216443e-05,125.872096176182,0.655100850451618,1.46479695364015,55901806
"Northeast","Male",15,"15-19",2014,93,12,1866117,4.98361035240556e-05,125.872096176182,1.69914076014452,-0.142074217958772,56006011
"Northeast","Male",15,"15-19",2015,100,12,1845659,5.41811894829977e-05,124.60635816588,-0.684680652872487,1.06210397477298,56034684
"Northeast","Male",15,"15-19",2016,117,12,1828572,6.39843550048891e-05,124.60635816588,-0.907436288035029,1.90920956550674,56042330
"Northeast","Male",15,"15-19",2017,110,12,1808407,6.08270151575392e-05,124.60635816588,-0.863494230134961,-2.71904656347905,56059240
"Northeast","Male",15,"15-19",2018,70,12,1792346,3.90549592545189e-05,124.60635816588,-0.302997954803857,-0.0212361157716003,56046620
"Northeast","Male",15,"15-19",2019,61,12,1776629,3.43346866453266e-05,124.60635816588,0.342030849435545,0.167758805783961,55982803
"Northeast","Male",20,"20-24",2005,314,12,1813981,0.000173099938753493,125.771120400338,0.0392163002208562,0.0263865683319368,54598185
"Northeast","Male",20,"20-24",2006,411,12,1835195,0.000223954402665657,125.771120400338,-0.116796849015725,-0.0811040006760612,54710026
"Northeast","Male",20,"20-24",2007,368,12,1854633,0.000198422005863155,125.771120400338,-0.151773272696795,1.16585153847028,54879379
"Northeast","Male",20,"20-24",2008,341,12,1875591,0.000181809360356282,125.771120400338,0.464069363482404,-1.40431278068639,55060196
"Northeast","Male",20,"20-24",2009,321,12,1907466,0.000168286092648571,125.771120400338,-0.559609904358339,1.68615866265262,55283679
"Northeast","Male",20,"20-24",2010,362,12,1940328,0.000186566394960027,125.872096176182,0.250399134917629,0.146314253686235,55380134
"Northeast","Male",20,"20-24",2011,467,12,1964788,0.000237684676412926,125.872096176182,-2.98179070807511,1.3280482825167,55604223
"Northeast","Male",20,"20-24",2012,452,12,1982786,0.000227962069532466,125.872096176182,2.47129862918953,-4.31312093356184,55775216
"Northeast","Male",20,"20-24",2013,512,12,1991911,0.000257039596648645,125.872096176182,0.655100850451618,1.46479695364015,55901806
"Northeast","Male",20,"20-24",2014,568,12,1987129,0.000285839520232456,125.872096176182,1.69914076014452,-0.142074217958772,56006011
"Northeast","Male",20,"20-24",2015,683,12,1958089,0.000348809476995172,124.60635816588,-0.684680652872487,1.06210397477298,56034684
"Northeast","Male",20,"20-24",2016,871,12,1925269,0.000452404313371274,124.60635816588,-0.907436288035029,1.90920956550674,56042330
"Northeast","Male",20,"20-24",2017,862,12,1891358,0.000455757186106491,124.60635816588,-0.863494230134961,-2.71904656347905,56059240
"Northeast","Male",20,"20-24",2018,635,12,1855086,0.000342302189763709,124.60635816588,-0.302997954803857,-0.0212361157716003,56046620
"Northeast","Male",20,"20-24",2019,539,12,1823647,0.000295561586206102,124.60635816588,0.342030849435545,0.167758805783961,55982803
"Northeast","Male",25,"25-29",2005,329,12,1699081,0.000193634088074671,125.771120400338,0.0392163002208562,0.0263865683319368,54598185
"Northeast","Male",25,"25-29",2006,464,12,1720857,0.000269633095602947,125.771120400338,-0.116796849015725,-0.0811040006760612,54710026
"Northeast","Male",25,"25-29",2007,486,12,1742510,0.00027890801200567,125.771120400338,-0.151773272696795,1.16585153847028,54879379
"Northeast","Male",25,"25-29",2008,437,12,1772507,0.000246543455117526,125.771120400338,0.464069363482404,-1.40431278068639,55060196
"Northeast","Male",25,"25-29",2009,472,12,1790434,0.000263623233249592,125.771120400338,-0.559609904358339,1.68615866265262,55283679
"Northeast","Male",25,"25-29",2010,472,12,1809867,0.000260792643879357,125.872096176182,0.250399134917629,0.146314253686235,55380134
"Northeast","Male",25,"25-29",2011,591,12,1844576,0.000320398834203633,125.872096176182,-2.98179070807511,1.3280482825167,55604223
"Northeast","Male",25,"25-29",2012,642,12,1872424,0.000342871059119088,125.872096176182,2.47129862918953,-4.31312093356184,55775216
"Northeast","Male",25,"25-29",2013,720,12,1901632,0.000378622151920035,125.872096176182,0.655100850451618,1.46479695364015,55901806
"Northeast","Male",25,"25-29",2014,819,12,1935062,0.000423242252703014,125.872096176182,1.69914076014452,-0.142074217958772,56006011
"Northeast","Male",25,"25-29",2015,1140,12,1961350,0.000581232314477273,124.60635816588,-0.684680652872487,1.06210397477298,56034684
"Northeast","Male",25,"25-29",2016,1528,12,1979790,0.000771799029189965,124.60635816588,-0.907436288035029,1.90920956550674,56042330
"Northeast","Male",25,"25-29",2017,1700,12,1993968,0.000852571355207305,124.60635816588,-0.863494230134961,-2.71904656347905,56059240
"Northeast","Male",25,"25-29",2018,1481,12,1998854,0.000740924549767017,124.60635816588,-0.302997954803857,-0.0212361157716003,56046620
"Northeast","Male",25,"25-29",2019,1293,12,1987830,0.000650458037156095,124.60635816588,0.342030849435545,0.167758805783961,55982803
"Northeast","Male",30,"30-34",2005,356,12,1711804,0.000207967734623824,125.771120400338,0.0392163002208562,0.0263865683319368,54598185
"Northeast","Male",30,"30-34",2006,440,12,1655234,0.000265823442486078,125.771120400338,-0.116796849015725,-0.0811040006760612,54710026
"Northeast","Male",30,"30-34",2007,411,12,1636495,0.000251146505183334,125.771120400338,-0.151773272696795,1.16585153847028,54879379
"Northeast","Male",30,"30-34",2008,416,12,1645588,0.000252797176449998,125.771120400338,0.464069363482404,-1.40431278068639,55060196
"Northeast","Male",30,"30-34",2009,389,12,1668748,0.000233108893613655,125.771120400338,-0.559609904358339,1.68615866265262,55283679
"Northeast","Male",30,"30-34",2010,423,12,1696382,0.000249354213850418,125.872096176182,0.250399134917629,0.146314253686235,55380134
"Northeast","Male",30,"30-34",2011,587,12,1732001,0.000338914353975546,125.872096176182,-2.98179070807511,1.3280482825167,55604223
"Northeast","Male",30,"30-34",2012,647,12,1765810,0.000366404086509874,125.872096176182,2.47129862918953,-4.31312093356184,55775216
"Northeast","Male",30,"30-34",2013,727,12,1794465,0.000405134678023812,125.872096176182,0.655100850451618,1.46479695364015,55901806
"Northeast","Male",30,"30-34",2014,881,12,1814185,0.000485617508688474,125.872096176182,1.69914076014452,-0.142074217958772,56006011
"Northeast","Male",30,"30-34",2015,1159,12,1826660,0.000634491366756813,124.60635816588,-0.684680652872487,1.06210397477298,56034684
"Northeast","Male",30,"30-34",2016,1608,12,1851078,0.000868683005254236,124.60635816588,-0.907436288035029,1.90920956550674,56042330
"Northeast","Male",30,"30-34",2017,1835,12,1869447,0.000981573695322734,124.60635816588,-0.863494230134961,-2.71904656347905,56059240
"Northeast","Male",30,"30-34",2018,1644,12,1891884,0.000868975053438794,124.60635816588,-0.302997954803857,-0.0212361157716003,56046620
"Northeast","Male",30,"30-34",2019,1561,12,1921005,0.000812595490381337,124.60635816588,0.342030849435545,0.167758805783961,55982803
"Northeast","Male",35,"35-39",2005,462,12,1931823,0.000239152344702387,125.771120400338,0.0392163002208562,0.0263865683319368,54598185
"Northeast","Male",35,"35-39",2006,537,12,1905496,0.000281816387964079,125.771120400338,-0.116796849015725,-0.0811040006760612,54710026
"Northeast","Male",35,"35-39",2007,462,12,1870791,0.000246954363154409,125.771120400338,-0.151773272696795,1.16585153847028,54879379
"Northeast","Male",35,"35-39",2008,472,12,1825377,0.000258576721411522,125.771120400338,0.464069363482404,-1.40431278068639,55060196
"Northeast","Male",35,"35-39",2009,376,12,1772302,0.000212153459173437,125.771120400338,-0.559609904358339,1.68615866265262,55283679
"Northeast","Male",35,"35-39",2010,408,12,1713203,0.000238150411830939,125.872096176182,0.250399134917629,0.146314253686235,55380134
"Northeast","Male",35,"35-39",2011,471,12,1661709,0.000283443129934303,125.872096176182,-2.98179070807511,1.3280482825167,55604223
"Northeast","Male",35,"35-39",2012,561,12,1643277,0.000341391013201061,125.872096176182,2.47129862918953,-4.31312093356184,55775216
"Northeast","Male",35,"35-39",2013,562,12,1647987,0.000341022107577305,125.872096176182,0.655100850451618,1.46479695364015,55901806
"Northeast","Male",35,"35-39",2014,665,12,1661594,0.000400218103820789,125.872096176182,1.69914076014452,-0.142074217958772,56006011
"Northeast","Male",35,"35-39",2015,1004,12,1685645,0.000595617701236025,124.60635816588,-0.684680652872487,1.06210397477298,56034684
"Northeast","Male",35,"35-39",2016,1325,12,1712743,0.000773612853767319,124.60635816588,-0.907436288035029,1.90920956550674,56042330
"Northeast","Male",35,"35-39",2017,1673,12,1738405,0.000962376431268893,124.60635816588,-0.863494230134961,-2.71904656347905,56059240
"Northeast","Male",35,"35-39",2018,1602,12,1761592,0.000909404674862284,124.60635816588,-0.302997954803857,-0.0212361157716003,56046620
"Northeast","Male",35,"35-39",2019,1551,12,1777037,0.000872801185343918,124.60635816588,0.342030849435545,0.167758805783961,55982803
"Northeast","Male",40,"40-44",2005,583,12,2135952,0.000272946208529031,125.771120400338,0.0392163002208562,0.0263865683319368,54598185
"Northeast","Male",40,"40-44",2006,753,12,2090480,0.000360204354980674,125.771120400338,-0.116796849015725,-0.0811040006760612,54710026
"Northeast","Male",40,"40-44",2007,674,12,2037193,0.000330847396392978,125.771120400338,-0.151773272696795,1.16585153847028,54879379
"Northeast","Male",40,"40-44",2008,540,12,1985878,0.000271920027312856,125.771120400338,0.464069363482404,-1.40431278068639,55060196
"Northeast","Male",40,"40-44",2009,495,12,1932365,0.000256162784981098,125.771120400338,-0.559609904358339,1.68615866265262,55283679
"Northeast","Male",40,"40-44",2010,515,12,1902068,0.000270757932944564,125.872096176182,0.250399134917629,0.146314253686235,55380134
"Northeast","Male",40,"40-44",2011,570,12,1885077,0.000302374916250105,125.872096176182,-2.98179070807511,1.3280482825167,55604223
"Northeast","Male",40,"40-44",2012,571,12,1854532,0.000307894390606363,125.872096176182,2.47129862918953,-4.31312093356184,55775216
"Northeast","Male",40,"40-44",2013,628,12,1808133,0.000347319583238622,125.872096176182,0.655100850451618,1.46479695364015,55901806
"Northeast","Male",40,"40-44",2014,648,12,1754772,0.000369278743905191,125.872096176182,1.69914076014452,-0.142074217958772,56006011
"Northeast","Male",40,"40-44",2015,756,12,1696357,0.000445660907462285,124.60635816588,-0.684680652872487,1.06210397477298,56034684
"Northeast","Male",40,"40-44",2016,1067,12,1638625,0.000651155694560989,124.60635816588,-0.907436288035029,1.90920956550674,56042330
"Northeast","Male",40,"40-44",2017,1159,12,1613865,0.000718151766101873,124.60635816588,-0.863494230134961,-2.71904656347905,56059240
"Northeast","Male",40,"40-44",2018,1177,12,1613569,0.000729438902209946,124.60635816588,-0.302997954803857,-0.0212361157716003,56046620
"Northeast","Male",40,"40-44",2019,1278,12,1623495,0.000787190598061589,124.60635816588,0.342030849435545,0.167758805783961,55982803
"Northeast","Male",45,"45-49",2005,606,12,2102729,0.000288196909825279,125.771120400338,0.0392163002208562,0.0263865683319368,54598185
"Northeast","Male",45,"45-49",2006,725,12,2122361,0.000341600698467414,125.771120400338,-0.116796849015725,-0.0811040006760612,54710026
"Northeast","Male",45,"45-49",2007,633,12,2120979,0.000298447085048933,125.771120400338,-0.151773272696795,1.16585153847028,54879379
"Northeast","Male",45,"45-49",2008,688,12,2111776,0.000325792129468277,125.771120400338,0.464069363482404,-1.40431278068639,55060196
"Northeast","Male",45,"45-49",2009,618,12,2108106,0.000293154139307985,125.771120400338,-0.559609904358339,1.68615866265262,55283679
"Northeast","Male",45,"45-49",2010,613,12,2085175,0.00029398012157253,125.872096176182,0.250399134917629,0.146314253686235,55380134
"Northeast","Male",45,"45-49",2011,709,12,2043379,0.000346974300900616,125.872096176182,-2.98179070807511,1.3280482825167,55604223
"Northeast","Male",45,"45-49",2012,711,12,1997645,0.000355919094734049,125.872096176182,2.47129862918953,-4.31312093356184,55775216
"Northeast","Male",45,"45-49",2013,750,12,1946243,0.000385357840721842,125.872096176182,0.655100850451618,1.46479695364015,55901806
"Northeast","Male",45,"45-49",2014,779,12,1895254,0.000411026701434214,125.872096176182,1.69914076014452,-0.142074217958772,56006011
"Northeast","Male",45,"45-49",2015,874,12,1863214,0.000469081919736541,124.60635816588,-0.684680652872487,1.06210397477298,56034684
"Northeast","Male",45,"45-49",2016,1119,12,1840838,0.000607875326345936,124.60635816588,-0.907436288035029,1.90920956550674,56042330
"Northeast","Male",45,"45-49",2017,1267,12,1806718,0.00070127158748626,124.60635816588,-0.863494230134961,-2.71904656347905,56059240
"Northeast","Male",45,"45-49",2018,1262,12,1758848,0.000717515100793247,124.60635816588,-0.302997954803857,-0.0212361157716003,56046620
"Northeast","Male",45,"45-49",2019,1146,12,1704101,0.000672495350921101,124.60635816588,0.342030849435545,0.167758805783961,55982803
"Northeast","Male",50,"50-54",2005,429,12,1856327,0.000231101524677495,125.771120400338,0.0392163002208562,0.0263865683319368,54598185
"Northeast","Male",50,"50-54",2006,540,12,1895756,0.000284846784079808,125.771120400338,-0.116796849015725,-0.0811040006760612,54710026
"Northeast","Male",50,"50-54",2007,542,12,1942045,0.000279087250810357,125.771120400338,-0.151773272696795,1.16585153847028,54879379
"Northeast","Male",50,"50-54",2008,560,12,1990232,0.000281374231747857,125.771120400338,0.464069363482404,-1.40431278068639,55060196
"Northeast","Male",50,"50-54",2009,485,12,2028419,0.000239102473404164,125.771120400338,-0.559609904358339,1.68615866265262,55283679
"Northeast","Male",50,"50-54",2010,518,12,2059593,0.000251506001428438,125.872096176182,0.250399134917629,0.146314253686235,55380134
"Northeast","Male",50,"50-54",2011,633,12,2076348,0.000304862190731034,125.872096176182,-2.98179070807511,1.3280482825167,55604223
"Northeast","Male",50,"50-54",2012,703,12,2070597,0.000339515608300408,125.872096176182,2.47129862918953,-4.31312093356184,55775216
"Northeast","Male",50,"50-54",2013,713,12,2059697,0.000346167421713,125.872096176182,0.655100850451618,1.46479695364015,55901806
"Northeast","Male",50,"50-54",2014,778,12,2048398,0.000379809001961533,125.872096176182,1.69914076014452,-0.142074217958772,56006011
"Northeast","Male",50,"50-54",2015,896,12,2020242,0.000443511222912899,124.60635816588,-0.684680652872487,1.06210397477298,56034684
"Northeast","Male",50,"50-54",2016,1212,12,1974197,0.000613920495269722,124.60635816588,-0.907436288035029,1.90920956550674,56042330
"Northeast","Male",50,"50-54",2017,1413,12,1925350,0.00073389253901888,124.60635816588,-0.863494230134961,-2.71904656347905,56059240
"Northeast","Male",50,"50-54",2018,1226,12,1871813,0.000654979957933832,124.60635816588,-0.302997954803857,-0.0212361157716003,56046620
"Northeast","Male",50,"50-54",2019,1317,12,1820277,0.00072351625604235,124.60635816588,0.342030849435545,0.167758805783961,55982803
"South","Female",15,"15-19",2005,76,12,3755168,2.02387749363011e-05,109.11288991517,0.0803224629598199,0.0473991449783215,107411036
"South","Female",15,"15-19",2006,99,12,3829111,2.58545651980316e-05,109.11288991517,0.844165789508987,-1.0791602168847,108930843
"South","Female",15,"15-19",2007,96,12,3895881,2.46414097350509e-05,109.11288991517,-0.70380473604271,1.83713210407623,110573419
"South","Female",15,"15-19",2008,84,12,3943000,2.13035759573928e-05,109.11288991517,0.509731242693434,-1.25320762206405,112021022
"South","Female",15,"15-19",2009,77,12,3960040,1.94442480378986e-05,109.11288991517,-0.785201093870768,0.451063917619997,113317879
"South","Female",15,"15-19",2010,107,12,3932166,2.72114656400569e-05,109.353100482642,0.845943519749667,0.533433528433129,114866680
"South","Female",15,"15-19",2011,101,12,3868859,2.61058880667401e-05,109.353100482642,-4.76288261584156,3.27108356649789,116006522
"South","Female",15,"15-19",2012,66,12,3833886,1.72149093635022e-05,109.353100482642,3.0535838456337,-4.61037832480596,117241208
"South","Female",15,"15-19",2013,69,12,3828199,1.80241413782303e-05,109.353100482642,0.514617108699269,0.92826368518525,118364400
"South","Female",15,"15-19",2014,74,12,3836082,1.92905156876209e-05,109.353100482642,3.33254631658437,0.217415707658539,119624037
"South","Female",15,"15-19",2015,94,12,3878546,2.42358863347244e-05,110.532651392005,-0.610919066586987,0.77193310236084,120997341
"South","Female",15,"15-19",2016,117,12,3924044,2.98161794312194e-05,110.532651392005,-0.170696698190355,0.500086591845701,122351760
"South","Female",15,"15-19",2017,107,12,3945485,2.71196063348359e-05,110.532651392005,-1.44676045252743,0.103453677669997,123542189
"South","Female",15,"15-19",2018,94,12,3959077,2.37429077534991e-05,110.532651392005,1.04639566328855,-1.02147989757838,124569433
"South","Female",15,"15-19",2019,106,12,3972572,2.66829650916333e-05,110.532651392005,-0.942399543903406,0.65694406044706,125580448
"South","Female",20,"20-24",2005,226,12,3768141,5.99765242330369e-05,109.11288991517,0.0803224629598199,0.0473991449783215,107411036
"South","Female",20,"20-24",2006,265,12,3772372,7.02475789768347e-05,109.11288991517,0.844165789508987,-1.0791602168847,108930843
"South","Female",20,"20-24",2007,302,12,3800421,7.94648803382573e-05,109.11288991517,-0.70380473604271,1.83713210407623,110573419
"South","Female",20,"20-24",2008,265,12,3834281,6.91133487608237e-05,109.11288991517,0.509731242693434,-1.25320762206405,112021022
"South","Female",20,"20-24",2009,281,12,3885583,7.23186198827821e-05,109.11288991517,-0.785201093870768,0.451063917619997,113317879
"South","Female",20,"20-24",2010,301,12,3961818,7.59752214766049e-05,109.353100482642,0.845943519749667,0.533433528433129,114866680
"South","Female",20,"20-24",2011,279,12,4062584,6.86755030788287e-05,109.353100482642,-4.76288261584156,3.27108356649789,116006522
"South","Female",20,"20-24",2012,269,12,4144881,6.48993300410796e-05,109.353100482642,3.0535838456337,-4.61037832480596,117241208
"South","Female",20,"20-24",2013,286,12,4178462,6.84462369168369e-05,109.353100482642,0.514617108699269,0.92826368518525,118364400
"South","Female",20,"20-24",2014,278,12,4182829,6.64621958009758e-05,109.353100482642,3.33254631658437,0.217415707658539,119624037
"South","Female",20,"20-24",2015,328,12,4137985,7.92656329107041e-05,110.532651392005,-0.610919066586987,0.77193310236084,120997341
"South","Female",20,"20-24",2016,399,12,4075997,9.78901603705793e-05,110.532651392005,-0.170696698190355,0.500086591845701,122351760
"South","Female",20,"20-24",2017,506,12,4035498,0.000125387250842399,110.532651392005,-1.44676045252743,0.103453677669997,123542189
"South","Female",20,"20-24",2018,405,12,4015785,0.000100852012744706,110.532651392005,1.04639566328855,-1.02147989757838,124569433
"South","Female",20,"20-24",2019,396,12,4010458,9.87418394607299e-05,110.532651392005,-0.942399543903406,0.65694406044706,125580448
"South","Female",25,"25-29",2005,307,12,3577385,8.58168746165146e-05,109.11288991517,0.0803224629598199,0.0473991449783215,107411036
"South","Female",25,"25-29",2006,390,12,3714081,0.000105005787434361,109.11288991517,0.844165789508987,-1.0791602168847,108930843
"South","Female",25,"25-29",2007,435,12,3809173,0.000114198016209818,109.11288991517,-0.70380473604271,1.83713210407623,110573419
"South","Female",25,"25-29",2008,417,12,3874861,0.00010761676354326,109.11288991517,0.509731242693434,-1.25320762206405,112021022
"South","Female",25,"25-29",2009,436,12,3908162,0.000111561393821443,109.11288991517,-0.785201093870768,0.451063917619997,113317879
"South","Female",25,"25-29",2010,462,12,3915936,0.000117979456252605,109.353100482642,0.845943519749667,0.533433528433129,114866680
"South","Female",25,"25-29",2011,469,12,3939939,0.000119037375959374,109.353100482642,-4.76288261584156,3.27108356649789,116006522
"South","Female",25,"25-29",2012,473,12,3964080,0.000119321507134064,109.353100482642,3.0535838456337,-4.61037832480596,117241208
"South","Female",25,"25-29",2013,460,12,3998165,0.000115052780463037,109.353100482642,0.514617108699269,0.92826368518525,118364400
"South","Female",25,"25-29",2014,481,12,4079311,0.000117912068974393,109.353100482642,3.33254631658437,0.217415707658539,119624037
"South","Female",25,"25-29",2015,539,12,4184137,0.000128819873727844,110.532651392005,-0.610919066586987,0.77193310236084,120997341
"South","Female",25,"25-29",2016,777,12,4294660,0.00018092235473821,110.532651392005,-0.170696698190355,0.500086591845701,122351760
"South","Female",25,"25-29",2017,885,12,4371249,0.000202459297102499,110.532651392005,-1.44676045252743,0.103453677669997,123542189
"South","Female",25,"25-29",2018,788,12,4397816,0.000179179847451553,110.532651392005,1.04639566328855,-1.02147989757838,124569433
"South","Female",25,"25-29",2019,787,12,4389441,0.000179293900977368,110.532651392005,-0.942399543903406,0.65694406044706,125580448
"South","Female",30,"30-34",2005,398,12,3653293,0.000108942808583927,109.11288991517,0.0803224629598199,0.0473991449783215,107411036
"South","Female",30,"30-34",2006,434,12,3586250,0.000121017776228651,109.11288991517,0.844165789508987,-1.0791602168847,108930843
"South","Female",30,"30-34",2007,468,12,3574090,0.000130942421707344,109.11288991517,-0.70380473604271,1.83713210407623,110573419
"South","Female",30,"30-34",2008,460,12,3601694,0.00012771767951414,109.11288991517,0.509731242693434,-1.25320762206405,112021022
"South","Female",30,"30-34",2009,499,12,3671079,0.00013592733907388,109.11288991517,-0.785201093870768,0.451063917619997,113317879
"South","Female",30,"30-34",2010,569,12,3763978,0.000151169852746217,109.353100482642,0.845943519749667,0.533433528433129,114866680
"South","Female",30,"30-34",2011,604,12,3853262,0.000156750306623323,109.353100482642,-4.76288261584156,3.27108356649789,116006522
"South","Female",30,"30-34",2012,635,12,3929995,0.000161577813712231,109.353100482642,3.0535838456337,-4.61037832480596,117241208
"South","Female",30,"30-34",2013,605,12,3998345,0.000151312605590563,109.353100482642,0.514617108699269,0.92826368518525,118364400
"South","Female",30,"30-34",2014,676,12,4046811,0.000167045112806108,109.353100482642,3.33254631658437,0.217415707658539,119624037
"South","Female",30,"30-34",2015,758,12,4075612,0.000185984338057695,110.532651392005,-0.610919066586987,0.77193310236084,120997341
"South","Female",30,"30-34",2016,899,12,4108565,0.000218811190768553,110.532651392005,-0.170696698190355,0.500086591845701,122351760
"South","Female",30,"30-34",2017,1027,12,4131075,0.000248603571709543,110.532651392005,-1.44676045252743,0.103453677669997,123542189
"South","Female",30,"30-34",2018,1029,12,4161210,0.000247283842920689,110.532651392005,1.04639566328855,-1.02147989757838,124569433
"South","Female",30,"30-34",2019,1075,12,4232006,0.000254016653095482,110.532651392005,-0.942399543903406,0.65694406044706,125580448
"South","Female",35,"35-39",2005,566,12,3793434,0.000149205179265014,109.11288991517,0.0803224629598199,0.0473991449783215,107411036
"South","Female",35,"35-39",2006,607,12,3855089,0.000157454211822347,109.11288991517,0.844165789508987,-1.0791602168847,108930843
"South","Female",35,"35-39",2007,635,12,3904765,0.00016262182231197,109.11288991517,-0.70380473604271,1.83713210407623,110573419
"South","Female",35,"35-39",2008,633,12,3919659,0.000161493640135532,109.11288991517,0.509731242693434,-1.25320762206405,112021022
"South","Female",35,"35-39",2009,633,12,3894038,0.000162556194880481,109.11288991517,-0.785201093870768,0.451063917619997,113317879
"South","Female",35,"35-39",2010,674,12,3838899,0.000175571172880558,109.353100482642,0.845943519749667,0.533433528433129,114866680
"South","Female",35,"35-39",2011,680,12,3753460,0.000181166177340374,109.353100482642,-4.76288261584156,3.27108356649789,116006522
"South","Female",35,"35-39",2012,654,12,3734481,0.000175124736208325,109.353100482642,3.0535838456337,-4.61037832480596,117241208
"South","Female",35,"35-39",2013,697,12,3749953,0.000185868996224753,109.353100482642,0.514617108699269,0.92826368518525,118364400
"South","Female",35,"35-39",2014,736,12,3802225,0.000193570869688143,109.353100482642,3.33254631658437,0.217415707658539,119624037
"South","Female",35,"35-39",2015,809,12,3890969,0.000207917359403275,110.532651392005,-0.610919066586987,0.77193310236084,120997341
"South","Female",35,"35-39",2016,1047,12,3991757,0.000262290515179155,110.532651392005,-0.170696698190355,0.500086591845701,122351760
"South","Female",35,"35-39",2017,1150,12,4069286,0.000282604859918914,110.532651392005,-1.44676045252743,0.103453677669997,123542189
"South","Female",35,"35-39",2018,1096,12,4141031,0.000264668388138123,110.532651392005,1.04639566328855,-1.02147989757838,124569433
"South","Female",35,"35-39",2019,1149,12,4184976,0.000274553545826786,110.532651392005,-0.942399543903406,0.65694406044706,125580448
"South","Female",40,"40-44",2005,815,12,4168623,0.000195508204987594,109.11288991517,0.0803224629598199,0.0473991449783215,107411036
"South","Female",40,"40-44",2006,902,12,4120335,0.00021891423876942,109.11288991517,0.844165789508987,-1.0791602168847,108930843
"South","Female",40,"40-44",2007,858,12,4057632,0.000211453379705207,109.11288991517,-0.70380473604271,1.83713210407623,110573419
"South","Female",40,"40-44",2008,881,12,3985002,0.000221078935468539,109.11288991517,0.509731242693434,-1.25320762206405,112021022
"South","Female",40,"40-44",2009,798,12,3920263,0.000203557771506657,109.11288991517,-0.785201093870768,0.451063917619997,113317879
"South","Female",40,"40-44",2010,783,12,3917683,0.000199863031286605,109.353100482642,0.845943519749667,0.533433528433129,114866680
"South","Female",40,"40-44",2011,872,12,3971924,0.00021954095798409,109.353100482642,-4.76288261584156,3.27108356649789,116006522
"South","Female",40,"40-44",2012,816,12,4006595,0.000203664208636011,109.353100482642,3.0535838456337,-4.61037832480596,117241208
"South","Female",40,"40-44",2013,817,12,4009321,0.000203775152949839,109.353100482642,0.514617108699269,0.92826368518525,118364400
"South","Female",40,"40-44",2014,914,12,3981629,0.000229554285444475,109.353100482642,3.33254631658437,0.217415707658539,119624037
"South","Female",40,"40-44",2015,940,12,3930556,0.000239151916420985,110.532651392005,-0.610919066586987,0.77193310236084,120997341
"South","Female",40,"40-44",2016,983,12,3854208,0.000255045913453555,110.532651392005,-0.170696698190355,0.500086591845701,122351760
"South","Female",40,"40-44",2017,1004,12,3839455,0.000261495446619377,110.532651392005,-1.44676045252743,0.103453677669997,123542189
"South","Female",40,"40-44",2018,970,12,3857380,0.00025146602097797,110.532651392005,1.04639566328855,-1.02147989757838,124569433
"South","Female",40,"40-44",2019,975,12,3905854,0.000249625306015023,110.532651392005,-0.942399543903406,0.65694406044706,125580448
"South","Female",45,"45-49",2005,867,12,4083357,0.000212325299992139,109.11288991517,0.0803224629598199,0.0473991449783215,107411036
"South","Female",45,"45-49",2006,951,12,4156301,0.000228809222431195,109.11288991517,0.844165789508987,-1.0791602168847,108930843
"South","Female",45,"45-49",2007,1040,12,4194310,0.000247954967563199,109.11288991517,-0.70380473604271,1.83713210407623,110573419
"South","Female",45,"45-49",2008,1118,12,4228586,0.000264390980814863,109.11288991517,0.509731242693434,-1.25320762206405,112021022
"South","Female",45,"45-49",2009,1153,12,4264572,0.000270367108352257,109.11288991517,-0.785201093870768,0.451063917619997,113317879
"South","Female",45,"45-49",2010,1068,12,4250120,0.000251287022484071,109.353100482642,0.845943519749667,0.533433528433129,114866680
"South","Female",45,"45-49",2011,1157,12,4178539,0.000276891037752669,109.353100482642,-4.76288261584156,3.27108356649789,116006522
"South","Female",45,"45-49",2012,1117,12,4104244,0.000272157308386149,109.353100482642,3.0535838456337,-4.61037832480596,117241208
"South","Female",45,"45-49",2013,1009,12,4023953,0.000250748455560987,109.353100482642,0.514617108699269,0.92826368518525,118364400
"South","Female",45,"45-49",2014,1008,12,3961495,0.000254449393473928,109.353100482642,3.33254631658437,0.217415707658539,119624037
"South","Female",45,"45-49",2015,1037,12,3969096,0.000261268560901525,110.532651392005,-0.610919066586987,0.77193310236084,120997341
"South","Female",45,"45-49",2016,1122,12,4032754,0.000278221780946718,110.532651392005,-0.170696698190355,0.500086591845701,122351760
"South","Female",45,"45-49",2017,1163,12,4070669,0.000285702423852197,110.532651392005,-1.44676045252743,0.103453677669997,123542189
"South","Female",45,"45-49",2018,1058,12,4076015,0.000259567248893834,110.532651392005,1.04639566328855,-1.02147989757838,124569433
"South","Female",45,"45-49",2019,1047,12,4048026,0.000258644583804551,110.532651392005,-0.942399543903406,0.65694406044706,125580448
"South","Female",50,"50-54",2005,599,12,3695502,0.000162088939472905,109.11288991517,0.0803224629598199,0.0473991449783215,107411036
"South","Female",50,"50-54",2006,723,12,3795460,0.000190490744204919,109.11288991517,0.844165789508987,-1.0791602168847,108930843
"South","Female",50,"50-54",2007,806,12,3914870,0.000205881676786202,109.11288991517,-0.70380473604271,1.83713210407623,110573419
"South","Female",50,"50-54",2008,831,12,4013730,0.00020703933747412,109.11288991517,0.509731242693434,-1.25320762206405,112021022
"South","Female",50,"50-54",2009,948,12,4088030,0.000231896536962791,109.11288991517,-0.785201093870768,0.451063917619997,113317879
"South","Female",50,"50-54",2010,1015,12,4161609,0.000243896050782282,109.353100482642,0.845943519749667,0.533433528433129,114866680
"South","Female",50,"50-54",2011,1083,12,4213051,0.000257058364591361,109.353100482642,-4.76288261584156,3.27108356649789,116006522
"South","Female",50,"50-54",2012,1108,12,4233713,0.00026170881209945,109.353100482642,3.0535838456337,-4.61037832480596,117241208
"South","Female",50,"50-54",2013,1102,12,4254754,0.000259004398374148,109.353100482642,0.514617108699269,0.92826368518525,118364400
"South","Female",50,"50-54",2014,1127,12,4276867,0.000263510649267326,109.353100482642,3.33254631658437,0.217415707658539,119624037
"South","Female",50,"50-54",2015,1183,12,4258988,0.000277765516127305,110.532651392005,-0.610919066586987,0.77193310236084,120997341
"South","Female",50,"50-54",2016,1264,12,4198295,0.000301074602904274,110.532651392005,-0.170696698190355,0.500086591845701,122351760
"South","Female",50,"50-54",2017,1262,12,4127672,0.000305741347665221,110.532651392005,-1.44676045252743,0.103453677669997,123542189
"South","Female",50,"50-54",2018,1145,12,4053243,0.000282489848252375,110.532651392005,1.04639566328855,-1.02147989757838,124569433
"South","Female",50,"50-54",2019,1083,12,3991435,0.000271330987476935,110.532651392005,-0.942399543903406,0.65694406044706,125580448
"South","Male",15,"15-19",2005,282,12,3973458,7.09709275900236e-05,109.11288991517,0.0803224629598199,0.0473991449783215,107411036
"South","Male",15,"15-19",2006,305,12,4043745,7.5425131901245e-05,109.11288991517,0.844165789508987,-1.0791602168847,108930843
"South","Male",15,"15-19",2007,311,12,4106876,7.57266593878169e-05,109.11288991517,-0.70380473604271,1.83713210407623,110573419
"South","Male",15,"15-19",2008,314,12,4149412,7.56733725163951e-05,109.11288991517,0.509731242693434,-1.25320762206405,112021022
"South","Male",15,"15-19",2009,244,12,4160638,5.86448520635537e-05,109.11288991517,-0.785201093870768,0.451063917619997,113317879
"South","Male",15,"15-19",2010,224,12,4136826,5.41477935015879e-05,109.353100482642,0.845943519749667,0.533433528433129,114866680
"South","Male",15,"15-19",2011,239,12,4086068,5.84914396921441e-05,109.353100482642,-4.76288261584156,3.27108356649789,116006522
"South","Male",15,"15-19",2012,168,12,4045388,4.15287730126257e-05,109.353100482642,3.0535838456337,-4.61037832480596,117241208
"South","Male",15,"15-19",2013,149,12,4027554,3.69951588482737e-05,109.353100482642,0.514617108699269,0.92826368518525,118364400
"South","Male",15,"15-19",2014,128,12,4025048,3.18008629959196e-05,109.353100482642,3.33254631658437,0.217415707658539,119624037
"South","Male",15,"15-19",2015,178,12,4061348,4.38278128345564e-05,110.532651392005,-0.610919066586987,0.77193310236084,120997341
"South","Male",15,"15-19",2016,211,12,4100033,5.14630004197527e-05,110.532651392005,-0.170696698190355,0.500086591845701,122351760
"South","Male",15,"15-19",2017,179,12,4117984,4.34678716575878e-05,110.532651392005,-1.44676045252743,0.103453677669997,123542189
"South","Male",15,"15-19",2018,151,12,4124788,3.66079420324148e-05,110.532651392005,1.04639566328855,-1.02147989757838,124569433
"South","Male",15,"15-19",2019,166,12,4133515,4.01595252466726e-05,110.532651392005,-0.942399543903406,0.65694406044706,125580448
"South","Male",20,"20-24",2005,716,12,3932999,0.000182049372501747,109.11288991517,0.0803224629598199,0.0473991449783215,107411036
"South","Male",20,"20-24",2006,928,12,3963297,0.000234148487988662,109.11288991517,0.844165789508987,-1.0791602168847,108930843
"South","Male",20,"20-24",2007,835,12,3981278,0.000209731648983065,109.11288991517,-0.70380473604271,1.83713210407623,110573419
"South","Male",20,"20-24",2008,823,12,3989610,0.000206285827436767,109.11288991517,0.509731242693434,-1.25320762206405,112021022
"South","Male",20,"20-24",2009,791,12,4028706,0.000196340959106969,109.11288991517,-0.785201093870768,0.451063917619997,113317879
"South","Male",20,"20-24",2010,760,12,4095979,0.000185547826295008,109.353100482642,0.845943519749667,0.533433528433129,114866680
"South","Male",20,"20-24",2011,783,12,4192923,0.000186743233777487,109.353100482642,-4.76288261584156,3.27108356649789,116006522
"South","Male",20,"20-24",2012,726,12,4298705,0.000168888072105436,109.353100482642,3.0535838456337,-4.61037832480596,117241208
"South","Male",20,"20-24",2013,686,12,4361889,0.000157271310663797,109.353100482642,0.514617108699269,0.92826368518525,118364400
"South","Male",20,"20-24",2014,799,12,4385220,0.000182202945348238,109.353100482642,3.33254631658437,0.217415707658539,119624037
"South","Male",20,"20-24",2015,845,12,4364948,0.000193587644113973,110.532651392005,-0.610919066586987,0.77193310236084,120997341
"South","Male",20,"20-24",2016,1134,12,4308724,0.00026318696672147,110.532651392005,-0.170696698190355,0.500086591845701,122351760
"South","Male",20,"20-24",2017,1125,12,4257341,0.000264249445839551,110.532651392005,-1.44676045252743,0.103453677669997,123542189
"South","Male",20,"20-24",2018,973,12,4219626,0.000230589156479745,110.532651392005,1.04639566328855,-1.02147989757838,124569433
"South","Male",20,"20-24",2019,1002,12,4204110,0.0002383381976209,110.532651392005,-0.942399543903406,0.65694406044706,125580448
"South","Male",25,"25-29",2005,816,12,3569795,0.000228584554575263,109.11288991517,0.0803224629598199,0.0473991449783215,107411036
"South","Male",25,"25-29",2006,1029,12,3686213,0.000279148274936907,109.11288991517,0.844165789508987,-1.0791602168847,108930843
"South","Male",25,"25-29",2007,1078,12,3779080,0.000285254612233665,109.11288991517,-0.70380473604271,1.83713210407623,110573419
"South","Male",25,"25-29",2008,1030,12,3860481,0.000266806131153087,109.11288991517,0.509731242693434,-1.25320762206405,112021022
"South","Male",25,"25-29",2009,1058,12,3913684,0.000270333527183084,109.11288991517,-0.785201093870768,0.451063917619997,113317879
"South","Male",25,"25-29",2010,1125,12,3939257,0.000285586850515211,109.353100482642,0.845943519749667,0.533433528433129,114866680
"South","Male",25,"25-29",2011,1146,12,3971562,0.00028855145658056,109.353100482642,-4.76288261584156,3.27108356649789,116006522
"South","Male",25,"25-29",2012,990,12,4010139,0.000246874235531487,109.353100482642,3.0535838456337,-4.61037832480596,117241208
"South","Male",25,"25-29",2013,1005,12,4052692,0.000247983315781214,109.353100482642,0.514617108699269,0.92826368518525,118364400
"South","Male",25,"25-29",2014,1150,12,4140737,0.000277728336767102,109.353100482642,3.33254631658437,0.217415707658539,119624037
"South","Male",25,"25-29",2015,1429,12,4248951,0.000336318305388789,110.532651392005,-0.610919066586987,0.77193310236084,120997341
"South","Male",25,"25-29",2016,1877,12,4362461,0.000430261726122021,110.532651392005,-0.170696698190355,0.500086591845701,122351760
"South","Male",25,"25-29",2017,2074,12,4453362,0.000465715565004597,110.532651392005,-1.44676045252743,0.103453677669997,123542189
"South","Male",25,"25-29",2018,1876,12,4498529,0.000417025209796358,110.532651392005,1.04639566328855,-1.02147989757838,124569433
"South","Male",25,"25-29",2019,1954,12,4507475,0.000433502127022335,110.532651392005,-0.942399543903406,0.65694406044706,125580448
"South","Male",30,"30-34",2005,846,12,3631619,0.000232953952493365,109.11288991517,0.0803224629598199,0.0473991449783215,107411036
"South","Male",30,"30-34",2006,875,12,3569922,0.0002451033944159,109.11288991517,0.844165789508987,-1.0791602168847,108930843
"South","Male",30,"30-34",2007,949,12,3552633,0.000267125819075598,109.11288991517,-0.70380473604271,1.83713210407623,110573419
"South","Male",30,"30-34",2008,925,12,3577180,0.000258583577007587,109.11288991517,0.509731242693434,-1.25320762206405,112021022
"South","Male",30,"30-34",2009,1009,12,3639703,0.000277220421556374,109.11288991517,-0.785201093870768,0.451063917619997,113317879
"South","Male",30,"30-34",2010,1081,12,3729809,0.000289827173455799,109.353100482642,0.845943519749667,0.533433528433129,114866680
"South","Male",30,"30-34",2011,1176,12,3816089,0.000308168913251237,109.353100482642,-4.76288261584156,3.27108356649789,116006522
"South","Male",30,"30-34",2012,1081,12,3896248,0.000277446404848973,109.353100482642,3.0535838456337,-4.61037832480596,117241208
"South","Male",30,"30-34",2013,1196,12,3966074,0.000301557661304353,109.353100482642,0.514617108699269,0.92826368518525,118364400
"South","Male",30,"30-34",2014,1368,12,4015362,0.000340691574010015,109.353100482642,3.33254631658437,0.217415707658539,119624037
"South","Male",30,"30-34",2015,1543,12,4049381,0.000381045893187132,110.532651392005,-0.610919066586987,0.77193310236084,120997341
"South","Male",30,"30-34",2016,2076,12,4095509,0.00050689670075197,110.532651392005,-0.170696698190355,0.500086591845701,122351760
"South","Male",30,"30-34",2017,2394,12,4130054,0.000579653437945363,110.532651392005,-1.44676045252743,0.103453677669997,123542189
"South","Male",30,"30-34",2018,2252,12,4166659,0.00054048099448503,110.532651392005,1.04639566328855,-1.02147989757838,124569433
"South","Male",30,"30-34",2019,2407,12,4243402,0.000567233554586627,110.532651392005,-0.942399543903406,0.65694406044706,125580448
"South","Male",35,"35-39",2005,981,12,3745109,0.000261941641751949,109.11288991517,0.0803224629598199,0.0473991449783215,107411036
"South","Male",35,"35-39",2006,1041,12,3798853,0.000274030082237981,109.11288991517,0.844165789508987,-1.0791602168847,108930843
"South","Male",35,"35-39",2007,1068,12,3845126,0.000277754227039634,109.11288991517,-0.70380473604271,1.83713210407623,110573419
"South","Male",35,"35-39",2008,1002,12,3851885,0.000260132376745412,109.11288991517,0.509731242693434,-1.25320762206405,112021022
"South","Male",35,"35-39",2009,1015,12,3819929,0.000265711744904159,109.11288991517,-0.785201093870768,0.451063917619997,113317879
"South","Male",35,"35-39",2010,1057,12,3756369,0.00028138875600347,109.353100482642,0.845943519749667,0.533433528433129,114866680
"South","Male",35,"35-39",2011,1046,12,3671534,0.000284894542717022,109.353100482642,-4.76288261584156,3.27108356649789,116006522
"South","Male",35,"35-39",2012,1044,12,3650790,0.000285965503356808,109.353100482642,3.0535838456337,-4.61037832480596,117241208
"South","Male",35,"35-39",2013,1054,12,3669905,0.000287200894846052,109.353100482642,0.514617108699269,0.92826368518525,118364400
"South","Male",35,"35-39",2014,1186,12,3724867,0.000318400630143304,109.353100482642,3.33254631658437,0.217415707658539,119624037
"South","Male",35,"35-39",2015,1490,12,3818809,0.000390174004512925,110.532651392005,-0.610919066586987,0.77193310236084,120997341
"South","Male",35,"35-39",2016,1953,12,3918651,0.000498385796540697,110.532651392005,-0.170696698190355,0.500086591845701,122351760
"South","Male",35,"35-39",2017,2324,12,3998530,0.000581213595996529,110.532651392005,-1.44676045252743,0.103453677669997,123542189
"South","Male",35,"35-39",2018,2309,12,4068269,0.000567563256018715,110.532651392005,1.04639566328855,-1.02147989757838,124569433
"South","Male",35,"35-39",2019,2545,12,4111033,0.000619065816304564,110.532651392005,-0.942399543903406,0.65694406044706,125580448
"South","Male",40,"40-44",2005,1289,12,4051020,0.000318191467827856,109.11288991517,0.0803224629598199,0.0473991449783215,107411036
"South","Male",40,"40-44",2006,1350,12,4012222,0.000336471910078754,109.11288991517,0.844165789508987,-1.0791602168847,108930843
"South","Male",40,"40-44",2007,1284,12,3955369,0.000324622051697326,109.11288991517,-0.70380473604271,1.83713210407623,110573419
"South","Male",40,"40-44",2008,1162,12,3893948,0.000298411791836974,109.11288991517,0.509731242693434,-1.25320762206405,112021022
"South","Male",40,"40-44",2009,1167,12,3839558,0.000303941234902559,109.11288991517,-0.785201093870768,0.451063917619997,113317879
"South","Male",40,"40-44",2010,1106,12,3842845,0.000287807600879036,109.353100482642,0.845943519749667,0.533433528433129,114866680
"South","Male",40,"40-44",2011,1178,12,3886582,0.000303094081123208,109.353100482642,-4.76288261584156,3.27108356649789,116006522
"South","Male",40,"40-44",2012,1103,12,3914913,0.000281743170282456,109.353100482642,3.0535838456337,-4.61037832480596,117241208
"South","Male",40,"40-44",2013,1135,12,3906391,0.000290549512324803,109.353100482642,0.514617108699269,0.92826368518525,118364400
"South","Male",40,"40-44",2014,1185,12,3870909,0.000306129645517371,109.353100482642,3.33254631658437,0.217415707658539,119624037
"South","Male",40,"40-44",2015,1353,12,3816434,0.000354519428345938,110.532651392005,-0.610919066586987,0.77193310236084,120997341
"South","Male",40,"40-44",2016,1625,12,3741884,0.00043427321637977,110.532651392005,-0.170696698190355,0.500086591845701,122351760
"South","Male",40,"40-44",2017,1787,12,3723246,0.000479957542424003,110.532651392005,-1.44676045252743,0.103453677669997,123542189
"South","Male",40,"40-44",2018,1931,12,3743222,0.000515865743469129,110.532651392005,1.04639566328855,-1.02147989757838,124569433
"South","Male",40,"40-44",2019,2132,12,3792234,0.000562201594099942,110.532651392005,-0.942399543903406,0.65694406044706,125580448
"South","Male",45,"45-49",2005,1234,12,3939037,0.000313274538929185,109.11288991517,0.0803224629598199,0.0473991449783215,107411036
"South","Male",45,"45-49",2006,1385,12,4015135,0.000344944815056032,109.11288991517,0.844165789508987,-1.0791602168847,108930843
"South","Male",45,"45-49",2007,1423,12,4055628,0.000350870444725207,109.11288991517,-0.70380473604271,1.83713210407623,110573419
"South","Male",45,"45-49",2008,1373,12,4086674,0.00033597003333273,109.11288991517,0.509731242693434,-1.25320762206405,112021022
"South","Male",45,"45-49",2009,1467,12,4121492,0.000355939062844232,109.11288991517,-0.785201093870768,0.451063917619997,113317879
"South","Male",45,"45-49",2010,1378,12,4109777,0.000335297997920568,109.353100482642,0.845943519749667,0.533433528433129,114866680
"South","Male",45,"45-49",2011,1350,12,4046883,0.000333590074138541,109.353100482642,-4.76288261584156,3.27108356649789,116006522
"South","Male",45,"45-49",2012,1315,12,3976730,0.000330673694216102,109.353100482642,3.0535838456337,-4.61037832480596,117241208
"South","Male",45,"45-49",2013,1170,12,3902849,0.000299781006131675,109.353100482642,0.514617108699269,0.92826368518525,118364400
"South","Male",45,"45-49",2014,1290,12,3846658,0.000335356041530076,109.353100482642,3.33254631658437,0.217415707658539,119624037
"South","Male",45,"45-49",2015,1426,12,3856144,0.000369799468069657,110.532651392005,-0.610919066586987,0.77193310236084,120997341
"South","Male",45,"45-49",2016,1727,12,3910702,0.000441608693272972,110.532651392005,-0.170696698190355,0.500086591845701,122351760
"South","Male",45,"45-49",2017,1984,12,3942294,0.000503260284494256,110.532651392005,-1.44676045252743,0.103453677669997,123542189
"South","Male",45,"45-49",2018,1822,12,3936134,0.000462890745081341,110.532651392005,1.04639566328855,-1.02147989757838,124569433
"South","Male",45,"45-49",2019,1955,12,3899502,0.000501346069318595,110.532651392005,-0.942399543903406,0.65694406044706,125580448
"South","Male",50,"50-54",2005,832,12,3482759,0.000238891063091072,109.11288991517,0.0803224629598199,0.0473991449783215,107411036
"South","Male",50,"50-54",2006,1085,12,3580265,0.000303050193211955,109.11288991517,0.844165789508987,-1.0791602168847,108930843
"South","Male",50,"50-54",2007,1049,12,3698135,0.000283656491718123,109.11288991517,-0.70380473604271,1.83713210407623,110573419
"South","Male",50,"50-54",2008,1163,12,3800662,0.000305999323275787,109.11288991517,0.509731242693434,-1.25320762206405,112021022
"South","Male",50,"50-54",2009,1209,12,3878057,0.00031175405621939,109.11288991517,-0.785201093870768,0.451063917619997,113317879
"South","Male",50,"50-54",2010,1259,12,3956329,0.000318224293277935,109.353100482642,0.845943519749667,0.533433528433129,114866680
"South","Male",50,"50-54",2011,1304,12,4010635,0.000325135545867425,109.353100482642,-4.76288261584156,3.27108356649789,116006522
"South","Male",50,"50-54",2012,1286,12,4034585,0.000318744059178329,109.353100482642,3.0535838456337,-4.61037832480596,117241208
"South","Male",50,"50-54",2013,1335,12,4055130,0.000329212626968802,109.353100482642,0.514617108699269,0.92826368518525,118364400
"South","Male",50,"50-54",2014,1370,12,4076857,0.000336043182284785,109.353100482642,3.33254631658437,0.217415707658539,119624037
"South","Male",50,"50-54",2015,1434,12,4060856,0.00035312751794203,110.532651392005,-0.610919066586987,0.77193310236084,120997341
"South","Male",50,"50-54",2016,1805,12,4008931,0.000450244716110105,110.532651392005,-0.170696698190355,0.500086591845701,122351760
"South","Male",50,"50-54",2017,1911,12,3945416,0.000484359570701797,110.532651392005,-1.44676045252743,0.103453677669997,123542189
"South","Male",50,"50-54",2018,1859,12,3878132,0.00047935449334886,110.532651392005,1.04639566328855,-1.02147989757838,124569433
"South","Male",50,"50-54",2019,1935,12,3824078,0.000506004323133576,110.532651392005,-0.942399543903406,0.65694406044706,125580448
"West","Female",15,"15-19",2005,47,12,2421921,1.94060830225263e-05,122.445737001807,0.0826142877566536,0.0559450454978701,67937509
"West","Female",15,"15-19",2006,50,12,2474448,2.02065268698312e-05,122.445737001807,0.030326826630744,-1.91263676855671,68870285
"West","Female",15,"15-19",2007,53,12,2518255,2.10463197730174e-05,122.445737001807,1.12206802324735,0.439895161621223,69767850
"West","Female",15,"15-19",2008,62,12,2546948,2.43428605531012e-05,122.445737001807,-0.629351922357444,-1.54088928339579,70698031
"West","Female",15,"15-19",2009,70,12,2557446,2.73710569059914e-05,122.445737001807,0.309845791435464,0.119937376596923,71568081
"West","Female",15,"15-19",2010,64,12,2537862,2.52180772634603e-05,119.580402504336,-0.279242974657365,-0.00587714305677167,72100436
"West","Female",15,"15-19",2011,56,12,2489768,2.24920554846877e-05,119.580402504336,-1.9595131040123,3.18760832568422,72788329
"West","Female",15,"15-19",2012,51,12,2459754,2.07337806951427e-05,119.580402504336,-1.49105511732687,-1.63351013178319,73477823
"West","Female",15,"15-19",2013,53,12,2440298,2.17186589506691e-05,119.580402504336,2.45686418252815,0.14285912679,74167130
"West","Female",15,"15-19",2014,58,12,2426102,2.39066617974018e-05,119.580402504336,3.83465941048325,-1.19935270799021,74925793
"West","Female",15,"15-19",2015,62,12,2428013,2.55352833778073e-05,123.613208312933,2.5430362570753,-0.166312056778686,75742555
"West","Female",15,"15-19",2016,62,12,2434517,2.54670638980956e-05,123.613208312933,0.601958985086895,0.504855085627668,76559681
"West","Female",15,"15-19",2017,59,12,2429846,2.42813742105467e-05,123.613208312933,-0.13244801878605,1.66739845773419,77257329
"West","Female",15,"15-19",2018,75,12,2433811,3.08158686109973e-05,123.613208312933,-0.427680200288421,-2.18181553327614,77834820
"West","Female",15,"15-19",2019,79,12,2440879,3.23653896813402e-05,123.613208312933,-0.985994814637365,0.0677405610248627,78347268
"West","Female",20,"20-24",2005,112,12,2401653,4.66345471223362e-05,122.445737001807,0.0826142877566536,0.0559450454978701,67937509
"West","Female",20,"20-24",2006,119,12,2406144,4.94567241195872e-05,122.445737001807,0.030326826630744,-1.91263676855671,68870285
"West","Female",20,"20-24",2007,152,12,2412141,6.3014558435846e-05,122.445737001807,1.12206802324735,0.439895161621223,69767850
"West","Female",20,"20-24",2008,115,12,2436916,4.71907936096279e-05,122.445737001807,-0.629351922357444,-1.54088928339579,70698031
"West","Female",20,"20-24",2009,145,12,2467047,5.87747213571529e-05,122.445737001807,0.309845791435464,0.119937376596923,71568081
"West","Female",20,"20-24",2010,185,12,2513931,7.35899274880655e-05,119.580402504336,-0.279242974657365,-0.00587714305677167,72100436
"West","Female",20,"20-24",2011,195,12,2588806,7.53243000827408e-05,119.580402504336,-1.9595131040123,3.18760832568422,72788329
"West","Female",20,"20-24",2012,173,12,2640507,6.551772064986e-05,119.580402504336,-1.49105511732687,-1.63351013178319,73477823
"West","Female",20,"20-24",2013,196,12,2659133,7.37082349773404e-05,119.580402504336,2.45686418252815,0.14285912679,74167130
"West","Female",20,"20-24",2014,186,12,2659992,6.99250223308942e-05,119.580402504336,3.83465941048325,-1.19935270799021,74925793
"West","Female",20,"20-24",2015,181,12,2628320,6.88652827661776e-05,123.613208312933,2.5430362570753,-0.166312056778686,75742555
"West","Female",20,"20-24",2016,182,12,2587671,7.03335161231857e-05,123.613208312933,0.601958985086895,0.504855085627668,76559681
"West","Female",20,"20-24",2017,210,12,2557398,8.21147119063986e-05,123.613208312933,-0.13244801878605,1.66739845773419,77257329
"West","Female",20,"20-24",2018,203,12,2537909,7.99871074967621e-05,123.613208312933,-0.427680200288421,-2.18181553327614,77834820
"West","Female",20,"20-24",2019,245,12,2519086,9.72574973621385e-05,123.613208312933,-0.985994814637365,0.0677405610248627,78347268
"West","Female",25,"25-29",2005,159,12,2357893,6.74330853859781e-05,122.445737001807,0.0826142877566536,0.0559450454978701,67937509
"West","Female",25,"25-29",2006,213,12,2444114,8.71481444809857e-05,122.445737001807,0.030326826630744,-1.91263676855671,68870285
"West","Female",25,"25-29",2007,227,12,2499474,9.08191083403948e-05,122.445737001807,1.12206802324735,0.439895161621223,69767850
"West","Female",25,"25-29",2008,220,12,2539319,8.66374016025556e-05,122.445737001807,-0.629351922357444,-1.54088928339579,70698031
"West","Female",25,"25-29",2009,225,12,2553406,8.81175966532545e-05,122.445737001807,0.309845791435464,0.119937376596923,71568081
"West","Female",25,"25-29",2010,275,12,2551310,0.000107787763933038,119.580402504336,-0.279242974657365,-0.00587714305677167,72100436
"West","Female",25,"25-29",2011,260,12,2565872,0.000101330074142436,119.580402504336,-1.9595131040123,3.18760832568422,72788329
"West","Female",25,"25-29",2012,259,12,2569715,0.000100789387149937,119.580402504336,-1.49105511732687,-1.63351013178319,73477823
"West","Female",25,"25-29",2013,245,12,2594705,9.44230654351843e-05,119.580402504336,2.45686418252815,0.14285912679,74167130
"West","Female",25,"25-29",2014,257,12,2649941,9.69832913261088e-05,119.580402504336,3.83465941048325,-1.19935270799021,74925793
"West","Female",25,"25-29",2015,287,12,2723463,0.000105380539408834,123.613208312933,2.5430362570753,-0.166312056778686,75742555
"West","Female",25,"25-29",2016,288,12,2809207,0.00010252003501344,123.613208312933,0.601958985086895,0.504855085627668,76559681
"West","Female",25,"25-29",2017,315,12,2869392,0.00010977935395373,123.613208312933,-0.13244801878605,1.66739845773419,77257329
"West","Female",25,"25-29",2018,327,12,2891372,0.000113095098105674,123.613208312933,-0.427680200288421,-2.18181553327614,77834820
"West","Female",25,"25-29",2019,348,12,2890250,0.000120404809272554,123.613208312933,-0.985994814637365,0.0677405610248627,78347268
"West","Female",30,"30-34",2005,234,12,2317895,0.000100953667012526,122.445737001807,0.0826142877566536,0.0559450454978701,67937509
"West","Female",30,"30-34",2006,250,12,2288489,0.000109242386570353,122.445737001807,0.030326826630744,-1.91263676855671,68870285
"West","Female",30,"30-34",2007,268,12,2293157,0.00011686945115402,122.445737001807,1.12206802324735,0.439895161621223,69767850
"West","Female",30,"30-34",2008,258,12,2323277,0.000111050038372523,122.445737001807,-0.629351922357444,-1.54088928339579,70698031
"West","Female",30,"30-34",2009,300,12,2375256,0.00012630217542867,122.445737001807,0.309845791435464,0.119937376596923,71568081
"West","Female",30,"30-34",2010,296,12,2433248,0.000121648101632057,119.580402504336,-0.279242974657365,-0.00587714305677167,72100436
"West","Female",30,"30-34",2011,322,12,2489015,0.000129368444947098,119.580402504336,-1.9595131040123,3.18760832568422,72788329
"West","Female",30,"30-34",2012,348,12,2540686,0.000136970881092744,119.580402504336,-1.49105511732687,-1.63351013178319,73477823
"West","Female",30,"30-34",2013,298,12,2590479,0.000115036639941879,119.580402504336,2.45686418252815,0.14285912679,74167130
"West","Female",30,"30-34",2014,353,12,2629843,0.000134228545202128,119.580402504336,3.83465941048325,-1.19935270799021,74925793
"West","Female",30,"30-34",2015,373,12,2656908,0.000140388752640287,123.613208312933,2.5430362570753,-0.166312056778686,75742555
"West","Female",30,"30-34",2016,366,12,2685974,0.000136263418782162,123.613208312933,0.601958985086895,0.504855085627668,76559681
"West","Female",30,"30-34",2017,362,12,2701493,0.000133999977049728,123.613208312933,-0.13244801878605,1.66739845773419,77257329
"West","Female",30,"30-34",2018,364,12,2728021,0.000133430057906446,123.613208312933,-0.427680200288421,-2.18181553327614,77834820
"West","Female",30,"30-34",2019,418,12,2775753,0.000150589767893613,123.613208312933,-0.985994814637365,0.0677405610248627,78347268
"West","Female",35,"35-39",2005,320,12,2394518,0.000133638586137168,122.445737001807,0.0826142877566536,0.0559450454978701,67937509
"West","Female",35,"35-39",2006,350,12,2432408,0.000143890334187357,122.445737001807,0.030326826630744,-1.91263676855671,68870285
"West","Female",35,"35-39",2007,373,12,2449547,0.00015227305293591,122.445737001807,1.12206802324735,0.439895161621223,69767850
"West","Female",35,"35-39",2008,386,12,2448592,0.000157641616079772,122.445737001807,-0.629351922357444,-1.54088928339579,70698031
"West","Female",35,"35-39",2009,357,12,2430831,0.00014686335660521,122.445737001807,0.309845791435464,0.119937376596923,71568081
"West","Female",35,"35-39",2010,377,12,2395341,0.000157388864466479,119.580402504336,-0.279242974657365,-0.00587714305677167,72100436
"West","Female",35,"35-39",2011,397,12,2359962,0.000168223047659242,119.580402504336,-1.9595131040123,3.18760832568422,72788329
"West","Female",35,"35-39",2012,367,12,2364570,0.000155207923639393,119.580402504336,-1.49105511732687,-1.63351013178319,73477823
"West","Female",35,"35-39",2013,367,12,2386011,0.000153813205387569,119.580402504336,2.45686418252815,0.14285912679,74167130
"West","Female",35,"35-39",2014,392,12,2420432,0.000161954560177687,119.580402504336,3.83465941048325,-1.19935270799021,74925793
"West","Female",35,"35-39",2015,407,12,2476488,0.000164345637854898,123.613208312933,2.5430362570753,-0.166312056778686,75742555
"West","Female",35,"35-39",2016,414,12,2541460,0.000162898491418319,123.613208312933,0.601958985086895,0.504855085627668,76559681
"West","Female",35,"35-39",2017,431,12,2599519,0.000165799903751425,123.613208312933,-0.13244801878605,1.66739845773419,77257329
"West","Female",35,"35-39",2018,450,12,2651413,0.000169720824330272,123.613208312933,-0.427680200288421,-2.18181553327614,77834820
"West","Female",35,"35-39",2019,458,12,2685893,0.000170520568019649,123.613208312933,-0.985994814637365,0.0677405610248627,78347268
"West","Female",40,"40-44",2005,544,12,2551165,0.000213235913788406,122.445737001807,0.0826142877566536,0.0559450454978701,67937509
"West","Female",40,"40-44",2006,526,12,2507719,0.000209752368586752,122.445737001807,0.030326826630744,-1.91263676855671,68870285
"West","Female",40,"40-44",2007,526,12,2459460,0.000213868084864157,122.445737001807,1.12206802324735,0.439895161621223,69767850
"West","Female",40,"40-44",2008,479,12,2420844,0.000197864876877651,122.445737001807,-0.629351922357444,-1.54088928339579,70698031
"West","Female",40,"40-44",2009,541,12,2395476,0.000225842379552122,122.445737001807,0.309845791435464,0.119937376596923,71568081
"West","Female",40,"40-44",2010,500,12,2412043,0.000207293153563183,119.580402504336,-0.279242974657365,-0.00587714305677167,72100436
"West","Female",40,"40-44",2011,567,12,2446477,0.000231761835488337,119.580402504336,-1.9595131040123,3.18760832568422,72788329
"West","Female",40,"40-44",2012,484,12,2459965,0.000196750766779202,119.580402504336,-1.49105511732687,-1.63351013178319,73477823
"West","Female",40,"40-44",2013,517,12,2455319,0.000210563271004704,119.580402504336,2.45686418252815,0.14285912679,74167130
"West","Female",40,"40-44",2014,462,12,2433333,0.000189863039707266,119.580402504336,3.83465941048325,-1.19935270799021,74925793
"West","Female",40,"40-44",2015,460,12,2403911,0.00019135483801189,123.613208312933,2.5430362570753,-0.166312056778686,75742555
"West","Female",40,"40-44",2016,403,12,2376181,0.000169599874757016,123.613208312933,0.601958985086895,0.504855085627668,76559681
"West","Female",40,"40-44",2017,406,12,2383626,0.000170328734457503,123.613208312933,-0.13244801878605,1.66739845773419,77257329
"West","Female",40,"40-44",2018,387,12,2403964,0.000160984107915094,123.613208312933,-0.427680200288421,-2.18181553327614,77834820
"West","Female",40,"40-44",2019,441,12,2433779,0.000181199689865021,123.613208312933,-0.985994814637365,0.0677405610248627,78347268
"West","Female",45,"45-49",2005,616,12,2510598,0.000245359870437242,122.445737001807,0.0826142877566536,0.0559450454978701,67937509
"West","Female",45,"45-49",2006,702,12,2543673,0.000275978869925497,122.445737001807,0.030326826630744,-1.91263676855671,68870285
"West","Female",45,"45-49",2007,697,12,2554743,0.000272825877201738,122.445737001807,1.12206802324735,0.439895161621223,69767850
"West","Female",45,"45-49",2008,701,12,2563475,0.000273456928583271,122.445737001807,-0.629351922357444,-1.54088928339579,70698031
"West","Female",45,"45-49",2009,777,12,2571898,0.000302111514531292,122.445737001807,0.309845791435464,0.119937376596923,71568081
"West","Female",45,"45-49",2010,653,12,2543997,0.000256682692628961,119.580402504336,-0.279242974657365,-0.00587714305677167,72100436
"West","Female",45,"45-49",2011,661,12,2491348,0.000265318213272493,119.580402504336,-1.9595131040123,3.18760832568422,72788329
"West","Female",45,"45-49",2012,657,12,2443915,0.000268830953613362,119.580402504336,-1.49105511732687,-1.63351013178319,73477823
"West","Female",45,"45-49",2013,620,12,2402881,0.000258023597506493,119.580402504336,2.45686418252815,0.14285912679,74167130
"West","Female",45,"45-49",2014,615,12,2382740,0.000258106213854638,119.580402504336,3.83465941048325,-1.19935270799021,74925793
"West","Female",45,"45-49",2015,544,12,2402839,0.00022639885568696,123.613208312933,2.5430362570753,-0.166312056778686,75742555
"West","Female",45,"45-49",2016,560,12,2440373,0.00022947311742918,123.613208312933,0.601958985086895,0.504855085627668,76559681
"West","Female",45,"45-49",2017,609,12,2454887,0.000248076591712775,123.613208312933,-0.13244801878605,1.66739845773419,77257329
"West","Female",45,"45-49",2018,497,12,2448336,0.000202995013756282,123.613208312933,-0.427680200288421,-2.18181553327614,77834820
"West","Female",45,"45-49",2019,547,12,2423007,0.000225752546319511,123.613208312933,-0.985994814637365,0.0677405610248627,78347268
"West","Female",50,"50-54",2005,528,12,2283309,0.000231243340257495,122.445737001807,0.0826142877566536,0.0559450454978701,67937509
"West","Female",50,"50-54",2006,598,12,2344486,0.000255066568962237,122.445737001807,0.030326826630744,-1.91263676855671,68870285
"West","Female",50,"50-54",2007,695,12,2408619,0.000288547088601394,122.445737001807,1.12206802324735,0.439895161621223,69767850
"West","Female",50,"50-54",2008,690,12,2457377,0.000280787197080464,122.445737001807,-0.629351922357444,-1.54088928339579,70698031
"West","Female",50,"50-54",2009,751,12,2488122,0.000301834074052639,122.445737001807,0.309845791435464,0.119937376596923,71568081
"West","Female",50,"50-54",2010,747,12,2526781,0.000295633060403731,119.580402504336,-0.279242974657365,-0.00587714305677167,72100436
"West","Female",50,"50-54",2011,761,12,2548057,0.000298658938948383,119.580402504336,-1.9595131040123,3.18760832568422,72788329
"West","Female",50,"50-54",2012,758,12,2550078,0.000297245809736016,119.580402504336,-1.49105511732687,-1.63351013178319,73477823
"West","Female",50,"50-54",2013,776,12,2551552,0.00030412862446072,119.580402504336,2.45686418252815,0.14285912679,74167130
"West","Female",50,"50-54",2014,692,12,2549274,0.000271449832383651,119.580402504336,3.83465941048325,-1.19935270799021,74925793
"West","Female",50,"50-54",2015,758,12,2519406,0.000300864568870599,123.613208312933,2.5430362570753,-0.166312056778686,75742555
"West","Female",50,"50-54",2016,662,12,2469564,0.000268063512425675,123.613208312933,0.601958985086895,0.504855085627668,76559681
"West","Female",50,"50-54",2017,595,12,2423291,0.000245533862833642,123.613208312933,-0.13244801878605,1.66739845773419,77257329
"West","Female",50,"50-54",2018,592,12,2380817,0.000248654138474314,123.613208312933,-0.427680200288421,-2.18181553327614,77834820
"West","Female",50,"50-54",2019,595,12,2357400,0.000252396708237889,123.613208312933,-0.985994814637365,0.0677405610248627,78347268
"West","Male",15,"15-19",2005,110,12,2593820,4.24084940358236e-05,122.445737001807,0.0826142877566536,0.0559450454978701,67937509
"West","Male",15,"15-19",2006,121,12,2644963,4.57473318152277e-05,122.445737001807,0.030326826630744,-1.91263676855671,68870285
"West","Male",15,"15-19",2007,156,12,2687555,5.80453237236075e-05,122.445737001807,1.12206802324735,0.439895161621223,69767850
"West","Male",15,"15-19",2008,162,12,2714134,5.96875467460339e-05,122.445737001807,-0.629351922357444,-1.54088928339579,70698031
"West","Male",15,"15-19",2009,170,12,2718711,6.25296326089827e-05,122.445737001807,0.309845791435464,0.119937376596923,71568081
"West","Male",15,"15-19",2010,161,12,2691710,5.98132785478376e-05,119.580402504336,-0.279242974657365,-0.00587714305677167,72100436
"West","Male",15,"15-19",2011,150,12,2641776,5.67799843741483e-05,119.580402504336,-1.9595131040123,3.18760832568422,72788329
"West","Male",15,"15-19",2012,131,12,2601899,5.03478420953311e-05,119.580402504336,-1.49105511732687,-1.63351013178319,73477823
"West","Male",15,"15-19",2013,121,12,2573372,4.70200188701828e-05,119.580402504336,2.45686418252815,0.14285912679,74167130
"West","Male",15,"15-19",2014,116,12,2553913,4.54204978791368e-05,119.580402504336,3.83465941048325,-1.19935270799021,74925793
"West","Male",15,"15-19",2015,119,12,2554717,4.65805018716359e-05,123.613208312933,2.5430362570753,-0.166312056778686,75742555
"West","Male",15,"15-19",2016,139,12,2557387,5.43523526161664e-05,123.613208312933,0.601958985086895,0.504855085627668,76559681
"West","Male",15,"15-19",2017,131,12,2550230,5.13679158350423e-05,123.613208312933,-0.13244801878605,1.66739845773419,77257329
"West","Male",15,"15-19",2018,168,12,2550160,6.58782194058412e-05,123.613208312933,-0.427680200288421,-2.18181553327614,77834820
"West","Male",15,"15-19",2019,222,12,2553500,8.69394948110437e-05,123.613208312933,-0.985994814637365,0.0677405610248627,78347268
"West","Male",20,"20-24",2005,323,12,2614765,0.000123529265536291,122.445737001807,0.0826142877566536,0.0559450454978701,67937509
"West","Male",20,"20-24",2006,386,12,2627231,0.000146922748703863,122.445737001807,0.030326826630744,-1.91263676855671,68870285
"West","Male",20,"20-24",2007,405,12,2632058,0.000153871989143096,122.445737001807,1.12206802324735,0.439895161621223,69767850
"West","Male",20,"20-24",2008,431,12,2649154,0.00016269344854999,122.445737001807,-0.629351922357444,-1.54088928339579,70698031
"West","Male",20,"20-24",2009,451,12,2666729,0.000169121046795531,122.445737001807,0.309845791435464,0.119937376596923,71568081
"West","Male",20,"20-24",2010,465,12,2703707,0.00017198609168819,119.580402504336,-0.279242974657365,-0.00587714305677167,72100436
"West","Male",20,"20-24",2011,523,12,2773588,0.000188564415479156,119.580402504336,-1.9595131040123,3.18760832568422,72788329
"West","Male",20,"20-24",2012,475,12,2832227,0.00016771254563988,119.580402504336,-1.49105511732687,-1.63351013178319,73477823
"West","Male",20,"20-24",2013,513,12,2857073,0.000179554390104838,119.580402504336,2.45686418252815,0.14285912679,74167130
"West","Male",20,"20-24",2014,447,12,2869021,0.000155802275410323,119.580402504336,3.83465941048325,-1.19935270799021,74925793
"West","Male",20,"20-24",2015,471,12,2842621,0.000165692155232794,123.613208312933,2.5430362570753,-0.166312056778686,75742555
"West","Male",20,"20-24",2016,611,12,2802467,0.000218022192589601,123.613208312933,0.601958985086895,0.504855085627668,76559681
"West","Male",20,"20-24",2017,574,12,2759763,0.000207988874406969,123.613208312933,-0.13244801878605,1.66739845773419,77257329
"West","Male",20,"20-24",2018,551,12,2728454,0.000201945863848172,123.613208312933,-0.427680200288421,-2.18181553327614,77834820
"West","Male",20,"20-24",2019,757,12,2700433,0.000280325414479826,123.613208312933,-0.985994814637365,0.0677405610248627,78347268
"West","Male",25,"25-29",2005,401,12,2462433,0.000162847070356838,122.445737001807,0.0826142877566536,0.0559450454978701,67937509
"West","Male",25,"25-29",2006,427,12,2545026,0.000167778246666242,122.445737001807,0.030326826630744,-1.91263676855671,68870285
"West","Male",25,"25-29",2007,498,12,2600991,0.000191465483732931,122.445737001807,1.12206802324735,0.439895161621223,69767850
"West","Male",25,"25-29",2008,538,12,2655850,0.000202571681382608,122.445737001807,-0.629351922357444,-1.54088928339579,70698031
"West","Male",25,"25-29",2009,579,12,2681148,0.000215952271191296,122.445737001807,0.309845791435464,0.119937376596923,71568081
"West","Male",25,"25-29",2010,551,12,2688341,0.000204959117909521,119.580402504336,-0.279242974657365,-0.00587714305677167,72100436
"West","Male",25,"25-29",2011,600,12,2711034,0.000221317770267728,119.580402504336,-1.9595131040123,3.18760832568422,72788329
"West","Male",25,"25-29",2012,596,12,2729932,0.000218320456333711,119.580402504336,-1.49105511732687,-1.63351013178319,73477823
"West","Male",25,"25-29",2013,640,12,2761986,0.000231717322245659,119.580402504336,2.45686418252815,0.14285912679,74167130
"West","Male",25,"25-29",2014,677,12,2826211,0.00023954333204421,119.580402504336,3.83465941048325,-1.19935270799021,74925793
"West","Male",25,"25-29",2015,718,12,2909909,0.000246743111210694,123.613208312933,2.5430362570753,-0.166312056778686,75742555
"West","Male",25,"25-29",2016,776,12,3003421,0.000258372036421134,123.613208312933,0.601958985086895,0.504855085627668,76559681
"West","Male",25,"25-29",2017,911,12,3074139,0.000296343138680457,123.613208312933,-0.13244801878605,1.66739845773419,77257329
"West","Male",25,"25-29",2018,961,12,3105054,0.00030949542262389,123.613208312933,-0.427680200288421,-2.18181553327614,77834820
"West","Male",25,"25-29",2019,1075,12,3108911,0.000345780242663749,123.613208312933,-0.985994814637365,0.0677405610248627,78347268
"West","Male",30,"30-34",2005,444,12,2423927,0.000183173833205373,122.445737001807,0.0826142877566536,0.0559450454978701,67937509
"West","Male",30,"30-34",2006,496,12,2389803,0.000207548488306358,122.445737001807,0.030326826630744,-1.91263676855671,68870285
"West","Male",30,"30-34",2007,498,12,2387575,0.000208579835188423,122.445737001807,1.12206802324735,0.439895161621223,69767850
"West","Male",30,"30-34",2008,504,12,2416586,0.000208558685683026,122.445737001807,-0.629351922357444,-1.54088928339579,70698031
"West","Male",30,"30-34",2009,556,12,2465085,0.000225550031743327,122.445737001807,0.309845791435464,0.119937376596923,71568081
"West","Male",30,"30-34",2010,545,12,2516030,0.000216611089692889,119.580402504336,-0.279242974657365,-0.00587714305677167,72100436
"West","Male",30,"30-34",2011,637,12,2573571,0.000247516000141438,119.580402504336,-1.9595131040123,3.18760832568422,72788329
"West","Male",30,"30-34",2012,618,12,2633031,0.00023471049144503,119.580402504336,-1.49105511732687,-1.63351013178319,73477823
"West","Male",30,"30-34",2013,666,12,2692884,0.000247318488282451,119.580402504336,2.45686418252815,0.14285912679,74167130
"West","Male",30,"30-34",2014,697,12,2741573,0.0002542336096832,119.580402504336,3.83465941048325,-1.19935270799021,74925793
"West","Male",30,"30-34",2015,751,12,2776211,0.000270512579915576,123.613208312933,2.5430362570753,-0.166312056778686,75742555
"West","Male",30,"30-34",2016,855,12,2824078,0.000302753677483412,123.613208312933,0.601958985086895,0.504855085627668,76559681
"West","Male",30,"30-34",2017,912,12,2856773,0.000319241325789623,123.613208312933,-0.13244801878605,1.66739845773419,77257329
"West","Male",30,"30-34",2018,958,12,2894950,0.000330921086719978,123.613208312933,-0.427680200288421,-2.18181553327614,77834820
"West","Male",30,"30-34",2019,1105,12,2952745,0.000374228048815594,123.613208312933,-0.985994814637365,0.0677405610248627,78347268
"West","Male",35,"35-39",2005,565,12,2475157,0.000228268348230031,122.445737001807,0.0826142877566536,0.0559450454978701,67937509
"West","Male",35,"35-39",2006,634,12,2508872,0.000252703206859497,122.445737001807,0.030326826630744,-1.91263676855671,68870285
"West","Male",35,"35-39",2007,633,12,2520982,0.000251092629776809,122.445737001807,1.12206802324735,0.439895161621223,69767850
"West","Male",35,"35-39",2008,623,12,2511697,0.000248039472914129,122.445737001807,-0.629351922357444,-1.54088928339579,70698031
"West","Male",35,"35-39",2009,590,12,2486651,0.000237266910394744,122.445737001807,0.309845791435464,0.119937376596923,71568081
"West","Male",35,"35-39",2010,549,12,2442642,0.000224756636461667,119.580402504336,-0.279242974657365,-0.00587714305677167,72100436
"West","Male",35,"35-39",2011,591,12,2403278,0.000245914122294633,119.580402504336,-1.9595131040123,3.18760832568422,72788329
"West","Male",35,"35-39",2012,571,12,2408241,0.000237102515902686,119.580402504336,-1.49105511732687,-1.63351013178319,73477823
"West","Male",35,"35-39",2013,606,12,2435280,0.000248842022272593,119.580402504336,2.45686418252815,0.14285912679,74167130
"West","Male",35,"35-39",2014,688,12,2477224,0.000277730233519456,119.580402504336,3.83465941048325,-1.19935270799021,74925793
"West","Male",35,"35-39",2015,740,12,2544594,0.000290812601145802,123.613208312933,2.5430362570753,-0.166312056778686,75742555
"West","Male",35,"35-39",2016,826,12,2615450,0.000315815634020914,123.613208312933,0.601958985086895,0.504855085627668,76559681
"West","Male",35,"35-39",2017,891,12,2683708,0.000332003332702366,123.613208312933,-0.13244801878605,1.66739845773419,77257329
"West","Male",35,"35-39",2018,981,12,2747074,0.000357107234825127,123.613208312933,-0.427680200288421,-2.18181553327614,77834820
"West","Male",35,"35-39",2019,1145,12,2792787,0.000409984721355406,123.613208312933,-0.985994814637365,0.0677405610248627,78347268
"West","Male",40,"40-44",2005,891,12,2573928,0.000346163529049764,122.445737001807,0.0826142877566536,0.0559450454978701,67937509
"West","Male",40,"40-44",2006,832,12,2540215,0.000327531331009383,122.445737001807,0.030326826630744,-1.91263676855671,68870285
"West","Male",40,"40-44",2007,778,12,2493693,0.000311987081007967,122.445737001807,1.12206802324735,0.439895161621223,69767850
"West","Male",40,"40-44",2008,730,12,2463356,0.000296343687229942,122.445737001807,-0.629351922357444,-1.54088928339579,70698031
"West","Male",40,"40-44",2009,775,12,2443438,0.000317176044573261,122.445737001807,0.309845791435464,0.119937376596923,71568081
"West","Male",40,"40-44",2010,686,12,2462946,0.000278528234074153,119.580402504336,-0.279242974657365,-0.00587714305677167,72100436
"West","Male",40,"40-44",2011,703,12,2492453,0.000282051456938205,119.580402504336,-1.9595131040123,3.18760832568422,72788329
"West","Male",40,"40-44",2012,719,12,2502413,0.000287322676152977,119.580402504336,-1.49105511732687,-1.63351013178319,73477823
"West","Male",40,"40-44",2013,707,12,2488715,0.000284082347717597,119.580402504336,2.45686418252815,0.14285912679,74167130
"West","Male",40,"40-44",2014,680,12,2463869,0.000275988699074504,119.580402504336,3.83465941048325,-1.19935270799021,74925793
"West","Male",40,"40-44",2015,723,12,2432724,0.000297197709234586,123.613208312933,2.5430362570753,-0.166312056778686,75742555
"West","Male",40,"40-44",2016,715,12,2405016,0.000297295319449018,123.613208312933,0.601958985086895,0.504855085627668,76559681
"West","Male",40,"40-44",2017,751,12,2414368,0.000311054487137006,123.613208312933,-0.13244801878605,1.66739845773419,77257329
"West","Male",40,"40-44",2018,852,12,2441697,0.00034893764459718,123.613208312933,-0.427680200288421,-2.18181553327614,77834820
"West","Male",40,"40-44",2019,1010,12,2478216,0.000407551238471546,123.613208312933,-0.985994814637365,0.0677405610248627,78347268
"West","Male",45,"45-49",2005,1018,12,2494719,0.000408061990147989,122.445737001807,0.0826142877566536,0.0559450454978701,67937509
"West","Male",45,"45-49",2006,1021,12,2530598,0.000403461948519678,122.445737001807,0.030326826630744,-1.91263676855671,68870285
"West","Male",45,"45-49",2007,1011,12,2548589,0.000396690090085141,122.445737001807,1.12206802324735,0.439895161621223,69767850
"West","Male",45,"45-49",2008,996,12,2554938,0.00038983333450753,122.445737001807,-0.629351922357444,-1.54088928339579,70698031
"West","Male",45,"45-49",2009,954,12,2565683,0.00037183081464078,122.445737001807,0.309845791435464,0.119937376596923,71568081
"West","Male",45,"45-49",2010,916,12,2540290,0.000360588751677958,119.580402504336,-0.279242974657365,-0.00587714305677167,72100436
"West","Male",45,"45-49",2011,865,12,2495968,0.000346558930242695,119.580402504336,-1.9595131040123,3.18760832568422,72788329
"West","Male",45,"45-49",2012,858,12,2453508,0.000349703363510533,119.580402504336,-1.49105511732687,-1.63351013178319,73477823
"West","Male",45,"45-49",2013,891,12,2419882,0.000368199771724406,119.580402504336,2.45686418252815,0.14285912679,74167130
"West","Male",45,"45-49",2014,824,12,2405492,0.000342549465972034,119.580402504336,3.83465941048325,-1.19935270799021,74925793
"West","Male",45,"45-49",2015,847,12,2428576,0.000348764049385319,123.613208312933,2.5430362570753,-0.166312056778686,75742555
"West","Male",45,"45-49",2016,842,12,2462991,0.000341860770096196,123.613208312933,0.601958985086895,0.504855085627668,76559681
"West","Male",45,"45-49",2017,935,12,2475604,0.000377685607229589,123.613208312933,-0.13244801878605,1.66739845773419,77257329
"West","Male",45,"45-49",2018,943,12,2462344,0.000382968423583382,123.613208312933,-0.427680200288421,-2.18181553327614,77834820
"West","Male",45,"45-49",2019,977,12,2434969,0.000401237141006723,123.613208312933,-0.985994814637365,0.0677405610248627,78347268
"West","Male",50,"50-54",2005,830,12,2218115,0.000374191599624005,122.445737001807,0.0826142877566536,0.0559450454978701,67937509
"West","Male",50,"50-54",2006,897,12,2276007,0.000394111265914384,122.445737001807,0.030326826630744,-1.91263676855671,68870285
"West","Male",50,"50-54",2007,1010,12,2339876,0.000431646805215319,122.445737001807,1.12206802324735,0.439895161621223,69767850
"West","Male",50,"50-54",2008,936,12,2394112,0.000390959153122327,122.445737001807,-0.629351922357444,-1.54088928339579,70698031
"West","Male",50,"50-54",2009,927,12,2429520,0.000381556850735948,122.445737001807,0.309845791435464,0.119937376596923,71568081
"West","Male",50,"50-54",2010,861,12,2470814,0.000348468156647971,119.580402504336,-0.279242974657365,-0.00587714305677167,72100436
"West","Male",50,"50-54",2011,962,12,2494385,0.000385666206299348,119.580402504336,-1.9595131040123,3.18760832568422,72788329
"West","Male",50,"50-54",2012,949,12,2500446,0.000379532291439207,119.580402504336,-1.49105511732687,-1.63351013178319,73477823
"West","Male",50,"50-54",2013,989,12,2503630,0.000395026421635785,119.580402504336,2.45686418252815,0.14285912679,74167130
"West","Male",50,"50-54",2014,1027,12,2504514,0.000410059596392753,119.580402504336,3.83465941048325,-1.19935270799021,74925793
"West","Male",50,"50-54",2015,954,12,2479321,0.000384782769153329,123.613208312933,2.5430362570753,-0.166312056778686,75742555
"West","Male",50,"50-54",2016,922,12,2439454,0.000377953427283318,123.613208312933,0.601958985086895,0.504855085627668,76559681
"West","Male",50,"50-54",2017,964,12,2399394,0.000401768113115228,123.613208312933,-0.13244801878605,1.66739845773419,77257329
"West","Male",50,"50-54",2018,1053,12,2366992,0.000444868423720908,123.613208312933,-0.427680200288421,-2.18181553327614,77834820
"West","Male",50,"50-54",2019,1100,12,2351123,0.000467861528299455,123.613208312933,-0.985994814637365,0.0677405610248627,78347268
