"","2003","2003.08333333333","2003.16666666667","2003.25","2003.33333333333","2003.41666666667","2003.5","2003.58333333333","2003.66666666667","2003.75","2003.83333333333","2003.91666666667","2004","2004.08333333333","2004.16666666667","2004.25","2004.33333333333","2004.41666666667","2004.5","2004.58333333333","2004.66666666667","2004.75","2004.83333333333","2004.91666666667","2005","2005.08333333333","2005.16666666667","2005.25","2005.33333333333","2005.41666666667","2005.5","2005.58333333333","2005.66666666667","2005.75","2005.83333333333","2005.91666666667","2006","2006.08333333333","2006.16666666667","2006.25","2006.33333333333","2006.41666666667","2006.5","2006.58333333333","2006.66666666667","2006.75","2006.83333333333","2006.91666666667","2007","2007.08333333333","2007.16666666667","2007.25","2007.33333333333","2007.41666666667","2007.5","2007.58333333333","2007.66666666667","2007.75","2007.83333333333","2007.91666666667","2008","2008.08333333333","2008.16666666667","2008.25","2008.33333333333","2008.41666666667","2008.5","2008.58333333333","2008.66666666667","2008.75","2008.83333333333","2008.91666666667","2009","2009.08333333333","2009.16666666667","2009.25","2009.33333333333","2009.41666666667","2009.5","2009.58333333333","2009.66666666667","2009.75","2009.83333333333","2009.91666666667","2010","2010.08333333333","2010.16666666667","2010.25","2010.33333333333","2010.41666666667","2010.5","2010.58333333333","2010.66666666667","2010.75","2010.83333333333","2010.91666666667","2011","2011.08333333333","2011.16666666667","2011.25","2011.33333333333","2011.41666666667","2011.5","2011.58333333333","2011.66666666667","2011.75","2011.83333333333","2011.91666666667","2012","2012.08333333333","2012.16666666667","2012.25","2012.33333333333","2012.41666666667","2012.5","2012.58333333333","2012.66666666667","2012.75","2012.83333333333","2012.91666666667","2013","2013.08333333333","2013.16666666667","2013.25","2013.33333333333","2013.41666666667","2013.5","2013.58333333333","2013.66666666667","2013.75","2013.83333333333","2013.91666666667","2014","2014.08333333333","2014.16666666667","2014.25","2014.33333333333","2014.41666666667","2014.5","2014.58333333333","2014.66666666667","2014.75","2014.83333333333","2014.91666666667","2015","2015.08333333333","2015.16666666667","2015.25","2015.33333333333","2015.41666666667","2015.5","2015.58333333333","2015.66666666667","2015.75","2015.83333333333","2015.91666666667","2016","2016.08333333333","2016.16666666667","2016.25","2016.33333333333","2016.41666666667","2016.5","2016.58333333333","2016.66666666667","2016.75","2016.83333333333","2016.91666666667","2017","2017.08333333333","2017.16666666667","2017.25","2017.33333333333","2017.41666666667","2017.5","2017.58333333333","2017.66666666667","2017.75","2017.83333333333","2017.91666666667","2018","2018.08333333333","2018.16666666667","2018.25","2018.33333333333","2018.41666666667","2018.5","2018.58333333333","2018.66666666667","2018.75","2018.83333333333","2018.91666666667","2019","2019.08333333333","2019.16666666667","2019.25","2019.33333333333","2019.41666666667","2019.5","2019.58333333333","2019.66666666667","2019.75","2019.83333333333","2019.91666666667","2020"
"25",-10.0407941416637,-10.0276941170112,-10.0146326862754,-10.0016127660463,-9.98863727291364,-9.97570912346723,-9.96283123429699,-9.95000652199273,-9.93723790314426,-9.92452829434148,-9.91188061217419,-9.89929777323221,-9.88678269410544,-9.87433823020504,-9.86196699222757,-9.84967152969107,-9.83745439211344,-9.82531812901263,-9.81326528990663,-9.80129842431338,-9.7894200817508,-9.7776328117369,-9.76593916378961,-9.75434168742685,-9.74284293216665,-9.73144520371843,-9.72014983255774,-9.70895790535172,-9.6978705087674,-9.68688872947185,-9.6760136541322,-9.6652463694155,-9.65458796198881,-9.64403951851925,-9.63360212567389,-9.62327687011977,-9.61306483852403,-9.60296675357368,-9.59298188203555,-9.5831091266965,-9.57334739034334,-9.56369557576285,-9.55415258574189,-9.54471732306726,-9.53538869052575,-9.52616559090421,-9.51704692698945,-9.50803160156826,-9.49911851742749,-9.49030621355502,-9.48159177374298,-9.47297191798465,-9.46444336627326,-9.45600283860201,-9.44764705496418,-9.439372735353,-9.43117659976167,-9.42305536818347,-9.41500576061163,-9.40702449703935,-9.39910829745992,-9.39125365241265,-9.38345613462129,-9.37571108735577,-9.36801385388595,-9.36035977748167,-9.35274420141286,-9.34516246894937,-9.33760992336106,-9.33008190791785,-9.32257376588959,-9.31508084054614,-9.30759847515743,-9.30012201351784,-9.29264680151995,-9.28516818558091,-9.27768151211784,-9.27018212754782,-9.26266537828805,-9.2551266107556,-9.2475611713676,-9.23996440654121,-9.23233166269353,-9.22465828624167,-9.21693962360278,-9.20917126876057,-9.20134980596508,-9.19347206703299,-9.18553488378095,-9.17753508802557,-9.16946951158356,-9.16133498627153,-9.15312834390613,-9.14484641630404,-9.13648603528189,-9.12804403265631,-9.119517240244,-9.11090291151718,-9.10219998657044,-9.09340782715402,-9.08452579501811,-9.07555325191289,-9.06648955958861,-9.05733407979544,-9.04808617428358,-9.03874520480326,-9.02931053310468,-9.019781520938,-9.01015753005349,-9.00043837769815,-8.99062570310632,-8.98072160100923,-8.97072816613806,-8.96064749322396,-8.95048167699819,-8.94023281219189,-8.92990299353624,-8.91949431576247,-8.90900887360176,-8.89844876178526,-8.88781607504422,-8.87711323932146,-8.86634400540644,-8.85551245530037,-8.84462267100436,-8.83367873451954,-8.82268472784712,-8.81164473298821,-8.80056283194393,-8.7894431067155,-8.77828963930402,-8.76710651171062,-8.75589780593652,-8.74466769318966,-8.73342070150538,-8.72216144812593,-8.7108945502935,-8.69962462525025,-8.68835629023843,-8.67709416250024,-8.66584285927783,-8.65460699781346,-8.6433911953493,-8.63220006912754,-8.62103823639042,-8.60991012999156,-8.59881944523032,-8.58776969301761,-8.57676438426422,-8.56580702988096,-8.55490114077872,-8.54405022786831,-8.53325780206055,-8.52252737426631,-8.51186245539641,-8.50126655636165,-8.49074318807293,-8.48029547435106,-8.4699249906569,-8.45963292536141,-8.44942046683544,-8.43928880344988,-8.42923912357566,-8.41927261558365,-8.40939046784474,-8.39959386872986,-8.38988400660988,-8.38026206985567,-8.37072924683818,-8.36128629094233,-8.35193221560922,-8.34266559929405,-8.33348502045199,-8.32438905753816,-8.31537628900779,-8.30644529331603,-8.29759464891801,-8.28882293426896,-8.28012872782402,-8.27151060803833,-8.26296715336711,-8.25449665279309,-8.24609623740936,-8.23776274883663,-8.22949302869559,-8.2212839186069,-8.21313226019128,-8.20503489506941,-8.19698866486195,-8.18899041118963,-8.18103697567311,-8.17312519993308,-8.16525192559025,-8.15741402978659,-8.1496085317493,-8.14183248622693,-8.13408294796796,-8.12635697172088,-8.11865161223425,-8.11096392425656,-8.10329096253629,-8.095629781822,-8.08797743686218,-8.08033098240532,-8.07268747319997
"26",-10.0013964197797,-9.98829639512713,-9.97523496439135,-9.96221504416222,-9.94923955102955,-9.93631140158314,-9.9234335124129,-9.91060880010864,-9.89784018126017,-9.88513057245739,-9.8724828902901,-9.85990005134812,-9.84738497222135,-9.83494050832095,-9.82256927034348,-9.81027380780698,-9.79805667022936,-9.78592040712854,-9.77386756802254,-9.76190070242929,-9.75002235986671,-9.73823508985281,-9.72654144190552,-9.71494396554276,-9.70344521028256,-9.69204748183434,-9.68075211067365,-9.66956018346763,-9.65847278688331,-9.64749100758776,-9.63661593224811,-9.62584864753141,-9.61519024010472,-9.60464179663516,-9.5942044037898,-9.58387914823568,-9.57366711663994,-9.56356903168959,-9.55358416015146,-9.54371140481241,-9.53394966845925,-9.52429785387876,-9.5147548638578,-9.50531960118317,-9.49599096864166,-9.48676786902012,-9.47764920510537,-9.46863387968417,-9.4597207955434,-9.45090849167093,-9.44219405185889,-9.43357419610056,-9.42504564438917,-9.41660511671792,-9.40824933308009,-9.39997501346891,-9.39177887787758,-9.38365764629939,-9.37560803872754,-9.36762677515526,-9.35971057557583,-9.35185593052856,-9.3440584127372,-9.33631336547169,-9.32861613200186,-9.32096205559758,-9.31334647952877,-9.30576474706528,-9.29821220147697,-9.29068418603376,-9.2831760440055,-9.27568311866206,-9.26820075327334,-9.26072429163376,-9.25324907963586,-9.24577046369682,-9.23828379023375,-9.23078440566374,-9.22326765640396,-9.21572888887152,-9.20816344948352,-9.20056668465712,-9.19293394080944,-9.18526056435758,-9.17754190171869,-9.16977354687648,-9.16195208408099,-9.1540743451489,-9.14613716189686,-9.13813736614148,-9.13007178969947,-9.12193726438744,-9.11373062202204,-9.10544869441995,-9.0970883133978,-9.08864631077222,-9.08011951835991,-9.0715051896331,-9.06280226468635,-9.05401010526993,-9.04512807313402,-9.0361555300288,-9.02709183770452,-9.01793635791135,-9.00868845239949,-8.99934748291917,-8.98991281122059,-8.98038379905391,-8.9707598081694,-8.96104065581406,-8.95122798122223,-8.94132387912514,-8.93133044425397,-8.92124977133988,-8.9110839551141,-8.9008350903078,-8.89050527165215,-8.88009659387838,-8.86961115171767,-8.85905103990117,-8.84841835316013,-8.83771551743737,-8.82694628352235,-8.81611473341628,-8.80522494912027,-8.79428101263545,-8.78328700596303,-8.77224701110412,-8.76116511005984,-8.75004538483141,-8.73889191741993,-8.72770878982653,-8.71650008405243,-8.70526997130557,-8.69402297962129,-8.68276372624184,-8.67149682840941,-8.66022690336616,-8.64895856835435,-8.63769644061615,-8.62644513739374,-8.61520927592937,-8.60399347346521,-8.59280234724345,-8.58164051450633,-8.57051240810747,-8.55942172334623,-8.54837197113352,-8.53736666238013,-8.52640930799687,-8.51550341889463,-8.50465250598422,-8.49386008017646,-8.48312965238222,-8.47246473351232,-8.46186883447756,-8.45134546618884,-8.44089775246697,-8.43052726877282,-8.42023520347732,-8.41002274495135,-8.39989108156579,-8.38984140169157,-8.37987489369957,-8.36999274596065,-8.36019614684577,-8.35048628472579,-8.34086434797158,-8.3313315249541,-8.32188856905824,-8.31253449372513,-8.30326787740996,-8.2940872985679,-8.28499133565407,-8.2759785671237,-8.26704757143194,-8.25819692703392,-8.24942521238487,-8.24073100593993,-8.23211288615424,-8.22356943148302,-8.215098930909,-8.20669851552527,-8.19836502695254,-8.1900953068115,-8.18188619672281,-8.17373453830719,-8.16563717318532,-8.15759094297786,-8.14959268930554,-8.14163925378902,-8.13372747804899,-8.12585420370616,-8.1180163079025,-8.11021080986521,-8.10243476434284,-8.09468522608387,-8.08695924983679,-8.07925389035016,-8.07156620237247,-8.0638932406522,-8.05623205993791,-8.04857971497809,-8.04093326052123,-8.03328975131588
"27",-9.96240858149623,-9.9493085568437,-9.93624712610792,-9.92322720587879,-9.91025171274611,-9.8973235632997,-9.88444567412947,-9.87162096182521,-9.85885234297673,-9.84614273417395,-9.83349505200666,-9.82091221306468,-9.80839713393791,-9.79595267003751,-9.78358143206005,-9.77128596952354,-9.75906883194592,-9.7469325688451,-9.73487972973911,-9.72291286414586,-9.71103452158327,-9.69924725156937,-9.68755360362209,-9.67595612725933,-9.66445737199912,-9.65305964355091,-9.64176427239022,-9.63057234518419,-9.61948494859988,-9.60850316930432,-9.59762809396467,-9.58686080924798,-9.57620240182128,-9.56565395835173,-9.55521656550636,-9.54489130995224,-9.5346792783565,-9.52458119340615,-9.51459632186802,-9.50472356652898,-9.49496183017582,-9.48531001559532,-9.47576702557437,-9.46633176289974,-9.45700313035822,-9.44778003073669,-9.43866136682193,-9.42964604140074,-9.42073295725997,-9.41192065338749,-9.40320621357545,-9.39458635781713,-9.38605780610573,-9.37761727843448,-9.36926149479666,-9.36098717518548,-9.35279103959415,-9.34466980801595,-9.33662020044411,-9.32863893687183,-9.32072273729239,-9.31286809224512,-9.30507057445377,-9.29732552718825,-9.28962829371842,-9.28197421731415,-9.27435864124533,-9.26677690878184,-9.25922436319353,-9.25169634775032,-9.24418820572207,-9.23669528037862,-9.22921291498991,-9.22173645335032,-9.21426124135243,-9.20678262541339,-9.19929595195031,-9.1917965673803,-9.18427981812052,-9.17674105058808,-9.16917561120008,-9.16157884637369,-9.15394610252601,-9.14627272607414,-9.13855406343526,-9.13078570859305,-9.12296424579755,-9.11508650686547,-9.10714932361342,-9.09914952785805,-9.09108395141603,-9.08294942610401,-9.0747427837386,-9.06646085613651,-9.05810047511436,-9.04965847248879,-9.04113168007648,-9.03251735134966,-9.02381442640291,-9.0150222669865,-9.00614023485059,-8.99716769174537,-8.98810399942109,-8.97894851962792,-8.96970061411605,-8.96035964463574,-8.95092497293715,-8.94139596077048,-8.93177196988596,-8.92205281753063,-8.91224014293879,-8.90233604084171,-8.89234260597054,-8.88226193305644,-8.87209611683066,-8.86184725202436,-8.85151743336871,-8.84110875559495,-8.83062331343424,-8.82006320161774,-8.80943051487669,-8.79872767915393,-8.78795844523891,-8.77712689513284,-8.76623711083684,-8.75529317435202,-8.7442991676796,-8.73325917282069,-8.72217727177641,-8.71105754654797,-8.6999040791365,-8.6887209515431,-8.677512245769,-8.66628213302213,-8.65503514133785,-8.64377588795841,-8.63250899012598,-8.62123906508272,-8.60997073007091,-8.59870860233272,-8.5874572991103,-8.57622143764594,-8.56500563518178,-8.55381450896002,-8.5426526762229,-8.53152456982403,-8.5204338850628,-8.50938413285008,-8.49837882409669,-8.48742146971343,-8.4765155806112,-8.46566466770079,-8.45487224189302,-8.44414181409878,-8.43347689522889,-8.42288099619413,-8.41235762790541,-8.40190991418354,-8.39153943048938,-8.38124736519388,-8.37103490666792,-8.36090324328235,-8.35085356340814,-8.34088705541613,-8.33100490767722,-8.32120830856233,-8.31149844644235,-8.30187650968815,-8.29234368667066,-8.28290073077481,-8.2735466554417,-8.26428003912653,-8.25509946028446,-8.24600349737064,-8.23699072884027,-8.2280597331485,-8.21920908875049,-8.21043737410143,-8.20174316765649,-8.1931250478708,-8.18458159319959,-8.17611109262557,-8.16771067724183,-8.15937718866911,-8.15110746852807,-8.14289835843937,-8.13474670002376,-8.12664933490188,-8.11860310469442,-8.1106048510221,-8.10265141550559,-8.09473963976555,-8.08686636542272,-8.07902846961907,-8.07122297158178,-8.0634469260594,-8.05569738780043,-8.04797141155335,-8.04026605206672,-8.03257836408903,-8.02490540236877,-8.01724422165448,-8.00959187669466,-8.0019454222378,-7.99430191303244
"28",-9.92396193333944,-9.91086190868691,-9.89780047795113,-9.884780557722,-9.87180506458933,-9.85887691514292,-9.84599902597268,-9.83317431366842,-9.82040569481995,-9.80769608601716,-9.79504840384988,-9.7824655649079,-9.76995048578113,-9.75750602188073,-9.74513478390326,-9.73283932136676,-9.72062218378913,-9.70848592068832,-9.69643308158232,-9.68446621598907,-9.67258787342648,-9.66080060341259,-9.6491069554653,-9.63750947910254,-9.62601072384234,-9.61461299539412,-9.60331762423343,-9.59212569702741,-9.58103830044309,-9.57005652114754,-9.55918144580789,-9.54841416109119,-9.5377557536645,-9.52720731019494,-9.51676991734958,-9.50644466179546,-9.49623263019972,-9.48613454524937,-9.47614967371124,-9.46627691837219,-9.45651518201903,-9.44686336743854,-9.43732037741758,-9.42788511474295,-9.41855648220143,-9.4093333825799,-9.40021471866514,-9.39119939324395,-9.38228630910318,-9.37347400523071,-9.36475956541866,-9.35613970966034,-9.34761115794895,-9.3391706302777,-9.33081484663987,-9.32254052702869,-9.31434439143736,-9.30622315985916,-9.29817355228732,-9.29019228871504,-9.2822760891356,-9.27442144408833,-9.26662392629698,-9.25887887903146,-9.25118164556164,-9.24352756915736,-9.23591199308854,-9.22833026062506,-9.22077771503675,-9.21324969959353,-9.20574155756528,-9.19824863222183,-9.19076626683312,-9.18328980519353,-9.17581459319564,-9.1683359772566,-9.16084930379352,-9.15334991922351,-9.14583316996374,-9.13829440243129,-9.1307289630433,-9.1231321982169,-9.11549945436922,-9.10782607791736,-9.10010741527847,-9.09233906043626,-9.08451759764077,-9.07663985870868,-9.06870267545664,-9.06070287970126,-9.05263730325925,-9.04450277794722,-9.03629613558181,-9.02801420797972,-9.01965382695758,-9.011211824332,-9.00268503191969,-8.99407070319287,-8.98536777824613,-8.97657561882971,-8.9676935866938,-8.95872104358858,-8.9496573512643,-8.94050187147113,-8.93125396595926,-8.92191299647895,-8.91247832478036,-8.90294931261369,-8.89332532172918,-8.88360616937384,-8.87379349478201,-8.86388939268492,-8.85389595781375,-8.84381528489965,-8.83364946867388,-8.82340060386758,-8.81307078521193,-8.80266210743816,-8.79217666527745,-8.78161655346095,-8.7709838667199,-8.76028103099715,-8.74951179708213,-8.73868024697605,-8.72779046268005,-8.71684652619523,-8.70585251952281,-8.6948125246639,-8.68373062361962,-8.67261089839119,-8.66145743097971,-8.65027430338631,-8.63906559761221,-8.62783548486535,-8.61658849318107,-8.60532923980162,-8.59406234196919,-8.58279241692594,-8.57152408191412,-8.56026195417593,-8.54901065095352,-8.53777478948915,-8.52655898702499,-8.51536786080323,-8.50420602806611,-8.49307792166725,-8.48198723690601,-8.4709374846933,-8.45993217593991,-8.44897482155664,-8.43806893245441,-8.427218019544,-8.41642559373624,-8.405695165942,-8.3950302470721,-8.38443434803734,-8.37391097974862,-8.36346326602675,-8.35309278233259,-8.3428007170371,-8.33258825851113,-8.32245659512557,-8.31240691525135,-8.30244040725934,-8.29255825952043,-8.28276166040554,-8.27305179828557,-8.26342986153136,-8.25389703851387,-8.24445408261802,-8.23510000728491,-8.22583339096974,-8.21665281212768,-8.20755684921385,-8.19854408068348,-8.18961308499172,-8.1807624405937,-8.17199072594465,-8.1632965194997,-8.15467839971402,-8.1461349450428,-8.13766444446878,-8.12926402908505,-8.12093054051232,-8.11266082037128,-8.10445171028259,-8.09630005186697,-8.0882026867451,-8.08015645653763,-8.07215820286531,-8.0642047673488,-8.05629299160877,-8.04841971726594,-8.04058182146228,-8.03277632342499,-8.02500027790262,-8.01725073964365,-8.00952476339657,-8.00181940390994,-7.99413171593224,-7.98645875421198,-7.97879757349769,-7.97114522853787,-7.96349877408101,-7.95585526487566
"29",-9.88630312433863,-9.8732030996861,-9.86014166895032,-9.84712174872119,-9.83414625558852,-9.82121810614211,-9.80834021697187,-9.79551550466761,-9.78274688581914,-9.77003727701636,-9.75738959484907,-9.74480675590709,-9.73229167678032,-9.71984721287992,-9.70747597490245,-9.69518051236595,-9.68296337478832,-9.67082711168751,-9.65877427258151,-9.64680740698826,-9.63492906442568,-9.62314179441178,-9.61144814646449,-9.59985067010173,-9.58835191484153,-9.57695418639331,-9.56565881523262,-9.5544668880266,-9.54337949144228,-9.53239771214673,-9.52152263680708,-9.51075535209038,-9.50009694466369,-9.48954850119413,-9.47911110834877,-9.46878585279465,-9.45857382119891,-9.44847573624856,-9.43849086471043,-9.42861810937138,-9.41885637301822,-9.40920455843773,-9.39966156841677,-9.39022630574214,-9.38089767320063,-9.37167457357909,-9.36255590966433,-9.35354058424314,-9.34462750010237,-9.3358151962299,-9.32710075641785,-9.31848090065953,-9.30995234894814,-9.30151182127689,-9.29315603763906,-9.28488171802788,-9.27668558243655,-9.26856435085835,-9.26051474328651,-9.25253347971423,-9.2446172801348,-9.23676263508752,-9.22896511729617,-9.22122007003065,-9.21352283656083,-9.20586876015655,-9.19825318408773,-9.19067145162425,-9.18311890603594,-9.17559089059272,-9.16808274856447,-9.16058982322102,-9.15310745783231,-9.14563099619272,-9.13815578419483,-9.13067716825579,-9.12319049479271,-9.1156911102227,-9.10817436096293,-9.10063559343048,-9.09307015404248,-9.08547338921609,-9.07784064536841,-9.07016726891655,-9.06244860627766,-9.05468025143545,-9.04685878863996,-9.03898104970787,-9.03104386645583,-9.02304407070045,-9.01497849425844,-9.00684396894641,-8.998637326581,-8.99035539897891,-8.98199501795677,-8.97355301533119,-8.96502622291888,-8.95641189419206,-8.94770896924532,-8.9389168098289,-8.93003477769299,-8.92106223458777,-8.91199854226349,-8.90284306247032,-8.89359515695845,-8.88425418747814,-8.87481951577955,-8.86529050361288,-8.85566651272837,-8.84594736037303,-8.8361346857812,-8.82623058368411,-8.81623714881294,-8.80615647589884,-8.79599065967307,-8.78574179486677,-8.77541197621112,-8.76500329843735,-8.75451785627664,-8.74395774446014,-8.73332505771909,-8.72262222199634,-8.71185298808132,-8.70102143797524,-8.69013165367924,-8.67918771719442,-8.668193710522,-8.65715371566309,-8.64607181461881,-8.63495208939038,-8.6237986219789,-8.6126154943855,-8.6014067886114,-8.59017667586454,-8.57892968418026,-8.56767043080081,-8.55640353296838,-8.54513360792513,-8.53386527291331,-8.52260314517512,-8.51135184195271,-8.50011598048834,-8.48890017802418,-8.47770905180242,-8.4665472190653,-8.45541911266644,-8.4443284279052,-8.43327867569249,-8.4222733669391,-8.41131601255583,-8.4004101234536,-8.38955921054319,-8.37876678473543,-8.36803635694119,-8.35737143807129,-8.34677553903653,-8.33625217074781,-8.32580445702594,-8.31543397333178,-8.30514190803629,-8.29492944951032,-8.28479778612476,-8.27474810625054,-8.26478159825853,-8.25489945051962,-8.24510285140473,-8.23539298928476,-8.22577105253055,-8.21623822951306,-8.20679527361721,-8.1974411982841,-8.18817458196893,-8.17899400312687,-8.16989804021304,-8.16088527168267,-8.15195427599091,-8.14310363159289,-8.13433191694384,-8.1256377104989,-8.1170195907132,-8.10847613604199,-8.10000563546797,-8.09160522008424,-8.08327173151151,-8.07500201137047,-8.06679290128178,-8.05864124286616,-8.05054387774429,-8.04249764753683,-8.0344993938645,-8.02654595834799,-8.01863418260796,-8.01076090826513,-8.00292301246147,-7.99511751442418,-7.9873414689018,-7.97959193064284,-7.97186595439576,-7.96416059490913,-7.95647290693143,-7.94879994521117,-7.94113876449688,-7.93348641953706,-7.9258399650802,-7.91819645587485
"30",-9.84970763914894,-9.83660761449642,-9.82354618376063,-9.8105262635315,-9.79755077039883,-9.78462262095242,-9.77174473178219,-9.75892001947793,-9.74615140062945,-9.73344179182667,-9.72079410965938,-9.7082112707174,-9.69569619159063,-9.68325172769023,-9.67088048971277,-9.65858502717626,-9.64636788959864,-9.63423162649782,-9.62217878739183,-9.61021192179858,-9.59833357923599,-9.58654630922209,-9.5748526612748,-9.56325518491205,-9.55175642965184,-9.54035870120363,-9.52906333004294,-9.51787140283691,-9.5067840062526,-9.49580222695704,-9.48492715161739,-9.4741598669007,-9.463501459474,-9.45295301600445,-9.44251562315908,-9.43219036760496,-9.42197833600922,-9.41188025105887,-9.40189537952074,-9.3920226241817,-9.38226088782854,-9.37260907324804,-9.36306608322709,-9.35363082055246,-9.34430218801094,-9.33507908838941,-9.32596042447465,-9.31694509905345,-9.30803201491269,-9.29921971104021,-9.29050527122817,-9.28188541546985,-9.27335686375845,-9.2649163360872,-9.25656055244938,-9.2482862328382,-9.24009009724687,-9.23196886566867,-9.22391925809683,-9.21593799452455,-9.20802179494511,-9.20016714989784,-9.19236963210649,-9.18462458484097,-9.17692735137114,-9.16927327496686,-9.16165769889805,-9.15407596643456,-9.14652342084625,-9.13899540540304,-9.13148726337479,-9.12399433803134,-9.11651197264263,-9.10903551100304,-9.10156029900515,-9.09408168306611,-9.08659500960303,-9.07909562503302,-9.07157887577324,-9.0640401082408,-9.0564746688528,-9.04887790402641,-9.04124516017873,-9.03357178372686,-9.02585312108798,-9.01808476624577,-9.01026330345027,-9.00238556451819,-8.99444838126614,-8.98644858551077,-8.97838300906875,-8.97024848375673,-8.96204184139132,-8.95375991378923,-8.94539953276708,-8.93695753014151,-8.9284307377292,-8.91981640900238,-8.91111348405563,-8.90232132463922,-8.89343929250331,-8.88446674939809,-8.8754030570738,-8.86624757728064,-8.85699967176877,-8.84765870228846,-8.83822403058987,-8.8286950184232,-8.81907102753868,-8.80935187518335,-8.79953920059151,-8.78963509849443,-8.77964166362326,-8.76956099070916,-8.75939517448338,-8.74914630967708,-8.73881649102143,-8.72840781324767,-8.71792237108695,-8.70736225927045,-8.69672957252941,-8.68602673680665,-8.67525750289163,-8.66442595278556,-8.65353616848956,-8.64259223200474,-8.63159822533231,-8.6205582304734,-8.60947632942913,-8.59835660420069,-8.58720313678922,-8.57602000919582,-8.56481130342171,-8.55358119067485,-8.54233419899057,-8.53107494561113,-8.51980804777869,-8.50853812273544,-8.49726978772363,-8.48600765998543,-8.47475635676302,-8.46352049529865,-8.4523046928345,-8.44111356661274,-8.42995173387561,-8.41882362747675,-8.40773294271552,-8.3966831905028,-8.38567788174941,-8.37472052736615,-8.36381463826391,-8.35296372535351,-8.34217129954574,-8.3314408717515,-8.3207759528816,-8.31018005384685,-8.29965668555812,-8.28920897183626,-8.2788384881421,-8.2685464228466,-8.25833396432064,-8.24820230093507,-8.23815262106086,-8.22818611306885,-8.21830396532993,-8.20850736621505,-8.19879750409507,-8.18917556734086,-8.17964274432338,-8.17019978842753,-8.16084571309441,-8.15157909677925,-8.14239851793718,-8.13330255502336,-8.12428978649299,-8.11535879080122,-8.10650814640321,-8.09773643175415,-8.08904222530921,-8.08042410552352,-8.0718806508523,-8.06341015027829,-8.05500973489455,-8.04667624632183,-8.03840652618079,-8.03019741609209,-8.02204575767648,-8.0139483925546,-8.00590216234714,-7.99790390867482,-7.98995047315831,-7.98203869741827,-7.97416542307544,-7.96632752727179,-7.9585220292345,-7.95074598371212,-7.94299644545315,-7.93527046920607,-7.92756510971944,-7.91987742174175,-7.91220446002148,-7.9045432793072,-7.89689093434738,-7.88924447989051,-7.88160097068516
"31",-9.81445096242555,-9.80135093777302,-9.78828950703724,-9.77526958680811,-9.76229409367544,-9.74936594422903,-9.73648805505879,-9.72366334275453,-9.71089472390606,-9.69818511510328,-9.68553743293599,-9.67295459399401,-9.66043951486724,-9.64799505096684,-9.63562381298937,-9.62332835045287,-9.61111121287525,-9.59897494977443,-9.58692211066843,-9.57495524507518,-9.5630769025126,-9.5512896324987,-9.53959598455141,-9.52799850818865,-9.51649975292845,-9.50510202448023,-9.49380665331954,-9.48261472611352,-9.4715273295292,-9.46054555023365,-9.449670474894,-9.4389031901773,-9.42824478275061,-9.41769633928105,-9.40725894643569,-9.39693369088157,-9.38672165928583,-9.37662357433548,-9.36663870279735,-9.3567659474583,-9.34700421110514,-9.33735239652465,-9.32780940650369,-9.31837414382906,-9.30904551128755,-9.29982241166601,-9.29070374775126,-9.28168842233006,-9.27277533818929,-9.26396303431682,-9.25524859450478,-9.24662873874645,-9.23810018703506,-9.22965965936381,-9.22130387572598,-9.2130295561148,-9.20483342052347,-9.19671218894528,-9.18866258137343,-9.18068131780115,-9.17276511822172,-9.16491047317445,-9.1571129553831,-9.14936790811758,-9.14167067464775,-9.13401659824347,-9.12640102217466,-9.11881928971117,-9.11126674412286,-9.10373872867965,-9.09623058665139,-9.08873766130795,-9.08125529591923,-9.07377883427965,-9.06630362228175,-9.05882500634271,-9.05133833287964,-9.04383894830963,-9.03632219904985,-9.0287834315174,-9.02121799212941,-9.01362122730301,-9.00598848345533,-8.99831510700347,-8.99059644436458,-8.98282808952237,-8.97500662672688,-8.9671288877948,-8.95919170454275,-8.95119190878737,-8.94312633234536,-8.93499180703333,-8.92678516466793,-8.91850323706584,-8.91014285604369,-8.90170085341811,-8.8931740610058,-8.88455973227899,-8.87585680733224,-8.86706464791582,-8.85818261577991,-8.84921007267469,-8.84014638035041,-8.83099090055724,-8.82174299504538,-8.81240202556506,-8.80296735386648,-8.7934383416998,-8.78381435081529,-8.77409519845995,-8.76428252386812,-8.75437842177103,-8.74438498689986,-8.73430431398577,-8.72413849775999,-8.71388963295369,-8.70355981429804,-8.69315113652427,-8.68266569436356,-8.67210558254706,-8.66147289580602,-8.65077006008326,-8.64000082616824,-8.62916927606217,-8.61827949176616,-8.60733555528134,-8.59634154860892,-8.58530155375001,-8.57421965270573,-8.5630999274773,-8.55194646006582,-8.54076333247242,-8.52955462669832,-8.51832451395146,-8.50707752226718,-8.49581826888773,-8.4845513710553,-8.47328144601205,-8.46201311100024,-8.45075098326204,-8.43949968003963,-8.42826381857526,-8.4170480161111,-8.40585688988934,-8.39469505715222,-8.38356695075336,-8.37247626599213,-8.36142651377941,-8.35042120502602,-8.33946385064276,-8.32855796154052,-8.31770704863011,-8.30691462282235,-8.29618419502811,-8.28551927615821,-8.27492337712345,-8.26440000883473,-8.25395229511286,-8.2435818114187,-8.23328974612321,-8.22307728759724,-8.21294562421168,-8.20289594433746,-8.19292943634546,-8.18304728860654,-8.17325068949166,-8.16354082737168,-8.15391889061747,-8.14438606759999,-8.13494311170413,-8.12558903637102,-8.11632242005585,-8.10714184121379,-8.09804587829996,-8.0890331097696,-8.08010211407783,-8.07125146967981,-8.06247975503076,-8.05378554858582,-8.04516742880013,-8.03662397412891,-8.02815347355489,-8.01975305817116,-8.01141956959843,-8.00314984945739,-7.9949407393687,-7.98678908095308,-7.97869171583121,-7.97064548562375,-7.96264723195142,-7.95469379643491,-7.94678202069488,-7.93890874635205,-7.9310708505484,-7.9232653525111,-7.91548930698873,-7.90773976872976,-7.90001379248268,-7.89230843299605,-7.88462074501836,-7.87694778329809,-7.8692866025838,-7.86163425762398,-7.85398780316712,-7.84634429396177
"32",-9.7808085788236,-9.76770855417107,-9.75464712343529,-9.74162720320616,-9.72865171007348,-9.71572356062707,-9.70284567145684,-9.69002095915258,-9.6772523403041,-9.66454273150132,-9.65189504933404,-9.63931221039205,-9.62679713126528,-9.61435266736488,-9.60198142938742,-9.58968596685092,-9.57746882927329,-9.56533256617247,-9.55327972706648,-9.54131286147323,-9.52943451891064,-9.51764724889675,-9.50595360094946,-9.4943561245867,-9.48285736932649,-9.47145964087828,-9.46016426971759,-9.44897234251156,-9.43788494592725,-9.4269031666317,-9.41602809129204,-9.40526080657535,-9.39460239914865,-9.3840539556791,-9.37361656283373,-9.36329130727962,-9.35307927568387,-9.34298119073352,-9.3329963191954,-9.32312356385635,-9.31336182750319,-9.3037100129227,-9.29416702290174,-9.28473176022711,-9.27540312768559,-9.26618002806406,-9.2570613641493,-9.2480460387281,-9.23913295458734,-9.23032065071486,-9.22160621090282,-9.2129863551445,-9.2044578034331,-9.19601727576185,-9.18766149212403,-9.17938717251285,-9.17119103692152,-9.16306980534332,-9.15502019777148,-9.1470389341992,-9.13912273461976,-9.13126808957249,-9.12347057178114,-9.11572552451562,-9.1080282910458,-9.10037421464152,-9.0927586385727,-9.08517690610921,-9.0776243605209,-9.07009634507769,-9.06258820304944,-9.05509527770599,-9.04761291231728,-9.04013645067769,-9.0326612386798,-9.02518262274076,-9.01769594927768,-9.01019656470767,-9.00267981544789,-8.99514104791545,-8.98757560852745,-8.97997884370106,-8.97234609985338,-8.96467272340151,-8.95695406076263,-8.94918570592042,-8.94136424312492,-8.93348650419284,-8.92554932094079,-8.91754952518542,-8.9094839487434,-8.90134942343138,-8.89314278106597,-8.88486085346388,-8.87650047244173,-8.86805846981616,-8.85953167740385,-8.85091734867703,-8.84221442373028,-8.83342226431387,-8.82454023217796,-8.81556768907274,-8.80650399674846,-8.79734851695529,-8.78810061144342,-8.77875964196311,-8.76932497026452,-8.75979595809785,-8.75017196721333,-8.740452814858,-8.73064014026616,-8.72073603816908,-8.71074260329791,-8.70066193038381,-8.69049611415803,-8.68024724935174,-8.66991743069608,-8.65950875292232,-8.64902331076161,-8.6384631989451,-8.62783051220406,-8.6171276764813,-8.60635844256628,-8.59552689246021,-8.58463710816421,-8.57369317167939,-8.56269916500696,-8.55165917014806,-8.54057726910378,-8.52945754387534,-8.51830407646387,-8.50712094887047,-8.49591224309636,-8.4846821303495,-8.47343513866522,-8.46217588528578,-8.45090898745335,-8.4396390624101,-8.42837072739828,-8.41710859966009,-8.40585729643767,-8.39462143497331,-8.38340563250915,-8.37221450628739,-8.36105267355027,-8.3499245671514,-8.33883388239017,-8.32778413017745,-8.31677882142406,-8.3058214670408,-8.29491557793857,-8.28406466502816,-8.27327223922039,-8.26254181142616,-8.25187689255626,-8.2412809935215,-8.23075762523278,-8.22030991151091,-8.20993942781675,-8.19964736252125,-8.18943490399529,-8.17930324060972,-8.16925356073551,-8.1592870527435,-8.14940490500459,-8.1396083058897,-8.12989844376972,-8.12027650701552,-8.11074368399803,-8.10130072810218,-8.09194665276907,-8.0826800364539,-8.07349945761183,-8.06440349469801,-8.05539072616764,-8.04645973047588,-8.03760908607786,-8.0288373714288,-8.02014316498386,-8.01152504519817,-8.00298159052696,-7.99451108995294,-7.9861106745692,-7.97777718599648,-7.96950746585544,-7.96129835576674,-7.95314669735113,-7.94504933222925,-7.93700310202179,-7.92900484834947,-7.92105141283296,-7.91313963709292,-7.90526636275009,-7.89742846694644,-7.88962296890915,-7.88184692338677,-7.8740973851278,-7.86637140888072,-7.85866604939409,-7.8509783614164,-7.84330539969614,-7.83564421898185,-7.82799187402203,-7.82034541956517,-7.81270191035981
"33",-9.74908344182591,-9.73598341717338,-9.7229219864376,-9.70990206620847,-9.6969265730758,-9.68399842362939,-9.67112053445915,-9.65829582215489,-9.64552720330642,-9.63281759450363,-9.62016991233635,-9.60758707339436,-9.5950719942676,-9.5826275303672,-9.57025629238973,-9.55796082985323,-9.5457436922756,-9.53360742917479,-9.52155459006879,-9.50958772447554,-9.49770938191295,-9.48592211189906,-9.47422846395177,-9.46263098758901,-9.45113223232881,-9.43973450388059,-9.4284391327199,-9.41724720551388,-9.40615980892956,-9.39517802963401,-9.38430295429436,-9.37353566957766,-9.36287726215097,-9.35232881868141,-9.34189142583605,-9.33156617028193,-9.32135413868619,-9.31125605373584,-9.30127118219771,-9.29139842685866,-9.2816366905055,-9.27198487592501,-9.26244188590405,-9.25300662322942,-9.2436779906879,-9.23445489106637,-9.22533622715161,-9.21632090173042,-9.20740781758965,-9.19859551371718,-9.18988107390513,-9.18126121814681,-9.17273266643542,-9.16429213876417,-9.15593635512634,-9.14766203551516,-9.13946589992383,-9.13134466834563,-9.12329506077379,-9.11531379720151,-9.10739759762208,-9.0995429525748,-9.09174543478345,-9.08400038751793,-9.07630315404811,-9.06864907764383,-9.06103350157501,-9.05345176911153,-9.04589922352322,-9.03837120808,-9.03086306605175,-9.0233701407083,-9.01588777531959,-9.00841131368,-9.00093610168211,-8.99345748574307,-8.98597081228,-8.97847142770998,-8.9709546784502,-8.96341591091776,-8.95585047152976,-8.94825370670337,-8.94062096285569,-8.93294758640383,-8.92522892376494,-8.91746056892273,-8.90963910612724,-8.90176136719515,-8.89382418394311,-8.88582438818773,-8.87775881174572,-8.86962428643369,-8.86141764406828,-8.8531357164662,-8.84477533544405,-8.83633333281847,-8.82780654040616,-8.81919221167934,-8.8104892867326,-8.80169712731618,-8.79281509518027,-8.78384255207505,-8.77477885975077,-8.7656233799576,-8.75637547444573,-8.74703450496542,-8.73759983326683,-8.72807082110016,-8.71844683021565,-8.70872767786031,-8.69891500326848,-8.68901090117139,-8.67901746630022,-8.66893679338612,-8.65877097716035,-8.64852211235405,-8.6381922936984,-8.62778361592463,-8.61729817376392,-8.60673806194742,-8.59610537520637,-8.58540253948362,-8.5746333055686,-8.56380175546252,-8.55291197116652,-8.5419680346817,-8.53097402800928,-8.51993403315037,-8.50885213210609,-8.49773240687766,-8.48657893946618,-8.47539581187278,-8.46418710609868,-8.45295699335182,-8.44171000166754,-8.43045074828809,-8.41918385045566,-8.40791392541241,-8.39664559040059,-8.3853834626624,-8.37413215943999,-8.36289629797562,-8.35168049551146,-8.3404893692897,-8.32932753655258,-8.31819943015372,-8.30710874539248,-8.29605899317977,-8.28505368442638,-8.27409633004311,-8.26319044094088,-8.25233952803047,-8.2415471022227,-8.23081667442847,-8.22015175555857,-8.20955585652381,-8.19903248823509,-8.18858477451322,-8.17821429081906,-8.16792222552357,-8.1577097669976,-8.14757810361204,-8.13752842373782,-8.12756191574581,-8.1176797680069,-8.10788316889201,-8.09817330677204,-8.08855137001783,-8.07901854700034,-8.06957559110449,-8.06022151577138,-8.05095489945621,-8.04177432061415,-8.03267835770032,-8.02366558916995,-8.01473459347819,-8.00588394908017,-7.99711223443112,-7.98841802798618,-7.97979990820049,-7.97125645352927,-7.96278595295525,-7.95438553757152,-7.94605204899879,-7.93778232885775,-7.92957321876906,-7.92142156035344,-7.91332419523156,-7.9052779650241,-7.89727971135178,-7.88932627583527,-7.88141450009524,-7.87354122575241,-7.86570332994875,-7.85789783191146,-7.85012178638909,-7.84237224813012,-7.83464627188304,-7.82694091239641,-7.81925322441871,-7.81158026269845,-7.80391908198416,-7.79626673702434,-7.78862028256748,-7.78097677336213
"34",-9.71968838022596,-9.70658835557343,-9.69352692483765,-9.68050700460852,-9.66753151147585,-9.65460336202944,-9.6417254728592,-9.62890076055494,-9.61613214170647,-9.60342253290368,-9.5907748507364,-9.57819201179441,-9.56567693266764,-9.55323246876724,-9.54086123078978,-9.52856576825328,-9.51634863067565,-9.50421236757484,-9.49215952846884,-9.48019266287559,-9.468314320313,-9.45652705029911,-9.44483340235182,-9.43323592598906,-9.42173717072886,-9.41033944228064,-9.39904407111995,-9.38785214391392,-9.37676474732961,-9.36578296803406,-9.35490789269441,-9.34414060797771,-9.33348220055101,-9.32293375708146,-9.3124963642361,-9.30217110868198,-9.29195907708624,-9.28186099213589,-9.27187612059776,-9.26200336525871,-9.25224162890555,-9.24258981432506,-9.2330468243041,-9.22361156162947,-9.21428292908795,-9.20505982946642,-9.19594116555166,-9.18692584013047,-9.1780127559897,-9.16920045211723,-9.16048601230518,-9.15186615654686,-9.14333760483547,-9.13489707716422,-9.12654129352639,-9.11826697391521,-9.11007083832388,-9.10194960674568,-9.09389999917384,-9.08591873560156,-9.07800253602212,-9.07014789097485,-9.0623503731835,-9.05460532591798,-9.04690809244816,-9.03925401604388,-9.03163843997506,-9.02405670751157,-9.01650416192327,-9.00897614648005,-9.0014680044518,-8.99397507910835,-8.98649271371964,-8.97901625208005,-8.97154104008216,-8.96406242414312,-8.95657575068004,-8.94907636611003,-8.94155961685025,-8.93402084931781,-8.92645540992981,-8.91885864510342,-8.91122590125574,-8.90355252480387,-8.89583386216499,-8.88806550732278,-8.88024404452729,-8.8723663055952,-8.86442912234316,-8.85642932658778,-8.84836375014577,-8.84022922483374,-8.83202258246833,-8.82374065486624,-8.8153802738441,-8.80693827121852,-8.79841147880621,-8.78979715007939,-8.78109422513265,-8.77230206571623,-8.76342003358032,-8.7544474904751,-8.74538379815082,-8.73622831835765,-8.72698041284578,-8.71763944336547,-8.70820477166688,-8.69867575950021,-8.6890517686157,-8.67933261626036,-8.66951994166853,-8.65961583957144,-8.64962240470027,-8.63954173178617,-8.6293759155604,-8.6191270507541,-8.60879723209844,-8.59838855432468,-8.58790311216397,-8.57734300034747,-8.56671031360642,-8.55600747788367,-8.54523824396865,-8.53440669386257,-8.52351690956657,-8.51257297308175,-8.50157896640933,-8.49053897155042,-8.47945707050614,-8.4683373452777,-8.45718387786623,-8.44600075027283,-8.43479204449873,-8.42356193175187,-8.41231494006758,-8.40105568668814,-8.38978878885571,-8.37851886381246,-8.36725052880064,-8.35598840106245,-8.34473709784004,-8.33350123637567,-8.32228543391151,-8.31109430768975,-8.29993247495263,-8.28880436855377,-8.27771368379253,-8.26666393157982,-8.25565862282643,-8.24470126844316,-8.23379537934093,-8.22294446643052,-8.21215204062275,-8.20142161282852,-8.19075669395862,-8.18016079492386,-8.16963742663514,-8.15918971291327,-8.14881922921911,-8.13852716392362,-8.12831470539765,-8.11818304201208,-8.10813336213787,-8.09816685414586,-8.08828470640695,-8.07848810729206,-8.06877824517209,-8.05915630841788,-8.04962348540039,-8.04018052950454,-8.03082645417143,-8.02155983785626,-8.01237925901419,-8.00328329610037,-7.99427052757,-7.98533953187824,-7.97648888748022,-7.96771717283117,-7.95902296638622,-7.95040484660054,-7.94186139192932,-7.9333908913553,-7.92499047597157,-7.91665698739884,-7.9083872672578,-7.90017815716911,-7.89202649875349,-7.88392913363161,-7.87588290342415,-7.86788464975183,-7.85993121423532,-7.85201943849529,-7.84414616415246,-7.8363082683488,-7.82850277031151,-7.82072672478913,-7.81297718653017,-7.80525121028309,-7.79754585079646,-7.78985816281876,-7.7821852010985,-7.77452402038421,-7.76687167542439,-7.75922522096753,-7.75158171176218
"35",-9.69306369164488,-9.67996366699236,-9.66690223625657,-9.65388231602745,-9.64090682289477,-9.62797867344836,-9.61510078427813,-9.60227607197387,-9.58950745312539,-9.57679784432261,-9.56415016215532,-9.55156732321334,-9.53905224408657,-9.52660778018617,-9.51423654220871,-9.5019410796722,-9.48972394209458,-9.47758767899376,-9.46553483988777,-9.45356797429452,-9.44168963173193,-9.42990236171803,-9.41820871377074,-9.40661123740799,-9.39511248214778,-9.38371475369957,-9.37241938253888,-9.36122745533285,-9.35014005874854,-9.33915827945298,-9.32828320411333,-9.31751591939664,-9.30685751196994,-9.29630906850039,-9.28587167565502,-9.2755464201009,-9.26533438850516,-9.25523630355481,-9.24525143201668,-9.23537867667764,-9.22561694032448,-9.21596512574398,-9.20642213572303,-9.1969868730484,-9.18765824050688,-9.17843514088535,-9.16931647697059,-9.16030115154939,-9.15138806740863,-9.14257576353615,-9.13386132372411,-9.12524146796579,-9.11671291625439,-9.10827238858314,-9.09991660494532,-9.09164228533414,-9.0834461497428,-9.07532491816461,-9.06727531059277,-9.05929404702049,-9.05137784744105,-9.04352320239378,-9.03572568460243,-9.02798063733691,-9.02028340386708,-9.0126293274628,-9.00501375139399,-8.9974320189305,-8.98987947334219,-8.98235145789898,-8.97484331587073,-8.96735039052728,-8.95986802513857,-8.95239156349898,-8.94491635150109,-8.93743773556205,-8.92995106209897,-8.92245167752896,-8.91493492826918,-8.90739616073674,-8.89983072134874,-8.89223395652235,-8.88460121267467,-8.8769278362228,-8.86920917358392,-8.86144081874171,-8.85361935594621,-8.84574161701413,-8.83780443376208,-8.82980463800671,-8.82173906156469,-8.81360453625267,-8.80539789388726,-8.79711596628517,-8.78875558526302,-8.78031358263745,-8.77178679022514,-8.76317246149832,-8.75446953655157,-8.74567737713516,-8.73679534499925,-8.72782280189403,-8.71875910956974,-8.70960362977658,-8.70035572426471,-8.6910147547844,-8.68158008308581,-8.67205107091914,-8.66242708003462,-8.65270792767929,-8.64289525308745,-8.63299115099037,-8.6229977161192,-8.6129170432051,-8.60275122697932,-8.59250236217302,-8.58217254351737,-8.57176386574361,-8.5612784235829,-8.55071831176639,-8.54008562502535,-8.52938278930259,-8.51861355538757,-8.5077820052815,-8.4968922209855,-8.48594828450068,-8.47495427782825,-8.46391428296934,-8.45283238192507,-8.44171265669663,-8.43055918928516,-8.41937606169176,-8.40816735591765,-8.39693724317079,-8.38569025148651,-8.37443099810707,-8.36316410027463,-8.35189417523138,-8.34062584021957,-8.32936371248137,-8.31811240925896,-8.3068765477946,-8.29566074533044,-8.28446961910868,-8.27330778637155,-8.26217967997269,-8.25108899521146,-8.24003924299874,-8.22903393424535,-8.21807657986209,-8.20717069075985,-8.19631977784945,-8.18552735204168,-8.17479692424744,-8.16413200537754,-8.15353610634279,-8.14301273805406,-8.1325650243322,-8.12219454063804,-8.11190247534254,-8.10169001681658,-8.09155835343101,-8.0815086735568,-8.07154216556479,-8.06166001782587,-8.05186341871099,-8.04215355659101,-8.0325316198368,-8.02299879681932,-8.01355584092347,-8.00420176559035,-7.99493514927519,-7.98575457043312,-7.9766586075193,-7.96764583898893,-7.95871484329716,-7.94986419889915,-7.94109248425009,-7.93239827780515,-7.92378015801946,-7.91523670334824,-7.90676620277423,-7.89836578739049,-7.89003229881777,-7.88176257867673,-7.87355346858803,-7.86540181017242,-7.85730444505054,-7.84925821484308,-7.84125996117076,-7.83330652565425,-7.82539474991421,-7.81752147557138,-7.80968357976773,-7.80187808173044,-7.79410203620806,-7.78635249794909,-7.77862652170201,-7.77092116221538,-7.76323347423769,-7.75556051251742,-7.74789933180314,-7.74024698684332,-7.73260053238645,-7.7249570231811
"36",-9.66964967370383,-9.6565496490513,-9.64348821831552,-9.63046829808639,-9.61749280495372,-9.60456465550731,-9.59168676633707,-9.57886205403281,-9.56609343518434,-9.55338382638156,-9.54073614421427,-9.52815330527229,-9.51563822614552,-9.50319376224512,-9.49082252426765,-9.47852706173115,-9.46630992415353,-9.45417366105271,-9.44212082194671,-9.43015395635346,-9.41827561379088,-9.40648834377698,-9.39479469582969,-9.38319721946693,-9.37169846420673,-9.36030073575851,-9.34900536459782,-9.3378134373918,-9.32672604080748,-9.31574426151193,-9.30486918617228,-9.29410190145558,-9.28344349402889,-9.27289505055933,-9.26245765771397,-9.25213240215985,-9.24192037056411,-9.23182228561376,-9.22183741407563,-9.21196465873659,-9.20220292238342,-9.19255110780293,-9.18300811778197,-9.17357285510734,-9.16424422256583,-9.15502112294429,-9.14590245902954,-9.13688713360834,-9.12797404946757,-9.1191617455951,-9.11044730578306,-9.10182745002473,-9.09329889831334,-9.08485837064209,-9.07650258700426,-9.06822826739308,-9.06003213180175,-9.05191090022356,-9.04386129265171,-9.03588002907943,-9.0279638295,-9.02010918445273,-9.01231166666138,-9.00456661939586,-8.99686938592603,-8.98921530952175,-8.98159973345294,-8.97401800098945,-8.96646545540114,-8.95893743995793,-8.95142929792967,-8.94393637258623,-8.93645400719751,-8.92897754555793,-8.92150233356003,-8.91402371762099,-8.90653704415792,-8.89903765958791,-8.89152091032813,-8.88398214279569,-8.87641670340769,-8.86881993858129,-8.86118719473361,-8.85351381828175,-8.84579515564286,-8.83802680080065,-8.83020533800516,-8.82232759907308,-8.81439041582103,-8.80639062006565,-8.79832504362364,-8.79019051831161,-8.78198387594621,-8.77370194834412,-8.76534156732197,-8.75689956469639,-8.74837277228409,-8.73975844355727,-8.73105551861052,-8.7222633591941,-8.71338132705819,-8.70440878395297,-8.69534509162869,-8.68618961183552,-8.67694170632366,-8.66760073684334,-8.65816606514476,-8.64863705297808,-8.63901306209357,-8.62929390973823,-8.6194812351464,-8.60957713304932,-8.59958369817814,-8.58950302526405,-8.57933720903827,-8.56908834423197,-8.55875852557632,-8.54834984780255,-8.53786440564184,-8.52730429382534,-8.5166716070843,-8.50596877136154,-8.49519953744652,-8.48436798734045,-8.47347820304444,-8.46253426655962,-8.4515402598872,-8.44050026502829,-8.42941836398401,-8.41829863875558,-8.4071451713441,-8.3959620437507,-8.3847533379766,-8.37352322522974,-8.36227623354546,-8.35101698016601,-8.33975008233358,-8.32848015729033,-8.31721182227852,-8.30594969454032,-8.29469839131791,-8.28346252985354,-8.27224672738939,-8.26105560116762,-8.2498937684305,-8.23876566203164,-8.2276749772704,-8.21662522505769,-8.2056199163043,-8.19466256192104,-8.1837566728188,-8.17290575990839,-8.16211333410063,-8.15138290630639,-8.14071798743649,-8.13012208840173,-8.11959872011301,-8.10915100639114,-8.09878052269699,-8.08848845740149,-8.07827599887552,-8.06814433548996,-8.05809465561574,-8.04812814762374,-8.03824599988482,-8.02844940076994,-8.01873953864996,-8.00911760189575,-7.99958477887826,-7.99014182298241,-7.9807877476493,-7.97152113133413,-7.96234055249207,-7.95324458957824,-7.94423182104788,-7.93530082535611,-7.92645018095809,-7.91767846630904,-7.9089842598641,-7.90036614007841,-7.89182268540719,-7.88335218483317,-7.87495176944944,-7.86661828087672,-7.85834856073567,-7.85013945064698,-7.84198779223136,-7.83389042710949,-7.82584419690203,-7.8178459432297,-7.80989250771319,-7.80198073197316,-7.79410745763033,-7.78626956182667,-7.77846406378938,-7.77068801826701,-7.76293848000804,-7.75521250376096,-7.74750714427433,-7.73981945629664,-7.73214649457637,-7.72448531386208,-7.71683296890226,-7.7091865144454,-7.70154300524005
"37",-9.64988662402393,-9.6367865993714,-9.62372516863562,-9.61070524840649,-9.59772975527381,-9.5848016058274,-9.57192371665717,-9.55909900435291,-9.54633038550443,-9.53362077670165,-9.52097309453437,-9.50839025559238,-9.49587517646561,-9.48343071256521,-9.47105947458775,-9.45876401205125,-9.44654687447362,-9.4344106113728,-9.42235777226681,-9.41039090667356,-9.39851256411097,-9.38672529409708,-9.37503164614979,-9.36343416978703,-9.35193541452682,-9.34053768607861,-9.32924231491792,-9.31805038771189,-9.30696299112758,-9.29598121183203,-9.28510613649238,-9.27433885177568,-9.26368044434898,-9.25313200087943,-9.24269460803406,-9.23236935247995,-9.2221573208842,-9.21205923593386,-9.20207436439573,-9.19220160905668,-9.18243987270352,-9.17278805812303,-9.16324506810207,-9.15380980542744,-9.14448117288592,-9.13525807326439,-9.12613940934963,-9.11712408392844,-9.10821099978767,-9.0993986959152,-9.09068425610315,-9.08206440034483,-9.07353584863344,-9.06509532096218,-9.05673953732436,-9.04846521771318,-9.04026908212185,-9.03214785054365,-9.02409824297181,-9.01611697939953,-9.00820077982009,-9.00034613477282,-8.99254861698147,-8.98480356971595,-8.97710633624613,-8.96945225984185,-8.96183668377303,-8.95425495130954,-8.94670240572123,-8.93917439027802,-8.93166624824977,-8.92417332290632,-8.91669095751761,-8.90921449587802,-8.90173928388013,-8.89426066794109,-8.88677399447801,-8.879274609908,-8.87175786064822,-8.86421909311578,-8.85665365372778,-8.84905688890139,-8.84142414505371,-8.83375076860184,-8.82603210596296,-8.81826375112075,-8.81044228832526,-8.80256454939317,-8.79462736614112,-8.78662757038575,-8.77856199394373,-8.77042746863171,-8.7622208262663,-8.75393889866421,-8.74557851764206,-8.73713651501649,-8.72860972260418,-8.71999539387736,-8.71129246893062,-8.7025003095142,-8.69361827737829,-8.68464573427307,-8.67558204194879,-8.66642656215562,-8.65717865664375,-8.64783768716344,-8.63840301546485,-8.62887400329818,-8.61925001241366,-8.60953086005833,-8.5997181854665,-8.58981408336941,-8.57982064849824,-8.56973997558414,-8.55957415935836,-8.54932529455207,-8.53899547589641,-8.52858679812265,-8.51810135596194,-8.50754124414544,-8.49690855740439,-8.48620572168164,-8.47543648776661,-8.46460493766054,-8.45371515336454,-8.44277121687972,-8.4317772102073,-8.42073721534839,-8.40965531430411,-8.39853558907567,-8.3873821216642,-8.3761989940708,-8.3649902882967,-8.35376017554984,-8.34251318386555,-8.33125393048611,-8.31998703265368,-8.30871710761043,-8.29744877259861,-8.28618664486042,-8.274935341638,-8.26369948017364,-8.25248367770948,-8.24129255148772,-8.2301307187506,-8.21900261235174,-8.2079119275905,-8.19686217537778,-8.1858568666244,-8.17489951224113,-8.1639936231389,-8.15314271022849,-8.14235028442072,-8.13161985662649,-8.12095493775659,-8.11035903872183,-8.09983567043311,-8.08938795671124,-8.07901747301708,-8.06872540772159,-8.05851294919562,-8.04838128581005,-8.03833160593584,-8.02836509794383,-8.01848295020492,-8.00868635109003,-7.99897648897005,-7.98935455221585,-7.97982172919836,-7.97037877330251,-7.9610246979694,-7.95175808165423,-7.94257750281216,-7.93348153989834,-7.92446877136797,-7.91553777567621,-7.90668713127819,-7.89791541662914,-7.88922121018419,-7.8806030903985,-7.87205963572729,-7.86358913515327,-7.85518871976954,-7.84685523119681,-7.83858551105577,-7.83037640096707,-7.82222474255146,-7.81412737742958,-7.80608114722212,-7.7980828935498,-7.79012945803329,-7.78221768229325,-7.77434440795042,-7.76650651214677,-7.75870101410948,-7.7509249685871,-7.74317543032813,-7.73544945408105,-7.72774409459442,-7.72005640661673,-7.71238344489647,-7.70472226418218,-7.69706991922236,-7.6894234647655,-7.68177995556014
"38",-9.634204764255,-9.62110473960247,-9.60804330886669,-9.59502338863756,-9.58204789550488,-9.56911974605847,-9.55624185688824,-9.54341714458398,-9.5306485257355,-9.51793891693272,-9.50529123476544,-9.49270839582345,-9.48019331669668,-9.46774885279628,-9.45537761481882,-9.44308215228232,-9.43086501470469,-9.41872875160387,-9.40667591249788,-9.39470904690463,-9.38283070434204,-9.37104343432815,-9.35934978638086,-9.3477523100181,-9.33625355475789,-9.32485582630968,-9.31356045514899,-9.30236852794296,-9.29128113135865,-9.2802993520631,-9.26942427672344,-9.25865699200675,-9.24799858458005,-9.2374501411105,-9.22701274826513,-9.21668749271102,-9.20647546111528,-9.19637737616493,-9.1863925046268,-9.17651974928775,-9.16675801293459,-9.1571061983541,-9.14756320833314,-9.13812794565851,-9.12879931311699,-9.11957621349546,-9.1104575495807,-9.10144222415951,-9.09252914001874,-9.08371683614626,-9.07500239633422,-9.0663825405759,-9.0578539888645,-9.04941346119325,-9.04105767755543,-9.03278335794425,-9.02458722235292,-9.01646599077472,-9.00841638320288,-9.0004351196306,-8.99251892005116,-8.98466427500389,-8.97686675721254,-8.96912170994702,-8.9614244764772,-8.95377040007292,-8.9461548240041,-8.93857309154061,-8.9310205459523,-8.92349253050909,-8.91598438848084,-8.90849146313739,-8.90100909774868,-8.89353263610909,-8.8860574241112,-8.87857880817216,-8.87109213470908,-8.86359275013907,-8.85607600087929,-8.84853723334685,-8.84097179395885,-8.83337502913246,-8.82574228528478,-8.81806890883291,-8.81035024619403,-8.80258189135182,-8.79476042855632,-8.78688268962424,-8.77894550637219,-8.77094571061682,-8.7628801341748,-8.75474560886278,-8.74653896649737,-8.73825703889528,-8.72989665787313,-8.72145465524756,-8.71292786283525,-8.70431353410843,-8.69561060916168,-8.68681844974527,-8.67793641760936,-8.66896387450414,-8.65990018217986,-8.65074470238669,-8.64149679687482,-8.63215582739451,-8.62272115569592,-8.61319214352925,-8.60356815264473,-8.5938490002894,-8.58403632569756,-8.57413222360048,-8.56413878872931,-8.55405811581521,-8.54389229958943,-8.53364343478314,-8.52331361612748,-8.51290493835372,-8.50241949619301,-8.4918593843765,-8.48122669763546,-8.4705238619127,-8.45975462799768,-8.44892307789161,-8.43803329359561,-8.42708935711079,-8.41609535043836,-8.40505535557946,-8.39397345453518,-8.38285372930674,-8.37170026189527,-8.36051713430187,-8.34930842852777,-8.3380783157809,-8.32683132409662,-8.31557207071718,-8.30430517288475,-8.2930352478415,-8.28176691282968,-8.27050478509149,-8.25925348186907,-8.24801762040471,-8.23680181794055,-8.22561069171879,-8.21444885898167,-8.2033207525828,-8.19223006782157,-8.18118031560885,-8.17017500685546,-8.1592176524722,-8.14831176336997,-8.13746085045956,-8.12666842465179,-8.11593799685756,-8.10527307798766,-8.0946771789529,-8.08415381066418,-8.07370609694231,-8.06333561324815,-8.05304354795265,-8.04283108942669,-8.03269942604112,-8.02264974616691,-8.0126832381749,-8.00280109043599,-7.9930044913211,-7.98329462920112,-7.97367269244692,-7.96413986942943,-7.95469691353358,-7.94534283820047,-7.9360762218853,-7.92689564304323,-7.91779968012941,-7.90878691159904,-7.89985591590728,-7.89100527150926,-7.8822335568602,-7.87353935041526,-7.86492123062957,-7.85637777595836,-7.84790727538434,-7.8395068600006,-7.83117337142788,-7.82290365128684,-7.81469454119814,-7.80654288278253,-7.79844551766065,-7.79039928745319,-7.78240103378087,-7.77444759826436,-7.76653582252432,-7.75866254818149,-7.75082465237784,-7.74301915434055,-7.73524310881817,-7.7274935705592,-7.71976759431212,-7.71206223482549,-7.7043745468478,-7.69670158512754,-7.68904040441325,-7.68138805945343,-7.67374160499657,-7.66609809579121
"39",-9.62299401216156,-9.60989398750904,-9.59683255677325,-9.58381263654412,-9.57083714341145,-9.55790899396504,-9.5450311047948,-9.53220639249055,-9.51943777364207,-9.50672816483929,-9.494080482672,-9.48149764373002,-9.46898256460325,-9.45653810070285,-9.44416686272539,-9.43187140018888,-9.41965426261126,-9.40751799951044,-9.39546516040445,-9.3834982948112,-9.37161995224861,-9.35983268223471,-9.34813903428742,-9.33654155792467,-9.32504280266446,-9.31364507421625,-9.30234970305556,-9.29115777584953,-9.28007037926522,-9.26908859996966,-9.25821352463001,-9.24744623991331,-9.23678783248662,-9.22623938901707,-9.2158019961717,-9.20547674061758,-9.19526470902184,-9.18516662407149,-9.17518175253336,-9.16530899719432,-9.15554726084116,-9.14589544626066,-9.1363524562397,-9.12691719356507,-9.11758856102356,-9.10836546140203,-9.09924679748727,-9.09023147206607,-9.08131838792531,-9.07250608405283,-9.06379164424079,-9.05517178848247,-9.04664323677107,-9.03820270909982,-9.029846925462,-9.02157260585081,-9.01337647025948,-9.00525523868129,-8.99720563110944,-8.98922436753717,-8.98130816795773,-8.97345352291046,-8.96565600511911,-8.95791095785359,-8.95021372438376,-8.94255964797948,-8.93494407191067,-8.92736233944718,-8.91980979385887,-8.91228177841566,-8.9047736363874,-8.89728071104396,-8.88979834565524,-8.88232188401566,-8.87484667201776,-8.86736805607872,-8.85988138261565,-8.85238199804564,-8.84486524878586,-8.83732648125342,-8.82976104186542,-8.82216427703903,-8.81453153319134,-8.80685815673948,-8.7991394941006,-8.79137113925839,-8.78354967646289,-8.77567193753081,-8.76773475427876,-8.75973495852339,-8.75166938208137,-8.74353485676934,-8.73532821440394,-8.72704628680185,-8.7186859057797,-8.71024390315413,-8.70171711074182,-8.693102782015,-8.68439985706825,-8.67560769765184,-8.66672566551593,-8.6577531224107,-8.64868943008642,-8.63953395029326,-8.63028604478139,-8.62094507530107,-8.61151040360249,-8.60198139143581,-8.5923574005513,-8.58263824819596,-8.57282557360413,-8.56292147150705,-8.55292803663588,-8.54284736372178,-8.532681547496,-8.5224326826897,-8.51210286403405,-8.50169418626029,-8.49120874409957,-8.48064863228307,-8.47001594554203,-8.45931310981927,-8.44854387590425,-8.43771232579818,-8.42682254150217,-8.41587860501736,-8.40488459834493,-8.39384460348602,-8.38276270244175,-8.37164297721331,-8.36048950980183,-8.34930638220844,-8.33809767643433,-8.32686756368747,-8.31562057200319,-8.30436131862375,-8.29309442079131,-8.28182449574806,-8.27055616073625,-8.25929403299805,-8.24804272977564,-8.23680686831127,-8.22559106584712,-8.21439993962535,-8.20323810688823,-8.19211000048937,-8.18101931572814,-8.16996956351542,-8.15896425476203,-8.14800690037877,-8.13710101127653,-8.12625009836613,-8.11545767255836,-8.10472724476412,-8.09406232589422,-8.08346642685946,-8.07294305857074,-8.06249534484888,-8.05212486115472,-8.04183279585922,-8.03162033733326,-8.02148867394769,-8.01143899407347,-8.00147248608147,-7.99159033834255,-7.98179373922767,-7.97208387710769,-7.96246194035348,-7.952929117336,-7.94348616144015,-7.93413208610703,-7.92486546979187,-7.9156848909498,-7.90658892803598,-7.89757615950561,-7.88864516381384,-7.87979451941583,-7.87102280476677,-7.86232859832183,-7.85371047853614,-7.84516702386492,-7.83669652329091,-7.82829610790717,-7.81996261933445,-7.81169289919341,-7.80348378910471,-7.79533213068909,-7.78723476556722,-7.77918853535976,-7.77119028168744,-7.76323684617093,-7.75532507043089,-7.74745179608806,-7.73961390028441,-7.73180840224711,-7.72403235672474,-7.71628281846577,-7.70855684221869,-7.70085148273206,-7.69316379475437,-7.6854908330341,-7.67782965231982,-7.67017730736,-7.66253085290313,-7.65488734369778
"40",-9.61663420953683,-9.6035341848843,-9.59047275414852,-9.57745283391939,-9.56447734078672,-9.55154919134031,-9.53867130217007,-9.52584658986581,-9.51307797101734,-9.50036836221456,-9.48772068004727,-9.47513784110529,-9.46262276197852,-9.45017829807812,-9.43780706010065,-9.42551159756415,-9.41329445998653,-9.40115819688571,-9.38910535777971,-9.37713849218646,-9.36526014962388,-9.35347287960998,-9.34177923166269,-9.33018175529993,-9.31868300003973,-9.30728527159151,-9.29598990043082,-9.2847979732248,-9.27371057664048,-9.26272879734493,-9.25185372200528,-9.24108643728858,-9.23042802986189,-9.21987958639233,-9.20944219354697,-9.19911693799285,-9.18890490639711,-9.17880682144676,-9.16882194990863,-9.15894919456959,-9.14918745821642,-9.13953564363593,-9.12999265361497,-9.12055739094034,-9.11122875839883,-9.10200565877729,-9.09288699486254,-9.08387166944134,-9.07495858530057,-9.0661462814281,-9.05743184161606,-9.04881198585773,-9.04028343414634,-9.03184290647509,-9.02348712283726,-9.01521280322608,-9.00701666763475,-8.99889543605656,-8.99084582848471,-8.98286456491243,-8.974948365333,-8.96709372028573,-8.95929620249438,-8.95155115522886,-8.94385392175903,-8.93619984535475,-8.92858426928594,-8.92100253682245,-8.91344999123414,-8.90592197579093,-8.89841383376267,-8.89092090841923,-8.88343854303051,-8.87596208139093,-8.86848686939303,-8.86100825345399,-8.85352157999092,-8.84602219542091,-8.83850544616113,-8.83096667862869,-8.82340123924069,-8.81580447441429,-8.80817173056661,-8.80049835411475,-8.79277969147586,-8.78501133663365,-8.77718987383816,-8.76931213490607,-8.76137495165403,-8.75337515589865,-8.74530957945664,-8.73717505414461,-8.72896841177921,-8.72068648417712,-8.71232610315497,-8.70388410052939,-8.69535730811709,-8.68674297939027,-8.67804005444352,-8.6692478950271,-8.66036586289119,-8.65139331978597,-8.64232962746169,-8.63317414766852,-8.62392624215666,-8.61458527267634,-8.60515060097776,-8.59562158881108,-8.58599759792657,-8.57627844557123,-8.5664657709794,-8.55656166888232,-8.54656823401114,-8.53648756109705,-8.52632174487127,-8.51607288006497,-8.50574306140932,-8.49533438363555,-8.48484894147484,-8.47428882965834,-8.4636561429173,-8.45295330719454,-8.44218407327952,-8.43135252317345,-8.42046273887744,-8.40951880239262,-8.3985247957202,-8.38748480086129,-8.37640289981701,-8.36528317458858,-8.3541297071771,-8.3429465795837,-8.3317378738096,-8.32050776106274,-8.30926076937846,-8.29800151599901,-8.28673461816658,-8.27546469312333,-8.26419635811152,-8.25293423037332,-8.24168292715091,-8.23044706568654,-8.21923126322238,-8.20804013700062,-8.1968783042635,-8.18575019786464,-8.1746595131034,-8.16360976089069,-8.1526044521373,-8.14164709775404,-8.1307412086518,-8.11989029574139,-8.10909786993363,-8.09836744213939,-8.08770252326949,-8.07710662423473,-8.06658325594601,-8.05613554222414,-8.04576505852999,-8.03547299323449,-8.02526053470852,-8.01512887132296,-8.00507919144874,-7.99511268345673,-7.98523053571782,-7.97543393660294,-7.96572407448296,-7.95610213772875,-7.94656931471126,-7.93712635881541,-7.9277722834823,-7.91850566716713,-7.90932508832507,-7.90022912541124,-7.89121635688088,-7.88228536118911,-7.87343471679109,-7.86466300214204,-7.8559687956971,-7.84735067591141,-7.83880722124019,-7.83033672066617,-7.82193630528244,-7.81360281670972,-7.80533309656867,-7.79712398647998,-7.78897232806436,-7.78087496294249,-7.77282873273503,-7.7648304790627,-7.75687704354619,-7.74896526780616,-7.74109199346333,-7.73325409765967,-7.72544859962238,-7.71767255410001,-7.70992301584104,-7.70219703959396,-7.69449168010733,-7.68680399212964,-7.67913103040937,-7.67146984969508,-7.66381750473526,-7.6561710502784,-7.64852754107305
"41",-9.615505198174,-9.60240517352147,-9.58934374278569,-9.57632382255656,-9.56334832942389,-9.55042017997748,-9.53754229080724,-9.52471757850298,-9.5119489596545,-9.49923935085172,-9.48659166868444,-9.47400882974245,-9.46149375061568,-9.44904928671528,-9.43667804873782,-9.42438258620132,-9.41216544862369,-9.40002918552288,-9.38797634641688,-9.37600948082363,-9.36413113826104,-9.35234386824715,-9.34065022029986,-9.3290527439371,-9.3175539886769,-9.30615626022868,-9.29486088906799,-9.28366896186196,-9.27258156527765,-9.2615997859821,-9.25072471064245,-9.23995742592575,-9.22929901849905,-9.2187505750295,-9.20831318218413,-9.19798792663002,-9.18777589503428,-9.17767781008393,-9.1676929385458,-9.15782018320675,-9.14805844685359,-9.1384066322731,-9.12886364225214,-9.11942837957751,-9.11009974703599,-9.10087664741446,-9.0917579834997,-9.08274265807851,-9.07382957393774,-9.06501727006527,-9.05630283025322,-9.0476829744949,-9.03915442278351,-9.03071389511225,-9.02235811147443,-9.01408379186325,-9.00588765627192,-8.99776642469372,-8.98971681712188,-8.9817355535496,-8.97381935397016,-8.96596470892289,-8.95816719113154,-8.95042214386602,-8.9427249103962,-8.93507083399192,-8.9274552579231,-8.91987352545961,-8.9123209798713,-8.90479296442809,-8.89728482239984,-8.88979189705639,-8.88230953166768,-8.87483307002809,-8.8673578580302,-8.85987924209116,-8.85239256862808,-8.84489318405807,-8.83737643479829,-8.82983766726585,-8.82227222787785,-8.81467546305146,-8.80704271920378,-8.79936934275191,-8.79165068011303,-8.78388232527082,-8.77606086247533,-8.76818312354324,-8.7602459402912,-8.75224614453582,-8.7441805680938,-8.73604604278178,-8.72783940041637,-8.71955747281428,-8.71119709179214,-8.70275508916656,-8.69422829675425,-8.68561396802743,-8.67691104308069,-8.66811888366427,-8.65923685152836,-8.65026430842314,-8.64120061609886,-8.63204513630569,-8.62279723079382,-8.61345626131351,-8.60402158961492,-8.59449257744825,-8.58486858656373,-8.5751494342084,-8.56533675961657,-8.55543265751948,-8.54543922264831,-8.53535854973421,-8.52519273350843,-8.51494386870214,-8.50461405004648,-8.49420537227272,-8.48371993011201,-8.47315981829551,-8.46252713155446,-8.45182429583171,-8.44105506191669,-8.43022351181061,-8.41933372751461,-8.40838979102979,-8.39739578435737,-8.38635578949846,-8.37527388845418,-8.36415416322575,-8.35300069581427,-8.34181756822087,-8.33060886244677,-8.31937874969991,-8.30813175801562,-8.29687250463618,-8.28560560680375,-8.2743356817605,-8.26306734674868,-8.25180521901049,-8.24055391578807,-8.22931805432371,-8.21810225185955,-8.20691112563779,-8.19574929290067,-8.18462118650181,-8.17353050174057,-8.16248074952786,-8.15147544077447,-8.1405180863912,-8.12961219728897,-8.11876128437856,-8.1079688585708,-8.09723843077656,-8.08657351190666,-8.0759776128719,-8.06545424458318,-8.05500653086131,-8.04463604716715,-8.03434398187166,-8.02413152334569,-8.01399985996012,-8.00395018008591,-7.9939836720939,-7.98410152435499,-7.9743049252401,-7.96459506312013,-7.95497312636592,-7.94544030334843,-7.93599734745258,-7.92664327211947,-7.9173766558043,-7.90819607696223,-7.89910011404841,-7.89008734551804,-7.88115634982628,-7.87230570542826,-7.86353399077921,-7.85483978433426,-7.84622166454858,-7.83767820987736,-7.82920770930334,-7.82080729391961,-7.81247380534688,-7.80420408520584,-7.79599497511715,-7.78784331670153,-7.77974595157965,-7.77169972137219,-7.76370146769987,-7.75574803218336,-7.74783625644333,-7.7399629821005,-7.73212508629684,-7.72431958825955,-7.71654354273717,-7.7087940044782,-7.70106802823113,-7.6933626687445,-7.6856749807668,-7.67800201904654,-7.67034083833225,-7.66268849337243,-7.65504203891557,-7.64739852971022
"42",-9.61998681986627,-9.60688679521374,-9.59382536447796,-9.58080544424883,-9.56782995111616,-9.55490180166975,-9.54202391249951,-9.52919920019525,-9.51643058134678,-9.503720972544,-9.49107329037671,-9.47849045143473,-9.46597537230796,-9.45353090840756,-9.44115967043009,-9.42886420789359,-9.41664707031597,-9.40451080721515,-9.39245796810915,-9.3804911025159,-9.36861275995332,-9.35682548993942,-9.34513184199213,-9.33353436562937,-9.32203561036917,-9.31063788192095,-9.29934251076026,-9.28815058355424,-9.27706318696992,-9.26608140767437,-9.25520633233472,-9.24443904761802,-9.23378064019133,-9.22323219672177,-9.21279480387641,-9.20246954832229,-9.19225751672655,-9.1821594317762,-9.17217456023807,-9.16230180489903,-9.15254006854586,-9.14288825396537,-9.13334526394441,-9.12391000126978,-9.11458136872827,-9.10535826910673,-9.09623960519198,-9.08722427977078,-9.07831119563001,-9.06949889175754,-9.0607844519455,-9.05216459618717,-9.04363604447578,-9.03519551680453,-9.0268397331667,-9.01856541355552,-9.01036927796419,-9.002248046386,-8.99419843881415,-8.98621717524187,-8.97830097566244,-8.97044633061517,-8.96264881282382,-8.9549037655583,-8.94720653208847,-8.93955245568419,-8.93193687961538,-8.92435514715189,-8.91680260156358,-8.90927458612037,-8.90176644409211,-8.89427351874867,-8.88679115335995,-8.87931469172037,-8.87183947972247,-8.86436086378343,-8.85687419032036,-8.84937480575035,-8.84185805649057,-8.83431928895813,-8.82675384957013,-8.81915708474373,-8.81152434089605,-8.80385096444419,-8.7961323018053,-8.78836394696309,-8.7805424841676,-8.77266474523551,-8.76472756198347,-8.75672776622809,-8.74866218978608,-8.74052766447405,-8.73232102210865,-8.72403909450656,-8.71567871348441,-8.70723671085883,-8.69870991844653,-8.6900955897197,-8.68139266477296,-8.67260050535654,-8.66371847322063,-8.65474593011541,-8.64568223779113,-8.63652675799796,-8.6272788524861,-8.61793788300578,-8.6085032113072,-8.59897419914052,-8.58935020825601,-8.57963105590067,-8.56981838130884,-8.55991427921176,-8.54992084434058,-8.53984017142649,-8.52967435520071,-8.51942549039441,-8.50909567173876,-8.49868699396499,-8.48820155180428,-8.47764143998778,-8.46700875324674,-8.45630591752398,-8.44553668360896,-8.43470513350289,-8.42381534920688,-8.41287141272206,-8.40187740604964,-8.39083741119073,-8.37975551014645,-8.36863578491802,-8.35748231750654,-8.34629918991314,-8.33509048413904,-8.32386037139218,-8.3126133797079,-8.30135412632845,-8.29008722849602,-8.27881730345277,-8.26754896844096,-8.25628684070276,-8.24503553748035,-8.23379967601598,-8.22258387355182,-8.21139274733006,-8.20023091459294,-8.18910280819408,-8.17801212343285,-8.16696237122013,-8.15595706246674,-8.14499970808348,-8.13409381898124,-8.12324290607083,-8.11245048026307,-8.10172005246883,-8.09105513359893,-8.08045923456417,-8.06993586627545,-8.05948815255358,-8.04911766885943,-8.03882560356393,-8.02861314503796,-8.0184814816524,-8.00843180177818,-7.99846529378617,-7.98858314604726,-7.97878654693238,-7.9690766848124,-7.95945474805819,-7.9499219250407,-7.94047896914485,-7.93112489381174,-7.92185827749657,-7.91267769865451,-7.90358173574068,-7.89456896721031,-7.88563797151855,-7.87678732712053,-7.86801561247148,-7.85932140602654,-7.85070328624085,-7.84215983156963,-7.83368933099561,-7.82528891561188,-7.81695542703916,-7.80868570689811,-7.80047659680942,-7.7923249383938,-7.78422757327193,-7.77618134306447,-7.76818308939214,-7.76022965387563,-7.7523178781356,-7.74444460379277,-7.73660670798911,-7.72880120995182,-7.72102516442945,-7.71327562617048,-7.7055496499234,-7.69784429043677,-7.69015660245908,-7.68248364073881,-7.67482246002452,-7.6671701150647,-7.65952366060784,-7.65188015140249
"43",-9.63039563883722,-9.61729561418469,-9.60423418344891,-9.59121426321978,-9.57823877008711,-9.5653106206407,-9.55243273147046,-9.5396080191662,-9.52683940031773,-9.51412979151495,-9.50148210934766,-9.48889927040568,-9.47638419127891,-9.46393972737851,-9.45156848940104,-9.43927302686454,-9.42705588928692,-9.4149196261861,-9.4028667870801,-9.39089992148685,-9.37902157892427,-9.36723430891037,-9.35554066096308,-9.34394318460032,-9.33244442934012,-9.3210467008919,-9.30975132973121,-9.29855940252519,-9.28747200594087,-9.27649022664532,-9.26561515130567,-9.25484786658897,-9.24418945916228,-9.23364101569272,-9.22320362284736,-9.21287836729324,-9.2026663356975,-9.19256825074715,-9.18258337920902,-9.17271062386997,-9.16294888751681,-9.15329707293632,-9.14375408291536,-9.13431882024073,-9.12499018769922,-9.11576708807768,-9.10664842416293,-9.09763309874173,-9.08872001460096,-9.07990771072849,-9.07119327091645,-9.06257341515812,-9.05404486344673,-9.04560433577548,-9.03724855213765,-9.02897423252647,-9.02077809693514,-9.01265686535694,-9.0046072577851,-8.99662599421282,-8.98870979463339,-8.98085514958612,-8.97305763179476,-8.96531258452925,-8.95761535105942,-8.94996127465514,-8.94234569858633,-8.93476396612284,-8.92721142053453,-8.91968340509132,-8.91217526306306,-8.90468233771962,-8.8971999723309,-8.88972351069132,-8.88224829869342,-8.87476968275438,-8.86728300929131,-8.8597836247213,-8.85226687546152,-8.84472810792908,-8.83716266854108,-8.82956590371468,-8.821933159867,-8.81425978341514,-8.80654112077625,-8.79877276593404,-8.79095130313855,-8.78307356420646,-8.77513638095442,-8.76713658519904,-8.75907100875703,-8.750936483445,-8.7427298410796,-8.73444791347751,-8.72608753245536,-8.71764552982978,-8.70911873741747,-8.70050440869066,-8.69180148374391,-8.68300932432749,-8.67412729219158,-8.66515474908636,-8.65609105676208,-8.64693557696891,-8.63768767145705,-8.62834670197673,-8.61891203027815,-8.60938301811147,-8.59975902722696,-8.59003987487162,-8.58022720027979,-8.5703230981827,-8.56032966331153,-8.55024899039744,-8.54008317417166,-8.52983430936536,-8.51950449070971,-8.50909581293594,-8.49861037077523,-8.48805025895873,-8.47741757221769,-8.46671473649493,-8.45594550257991,-8.44511395247384,-8.43422416817783,-8.42328023169301,-8.41228622502059,-8.40124623016168,-8.3901643291174,-8.37904460388897,-8.36789113647749,-8.3567080088841,-8.34549930310999,-8.33426919036313,-8.32302219867885,-8.3117629452994,-8.30049604746697,-8.28922612242372,-8.2779577874119,-8.26669565967371,-8.2554443564513,-8.24420849498693,-8.23299269252277,-8.22180156630101,-8.21063973356389,-8.19951162716503,-8.1884209424038,-8.17737119019108,-8.16636588143769,-8.15540852705443,-8.14450263795219,-8.13365172504178,-8.12285929923402,-8.11212887143978,-8.10146395256988,-8.09086805353512,-8.0803446852464,-8.06989697152453,-8.05952648783038,-8.04923442253488,-8.03902196400891,-8.02889030062335,-8.01884062074913,-8.00887411275713,-7.99899196501821,-7.98919536590333,-7.97948550378335,-7.96986356702914,-7.96033074401165,-7.9508877881158,-7.94153371278269,-7.93226709646752,-7.92308651762546,-7.91399055471163,-7.90497778618126,-7.8960467904895,-7.88719614609148,-7.87842443144243,-7.86973022499749,-7.8611121052118,-7.85256865054058,-7.84409814996656,-7.83569773458283,-7.8273642460101,-7.81909452586906,-7.81088541578037,-7.80273375736475,-7.79463639224288,-7.78659016203542,-7.7785919083631,-7.77063847284658,-7.76272669710655,-7.75485342276372,-7.74701552696006,-7.73921002892277,-7.7314339834004,-7.72368444514143,-7.71595846889435,-7.70825310940772,-7.70056542143003,-7.69289245970976,-7.68523127899547,-7.67757893403565,-7.66993247957879,-7.66228897037344
"44",-9.64679510903192,-9.63369508437939,-9.62063365364361,-9.60761373341448,-9.59463824028181,-9.5817100908354,-9.56883220166516,-9.5560074893609,-9.54323887051243,-9.53052926170965,-9.51788157954236,-9.50529874060038,-9.49278366147361,-9.48033919757321,-9.46796795959574,-9.45567249705924,-9.44345535948161,-9.4313190963808,-9.4192662572748,-9.40729939168155,-9.39542104911897,-9.38363377910507,-9.37194013115778,-9.36034265479502,-9.34884389953482,-9.3374461710866,-9.32615079992591,-9.31495887271989,-9.30387147613557,-9.29288969684002,-9.28201462150037,-9.27124733678367,-9.26058892935698,-9.25004048588742,-9.23960309304206,-9.22927783748794,-9.2190658058922,-9.20896772094185,-9.19898284940372,-9.18911009406467,-9.17934835771151,-9.16969654313102,-9.16015355311006,-9.15071829043543,-9.14138965789392,-9.13216655827238,-9.12304789435762,-9.11403256893643,-9.10511948479566,-9.09630718092319,-9.08759274111114,-9.07897288535282,-9.07044433364143,-9.06200380597018,-9.05364802233235,-9.04537370272117,-9.03717756712984,-9.02905633555164,-9.0210067279798,-9.01302546440752,-9.00510926482809,-8.99725461978081,-8.98945710198946,-8.98171205472394,-8.97401482125412,-8.96636074484984,-8.95874516878103,-8.95116343631754,-8.94361089072923,-8.93608287528602,-8.92857473325776,-8.92108180791431,-8.9135994425256,-8.90612298088601,-8.89864776888812,-8.89116915294908,-8.883682479486,-8.87618309491599,-8.86866634565622,-8.86112757812377,-8.85356213873578,-8.84596537390938,-8.8383326300617,-8.83065925360984,-8.82294059097095,-8.81517223612874,-8.80735077333325,-8.79947303440116,-8.79153585114912,-8.78353605539374,-8.77547047895173,-8.7673359536397,-8.7591293112743,-8.7508473836722,-8.74248700265006,-8.73404500002448,-8.72551820761217,-8.71690387888535,-8.70820095393861,-8.69940879452219,-8.69052676238628,-8.68155421928106,-8.67249052695678,-8.66333504716361,-8.65408714165175,-8.64474617217143,-8.63531150047285,-8.62578248830617,-8.61615849742166,-8.60643934506632,-8.59662667047449,-8.5867225683774,-8.57672913350623,-8.56664846059213,-8.55648264436636,-8.54623377956006,-8.53590396090441,-8.52549528313064,-8.51500984096993,-8.50444972915343,-8.49381704241238,-8.48311420668963,-8.47234497277461,-8.46151342266853,-8.45062363837253,-8.43967970188771,-8.42868569521529,-8.41764570035638,-8.4065637993121,-8.39544407408367,-8.38429060667219,-8.37310747907879,-8.36189877330469,-8.35066866055783,-8.33942166887355,-8.3281624154941,-8.31689551766167,-8.30562559261842,-8.2943572576066,-8.28309512986841,-8.271843826646,-8.26060796518163,-8.24939216271747,-8.23820103649571,-8.22703920375859,-8.21591109735973,-8.20482041259849,-8.19377066038578,-8.18276535163239,-8.17180799724913,-8.16090210814689,-8.15005119523648,-8.13925876942872,-8.12852834163448,-8.11786342276458,-8.10726752372982,-8.0967441554411,-8.08629644171923,-8.07592595802507,-8.06563389272958,-8.05542143420361,-8.04528977081805,-8.03524009094383,-8.02527358295182,-8.01539143521291,-8.00559483609802,-7.99588497397805,-7.98626303722384,-7.97673021420635,-7.9672872583105,-7.95793318297739,-7.94866656666222,-7.93948598782016,-7.93039002490633,-7.92137725637596,-7.9124462606842,-7.90359561628618,-7.89482390163713,-7.88612969519219,-7.8775115754065,-7.86896812073528,-7.86049762016126,-7.85209720477753,-7.8437637162048,-7.83549399606376,-7.82728488597507,-7.81913322755945,-7.81103586243758,-7.80298963223011,-7.79499137855779,-7.78703794304128,-7.77912616730125,-7.77125289295842,-7.76341499715476,-7.75560949911747,-7.7478334535951,-7.74008391533613,-7.73235793908905,-7.72465257960242,-7.71696489162473,-7.70929192990446,-7.70163074919017,-7.69397840423035,-7.68633194977349,-7.67868844056814
"45",-9.6691854068258,-9.65608538217328,-9.64302395143749,-9.63000403120836,-9.61702853807569,-9.60410038862928,-9.59122249945904,-9.57839778715479,-9.56562916830631,-9.55291955950353,-9.54027187733624,-9.52768903839426,-9.51517395926749,-9.50272949536709,-9.49035825738962,-9.47806279485312,-9.4658456572755,-9.45370939417468,-9.44165655506868,-9.42968968947543,-9.41781134691285,-9.40602407689895,-9.39433042895166,-9.38273295258891,-9.3712341973287,-9.35983646888049,-9.3485410977198,-9.33734917051377,-9.32626177392945,-9.3152799946339,-9.30440491929425,-9.29363763457755,-9.28297922715086,-9.2724307836813,-9.26199339083594,-9.25166813528182,-9.24145610368608,-9.23135801873573,-9.2213731471976,-9.21150039185856,-9.2017386555054,-9.1920868409249,-9.18254385090394,-9.17310858822931,-9.1637799556878,-9.15455685606626,-9.14543819215151,-9.13642286673031,-9.12750978258955,-9.11869747871707,-9.10998303890503,-9.10136318314671,-9.09283463143531,-9.08439410376406,-9.07603832012624,-9.06776400051505,-9.05956786492372,-9.05144663334553,-9.04339702577368,-9.0354157622014,-9.02749956262197,-9.0196449175747,-9.01184739978335,-9.00410235251783,-8.996405119048,-8.98875104264372,-8.98113546657491,-8.97355373411142,-8.96600118852311,-8.9584731730799,-8.95096503105164,-8.9434721057082,-8.93598974031948,-8.9285132786799,-8.921038066682,-8.91355945074296,-8.90607277727989,-8.89857339270988,-8.8910566434501,-8.88351787591766,-8.87595243652966,-8.86835567170326,-8.86072292785558,-8.85304955140372,-8.84533088876483,-8.83756253392263,-8.82974107112713,-8.82186333219505,-8.813926148943,-8.80592635318762,-8.79786077674561,-8.78972625143358,-8.78151960906818,-8.77323768146609,-8.76487730044394,-8.75643529781837,-8.74790850540606,-8.73929417667924,-8.73059125173249,-8.72179909231608,-8.71291706018017,-8.70394451707494,-8.69488082475066,-8.6857253449575,-8.67647743944563,-8.66713646996531,-8.65770179826673,-8.64817278610005,-8.63854879521554,-8.6288296428602,-8.61901696826837,-8.60911286617129,-8.59911943130012,-8.58903875838602,-8.57887294216024,-8.56862407735394,-8.55829425869829,-8.54788558092453,-8.53740013876381,-8.52684002694731,-8.51620734020627,-8.50550450448351,-8.49473527056849,-8.48390372046242,-8.47301393616641,-8.4620699996816,-8.45107599300917,-8.44003599815026,-8.42895409710598,-8.41783437187755,-8.40668090446607,-8.39549777687268,-8.38428907109857,-8.37305895835171,-8.36181196666743,-8.35055271328799,-8.33928581545555,-8.3280158904123,-8.31674755540049,-8.30548542766229,-8.29423412443988,-8.28299826297551,-8.27178246051136,-8.26059133428959,-8.24942950155247,-8.23830139515361,-8.22721071039238,-8.21616095817966,-8.20515564942627,-8.19419829504301,-8.18329240594077,-8.17244149303037,-8.1616490672226,-8.15091863942836,-8.14025372055846,-8.1296578215237,-8.11913445323498,-8.10868673951312,-8.09831625581896,-8.08802419052346,-8.0778117319975,-8.06768006861193,-8.05763038873771,-8.04766388074571,-8.03778173300679,-8.02798513389191,-8.01827527177193,-8.00865333501772,-7.99912051200024,-7.98967755610439,-7.98032348077127,-7.97105686445611,-7.96187628561404,-7.95278032270022,-7.94376755416985,-7.93483655847808,-7.92598591408007,-7.91721419943101,-7.90851999298607,-7.89990187320038,-7.89135841852916,-7.88288791795515,-7.87448750257141,-7.86615401399869,-7.85788429385765,-7.84967518376895,-7.84152352535333,-7.83342616023146,-7.825379930024,-7.81738167635168,-7.80942824083516,-7.80151646509513,-7.7936431907523,-7.78580529494865,-7.77799979691135,-7.77022375138898,-7.76247421313001,-7.75474823688293,-7.7470428773963,-7.73935518941861,-7.73168222769834,-7.72402104698405,-7.71636870202424,-7.70872224756737,-7.70107873836202
"46",-9.69756670859431,-9.68446668394178,-9.671405253206,-9.65838533297687,-9.6454098398442,-9.63248169039779,-9.61960380122755,-9.60677908892329,-9.59401047007482,-9.58130086127203,-9.56865317910475,-9.55607034016276,-9.54355526103599,-9.5311107971356,-9.51873955915813,-9.50644409662163,-9.494226959044,-9.48209069594319,-9.47003785683719,-9.45807099124394,-9.44619264868135,-9.43440537866746,-9.42271173072017,-9.41111425435741,-9.3996154990972,-9.38821777064899,-9.3769223994883,-9.36573047228227,-9.35464307569796,-9.34366129640241,-9.33278622106276,-9.32201893634606,-9.31136052891936,-9.30081208544981,-9.29037469260444,-9.28004943705033,-9.26983740545459,-9.25973932050424,-9.24975444896611,-9.23988169362706,-9.2301199572739,-9.22046814269341,-9.21092515267245,-9.20148988999782,-9.1921612574563,-9.18293815783477,-9.17381949392001,-9.16480416849882,-9.15589108435805,-9.14707878048558,-9.13836434067353,-9.12974448491521,-9.12121593320382,-9.11277540553256,-9.10441962189474,-9.09614530228356,-9.08794916669223,-9.07982793511403,-9.07177832754219,-9.06379706396991,-9.05588086439047,-9.0480262193432,-9.04022870155185,-9.03248365428633,-9.02478642081651,-9.01713234441223,-9.00951676834341,-9.00193503587992,-8.99438249029162,-8.9868544748484,-8.97934633282015,-8.9718534074767,-8.96437104208799,-8.9568945804484,-8.94941936845051,-8.94194075251147,-8.93445407904839,-8.92695469447838,-8.9194379452186,-8.91189917768616,-8.90433373829816,-8.89673697347177,-8.88910422962409,-8.88143085317222,-8.87371219053334,-8.86594383569113,-8.85812237289564,-8.85024463396355,-8.8423074507115,-8.83430765495613,-8.82624207851411,-8.81810755320209,-8.80990091083668,-8.80161898323459,-8.79325860221245,-8.78481659958687,-8.77628980717456,-8.76767547844774,-8.758972553501,-8.75018039408458,-8.74129836194867,-8.73232581884345,-8.72326212651917,-8.714106646726,-8.70485874121413,-8.69551777173382,-8.68608310003523,-8.67655408786856,-8.66693009698404,-8.65721094462871,-8.64739827003688,-8.63749416793979,-8.62750073306862,-8.61742006015452,-8.60725424392874,-8.59700537912245,-8.58667556046679,-8.57626688269303,-8.56578144053232,-8.55522132871582,-8.54458864197477,-8.53388580625202,-8.523116572337,-8.51228502223092,-8.50139523793492,-8.4904513014501,-8.47945729477768,-8.46841729991877,-8.45733539887449,-8.44621567364605,-8.43506220623458,-8.42387907864118,-8.41267037286708,-8.40144026012022,-8.39019326843593,-8.37893401505649,-8.36766711722406,-8.35639719218081,-8.34512885716899,-8.3338667294308,-8.32261542620838,-8.31137956474402,-8.30016376227986,-8.2889726360581,-8.27781080332098,-8.26668269692212,-8.25559201216088,-8.24454225994817,-8.23353695119478,-8.22257959681151,-8.21167370770928,-8.20082279479887,-8.1900303689911,-8.17929994119687,-8.16863502232697,-8.15803912329221,-8.14751575500349,-8.13706804128162,-8.12669755758746,-8.11640549229197,-8.106193033766,-8.09606137038043,-8.08601169050622,-8.07604518251421,-8.0661630347753,-8.05636643566041,-8.04665657354044,-8.03703463678623,-8.02750181376874,-8.01805885787289,-8.00870478253978,-7.99943816622461,-7.99025758738254,-7.98116162446872,-7.97214885593835,-7.96321786024659,-7.95436721584857,-7.94559550119952,-7.93690129475457,-7.92828317496889,-7.91973972029767,-7.91126921972365,-7.90286880433992,-7.89453531576719,-7.88626559562615,-7.87805648553746,-7.86990482712184,-7.86180746199996,-7.8537612317925,-7.84576297812018,-7.83780954260367,-7.82989776686364,-7.8220244925208,-7.81418659671715,-7.80638109867986,-7.79860505315748,-7.79085551489852,-7.78312953865144,-7.7754241791648,-7.76773649118711,-7.76006352946685,-7.75240234875256,-7.74475000379274,-7.73710354933588,-7.72946004013053
"47",-9.73193919071288,-9.71883916606035,-9.70577773532457,-9.69275781509544,-9.67978232196277,-9.66685417251636,-9.65397628334612,-9.64115157104186,-9.62838295219339,-9.61567334339061,-9.60302566122332,-9.59044282228134,-9.57792774315457,-9.56548327925417,-9.5531120412767,-9.5408165787402,-9.52859944116257,-9.51646317806176,-9.50441033895576,-9.49244347336251,-9.48056513079993,-9.46877786078603,-9.45708421283874,-9.44548673647598,-9.43398798121578,-9.42259025276756,-9.41129488160687,-9.40010295440085,-9.38901555781653,-9.37803377852098,-9.36715870318133,-9.35639141846463,-9.34573301103794,-9.33518456756838,-9.32474717472302,-9.3144219191689,-9.30420988757316,-9.29411180262281,-9.28412693108468,-9.27425417574563,-9.26449243939247,-9.25484062481198,-9.24529763479102,-9.23586237211639,-9.22653373957488,-9.21731063995334,-9.20819197603858,-9.19917665061739,-9.19026356647662,-9.18145126260415,-9.1727368227921,-9.16411696703378,-9.15558841532239,-9.14714788765114,-9.13879210401331,-9.13051778440213,-9.1223216488108,-9.1142004172326,-9.10615080966076,-9.09816954608848,-9.09025334650905,-9.08239870146178,-9.07460118367042,-9.0668561364049,-9.05915890293508,-9.0515048265308,-9.04388925046199,-9.0363075179985,-9.02875497241019,-9.02122695696698,-9.01371881493872,-9.00622588959527,-8.99874352420656,-8.99126706256697,-8.98379185056908,-8.97631323463004,-8.96882656116697,-8.96132717659695,-8.95381042733718,-8.94627165980473,-8.93870622041674,-8.93110945559034,-8.92347671174266,-8.9158033352908,-8.90808467265191,-8.9003163178097,-8.89249485501421,-8.88461711608212,-8.87667993283008,-8.8686801370747,-8.86061456063269,-8.85248003532066,-8.84427339295526,-8.83599146535317,-8.82763108433102,-8.81918908170544,-8.81066228929313,-8.80204796056631,-8.79334503561957,-8.78455287620315,-8.77567084406724,-8.76669830096202,-8.75763460863774,-8.74847912884457,-8.7392312233327,-8.72989025385239,-8.7204555821538,-8.71092656998713,-8.70130257910262,-8.69158342674728,-8.68177075215545,-8.67186665005836,-8.66187321518719,-8.65179254227309,-8.64162672604732,-8.63137786124102,-8.62104804258537,-8.6106393648116,-8.60015392265089,-8.58959381083439,-8.57896112409334,-8.56825828837059,-8.55748905445557,-8.5466575043495,-8.53576772005349,-8.52482378356867,-8.51382977689625,-8.50278978203734,-8.49170788099306,-8.48058815576463,-8.46943468835315,-8.45825156075975,-8.44704285498565,-8.43581274223879,-8.42456575055451,-8.41330649717506,-8.40203959934263,-8.39076967429938,-8.37950133928756,-8.36823921154937,-8.35698790832696,-8.34575204686259,-8.33453624439843,-8.32334511817667,-8.31218328543955,-8.30105517904069,-8.28996449427945,-8.27891474206674,-8.26790943331335,-8.25695207893009,-8.24604618982785,-8.23519527691744,-8.22440285110968,-8.21367242331544,-8.20300750444554,-8.19241160541078,-8.18188823712206,-8.17144052340019,-8.16107003970603,-8.15077797441054,-8.14056551588457,-8.13043385249901,-8.12038417262479,-8.11041766463278,-8.10053551689387,-8.09073891777899,-8.08102905565901,-8.0714071189048,-8.06187429588731,-8.05243133999146,-8.04307726465835,-8.03381064834318,-8.02463006950112,-8.01553410658729,-8.00652133805692,-7.99759034236516,-7.98873969796714,-7.97996798331809,-7.97127377687315,-7.96265565708746,-7.95411220241624,-7.94564170184222,-7.93724128645849,-7.92890779788576,-7.92063807774472,-7.91242896765603,-7.90427730924041,-7.89617994411854,-7.88813371391107,-7.88013546023875,-7.87218202472224,-7.86427024898221,-7.85639697463938,-7.84855907883572,-7.84075358079843,-7.83297753527606,-7.82522799701709,-7.81750202077001,-7.80979666128338,-7.80210897330569,-7.79443601158542,-7.78677483087113,-7.77912248591131,-7.77147603145445,-7.7638325222491
"48",-9.772218611393,-9.75911858674047,-9.74605715600469,-9.73303723577556,-9.72006174264289,-9.70713359319648,-9.69425570402624,-9.68143099172198,-9.66866237287351,-9.65595276407072,-9.64330508190344,-9.63072224296145,-9.61820716383468,-9.60576269993429,-9.59339146195682,-9.58109599942032,-9.56887886184269,-9.55674259874188,-9.54468975963588,-9.53272289404263,-9.52084455148004,-9.50905728146615,-9.49736363351886,-9.4857661571561,-9.4742674018959,-9.46286967344768,-9.45157430228699,-9.44038237508097,-9.42929497849665,-9.4183131992011,-9.40743812386145,-9.39667083914475,-9.38601243171805,-9.3754639882485,-9.36502659540314,-9.35470133984902,-9.34448930825328,-9.33439122330293,-9.3244063517648,-9.31453359642575,-9.30477186007259,-9.2951200454921,-9.28557705547114,-9.27614179279651,-9.26681316025499,-9.25759006063346,-9.2484713967187,-9.23945607129751,-9.23054298715674,-9.22173068328427,-9.21301624347222,-9.2043963877139,-9.19586783600251,-9.18742730833126,-9.17907152469343,-9.17079720508225,-9.16260106949092,-9.15447983791272,-9.14643023034088,-9.1384489667686,-9.13053276718916,-9.12267812214189,-9.11488060435054,-9.10713555708502,-9.0994383236152,-9.09178424721092,-9.0841686711421,-9.07658693867861,-9.0690343930903,-9.06150637764709,-9.05399823561884,-9.04650531027539,-9.03902294488668,-9.03154648324709,-9.0240712712492,-9.01659265531016,-9.00910598184708,-9.00160659727707,-8.9940898480173,-8.98655108048485,-8.97898564109685,-8.97138887627046,-8.96375613242278,-8.95608275597091,-8.94836409333203,-8.94059573848982,-8.93277427569433,-8.92489653676224,-8.9169593535102,-8.90895955775482,-8.9008939813128,-8.89275945600078,-8.88455281363537,-8.87627088603328,-8.86791050501114,-8.85946850238556,-8.85094170997325,-8.84232738124643,-8.83362445629969,-8.82483229688327,-8.81595026474736,-8.80697772164214,-8.79791402931786,-8.78875854952469,-8.77951064401282,-8.77016967453251,-8.76073500283392,-8.75120599066725,-8.74158199978273,-8.7318628474274,-8.72205017283557,-8.71214607073848,-8.70215263586731,-8.69207196295321,-8.68190614672744,-8.67165728192114,-8.66132746326548,-8.65091878549172,-8.64043334333101,-8.62987323151451,-8.61924054477346,-8.60853770905071,-8.59776847513569,-8.58693692502961,-8.57604714073361,-8.56510320424879,-8.55410919757637,-8.54306920271746,-8.53198730167318,-8.52086757644475,-8.50971410903327,-8.49853098143987,-8.48732227566577,-8.47609216291891,-8.46484517123463,-8.45358591785518,-8.44231902002275,-8.4310490949795,-8.41978075996768,-8.40851863222949,-8.39726732900708,-8.38603146754271,-8.37481566507855,-8.36362453885679,-8.35246270611967,-8.34133459972081,-8.33024391495957,-8.31919416274686,-8.30818885399347,-8.2972314996102,-8.28632561050797,-8.27547469759756,-8.2646822717898,-8.25395184399556,-8.24328692512566,-8.2326910260909,-8.22216765780218,-8.21171994408031,-8.20134946038615,-8.19105739509066,-8.18084493656469,-8.17071327317912,-8.16066359330491,-8.1506970853129,-8.14081493757399,-8.1310183384591,-8.12130847633913,-8.11168653958492,-8.10215371656743,-8.09271076067158,-8.08335668533847,-8.0740900690233,-8.06490949018123,-8.05581352726741,-8.04680075873704,-8.03786976304528,-8.02901911864726,-8.02024740399821,-8.01155319755326,-8.00293507776757,-7.99439162309636,-7.98592112252234,-7.97752070713861,-7.96918721856588,-7.96091749842484,-7.95270838833615,-7.94455672992053,-7.93645936479865,-7.92841313459119,-7.92041488091887,-7.91246144540236,-7.90454966966233,-7.8966763953195,-7.88883849951584,-7.88103300147855,-7.87325695595617,-7.86550741769721,-7.85778144145013,-7.8500760819635,-7.8423883939858,-7.83471543226554,-7.82705425155125,-7.81940190659143,-7.81175545213457,-7.80411194292922
"49",-9.81798305619034,-9.80488303153782,-9.79182160080203,-9.77880168057291,-9.76582618744023,-9.75289803799382,-9.74002014882359,-9.72719543651933,-9.71442681767085,-9.70171720886807,-9.68906952670078,-9.6764866877588,-9.66397160863203,-9.65152714473163,-9.63915590675417,-9.62686044421766,-9.61464330664004,-9.60250704353922,-9.59045420443323,-9.57848733883998,-9.56660899627739,-9.55482172626349,-9.5431280783162,-9.53153060195345,-9.52003184669324,-9.50863411824503,-9.49733874708434,-9.48614681987831,-9.475059423294,-9.46407764399844,-9.45320256865879,-9.4424352839421,-9.4317768765154,-9.42122843304585,-9.41079104020048,-9.40046578464636,-9.39025375305062,-9.38015566810027,-9.37017079656214,-9.3602980412231,-9.35053630486994,-9.34088449028944,-9.33134150026849,-9.32190623759386,-9.31257760505234,-9.30335450543081,-9.29423584151605,-9.28522051609485,-9.27630743195409,-9.26749512808161,-9.25878068826957,-9.25016083251125,-9.24163228079985,-9.2331917531286,-9.22483596949078,-9.2165616498796,-9.20836551428827,-9.20024428271007,-9.19219467513823,-9.18421341156595,-9.17629721198651,-9.16844256693924,-9.16064504914789,-9.15290000188237,-9.14520276841254,-9.13754869200826,-9.12993311593945,-9.12235138347596,-9.11479883788765,-9.10727082244444,-9.09976268041619,-9.09226975507274,-9.08478738968403,-9.07731092804444,-9.06983571604655,-9.06235710010751,-9.05487042664443,-9.04737104207442,-9.03985429281464,-9.0323155252822,-9.0247500858942,-9.01715332106781,-9.00952057722013,-9.00184720076826,-8.99412853812938,-8.98636018328717,-8.97853872049167,-8.97066098155959,-8.96272379830754,-8.95472400255217,-8.94665842611015,-8.93852390079813,-8.93031725843272,-8.92203533083063,-8.91367494980848,-8.90523294718291,-8.8967061547706,-8.88809182604378,-8.87938890109703,-8.87059674168062,-8.86171470954471,-8.85274216643949,-8.8436784741152,-8.83452299432204,-8.82527508881017,-8.81593411932986,-8.80649944763127,-8.7969704354646,-8.78734644458008,-8.77762729222475,-8.76781461763291,-8.75791051553583,-8.74791708066466,-8.73783640775056,-8.72767059152478,-8.71742172671848,-8.70709190806283,-8.69668323028907,-8.68619778812836,-8.67563767631185,-8.66500498957081,-8.65430215384805,-8.64353291993303,-8.63270136982696,-8.62181158553096,-8.61086764904614,-8.59987364237371,-8.5888336475148,-8.57775174647053,-8.56663202124209,-8.55547855383062,-8.54429542623722,-8.53308672046311,-8.52185660771625,-8.51060961603197,-8.49935036265253,-8.4880834648201,-8.47681353977684,-8.46554520476503,-8.45428307702683,-8.44303177380442,-8.43179591234006,-8.4205801098759,-8.40938898365414,-8.39822715091701,-8.38709904451815,-8.37600835975692,-8.3649586075442,-8.35395329879081,-8.34299594440755,-8.33209005530531,-8.32123914239491,-8.31044671658714,-8.2997162887929,-8.289051369923,-8.27845547088825,-8.26793210259953,-8.25748438887766,-8.2471139051835,-8.236821839888,-8.22660938136204,-8.21647771797647,-8.20642803810226,-8.19646153011025,-8.18657938237133,-8.17678278325645,-8.16707292113647,-8.15745098438227,-8.14791816136478,-8.13847520546893,-8.12912113013581,-8.11985451382065,-8.11067393497858,-8.10157797206476,-8.09256520353439,-8.08363420784262,-8.07478356344461,-8.06601184879555,-8.05731764235061,-8.04869952256492,-8.0401560678937,-8.03168556731969,-8.02328515193595,-8.01495166336323,-8.00668194322219,-7.99847283313349,-7.99032117471788,-7.982223809596,-7.97417757938854,-7.96617932571622,-7.95822589019971,-7.95031411445967,-7.94244084011684,-7.93460294431319,-7.9267974462759,-7.91902140075352,-7.91127186249455,-7.90354588624747,-7.89584052676084,-7.88815283878315,-7.88047987706289,-7.8728186963486,-7.86516635138878,-7.85751989693192,-7.84987638772656
"50",-9.86872619249664,-9.85562616784411,-9.84256473710833,-9.8295448168792,-9.81656932374653,-9.80364117430012,-9.79076328512988,-9.77793857282562,-9.76516995397715,-9.75246034517436,-9.73981266300708,-9.7272298240651,-9.71471474493833,-9.70227028103793,-9.68989904306046,-9.67760358052396,-9.66538644294633,-9.65325017984552,-9.64119734073952,-9.62923047514627,-9.61735213258368,-9.60556486256979,-9.5938712146225,-9.58227373825974,-9.57077498299954,-9.55937725455132,-9.54808188339063,-9.53688995618461,-9.52580255960029,-9.51482078030474,-9.50394570496509,-9.49317842024839,-9.4825200128217,-9.47197156935214,-9.46153417650678,-9.45120892095266,-9.44099688935692,-9.43089880440657,-9.42091393286844,-9.41104117752939,-9.40127944117623,-9.39162762659574,-9.38208463657478,-9.37264937390015,-9.36332074135863,-9.3540976417371,-9.34497897782234,-9.33596365240115,-9.32705056826038,-9.31823826438791,-9.30952382457586,-9.30090396881754,-9.29237541710615,-9.2839348894349,-9.27557910579707,-9.26730478618589,-9.25910865059456,-9.25098741901636,-9.24293781144452,-9.23495654787224,-9.2270403482928,-9.21918570324553,-9.21138818545418,-9.20364313818866,-9.19594590471884,-9.18829182831456,-9.18067625224574,-9.17309451978226,-9.16554197419395,-9.15801395875073,-9.15050581672248,-9.14301289137903,-9.13553052599032,-9.12805406435073,-9.12057885235284,-9.1131002364138,-9.10561356295072,-9.09811417838071,-9.09059742912094,-9.08305866158849,-9.07549322220049,-9.0678964573741,-9.06026371352642,-9.05259033707456,-9.04487167443567,-9.03710331959346,-9.02928185679797,-9.02140411786588,-9.01346693461384,-9.00546713885846,-8.99740156241645,-8.98926703710442,-8.98106039473901,-8.97277846713692,-8.96441808611478,-8.9559760834892,-8.94744929107689,-8.93883496235007,-8.93013203740333,-8.92133987798691,-8.912457845851,-8.90348530274578,-8.8944216104215,-8.88526613062833,-8.87601822511646,-8.86667725563615,-8.85724258393756,-8.84771357177089,-8.83808958088638,-8.82837042853104,-8.81855775393921,-8.80865365184212,-8.79866021697095,-8.78857954405685,-8.77841372783108,-8.76816486302478,-8.75783504436913,-8.74742636659536,-8.73694092443465,-8.72638081261815,-8.7157481258771,-8.70504529015435,-8.69427605623933,-8.68344450613325,-8.67255472183725,-8.66161078535243,-8.65061677868001,-8.6395767838211,-8.62849488277682,-8.61737515754839,-8.60622169013691,-8.59503856254351,-8.58382985676941,-8.57259974402255,-8.56135275233827,-8.55009349895882,-8.53882660112639,-8.52755667608314,-8.51628834107132,-8.50502621333313,-8.49377491011072,-8.48253904864635,-8.47132324618219,-8.46013211996043,-8.44897028722331,-8.43784218082445,-8.42675149606321,-8.4157017438505,-8.40469643509711,-8.39373908071384,-8.38283319161161,-8.3719822787012,-8.36118985289344,-8.3504594250992,-8.3397945062293,-8.32919860719454,-8.31867523890582,-8.30822752518395,-8.29785704148979,-8.2875649761943,-8.27735251766833,-8.26722085428277,-8.25717117440855,-8.24720466641654,-8.23732251867763,-8.22752591956274,-8.21781605744277,-8.20819412068856,-8.19866129767107,-8.18921834177522,-8.17986426644211,-8.17059765012694,-8.16141707128488,-8.15232110837105,-8.14330833984068,-8.13437734414892,-8.1255266997509,-8.11675498510185,-8.1080607786569,-8.09944265887122,-8.0908992042,-8.08242870362598,-8.07402828824225,-8.06569479966952,-8.05742507952848,-8.04921596943979,-8.04106431102417,-8.0329669459023,-8.02492071569483,-8.01692246202251,-8.008969026506,-8.00105725076597,-7.99318397642314,-7.98534608061948,-7.97754058258219,-7.96976453705981,-7.96201499880085,-7.95428902255377,-7.94658366306714,-7.93889597508944,-7.93122301336918,-7.92356183265489,-7.91590948769507,-7.90826303323821,-7.90061952403286
"51",-9.9239416877036,-9.91084166305108,-9.89778023231529,-9.88476031208616,-9.87178481895349,-9.85885666950708,-9.84597878033685,-9.83315406803259,-9.82038544918411,-9.80767584038133,-9.79502815821404,-9.78244531927206,-9.76993024014529,-9.75748577624489,-9.74511453826743,-9.73281907573092,-9.7206019381533,-9.70846567505248,-9.69641283594649,-9.68444597035324,-9.67256762779065,-9.66078035777675,-9.64908670982946,-9.63748923346671,-9.6259904782065,-9.61459274975829,-9.6032973785976,-9.59210545139157,-9.58101805480726,-9.5700362755117,-9.55916120017205,-9.54839391545535,-9.53773550802866,-9.52718706455911,-9.51674967171374,-9.50642441615962,-9.49621238456388,-9.48611429961353,-9.4761294280754,-9.46625667273636,-9.4564949363832,-9.4468431218027,-9.43730013178175,-9.42786486910711,-9.4185362365656,-9.40931313694407,-9.40019447302931,-9.39117914760811,-9.38226606346735,-9.37345375959487,-9.36473931978283,-9.35611946402451,-9.34759091231311,-9.33915038464186,-9.33079460100404,-9.32252028139285,-9.31432414580152,-9.30620291422333,-9.29815330665149,-9.29017204307921,-9.28225584349977,-9.2744011984525,-9.26660368066115,-9.25885863339563,-9.2511613999258,-9.24350732352152,-9.23589174745271,-9.22831001498922,-9.22075746940091,-9.2132294539577,-9.20572131192944,-9.198228386586,-9.19074602119728,-9.1832695595577,-9.1757943475598,-9.16831573162077,-9.16082905815769,-9.15332967358768,-9.1458129243279,-9.13827415679546,-9.13070871740746,-9.12311195258107,-9.11547920873338,-9.10780583228152,-9.10008716964264,-9.09231881480043,-9.08449735200493,-9.07661961307285,-9.0686824298208,-9.06068263406543,-9.05261705762341,-9.04448253231138,-9.03627588994598,-9.02799396234389,-9.01963358132174,-9.01119157869617,-9.00266478628386,-8.99405045755704,-8.98534753261029,-8.97655537319388,-8.96767334105797,-8.95870079795275,-8.94963710562846,-8.9404816258353,-8.93123372032343,-8.92189275084312,-8.91245807914453,-8.90292906697785,-8.89330507609334,-8.883585923738,-8.87377324914617,-8.86386914704909,-8.85387571217792,-8.84379503926382,-8.83362922303804,-8.82338035823174,-8.81305053957609,-8.80264186180233,-8.79215641964161,-8.78159630782511,-8.77096362108407,-8.76026078536131,-8.74949155144629,-8.73866000134022,-8.72777021704422,-8.7168262805594,-8.70583227388697,-8.69479227902806,-8.68371037798379,-8.67259065275535,-8.66143718534387,-8.65025405775048,-8.63904535197637,-8.62781523922951,-8.61656824754523,-8.60530899416579,-8.59404209633335,-8.5827721712901,-8.57150383627829,-8.56024170854009,-8.54899040531768,-8.53775454385331,-8.52653874138916,-8.5153476151674,-8.50418578243027,-8.49305767603141,-8.48196699127018,-8.47091723905746,-8.45991193030407,-8.44895457592081,-8.43804868681857,-8.42719777390817,-8.4164053481004,-8.40567492030616,-8.39501000143626,-8.3844141024015,-8.37389073411278,-8.36344302039092,-8.35307253669676,-8.34278047140126,-8.3325680128753,-8.32243634948973,-8.31238666961552,-8.30242016162351,-8.29253801388459,-8.28274141476971,-8.27303155264973,-8.26340961589552,-8.25387679287804,-8.24443383698219,-8.23507976164907,-8.22581314533391,-8.21663256649184,-8.20753660357802,-8.19852383504765,-8.18959283935588,-8.18074219495787,-8.17197048030881,-8.16327627386387,-8.15465815407818,-8.14611469940696,-8.13764419883295,-8.12924378344921,-8.12091029487649,-8.11264057473545,-8.10443146464675,-8.09627980623114,-8.08818244110926,-8.0801362109018,-8.07213795722948,-8.06418452171297,-8.05627274597293,-8.0483994716301,-8.04056157582645,-8.03275607778916,-8.02498003226678,-8.01723049400781,-8.00950451776073,-8.0017991582741,-7.99411147029641,-7.98643850857614,-7.97877732786186,-7.97112498290204,-7.96347852844517,-7.95583501923982
"52",-9.98312320920296,-9.97002318455043,-9.95696175381465,-9.94394183358552,-9.93096634045285,-9.91803819100644,-9.9051603018362,-9.89233558953194,-9.87956697068347,-9.86685736188068,-9.8542096797134,-9.84162684077141,-9.82911176164465,-9.81666729774425,-9.80429605976678,-9.79200059723028,-9.77978345965265,-9.76764719655184,-9.75559435744584,-9.74362749185259,-9.73174914929,-9.71996187927611,-9.70826823132882,-9.69667075496606,-9.68517199970586,-9.67377427125764,-9.66247890009695,-9.65128697289093,-9.64019957630661,-9.62921779701106,-9.61834272167141,-9.60757543695471,-9.59691702952802,-9.58636858605846,-9.5759311932131,-9.56560593765898,-9.55539390606324,-9.54529582111289,-9.53531094957476,-9.52543819423571,-9.51567645788255,-9.50602464330206,-9.4964816532811,-9.48704639060647,-9.47771775806495,-9.46849465844342,-9.45937599452866,-9.45036066910747,-9.4414475849667,-9.43263528109423,-9.42392084128218,-9.41530098552386,-9.40677243381247,-9.39833190614122,-9.38997612250339,-9.38170180289221,-9.37350566730088,-9.36538443572268,-9.35733482815084,-9.34935356457856,-9.34143736499913,-9.33358271995185,-9.3257852021605,-9.31804015489498,-9.31034292142516,-9.30268884502088,-9.29507326895206,-9.28749153648858,-9.27993899090027,-9.27241097545705,-9.2649028334288,-9.25740990808535,-9.24992754269664,-9.24245108105705,-9.23497586905916,-9.22749725312012,-9.22001057965704,-9.21251119508703,-9.20499444582726,-9.19745567829481,-9.18989023890681,-9.18229347408042,-9.17466073023274,-9.16698735378088,-9.15926869114199,-9.15150033629978,-9.14367887350429,-9.1358011345722,-9.12786395132016,-9.11986415556478,-9.11179857912277,-9.10366405381074,-9.09545741144533,-9.08717548384324,-9.0788151028211,-9.07037310019552,-9.06184630778321,-9.05323197905639,-9.04452905410965,-9.03573689469323,-9.02685486255732,-9.0178823194521,-9.00881862712782,-8.99966314733465,-8.99041524182278,-8.98107427234247,-8.97163960064388,-8.96211058847721,-8.9524865975927,-8.94276744523736,-8.93295477064553,-8.92305066854844,-8.91305723367727,-8.90297656076317,-8.8928107445374,-8.8825618797311,-8.87223206107545,-8.86182338330168,-8.85133794114097,-8.84077782932447,-8.83014514258342,-8.81944230686067,-8.80867307294565,-8.79784152283957,-8.78695173854357,-8.77600780205875,-8.76501379538633,-8.75397380052742,-8.74289189948314,-8.73177217425471,-8.72061870684323,-8.70943557924983,-8.69822687347573,-8.68699676072887,-8.67574976904459,-8.66449051566514,-8.65322361783271,-8.64195369278946,-8.63068535777764,-8.61942323003945,-8.60817192681704,-8.59693606535267,-8.58572026288851,-8.57452913666675,-8.56336730392963,-8.55223919753077,-8.54114851276953,-8.53009876055682,-8.51909345180343,-8.50813609742016,-8.49723020831793,-8.48637929540752,-8.47558686959976,-8.46485644180552,-8.45419152293562,-8.44359562390086,-8.43307225561214,-8.42262454189027,-8.41225405819611,-8.40196199290062,-8.39174953437465,-8.38161787098909,-8.37156819111487,-8.36160168312286,-8.35171953538395,-8.34192293626906,-8.33221307414909,-8.32259113739488,-8.31305831437739,-8.30361535848154,-8.29426128314843,-8.28499466683326,-8.2758140879912,-8.26671812507737,-8.257705356547,-8.24877436085524,-8.23992371645722,-8.23115200180817,-8.22245779536322,-8.21383967557754,-8.20529622090632,-8.1968257203323,-8.18842530494857,-8.18009181637584,-8.1718220962348,-8.16361298614611,-8.15546132773049,-8.14736396260862,-8.13931773240115,-8.13131947872883,-8.12336604321232,-8.11545426747229,-8.10758099312946,-8.0997430973258,-8.09193759928851,-8.08416155376614,-8.07641201550717,-8.06868603926009,-8.06098067977346,-8.05329299179576,-8.0456200300755,-8.03795884936121,-8.03030650440139,-8.02266004994453,-8.01501654073918
"53",-10.0457334900317,-10.0326334653791,-10.0195720346434,-10.0065521144142,-9.99357662128156,-9.98064847183515,-9.96777058266491,-9.95494587036066,-9.94217725151218,-9.9294676427094,-9.91681996054211,-9.90423712160013,-9.89172204247336,-9.87927757857296,-9.86690634059549,-9.85461087805899,-9.84239374048137,-9.83025747738055,-9.81820463827455,-9.8062377726813,-9.79435943011872,-9.78257216010482,-9.77087851215753,-9.75928103579477,-9.74778228053457,-9.73638455208635,-9.72508918092566,-9.71389725371964,-9.70280985713532,-9.69182807783977,-9.68095300250012,-9.67018571778342,-9.65952731035673,-9.64897886688717,-9.63854147404181,-9.62821621848769,-9.61800418689195,-9.6079061019416,-9.59792123040347,-9.58804847506443,-9.57828673871126,-9.56863492413077,-9.55909193410981,-9.54965667143518,-9.54032803889367,-9.53110493927213,-9.52198627535738,-9.51297094993618,-9.50405786579541,-9.49524556192294,-9.4865311221109,-9.47791126635257,-9.46938271464118,-9.46094218696993,-9.4525864033321,-9.44431208372092,-9.43611594812959,-9.4279947165514,-9.41994510897955,-9.41196384540727,-9.40404764582784,-9.39619300078057,-9.38839548298922,-9.3806504357237,-9.37295320225387,-9.36529912584959,-9.35768354978078,-9.35010181731729,-9.34254927172898,-9.33502125628577,-9.32751311425751,-9.32002018891407,-9.31253782352535,-9.30506136188577,-9.29758614988787,-9.29010753394883,-9.28262086048576,-9.27512147591575,-9.26760472665597,-9.26006595912353,-9.25250051973553,-9.24490375490913,-9.23727101106145,-9.22959763460959,-9.2218789719707,-9.21411061712849,-9.206289154333,-9.19841141540092,-9.19047423214887,-9.18247443639349,-9.17440885995148,-9.16627433463945,-9.15806769227405,-9.14978576467196,-9.14142538364981,-9.13298338102423,-9.12445658861193,-9.11584225988511,-9.10713933493836,-9.09834717552194,-9.08946514338603,-9.08049260028081,-9.07142890795653,-9.06227342816336,-9.0530255226515,-9.04368455317118,-9.0342498814726,-9.02472086930592,-9.01509687842141,-9.00537772606607,-8.99556505147424,-8.98566094937716,-8.97566751450598,-8.96558684159189,-8.95542102536611,-8.94517216055981,-8.93484234190416,-8.92443366413039,-8.91394822196968,-8.90338811015318,-8.89275542341214,-8.88205258768938,-8.87128335377436,-8.86045180366829,-8.84956201937228,-8.83861808288746,-8.82762407621504,-8.81658408135613,-8.80550218031185,-8.79438245508342,-8.78322898767194,-8.77204586007855,-8.76083715430444,-8.74960704155758,-8.7383600498733,-8.72710079649385,-8.71583389866142,-8.70456397361817,-8.69329563860636,-8.68203351086816,-8.67078220764575,-8.65954634618138,-8.64833054371723,-8.63713941749546,-8.62597758475834,-8.61484947835948,-8.60375879359825,-8.59270904138553,-8.58170373263214,-8.57074637824888,-8.55984048914664,-8.54898957623623,-8.53819715042847,-8.52746672263423,-8.51680180376433,-8.50620590472957,-8.49568253644085,-8.48523482271898,-8.47486433902483,-8.46457227372933,-8.45435981520336,-8.4442281518178,-8.43417847194358,-8.42421196395158,-8.41432981621266,-8.40453321709778,-8.3948233549778,-8.38520141822359,-8.37566859520611,-8.36622563931025,-8.35687156397714,-8.34760494766197,-8.33842436881991,-8.32932840590608,-8.32031563737572,-8.31138464168395,-8.30253399728593,-8.29376228263688,-8.28506807619194,-8.27644995640625,-8.26790650173503,-8.25943600116101,-8.25103558577728,-8.24270209720456,-8.23443237706351,-8.22622326697482,-8.2180716085592,-8.20997424343733,-8.20192801322987,-8.19392975955755,-8.18597632404103,-8.178064548301,-8.17019127395817,-8.16235337815452,-8.15454788011722,-8.14677183459485,-8.13902229633588,-8.1312963200888,-8.12359096060217,-8.11590327262448,-8.10823031090421,-8.10056913018992,-8.0929167852301,-8.08527033077324,-8.07762682156789
"54",-10.1111115258077,-10.0980115011551,-10.0849500704194,-10.0719301501902,-10.0589546570576,-10.0460265076112,-10.0331486184409,-10.0203239061367,-10.0075552872882,-9.9948456784854,-9.98219799631811,-9.96961515737613,-9.95710007824936,-9.94465561434896,-9.9322843763715,-9.91998891383499,-9.90777177625737,-9.89563551315655,-9.88358267405055,-9.8716158084573,-9.85973746589472,-9.84795019588082,-9.83625654793353,-9.82465907157078,-9.81316031631057,-9.80176258786236,-9.79046721670167,-9.77927528949564,-9.76818789291132,-9.75720611361577,-9.74633103827612,-9.73556375355942,-9.72490534613273,-9.71435690266317,-9.70391950981781,-9.69359425426369,-9.68338222266795,-9.6732841377176,-9.66329926617947,-9.65342651084043,-9.64366477448727,-9.63401295990677,-9.62446996988581,-9.61503470721118,-9.60570607466967,-9.59648297504813,-9.58736431113338,-9.57834898571218,-9.56943590157142,-9.56062359769894,-9.5519091578869,-9.54328930212858,-9.53476075041718,-9.52632022274593,-9.5179644391081,-9.50969011949692,-9.50149398390559,-9.4933727523274,-9.48532314475555,-9.47734188118327,-9.46942568160384,-9.46157103655657,-9.45377351876522,-9.4460284714997,-9.43833123802987,-9.43067716162559,-9.42306158555678,-9.41547985309329,-9.40792730750498,-9.40039929206177,-9.39289115003351,-9.38539822469007,-9.37791585930135,-9.37043939766177,-9.36296418566387,-9.35548556972483,-9.34799889626176,-9.34049951169175,-9.33298276243197,-9.32544399489953,-9.31787855551153,-9.31028179068513,-9.30264904683745,-9.29497567038559,-9.2872570077467,-9.2794886529045,-9.271667190109,-9.26378945117692,-9.25585226792487,-9.2478524721695,-9.23978689572748,-9.23165237041545,-9.22344572805005,-9.21516380044796,-9.20680341942581,-9.19836141680024,-9.18983462438793,-9.18122029566111,-9.17251737071436,-9.16372521129795,-9.15484317916204,-9.14587063605681,-9.13680694373253,-9.12765146393937,-9.1184035584275,-9.10906258894718,-9.0996279172486,-9.09009890508192,-9.08047491419741,-9.07075576184207,-9.06094308725024,-9.05103898515316,-9.04104555028199,-9.03096487736789,-9.02079906114211,-9.01055019633581,-9.00022037768016,-8.9898116999064,-8.97932625774568,-8.96876614592918,-8.95813345918814,-8.94743062346538,-8.93666138955036,-8.92582983944429,-8.91494005514828,-8.90399611866347,-8.89300211199104,-8.88196211713213,-8.87088021608785,-8.85976049085942,-8.84860702344794,-8.83742389585455,-8.82621519008044,-8.81498507733358,-8.8037380856493,-8.79247883226986,-8.78121193443742,-8.76994200939417,-8.75867367438236,-8.74741154664416,-8.73616024342175,-8.72492438195738,-8.71370857949323,-8.70251745327146,-8.69135562053434,-8.68022751413548,-8.66913682937425,-8.65808707716153,-8.64708176840814,-8.63612441402488,-8.62521852492264,-8.61436761201224,-8.60357518620447,-8.59284475841023,-8.58217983954033,-8.57158394050557,-8.56106057221685,-8.55061285849499,-8.54024237480083,-8.52995030950533,-8.51973785097937,-8.5096061875938,-8.49955650771958,-8.48958999972758,-8.47970785198866,-8.46991125287378,-8.4602013907538,-8.45057945399959,-8.44104663098211,-8.43160367508626,-8.42224959975314,-8.41298298343798,-8.40380240459591,-8.39470644168209,-8.38569367315172,-8.37676267745995,-8.36791203306194,-8.35914031841288,-8.35044611196794,-8.34182799218225,-8.33328453751103,-8.32481403693702,-8.31641362155328,-8.30808013298056,-8.29981041283952,-8.29160130275082,-8.2834496443352,-8.27535227921333,-8.26730604900587,-8.25930779533355,-8.25135435981704,-8.243442584077,-8.23556930973417,-8.22773141393052,-8.21992591589322,-8.21214987037085,-8.20440033211188,-8.1966743558648,-8.18896899637817,-8.18128130840048,-8.17360834668021,-8.16594716596592,-8.1582948210061,-8.15064836654924,-8.14300485734389
"55",-10.1785653777941,-10.1654653531416,-10.1524039224058,-10.1393840021767,-10.126408509044,-10.1134803595976,-10.1006024704274,-10.0877777581231,-10.0750091392747,-10.0622995304719,-10.0496518483046,-10.0370690093626,-10.0245539302358,-10.0121094663354,-9.99973822835797,-9.98744276582146,-9.97522562824384,-9.96308936514302,-9.95103652603703,-9.93906966044378,-9.92719131788119,-9.9154040478673,-9.90371039992,-9.89211292355725,-9.88061416829704,-9.86921643984883,-9.85792106868814,-9.84672914148211,-9.8356417448978,-9.82465996560224,-9.81378489026259,-9.8030176055459,-9.7923591981192,-9.78181075464965,-9.77137336180428,-9.76104810625016,-9.75083607465442,-9.74073798970407,-9.73075311816594,-9.7208803628269,-9.71111862647374,-9.70146681189324,-9.69192382187229,-9.68248855919766,-9.67315992665614,-9.66393682703461,-9.65481816311985,-9.64580283769866,-9.63688975355789,-9.62807744968541,-9.61936300987337,-9.61074315411505,-9.60221460240365,-9.5937740747324,-9.58541829109458,-9.5771439714834,-9.56894783589207,-9.56082660431387,-9.55277699674203,-9.54479573316975,-9.53687953359031,-9.52902488854304,-9.52122737075169,-9.51348232348617,-9.50578509001634,-9.49813101361207,-9.49051543754325,-9.48293370507976,-9.47538115949145,-9.46785314404824,-9.46034500201999,-9.45285207667654,-9.44536971128783,-9.43789324964824,-9.43041803765035,-9.42293942171131,-9.41545274824823,-9.40795336367822,-9.40043661441844,-9.392897846886,-9.385332407498,-9.37773564267161,-9.37010289882393,-9.36242952237206,-9.35471085973318,-9.34694250489097,-9.33912104209547,-9.33124330316339,-9.32330611991134,-9.31530632415597,-9.30724074771395,-9.29910622240193,-9.29089958003652,-9.28261765243443,-9.27425727141228,-9.26581526878671,-9.2572884763744,-9.24867414764758,-9.23997122270083,-9.23117906328442,-9.22229703114851,-9.21332448804329,-9.204260795719,-9.19510531592584,-9.18585741041397,-9.17651644093366,-9.16708176923507,-9.1575527570684,-9.14792876618388,-9.13820961382855,-9.12839693923671,-9.11849283713963,-9.10849940226846,-9.09841872935436,-9.08825291312858,-9.07800404832228,-9.06767422966663,-9.05726555189287,-9.04678010973216,-9.03621999791566,-9.02558731117461,-9.01488447545185,-9.00411524153683,-8.99328369143076,-8.98239390713476,-8.97144997064994,-8.96045596397751,-8.94941596911861,-8.93833406807433,-8.92721434284589,-8.91606087543442,-8.90487774784102,-8.89366904206691,-8.88243892932005,-8.87119193763577,-8.85993268425633,-8.8486657864239,-8.83739586138064,-8.82612752636883,-8.81486539863064,-8.80361409540822,-8.79237823394386,-8.7811624314797,-8.76997130525794,-8.75880947252081,-8.74768136612195,-8.73659068136072,-8.725540929148,-8.71453562039461,-8.70357826601135,-8.69267237690912,-8.68182146399871,-8.67102903819094,-8.6602986103967,-8.6496336915268,-8.63903779249205,-8.62851442420333,-8.61806671048146,-8.6076962267873,-8.5974041614918,-8.58719170296584,-8.57706003958027,-8.56701035970606,-8.55704385171405,-8.54716170397514,-8.53736510486025,-8.52765524274027,-8.51803330598607,-8.50850048296858,-8.49905752707273,-8.48970345173962,-8.48043683542445,-8.47125625658238,-8.46216029366856,-8.45314752513819,-8.44421652944643,-8.43536588504841,-8.42659417039935,-8.41789996395441,-8.40928184416872,-8.4007383894975,-8.39226788892349,-8.38386747353975,-8.37553398496703,-8.36726426482599,-8.35905515473729,-8.35090349632168,-8.3428061311998,-8.33475990099234,-8.32676164732002,-8.31880821180351,-8.31089643606347,-8.30302316172064,-8.29518526591699,-8.2873797678797,-8.27960372235732,-8.27185418409835,-8.26412820785127,-8.25642284836464,-8.24873516038695,-8.24106219866669,-8.2334010179524,-8.22574867299258,-8.21810221853572,-8.21045870933036
"56",-10.2474031072543,-10.2343030826017,-10.221241651866,-10.2082217316368,-10.1952462385042,-10.1823180890577,-10.1694401998875,-10.1566154875832,-10.1438468687348,-10.131137259932,-10.1184895777647,-10.1059067388227,-10.093391659696,-10.0809471957956,-10.0685759578181,-10.0562804952816,-10.044063357704,-10.0319270946031,-10.0198742554971,-10.0079073899039,-9.99602904734131,-9.98424177732741,-9.97254812938012,-9.96095065301737,-9.94945189775716,-9.93805416930895,-9.92675879814826,-9.91556687094223,-9.90447947435791,-9.89349769506236,-9.88262261972271,-9.87185533500601,-9.86119692757932,-9.85064848410977,-9.8402110912644,-9.82988583571028,-9.81967380411454,-9.80957571916419,-9.79959084762606,-9.78971809228702,-9.77995635593386,-9.77030454135336,-9.7607615513324,-9.75132628865777,-9.74199765611626,-9.73277455649473,-9.72365589257997,-9.71464056715877,-9.705727483018,-9.69691517914553,-9.68820073933349,-9.67958088357517,-9.67105233186377,-9.66261180419252,-9.6542560205547,-9.64598170094351,-9.63778556535218,-9.62966433377399,-9.62161472620214,-9.61363346262987,-9.60571726305043,-9.59786261800316,-9.59006510021181,-9.58232005294629,-9.57462281947646,-9.56696874307218,-9.55935316700337,-9.55177143453988,-9.54421888895157,-9.53669087350836,-9.5291827314801,-9.52168980613666,-9.51420744074794,-9.50673097910836,-9.49925576711046,-9.49177715117142,-9.48429047770835,-9.47679109313834,-9.46927434387856,-9.46173557634612,-9.45417013695812,-9.44657337213173,-9.43894062828404,-9.43126725183218,-9.4235485891933,-9.41578023435109,-9.40795877155559,-9.40008103262351,-9.39214384937146,-9.38414405361608,-9.37607847717407,-9.36794395186204,-9.35973730949664,-9.35145538189455,-9.3430950008724,-9.33465299824683,-9.32612620583452,-9.3175118771077,-9.30880895216095,-9.30001679274454,-9.29113476060863,-9.2821622175034,-9.27309852517912,-9.26394304538596,-9.25469513987409,-9.24535417039377,-9.23591949869519,-9.22639048652851,-9.216766495644,-9.20704734328866,-9.19723466869683,-9.18733056659975,-9.17733713172858,-9.16725645881448,-9.1570906425887,-9.1468417777824,-9.13651195912675,-9.12610328135299,-9.11561783919227,-9.10505772737577,-9.09442504063473,-9.08372220491197,-9.07295297099695,-9.06212142089088,-9.05123163659487,-9.04028770011006,-9.02929369343763,-9.01825369857872,-9.00717179753445,-8.99605207230601,-8.98489860489453,-8.97371547730114,-8.96250677152703,-8.95127665878017,-8.94002966709589,-8.92877041371645,-8.91750351588401,-8.90623359084076,-8.89496525582895,-8.88370312809075,-8.87245182486834,-8.86121596340397,-8.85000016093982,-8.83880903471805,-8.82764720198093,-8.81651909558207,-8.80542841082084,-8.79437865860812,-8.78337334985473,-8.77241599547147,-8.76151010636923,-8.75065919345883,-8.73986676765106,-8.72913633985682,-8.71847142098692,-8.70787552195216,-8.69735215366344,-8.68690443994158,-8.67653395624742,-8.66624189095192,-8.65602943242596,-8.64589776904039,-8.63584808916617,-8.62588158117417,-8.61599943343525,-8.60620283432037,-8.59649297220039,-8.58687103544618,-8.5773382124287,-8.56789525653285,-8.55854118119973,-8.54927456488457,-8.5400939860425,-8.53099802312868,-8.52198525459831,-8.51305425890654,-8.50420361450853,-8.49543189985947,-8.48673769341453,-8.47811957362884,-8.46957611895762,-8.4611056183836,-8.45270520299987,-8.44437171442715,-8.43610199428611,-8.42789288419741,-8.4197412257818,-8.41164386065992,-8.40359763045246,-8.39559937678014,-8.38764594126363,-8.37973416552359,-8.37186089118076,-8.36402299537711,-8.35621749733981,-8.34844145181744,-8.34069191355847,-8.33296593731139,-8.32526057782476,-8.31757288984707,-8.3098999281268,-8.30223874741251,-8.2945864024527,-8.28693994799583,-8.27929643879048
"57",-10.3169327754512,-10.3038327507987,-10.2907713200629,-10.2777513998338,-10.2647759067011,-10.2518477572547,-10.2389698680844,-10.2261451557802,-10.2133765369317,-10.2006669281289,-10.1880192459616,-10.1754364070197,-10.1629213278929,-10.1504768639925,-10.138105626015,-10.1258101634785,-10.1135930259009,-10.1014567628001,-10.0894039236941,-10.0774370581008,-10.0655587155383,-10.0537714455244,-10.0420777975771,-10.0304803212143,-10.0189815659541,-10.0075838375059,-9.9962884663452,-9.98509653913917,-9.97400914255486,-9.9630273632593,-9.95215228791965,-9.94138500320295,-9.93072659577626,-9.92017815230671,-9.90974075946134,-9.89941550390722,-9.88920347231148,-9.87910538736113,-9.869120515823,-9.85924776048396,-9.8494860241308,-9.8398342095503,-9.83029121952934,-9.82085595685471,-9.8115273243132,-9.80230422469167,-9.79318556077691,-9.78417023535571,-9.77525715121495,-9.76644484734247,-9.75773040753043,-9.74911055177211,-9.74058200006071,-9.73214147238946,-9.72378568875164,-9.71551136914045,-9.70731523354912,-9.69919400197093,-9.69114439439909,-9.68316313082681,-9.67524693124737,-9.6673922862001,-9.65959476840875,-9.65184972114323,-9.6441524876734,-9.63649841126912,-9.62888283520031,-9.62130110273682,-9.61374855714851,-9.6062205417053,-9.59871239967704,-9.5912194743336,-9.58373710894488,-9.5762606473053,-9.5687854353074,-9.56130681936837,-9.55382014590529,-9.54632076133528,-9.5388040120755,-9.53126524454306,-9.52369980515506,-9.51610304032867,-9.50847029648098,-9.50079692002912,-9.49307825739024,-9.48530990254803,-9.47748843975253,-9.46961070082045,-9.4616735175684,-9.45367372181303,-9.44560814537101,-9.43747362005898,-9.42926697769358,-9.42098505009149,-9.41262466906934,-9.40418266644377,-9.39565587403146,-9.38704154530464,-9.37833862035789,-9.36954646094148,-9.36066442880557,-9.35169188570035,-9.34262819337606,-9.3334727135829,-9.32422480807103,-9.31488383859072,-9.30544916689213,-9.29592015472545,-9.28629616384094,-9.2765770114856,-9.26676433689377,-9.25686023479669,-9.24686679992552,-9.23678612701142,-9.22662031078564,-9.21637144597934,-9.20604162732369,-9.19563294954993,-9.18514750738921,-9.17458739557271,-9.16395470883167,-9.15325187310891,-9.14248263919389,-9.13165108908782,-9.12076130479181,-9.109817368307,-9.09882336163457,-9.08778336677566,-9.07670146573139,-9.06558174050295,-9.05442827309147,-9.04324514549808,-9.03203643972397,-9.02080632697711,-9.00955933529283,-8.99830008191339,-8.98703318408095,-8.9757632590377,-8.96449492402589,-8.95323279628769,-8.94198149306528,-8.93074563160091,-8.91952982913676,-8.90833870291499,-8.89717687017787,-8.88604876377901,-8.87495807901778,-8.86390832680506,-8.85290301805167,-8.84194566366841,-8.83103977456617,-8.82018886165577,-8.809396435848,-8.79866600805376,-8.78800108918386,-8.7774051901491,-8.76688182186038,-8.75643410813852,-8.74606362444436,-8.73577155914886,-8.7255591006229,-8.71542743723733,-8.70537775736311,-8.69541124937111,-8.68552910163219,-8.67573250251731,-8.66602264039733,-8.65640070364312,-8.64686788062564,-8.63742492472979,-8.62807084939667,-8.61880423308151,-8.60962365423944,-8.60052769132562,-8.59151492279525,-8.58258392710348,-8.57373328270547,-8.56496156805641,-8.55626736161147,-8.54764924182578,-8.53910578715456,-8.53063528658055,-8.52223487119681,-8.51390138262409,-8.50563166248305,-8.49742255239435,-8.48927089397874,-8.48117352885686,-8.4731272986494,-8.46512904497708,-8.45717560946057,-8.44926383372053,-8.4413905593777,-8.43355266357405,-8.42574716553676,-8.41797112001438,-8.41022158175541,-8.40249560550833,-8.3947902460217,-8.38710255804401,-8.37942959632374,-8.37176841560946,-8.36411607064964,-8.35646961619277,-8.34882610698742
"58",-10.3865777667709,-10.3734777421184,-10.3604163113826,-10.3473963911535,-10.3344208980208,-10.3214927485744,-10.3086148594042,-10.2957901470999,-10.2830215282515,-10.2703119194487,-10.2576642372814,-10.2450813983394,-10.2325663192126,-10.2201218553122,-10.2077506173348,-10.1954551547983,-10.1832380172206,-10.1711017541198,-10.1590489150138,-10.1470820494206,-10.135203706858,-10.1234164368441,-10.1117227888968,-10.100125312534,-10.0886265572738,-10.0772288288256,-10.0659334576649,-10.0547415304589,-10.0436541338746,-10.032672354579,-10.0217972792394,-10.0110299945227,-10.000371587096,-9.98982314362645,-9.97938575078108,-9.96906049522697,-9.95884846363123,-9.94875037868088,-9.93876550714275,-9.9288927518037,-9.91913101545054,-9.90947920087005,-9.89993621084909,-9.89050094817446,-9.88117231563294,-9.87194921601141,-9.86283055209665,-9.85381522667546,-9.84490214253469,-9.83608983866221,-9.82737539885017,-9.81875554309185,-9.81022699138046,-9.8017864637092,-9.79343068007138,-9.7851563604602,-9.77696022486887,-9.76883899329067,-9.76078938571883,-9.75280812214655,-9.74489192256711,-9.73703727751984,-9.72923975972849,-9.72149471246297,-9.71379747899315,-9.70614340258887,-9.69852782652005,-9.69094609405656,-9.68339354846825,-9.67586553302504,-9.66835739099679,-9.66086446565334,-9.65338210026463,-9.64590563862504,-9.63843042662715,-9.63095181068811,-9.62346513722503,-9.61596575265502,-9.60844900339524,-9.6009102358628,-9.5933447964748,-9.58574803164841,-9.57811528780073,-9.57044191134886,-9.56272324870998,-9.55495489386777,-9.54713343107228,-9.53925569214019,-9.53131850888814,-9.52331871313277,-9.51525313669075,-9.50711861137873,-9.49891196901332,-9.49063004141123,-9.48226966038908,-9.47382765776351,-9.4653008653512,-9.45668653662438,-9.44798361167764,-9.43919145226122,-9.43030942012531,-9.42133687702009,-9.41227318469581,-9.40311770490264,-9.39386979939077,-9.38452882991046,-9.37509415821187,-9.3655651460452,-9.35594115516068,-9.34622200280535,-9.33640932821351,-9.32650522611643,-9.31651179124526,-9.30643111833116,-9.29626530210538,-9.28601643729909,-9.27568661864343,-9.26527794086967,-9.25479249870896,-9.24423238689246,-9.23359970015141,-9.22289686442866,-9.21212763051363,-9.20129608040756,-9.19040629611156,-9.17946235962674,-9.16846835295432,-9.15742835809541,-9.14634645705113,-9.13522673182269,-9.12407326441122,-9.11289013681782,-9.10168143104372,-9.09045131829686,-9.07920432661257,-9.06794507323313,-9.0566781754007,-9.04540825035745,-9.03413991534563,-9.02287778760744,-9.01162648438502,-9.00039062292066,-8.9891748204565,-8.97798369423474,-8.96682186149762,-8.95569375509876,-8.94460307033752,-8.9335533181248,-8.92254800937141,-8.91159065498815,-8.90068476588592,-8.88983385297551,-8.87904142716774,-8.86831099937351,-8.85764608050361,-8.84705018146885,-8.83652681318013,-8.82607909945826,-8.8157086157641,-8.8054165504686,-8.79520409194264,-8.78507242855707,-8.77502274868286,-8.76505624069085,-8.75517409295194,-8.74537749383705,-8.73566763171707,-8.72604569496287,-8.71651287194538,-8.70706991604953,-8.69771584071642,-8.68844922440125,-8.67926864555918,-8.67017268264536,-8.66115991411499,-8.65222891842323,-8.64337827402521,-8.63460655937616,-8.62591235293121,-8.61729423314552,-8.60875077847431,-8.60028027790029,-8.59187986251655,-8.58354637394383,-8.57527665380279,-8.56706754371409,-8.55891588529848,-8.5508185201766,-8.54277228996914,-8.53477403629682,-8.52682060078031,-8.51890882504028,-8.51103555069744,-8.50319765489379,-8.4953921568565,-8.48761611133412,-8.47986657307515,-8.47214059682807,-8.46443523734144,-8.45674754936375,-8.44907458764349,-8.4414134069292,-8.43376106196938,-8.42611460751252,-8.41847109830716
"59",-10.4562227580907,-10.4431227334382,-10.4300613027024,-10.4170413824733,-10.4040658893406,-10.3911377398942,-10.3782598507239,-10.3654351384197,-10.3526665195712,-10.3399569107684,-10.3273092286011,-10.3147263896591,-10.3022113105324,-10.289766846632,-10.2773956086545,-10.265100146118,-10.2528830085404,-10.2407467454396,-10.2286939063336,-10.2167270407403,-10.2048486981777,-10.1930614281638,-10.1813677802165,-10.1697703038538,-10.1582715485936,-10.1468738201454,-10.1355784489847,-10.1243865217787,-10.1132991251943,-10.1023173458988,-10.0914422705591,-10.0806749858424,-10.0700165784157,-10.0594681349462,-10.0490307421008,-10.0387054865467,-10.028493454951,-10.0183953700006,-10.0084104984625,-9.99853774312344,-9.98877600677028,-9.97912419218979,-9.96958120216883,-9.9601459394942,-9.95081730695269,-9.94159420733115,-9.9324755434164,-9.9234602179952,-9.91454713385443,-9.90573482998196,-9.89702039016992,-9.88840053441159,-9.8798719827002,-9.87143145502895,-9.86307567139112,-9.85480135177994,-9.84660521618861,-9.83848398461041,-9.83043437703857,-9.82245311346629,-9.81453691388686,-9.80668226883959,-9.79888475104823,-9.79113970378272,-9.78344247031289,-9.77578839390861,-9.7681728178398,-9.76059108537631,-9.753038539788,-9.74551052434479,-9.73800238231653,-9.73050945697308,-9.72302709158437,-9.71555062994478,-9.70807541794689,-9.70059680200785,-9.69311012854478,-9.68561074397476,-9.67809399471499,-9.67055522718255,-9.66298978779455,-9.65539302296815,-9.64776027912047,-9.64008690266861,-9.63236824002972,-9.62459988518751,-9.61677842239202,-9.60890068345993,-9.60096350020789,-9.59296370445251,-9.5848981280105,-9.57676360269847,-9.56855696033307,-9.56027503273098,-9.55191465170883,-9.54347264908325,-9.53494585667094,-9.52633152794412,-9.51762860299738,-9.50883644358096,-9.49995441144505,-9.49098186833983,-9.48191817601555,-9.47276269622238,-9.46351479071052,-9.4541738212302,-9.44473914953162,-9.43521013736494,-9.42558614648043,-9.41586699412509,-9.40605431953326,-9.39615021743617,-9.386156782565,-9.3760761096509,-9.36591029342513,-9.35566142861883,-9.34533160996318,-9.33492293218941,-9.3244374900287,-9.3138773782122,-9.30324469147116,-9.2925418557484,-9.28177262183338,-9.2709410717273,-9.2600512874313,-9.24910735094648,-9.23811334427406,-9.22707334941515,-9.21599144837087,-9.20487172314244,-9.19371825573096,-9.18253512813756,-9.17132642236346,-9.1600963096166,-9.14884931793232,-9.13759006455287,-9.12632316672044,-9.11505324167719,-9.10378490666537,-9.09252277892718,-9.08127147570477,-9.0700356142404,-9.05881981177624,-9.04762868555448,-9.03646685281736,-9.0253387464185,-9.01424806165726,-9.00319830944455,-8.99219300069116,-8.9812356463079,-8.97032975720566,-8.95947884429525,-8.94868641848749,-8.93795599069325,-8.92729107182335,-8.91669517278859,-8.90617180449987,-8.895724090778,-8.88535360708384,-8.87506154178835,-8.86484908326238,-8.85471741987682,-8.8446677400026,-8.8347012320106,-8.82481908427168,-8.8150224851568,-8.80531262303682,-8.79569068628261,-8.78615786326512,-8.77671490736927,-8.76736083203616,-8.75809421572099,-8.74891363687893,-8.7398176739651,-8.73080490543473,-8.72187390974297,-8.71302326534495,-8.7042515506959,-8.69555734425096,-8.68693922446527,-8.67839576979405,-8.66992526922003,-8.6615248538363,-8.65319136526357,-8.64492164512253,-8.63671253503384,-8.62856087661822,-8.62046351149635,-8.61241728128889,-8.60441902761657,-8.59646559210005,-8.58855381636002,-8.58068054201719,-8.57284264621353,-8.56503714817624,-8.55726110265387,-8.5495115643949,-8.54178558814782,-8.53408022866119,-8.5263925406835,-8.51871957896323,-8.51105839824894,-8.50340605328912,-8.49575959883226,-8.48811608962691
"60",-10.5258677494104,-10.5127677247579,-10.4997062940221,-10.486686373793,-10.4737108806603,-10.4607827312139,-10.4479048420437,-10.4350801297394,-10.4223115108909,-10.4096019020882,-10.3969542199209,-10.3843713809789,-10.3718563018521,-10.3594118379517,-10.3470405999743,-10.3347451374378,-10.3225279998601,-10.3103917367593,-10.2983388976533,-10.2863720320601,-10.2744936894975,-10.2627064194836,-10.2510127715363,-10.2394152951735,-10.2279165399133,-10.2165188114651,-10.2052234403044,-10.1940315130984,-10.1829441165141,-10.1719623372185,-10.1610872618789,-10.1503199771622,-10.1396615697355,-10.1291131262659,-10.1186757334206,-10.1083504778665,-10.0981384462707,-10.0880403613204,-10.0780554897822,-10.0681827344432,-10.05842099809,-10.0487691835095,-10.0392261934886,-10.0297909308139,-10.0204622982724,-10.0112391986509,-10.0021205347361,-9.99310520931494,-9.98419212517418,-9.9753798213017,-9.96666538148966,-9.95804552573134,-9.94951697401994,-9.94107644634869,-9.93272066271087,-9.92444634309969,-9.91625020750836,-9.90812897593016,-9.90007936835832,-9.89209810478604,-9.8841819052066,-9.87632726015933,-9.86852974236798,-9.86078469510246,-9.85308746163263,-9.84543338522835,-9.83781780915954,-9.83023607669605,-9.82268353110774,-9.81515551566453,-9.80764737363628,-9.80015444829283,-9.79267208290412,-9.78519562126453,-9.77772040926664,-9.7702417933276,-9.76275511986452,-9.75525573529451,-9.74773898603473,-9.74020021850229,-9.73263477911429,-9.7250380142879,-9.71740527044022,-9.70973189398835,-9.70201323134947,-9.69424487650726,-9.68642341371176,-9.67854567477968,-9.67060849152763,-9.66260869577226,-9.65454311933024,-9.64640859401822,-9.63820195165281,-9.62992002405072,-9.62155964302857,-9.613117640403,-9.60459084799069,-9.59597651926387,-9.58727359431712,-9.57848143490071,-9.5695994027648,-9.56062685965958,-9.55156316733529,-9.54240768754213,-9.53315978203026,-9.52381881254995,-9.51438414085136,-9.50485512868469,-9.49523113780017,-9.48551198544484,-9.475699310853,-9.46579520875592,-9.45580177388475,-9.44572110097065,-9.43555528474487,-9.42530641993857,-9.41497660128292,-9.40456792350916,-9.39408248134844,-9.38352236953194,-9.3728896827909,-9.36218684706814,-9.35141761315312,-9.34058606304705,-9.32969627875105,-9.31875234226623,-9.3077583355938,-9.2967183407349,-9.28563643969062,-9.27451671446218,-9.2633632470507,-9.25218011945731,-9.2409714136832,-9.22974130093634,-9.21849430925206,-9.20723505587262,-9.19596815804018,-9.18469823299693,-9.17342989798512,-9.16216777024692,-9.15091646702451,-9.13968060556014,-9.12846480309599,-9.11727367687423,-9.1061118441371,-9.09498373773824,-9.08389305297701,-9.07284330076429,-9.0618379920109,-9.05088063762764,-9.0399747485254,-9.029123835615,-9.01833140980723,-9.00760098201299,-8.99693606314309,-8.98634016410834,-8.97581679581961,-8.96536908209775,-8.95499859840359,-8.94470653310809,-8.93449407458213,-8.92436241119656,-8.91431273132235,-8.90434622333034,-8.89446407559142,-8.88466747647654,-8.87495761435656,-8.86533567760235,-8.85580285458487,-8.84635989868902,-8.8370058233559,-8.82773920704074,-8.81855862819867,-8.80946266528485,-8.80044989675448,-8.79151890106271,-8.7826682566647,-8.77389654201564,-8.7652023355707,-8.75658421578501,-8.74804076111379,-8.73957026053978,-8.73116984515604,-8.72283635658332,-8.71456663644228,-8.70635752635358,-8.69820586793797,-8.69010850281609,-8.68206227260863,-8.67406401893631,-8.6661105834198,-8.65819880767976,-8.65032553333693,-8.64248763753328,-8.63468213949599,-8.62690609397361,-8.61915655571464,-8.61143057946756,-8.60372521998093,-8.59603753200324,-8.58836457028297,-8.58070338956869,-8.57305104460887,-8.565404590152,-8.55776108094665
"61",-10.5955127407302,-10.5824127160777,-10.5693512853419,-10.5563313651127,-10.5433558719801,-10.5304277225337,-10.5175498333634,-10.5047251210592,-10.4919565022107,-10.4792468934079,-10.4665992112406,-10.4540163722986,-10.4415012931719,-10.4290568292715,-10.416685591294,-10.4043901287575,-10.3921729911799,-10.3800367280791,-10.3679838889731,-10.3560170233798,-10.3441386808172,-10.3323514108033,-10.320657762856,-10.3090602864933,-10.2975615312331,-10.2861638027849,-10.2748684316242,-10.2636765044181,-10.2525891078338,-10.2416073285383,-10.2307322531986,-10.2199649684819,-10.2093065610552,-10.1987581175857,-10.1883207247403,-10.1779954691862,-10.1677834375905,-10.1576853526401,-10.147700481102,-10.1378277257629,-10.1280659894098,-10.1184141748293,-10.1088711848083,-10.0994359221337,-10.0901072895922,-10.0808841899706,-10.0717655260559,-10.0627502006347,-10.0538371164939,-10.0450248126214,-10.0363103728094,-10.0276905170511,-10.0191619653397,-10.0107214376684,-10.0023656540306,-9.99409133441943,-9.9858951988281,-9.9777739672499,-9.96972435967806,-9.96174309610578,-9.95382689652634,-9.94597225147907,-9.93817473368772,-9.9304296864222,-9.92273245295238,-9.9150783765481,-9.90746280047928,-9.8998810680158,-9.89232852242749,-9.88480050698427,-9.87729236495602,-9.86979943961257,-9.86231707422386,-9.85484061258427,-9.84736540058638,-9.83988678464734,-9.83240011118426,-9.82490072661425,-9.81738397735447,-9.80984520982203,-9.80227977043403,-9.79468300560764,-9.78705026175996,-9.7793768853081,-9.77165822266921,-9.763889867827,-9.75606840503151,-9.74819066609942,-9.74025348284738,-9.732253687092,-9.72418811064999,-9.71605358533796,-9.70784694297255,-9.69956501537046,-9.69120463434832,-9.68276263172274,-9.67423583931043,-9.66562151058361,-9.65691858563687,-9.64812642622045,-9.63924439408454,-9.63027185097932,-9.62120815865504,-9.61205267886187,-9.60280477335,-9.59346380386969,-9.5840291321711,-9.57450012000443,-9.56487612911991,-9.55515697676458,-9.54534430217275,-9.53544020007566,-9.52544676520449,-9.51536609229039,-9.50520027606462,-9.49495141125832,-9.48462159260266,-9.4742129148289,-9.46372747266819,-9.45316736085169,-9.44253467411064,-9.43183183838789,-9.42106260447287,-9.41023105436679,-9.39934127007079,-9.38839733358597,-9.37740332691355,-9.36636333205464,-9.35528143101036,-9.34416170578193,-9.33300823837045,-9.32182511077705,-9.31061640500295,-9.29938629225609,-9.2881393005718,-9.27688004719236,-9.26561314935993,-9.25434322431668,-9.24307488930486,-9.23181276156667,-9.22056145834426,-9.20932559687989,-9.19810979441573,-9.18691866819397,-9.17575683545685,-9.16462872905799,-9.15353804429675,-9.14248829208404,-9.13148298333065,-9.12052562894738,-9.10961973984515,-9.09876882693474,-9.08797640112697,-9.07724597333274,-9.06658105446284,-9.05598515542808,-9.04546178713936,-9.03501407341749,-9.02464358972333,-9.01435152442784,-9.00413906590187,-8.9940074025163,-8.98395772264209,-8.97399121465008,-8.96410906691117,-8.95431246779628,-8.9446026056763,-8.9349806689221,-8.92544784590461,-8.91600489000876,-8.90665081467565,-8.89738419836048,-8.88820361951841,-8.87910765660459,-8.87009488807422,-8.86116389238246,-8.85231324798444,-8.84354153333539,-8.83484732689044,-8.82622920710475,-8.81768575243354,-8.80921525185952,-8.80081483647579,-8.79248134790306,-8.78421162776202,-8.77600251767332,-8.76785085925771,-8.75975349413583,-8.75170726392837,-8.74370901025605,-8.73575557473954,-8.72784379899951,-8.71997052465668,-8.71213262885302,-8.70432713081573,-8.69655108529335,-8.68880154703439,-8.6810755707873,-8.67337021130067,-8.66568252332298,-8.65800956160272,-8.65034838088843,-8.64269603592861,-8.63504958147175,-8.62740607226639
"62",-10.6651577320499,-10.6520577073974,-10.6389962766616,-10.6259763564325,-10.6130008632998,-10.6000727138534,-10.5871948246832,-10.5743701123789,-10.5616014935304,-10.5488918847277,-10.5362442025604,-10.5236613636184,-10.5111462844916,-10.4987018205912,-10.4863305826137,-10.4740351200772,-10.4618179824996,-10.4496817193988,-10.4376288802928,-10.4256620146996,-10.413783672137,-10.4019964021231,-10.3903027541758,-10.378705277813,-10.3672065225528,-10.3558087941046,-10.3445134229439,-10.3333214957379,-10.3222340991536,-10.311252319858,-10.3003772445184,-10.2896099598017,-10.278951552375,-10.2684031089054,-10.2579657160601,-10.2476404605059,-10.2374284289102,-10.2273303439599,-10.2173454724217,-10.2074727170827,-10.1977109807295,-10.188059166149,-10.1785161761281,-10.1690809134534,-10.1597522809119,-10.1505291812904,-10.1414105173756,-10.1323951919544,-10.1234821078137,-10.1146698039412,-10.1059553641291,-10.0973355083708,-10.0888069566594,-10.0803664289882,-10.0720106453504,-10.0637363257392,-10.0555401901478,-10.0474189585696,-10.0393693509978,-10.0313880874255,-10.0234718878461,-10.0156172427988,-10.0078197250075,-10.000074677742,-9.99237744427212,-9.98472336786784,-9.97710779179903,-9.96952605933554,-9.96197351374723,-9.95444549830402,-9.94693735627576,-9.93944443093232,-9.9319620655436,-9.92448560390402,-9.91701039190612,-9.90953177596709,-9.90204510250401,-9.894545717934,-9.88702896867422,-9.87949020114178,-9.87192476175378,-9.86432799692739,-9.8566952530797,-9.84902187662784,-9.84130321398896,-9.83353485914675,-9.82571339635125,-9.81783565741917,-9.80989847416712,-9.80189867841175,-9.79383310196973,-9.7856985766577,-9.7774919342923,-9.76921000669021,-9.76084962566806,-9.75240762304249,-9.74388083063018,-9.73526650190336,-9.72656357695661,-9.7177714175402,-9.70888938540429,-9.69991684229907,-9.69085314997478,-9.68169767018162,-9.67244976466975,-9.66310879518944,-9.65367412349085,-9.64414511132417,-9.63452112043966,-9.62480196808433,-9.61498929349249,-9.60508519139541,-9.59509175652424,-9.58501108361014,-9.57484526738436,-9.56459640257806,-9.55426658392241,-9.54385790614865,-9.53337246398793,-9.52281235217143,-9.51217966543039,-9.50147682970763,-9.49070759579261,-9.47987604568654,-9.46898626139054,-9.45804232490572,-9.44704831823329,-9.43600832337438,-9.42492642233011,-9.41380669710167,-9.4026532296902,-9.3914701020968,-9.38026139632269,-9.36903128357583,-9.35778429189155,-9.34652503851211,-9.33525814067967,-9.32398821563642,-9.31271988062461,-9.30145775288641,-9.290206449664,-9.27897058819963,-9.26775478573548,-9.25656365951371,-9.24540182677659,-9.23427372037773,-9.2231830356165,-9.21213328340378,-9.20112797465039,-9.19017062026713,-9.17926473116489,-9.16841381825449,-9.15762139244672,-9.14689096465248,-9.13622604578258,-9.12563014674783,-9.1151067784591,-9.10465906473724,-9.09428858104308,-9.08399651574758,-9.07378405722162,-9.06365239383605,-9.05360271396184,-9.04363620596983,-9.03375405823091,-9.02395745911603,-9.01424759699605,-9.00462566024184,-8.99509283722436,-8.98564988132851,-8.97629580599539,-8.96702918968023,-8.95784861083816,-8.94875264792434,-8.93973987939397,-8.9308088837022,-8.92195823930419,-8.91318652465513,-8.90449231821019,-8.8958741984245,-8.88733074375328,-8.87886024317927,-8.87045982779553,-8.86212633922281,-8.85385661908177,-8.84564750899307,-8.83749585057746,-8.82939848545558,-8.82135225524812,-8.8133540015758,-8.80540056605929,-8.79748879031925,-8.78961551597642,-8.78177762017277,-8.77397212213548,-8.7661960766131,-8.75844653835413,-8.75072056210705,-8.74301520262042,-8.73532751464273,-8.72765455292246,-8.71999337220818,-8.71234102724836,-8.70469457279149,-8.69705106358614
"63",-10.7348027233697,-10.7217026987171,-10.7086412679814,-10.6956213477522,-10.6826458546196,-10.6697177051731,-10.6568398160029,-10.6440151036987,-10.6312464848502,-10.6185368760474,-10.6058891938801,-10.5933063549381,-10.5807912758114,-10.568346811911,-10.5559755739335,-10.543680111397,-10.5314629738194,-10.5193267107185,-10.5072738716125,-10.4953070060193,-10.4834286634567,-10.4716413934428,-10.4599477454955,-10.4483502691328,-10.4368515138726,-10.4254537854244,-10.4141584142637,-10.4029664870576,-10.3918790904733,-10.3808973111778,-10.3700222358381,-10.3592549511214,-10.3485965436947,-10.3380481002252,-10.3276107073798,-10.3172854518257,-10.3070734202299,-10.2969753352796,-10.2869904637415,-10.2771177084024,-10.2673559720493,-10.2577041574688,-10.2481611674478,-10.2387259047732,-10.2293972722317,-10.2201741726101,-10.2110555086954,-10.2020401832742,-10.1931270991334,-10.1843147952609,-10.1756003554489,-10.1669804996906,-10.1584519479792,-10.1500114203079,-10.1416556366701,-10.1333813170589,-10.1251851814676,-10.1170639498894,-10.1090143423175,-10.1010330787453,-10.0931168791658,-10.0852622341186,-10.0774647163272,-10.0697196690617,-10.0620224355919,-10.0543683591876,-10.0467527831188,-10.0391710506553,-10.031618505067,-10.0240904896238,-10.0165823475955,-10.0090894222521,-10.0016070568633,-9.99413059522376,-9.98665538322587,-9.97917676728683,-9.97169009382375,-9.96419070925374,-9.95667395999396,-9.94913519246152,-9.94156975307352,-9.93397298824713,-9.92634024439945,-9.91866686794758,-9.9109482053087,-9.90317985046649,-9.895358387671,-9.88748064873891,-9.87954346548687,-9.87154366973149,-9.86347809328947,-9.85534356797745,-9.84713692561204,-9.83885499800995,-9.8304946169878,-9.82205261436223,-9.81352582194992,-9.8049114932231,-9.79620856827636,-9.78741640885994,-9.77853437672403,-9.76956183361881,-9.76049814129453,-9.75134266150136,-9.74209475598949,-9.73275378650918,-9.72331911481059,-9.71379010264392,-9.7041661117594,-9.69444695940407,-9.68463428481224,-9.67473018271515,-9.66473674784398,-9.65465607492988,-9.6444902587041,-9.63424139389781,-9.62391157524215,-9.61350289746839,-9.60301745530768,-9.59245734349118,-9.58182465675013,-9.57112182102738,-9.56035258711236,-9.54952103700628,-9.53863125271028,-9.52768731622546,-9.51669330955304,-9.50565331469413,-9.49457141364985,-9.48345168842141,-9.47229822100994,-9.46111509341654,-9.44990638764244,-9.43867627489558,-9.4274292832113,-9.41617002983185,-9.40490313199942,-9.39363320695617,-9.38236487194435,-9.37110274420616,-9.35985144098374,-9.34861557951938,-9.33739977705522,-9.32620865083346,-9.31504681809634,-9.30391871169748,-9.29282802693624,-9.28177827472352,-9.27077296597014,-9.25981561158687,-9.24890972248464,-9.23805880957423,-9.22726638376646,-9.21653595597223,-9.20587103710233,-9.19527513806757,-9.18475176977885,-9.17430405605698,-9.16393357236282,-9.15364150706733,-9.14342904854136,-9.13329738515579,-9.12324770528158,-9.11328119728957,-9.10339904955066,-9.09360245043577,-9.0838925883158,-9.07427065156159,-9.0647378285441,-9.05529487264825,-9.04594079731514,-9.03667418099997,-9.0274936021579,-9.01839763924408,-9.00938487071371,-9.00045387502195,-8.99160323062393,-8.98283151597488,-8.97413730952993,-8.96551918974424,-8.95697573507303,-8.94850523449901,-8.94010481911527,-8.93177133054255,-8.92350161040151,-8.91529250031281,-8.9071408418972,-8.89904347677532,-8.89099724656786,-8.88299899289554,-8.87504555737903,-8.867133781639,-8.85926050729616,-8.85142261149251,-8.84361711345522,-8.83584106793284,-8.82809152967388,-8.8203655534268,-8.81266019394016,-8.80497250596247,-8.79729954424221,-8.78963836352792,-8.7819860185681,-8.77433956411124,-8.76669605490588
"64",-10.8044477146894,-10.7913476900369,-10.7782862593011,-10.765266339072,-10.7522908459393,-10.7393626964929,-10.7264848073227,-10.7136600950184,-10.7008914761699,-10.6881818673671,-10.6755341851999,-10.6629513462579,-10.6504362671311,-10.6379918032307,-10.6256205652532,-10.6133251027167,-10.6011079651391,-10.5889717020383,-10.5769188629323,-10.564951997339,-10.5530736547765,-10.5412863847626,-10.5295927368153,-10.5179952604525,-10.5064965051923,-10.4950987767441,-10.4838034055834,-10.4726114783774,-10.4615240817931,-10.4505423024975,-10.4396672271579,-10.4288999424412,-10.4182415350145,-10.4076930915449,-10.3972556986995,-10.3869304431454,-10.3767184115497,-10.3666203265993,-10.3566354550612,-10.3467626997222,-10.337000963369,-10.3273491487885,-10.3178061587676,-10.3083708960929,-10.2990422635514,-10.2898191639299,-10.2807005000151,-10.2716851745939,-10.2627720904532,-10.2539597865807,-10.2452453467686,-10.2366254910103,-10.2280969392989,-10.2196564116277,-10.2113006279898,-10.2030263083787,-10.1948301727873,-10.1867089412091,-10.1786593336373,-10.170678070065,-10.1627618704856,-10.1549072254383,-10.147109707647,-10.1393646603814,-10.1316674269116,-10.1240133505073,-10.1163977744385,-10.108816041975,-10.1012634963867,-10.0937354809435,-10.0862273389153,-10.0787344135718,-10.0712520481831,-10.0637755865435,-10.0563003745456,-10.0488217586066,-10.0413350851435,-10.0338357005735,-10.0263189513137,-10.0187801837813,-10.0112147443933,-10.0036179795669,-9.99598523571919,-9.98831185926733,-9.98059319662844,-9.97282484178623,-9.96500337899074,-9.95712564005866,-9.94918845680661,-9.94118866105123,-9.93312308460922,-9.92498855929719,-9.91678191693179,-9.9084999893297,-9.90013960830755,-9.89169760568197,-9.88317081326967,-9.87455648454285,-9.8658535595961,-9.85706140017968,-9.84817936804378,-9.83920682493855,-9.83014313261427,-9.8209876528211,-9.81173974730924,-9.80239877782892,-9.79296410613034,-9.78343509396366,-9.77381110307915,-9.76409195072381,-9.75427927613198,-9.7443751740349,-9.73438173916372,-9.72430106624963,-9.71413525002385,-9.70388638521755,-9.6935565665619,-9.68314788878813,-9.67266244662742,-9.66210233481092,-9.65146964806988,-9.64076681234712,-9.6299975784321,-9.61916602832603,-9.60827624403002,-9.5973323075452,-9.58633830087278,-9.57529830601387,-9.56421640496959,-9.55309667974116,-9.54194321232968,-9.53076008473629,-9.51955137896218,-9.50832126621532,-9.49707427453104,-9.4858150211516,-9.47454812331916,-9.46327819827591,-9.4520098632641,-9.4407477355259,-9.42949643230349,-9.41826057083912,-9.40704476837497,-9.3958536421532,-9.38469180941608,-9.37356370301722,-9.36247301825599,-9.35142326604327,-9.34041795728988,-9.32946060290662,-9.31855471380438,-9.30770380089398,-9.29691137508621,-9.28618094729197,-9.27551602842207,-9.26492012938731,-9.25439676109859,-9.24394904737673,-9.23357856368257,-9.22328649838707,-9.2130740398611,-9.20294237647554,-9.19289269660132,-9.18292618860932,-9.1730440408704,-9.16324744175552,-9.15353757963554,-9.14391564288133,-9.13438281986385,-9.124939863968,-9.11558578863488,-9.10631917231971,-9.09713859347765,-9.08804263056382,-9.07902986203346,-9.07009886634169,-9.06124822194367,-9.05247650729462,-9.04378230084968,-9.03516418106399,-9.02662072639277,-9.01815022581875,-9.00974981043502,-9.0014163218623,-8.99314660172126,-8.98493749163256,-8.97678583321694,-8.96868846809507,-8.96064223788761,-8.95264398421529,-8.94469054869877,-8.93677877295874,-8.92890549861591,-8.92106760281226,-8.91326210477496,-8.90548605925259,-8.89773652099362,-8.89001054474654,-8.88230518525991,-8.87461749728222,-8.86694453556195,-8.85928335484766,-8.85163100988784,-8.84398455543098,-8.83634104622563
"65",-10.8740927060092,-10.8609926813566,-10.8479312506208,-10.8349113303917,-10.821935837259,-10.8090076878126,-10.7961297986424,-10.7833050863381,-10.7705364674897,-10.7578268586869,-10.7451791765196,-10.7325963375776,-10.7200812584508,-10.7076367945504,-10.695265556573,-10.6829700940365,-10.6707529564589,-10.658616693358,-10.646563854252,-10.6345969886588,-10.6227186460962,-10.6109313760823,-10.599237728135,-10.5876402517723,-10.5761414965121,-10.5647437680638,-10.5534483969031,-10.5422564696971,-10.5311690731128,-10.5201872938173,-10.5093122184776,-10.4985449337609,-10.4878865263342,-10.4773380828647,-10.4669006900193,-10.4565754344652,-10.4463634028694,-10.4362653179191,-10.426280446381,-10.4164076910419,-10.4066459546888,-10.3969941401083,-10.3874511500873,-10.3780158874127,-10.3686872548712,-10.3594641552496,-10.3503454913349,-10.3413301659137,-10.3324170817729,-10.3236047779004,-10.3148903380884,-10.3062704823301,-10.2977419306187,-10.2893014029474,-10.2809456193096,-10.2726712996984,-10.2644751641071,-10.2563539325289,-10.248304324957,-10.2403230613848,-10.2324068618053,-10.2245522167581,-10.2167546989667,-10.2090096517012,-10.2013124182314,-10.1936583418271,-10.1860427657583,-10.1784610332948,-10.1709084877065,-10.1633804722633,-10.155872330235,-10.1483794048916,-10.1408970395028,-10.1334205778633,-10.1259453658654,-10.1184667499263,-10.1109800764632,-10.1034806918932,-10.0959639426335,-10.088425175101,-10.080859735713,-10.0732629708866,-10.0656302270389,-10.0579568505871,-10.0502381879482,-10.042469833106,-10.0346483703105,-10.0267706313784,-10.0188334481264,-10.010833652371,-10.002768075929,-9.99463355061694,-9.98642690825153,-9.97814498064944,-9.96978459962729,-9.96134259700172,-9.95281580458941,-9.94420147586259,-9.93549855091585,-9.92670639149943,-9.91782435936352,-9.9088518162583,-9.89978812393402,-9.89063264414085,-9.88138473862898,-9.87204376914867,-9.86260909745008,-9.85308008528341,-9.84345609439889,-9.83373694204356,-9.82392426745172,-9.81402016535464,-9.80402673048347,-9.79394605756937,-9.78378024134359,-9.7735313765373,-9.76320155788164,-9.75279288010788,-9.74230743794717,-9.73174732613067,-9.72111463938962,-9.71041180366687,-9.69964256975184,-9.68881101964577,-9.67792123534977,-9.66697729886495,-9.65598329219253,-9.64494329733362,-9.63386139628934,-9.6227416710609,-9.61158820364943,-9.60040507605603,-9.58919637028193,-9.57796625753507,-9.56671926585078,-9.55546001247134,-9.54419311463891,-9.53292318959565,-9.52165485458384,-9.51039272684565,-9.49914142362323,-9.48790556215887,-9.47668975969471,-9.46549863347295,-9.45433680073583,-9.44320869433697,-9.43211800957573,-9.42106825736301,-9.41006294860962,-9.39910559422636,-9.38819970512413,-9.37734879221372,-9.36655636640595,-9.35582593861172,-9.34516101974182,-9.33456512070706,-9.32404175241834,-9.31359403869647,-9.30322355500231,-9.29293148970681,-9.28271903118085,-9.27258736779528,-9.26253768792107,-9.25257117992906,-9.24268903219015,-9.23289243307526,-9.22318257095528,-9.21356063420108,-9.20402781118359,-9.19458485528774,-9.18523077995463,-9.17596416363946,-9.16678358479739,-9.15768762188357,-9.1486748533532,-9.13974385766144,-9.13089321326342,-9.12212149861437,-9.11342729216942,-9.10480917238373,-9.09626571771252,-9.0877952171385,-9.07939480175476,-9.07106131318204,-9.062791593041,-9.0545824829523,-9.04643082453669,-9.03833345941481,-9.03028722920735,-9.02228897553503,-9.01433554001852,-9.00642376427849,-8.99855048993565,-8.990712594132,-8.98290709609471,-8.97513105057233,-8.96738151231336,-8.95965553606628,-8.95195017657965,-8.94426248860196,-8.9365895268817,-8.92892834616741,-8.92127600120759,-8.91362954675073,-8.90598603754537
