"","2003","2003.08333333333","2003.16666666667","2003.25","2003.33333333333","2003.41666666667","2003.5","2003.58333333333","2003.66666666667","2003.75","2003.83333333333","2003.91666666667","2004","2004.08333333333","2004.16666666667","2004.25","2004.33333333333","2004.41666666667","2004.5","2004.58333333333","2004.66666666667","2004.75","2004.83333333333","2004.91666666667","2005","2005.08333333333","2005.16666666667","2005.25","2005.33333333333","2005.41666666667","2005.5","2005.58333333333","2005.66666666667","2005.75","2005.83333333333","2005.91666666667","2006","2006.08333333333","2006.16666666667","2006.25","2006.33333333333","2006.41666666667","2006.5","2006.58333333333","2006.66666666667","2006.75","2006.83333333333","2006.91666666667","2007","2007.08333333333","2007.16666666667","2007.25","2007.33333333333","2007.41666666667","2007.5","2007.58333333333","2007.66666666667","2007.75","2007.83333333333","2007.91666666667","2008","2008.08333333333","2008.16666666667","2008.25","2008.33333333333","2008.41666666667","2008.5","2008.58333333333","2008.66666666667","2008.75","2008.83333333333","2008.91666666667","2009","2009.08333333333","2009.16666666667","2009.25","2009.33333333333","2009.41666666667","2009.5","2009.58333333333","2009.66666666667","2009.75","2009.83333333333","2009.91666666667","2010","2010.08333333333","2010.16666666667","2010.25","2010.33333333333","2010.41666666667","2010.5","2010.58333333333","2010.66666666667","2010.75","2010.83333333333","2010.91666666667","2011","2011.08333333333","2011.16666666667","2011.25","2011.33333333333","2011.41666666667","2011.5","2011.58333333333","2011.66666666667","2011.75","2011.83333333333","2011.91666666667","2012","2012.08333333333","2012.16666666667","2012.25","2012.33333333333","2012.41666666667","2012.5","2012.58333333333","2012.66666666667","2012.75","2012.83333333333","2012.91666666667","2013","2013.08333333333","2013.16666666667","2013.25","2013.33333333333","2013.41666666667","2013.5","2013.58333333333","2013.66666666667","2013.75","2013.83333333333","2013.91666666667","2014","2014.08333333333","2014.16666666667","2014.25","2014.33333333333","2014.41666666667","2014.5","2014.58333333333","2014.66666666667","2014.75","2014.83333333333","2014.91666666667","2015","2015.08333333333","2015.16666666667","2015.25","2015.33333333333","2015.41666666667","2015.5","2015.58333333333","2015.66666666667","2015.75","2015.83333333333","2015.91666666667","2016","2016.08333333333","2016.16666666667","2016.25","2016.33333333333","2016.41666666667","2016.5","2016.58333333333","2016.66666666667","2016.75","2016.83333333333","2016.91666666667","2017","2017.08333333333","2017.16666666667","2017.25","2017.33333333333","2017.41666666667","2017.5","2017.58333333333","2017.66666666667","2017.75","2017.83333333333","2017.91666666667","2018","2018.08333333333","2018.16666666667","2018.25","2018.33333333333","2018.41666666667","2018.5","2018.58333333333","2018.66666666667","2018.75","2018.83333333333","2018.91666666667","2019","2019.08333333333","2019.16666666667","2019.25","2019.33333333333","2019.41666666667","2019.5","2019.58333333333","2019.66666666667","2019.75","2019.83333333333","2019.91666666667","2020"
"25",-9.69222463426988,-9.68499322536078,-9.67777997650258,-9.6705892614703,-9.66342545403888,-9.6562929279833,-9.64919605707854,-9.64213921509957,-9.63512677582134,-9.62816311301886,-9.62125260046708,-9.61439961194097,-9.60760852121552,-9.60088356916906,-9.59422846509334,-9.58764678538355,-9.58114210643481,-9.57471800464225,-9.56837805640104,-9.56212583810631,-9.55596492615319,-9.54989889693686,-9.54393132685243,-9.53806579229505,-9.53230586965987,-9.52665462581569,-9.52111308952588,-9.51568178002753,-9.51036121655766,-9.50515191835331,-9.50005440465157,-9.49506919468947,-9.49019680770404,-9.48543776293235,-9.48079257961146,-9.47626177697838,-9.4718458742702,-9.46754465118978,-9.4633549293033,-9.45927279064279,-9.45529431724024,-9.45141559112768,-9.44763269433712,-9.44394170890057,-9.44033871685003,-9.43681980021754,-9.43338104103509,-9.4300185213347,-9.4267283231484,-9.42350583484337,-9.42034367012761,-9.4172337490443,-9.41416799163664,-9.41113831794779,-9.40813664802094,-9.40515490189929,-9.402184999626,-9.39921886124426,-9.39624840679727,-9.39326555632818,-9.39026222988021,-9.38722999967257,-9.38415904662866,-9.38103920384795,-9.37786030442989,-9.37461218147392,-9.37128466807951,-9.36786759734611,-9.36435080237315,-9.36072411626012,-9.35697737210645,-9.35310040301159,-9.34908304207502,-9.3449153211658,-9.34058806723155,-9.33609230598955,-9.33141906315706,-9.3265593644513,-9.32150423558958,-9.31624470228912,-9.31077179026718,-9.30507652524105,-9.29914993292796,-9.29298303904516,-9.28656686930993,-9.27989320426089,-9.27295684372209,-9.26575334233901,-9.25827825475706,-9.25052713562166,-9.2424955395783,-9.23417902127239,-9.22557313534935,-9.21667343645466,-9.20747547923374,-9.19797481833201,-9.18816700839494,-9.17804871098812,-9.16762101535775,-9.1568861176703,-9.14584621409213,-9.13450350078961,-9.12286017392921,-9.11091842967729,-9.09868046420022,-9.08614847366447,-9.07332465423639,-9.06021120208237,-9.04681031336886,-9.03312528632372,-9.0191638274208,-9.00493474519552,-8.99044684818322,-8.97570894491922,-8.96072984393896,-8.94551835377778,-8.93008328297099,-8.91443344005405,-8.89857763356227,-8.88252467203098,-8.86628336399563,-8.84986322907468,-8.83327663121912,-8.81653664546326,-8.7996563468412,-8.78264881038711,-8.76552711113527,-8.7483043241198,-8.73099352437485,-8.7136077869347,-8.69616018683349,-8.67866379910535,-8.66113169878458,-8.64357700901147,-8.62601304535102,-8.60845317147451,-8.59091075105311,-8.57339914775797,-8.55593172526039,-8.53852184723152,-8.52118287734251,-8.50392817926467,-8.48677111666914,-8.46972505322709,-8.4528033526098,-8.43601871608816,-8.41938119533198,-8.4029001796109,-8.38658505819445,-8.37044522035216,-8.35449005535369,-8.33872895246856,-8.3231713009663,-8.30782649011656,-8.29270390918887,-8.27781294745276,-8.26316299417789,-8.2487622794154,-8.23461439634301,-8.22072177892016,-8.2070868611062,-8.19371207686045,-8.18059986014236,-8.16775264491127,-8.15517286512651,-8.14286295474754,-8.13082534773367,-8.11906247804427,-8.10757677963877,-8.09636945561905,-8.08543678565726,-8.07477381856816,-8.06437560316645,-8.05423718826679,-8.04435362268398,-8.03471995523268,-8.0253312347276,-8.0161825099835,-8.00726882981506,-7.99858524303698,-7.99012679846402,-7.98188776383589,-7.97385928259238,-7.96603171709837,-7.95839542971866,-7.95094078281807,-7.94365813876146,-7.93653785991367,-7.92957030863948,-7.92274584730379,-7.91605483827139,-7.9094876439071,-7.9030346265758,-7.89668630297873,-7.89043380716296,-7.88426842751205,-7.87818145240947,-7.87216417023874,-7.86620786938341,-7.86030383822697,-7.85444336515294,-7.84861773854485,-7.84281824678621,-7.83703617826052,-7.83126282135133
"26",-9.65910449045631,-9.65187308154721,-9.64465983268901,-9.63746911765672,-9.63030531022531,-9.62317278416972,-9.61607591326496,-9.609019071286,-9.60200663200777,-9.59504296920529,-9.58813245665351,-9.5812794681274,-9.57448837740195,-9.56776342535549,-9.56110832127977,-9.55452664156998,-9.54802196262124,-9.54159786082868,-9.53525791258747,-9.52900569429274,-9.52284478233962,-9.51677875312329,-9.51081118303886,-9.50494564848147,-9.4991857258463,-9.49353448200212,-9.48799294571231,-9.48256163621395,-9.47724107274409,-9.47203177453974,-9.466934260838,-9.4619490508759,-9.45707666389047,-9.45231761911878,-9.44767243579789,-9.44314163316481,-9.43872573045663,-9.43442450737621,-9.43023478548973,-9.42615264682921,-9.42217417342667,-9.41829544731411,-9.41451255052355,-9.410821565087,-9.40721857303646,-9.40369965640397,-9.40026089722152,-9.39689837752113,-9.39360817933482,-9.3903856910298,-9.38722352631404,-9.38411360523073,-9.38104784782307,-9.37801817413422,-9.37501650420737,-9.37203475808572,-9.36906485581243,-9.36609871743069,-9.3631282629837,-9.36014541251461,-9.35714208606664,-9.354109855859,-9.35103890281509,-9.34791906003438,-9.34474016061632,-9.34149203766035,-9.33816452426594,-9.33474745353254,-9.33123065855958,-9.32760397244655,-9.32385722829288,-9.31998025919802,-9.31596289826144,-9.31179517735222,-9.30746792341798,-9.30297216217598,-9.29829891934348,-9.29343922063773,-9.28838409177601,-9.28312455847555,-9.27765164645361,-9.27195638142748,-9.26602978911439,-9.25986289523159,-9.25344672549636,-9.24677306044732,-9.23983669990852,-9.23263319852544,-9.22515811094349,-9.21740699180809,-9.20937539576473,-9.20105887745882,-9.19245299153578,-9.18355329264109,-9.17435533542017,-9.16485467451844,-9.15504686458137,-9.14492856717455,-9.13450087154418,-9.12376597385673,-9.11272607027856,-9.10138335697604,-9.08974003011564,-9.07779828586372,-9.06556032038665,-9.0530283298509,-9.04020451042282,-9.0270910582688,-9.01369016955529,-9.00000514251015,-8.98604368360723,-8.97181460138195,-8.95732670436965,-8.94258880110565,-8.92760970012539,-8.91239820996421,-8.89696313915742,-8.88131329624048,-8.8654574897487,-8.84940452821741,-8.83316322018205,-8.8167430852611,-8.80015648740555,-8.78341650164968,-8.76653620302763,-8.74952866657354,-8.7324069673217,-8.71518418030622,-8.69787338056127,-8.68048764312113,-8.66304004301992,-8.64554365529178,-8.628011554971,-8.6104568651979,-8.59289290153744,-8.57533302766094,-8.55779060723954,-8.5402790039444,-8.52281158144682,-8.50540170341795,-8.48806273352894,-8.4708080354511,-8.45365097285557,-8.43660490941351,-8.41968320879623,-8.40289857227459,-8.38626105151841,-8.36978003579733,-8.35346491438088,-8.33732507653859,-8.32136991154012,-8.30560880865499,-8.29005115715273,-8.27470634630299,-8.2595837653753,-8.24469280363919,-8.23004285036432,-8.21564213560183,-8.20149425252944,-8.18760163510659,-8.17396671729263,-8.16059193304688,-8.14747971632879,-8.1346325010977,-8.12205272131294,-8.10974281093396,-8.0977052039201,-8.0859423342307,-8.0744566358252,-8.06324931180548,-8.05231664184369,-8.04165367475459,-8.03125545935288,-8.02111704445322,-8.01123347887041,-8.00159981141911,-7.99221109091403,-7.98306236616993,-7.97414868600149,-7.96546509922341,-7.95700665465045,-7.94876762002232,-7.94073913877881,-7.9329115732848,-7.92527528590509,-7.9178206390045,-7.91053799494789,-7.9034177161001,-7.89645016482591,-7.88962570349022,-7.88293469445782,-7.87636750009353,-7.86991448276223,-7.86356615916516,-7.85731366334939,-7.85114828369847,-7.8450613085959,-7.83904402642517,-7.83308772556984,-7.8271836944134,-7.82132322133937,-7.81549759473128,-7.80969810297264,-7.80391603444695,-7.79814267753776
"27",-9.62616218824431,-9.61893077933521,-9.61171753047701,-9.60452681544472,-9.59736300801331,-9.59023048195773,-9.58313361105296,-9.576076769074,-9.56906432979577,-9.56210066699329,-9.55519015444151,-9.5483371659154,-9.54154607518995,-9.53482112314349,-9.52816601906777,-9.52158433935798,-9.51507966040924,-9.50865555861668,-9.50231561037547,-9.49606339208074,-9.48990248012762,-9.48383645091129,-9.47786888082686,-9.47200334626947,-9.4662434236343,-9.46059217979012,-9.45505064350031,-9.44961933400196,-9.44429877053209,-9.43908947232774,-9.433991958626,-9.4290067486639,-9.42413436167847,-9.41937531690678,-9.41473013358589,-9.41019933095281,-9.40578342824463,-9.40148220516421,-9.39729248327773,-9.39321034461721,-9.38923187121467,-9.38535314510211,-9.38157024831155,-9.377879262875,-9.37427627082446,-9.37075735419197,-9.36731859500952,-9.36395607530913,-9.36066587712283,-9.3574433888178,-9.35428122410204,-9.35117130301873,-9.34810554561107,-9.34507587192222,-9.34207420199537,-9.33909245587372,-9.33612255360043,-9.33315641521869,-9.3301859607717,-9.32720311030261,-9.32419978385464,-9.321167553647,-9.31809660060309,-9.31497675782238,-9.31179785840432,-9.30854973544835,-9.30522222205394,-9.30180515132054,-9.29828835634758,-9.29466167023455,-9.29091492608088,-9.28703795698602,-9.28302059604944,-9.27885287514022,-9.27452562120598,-9.27002985996398,-9.26535661713148,-9.26049691842573,-9.25544178956401,-9.25018225626355,-9.24470934424161,-9.23901407921548,-9.23308748690239,-9.22692059301959,-9.22050442328436,-9.21383075823532,-9.20689439769652,-9.19969089631344,-9.19221580873149,-9.18446468959609,-9.17643309355273,-9.16811657524682,-9.15951068932378,-9.15061099042909,-9.14141303320817,-9.13191237230644,-9.12210456236937,-9.11198626496255,-9.10155856933218,-9.09082367164473,-9.07978376806656,-9.06844105476404,-9.05679772790364,-9.04485598365172,-9.03261801817465,-9.0200860276389,-9.00726220821082,-8.9941487560568,-8.98074786734329,-8.96706284029815,-8.95310138139523,-8.93887229916995,-8.92438440215765,-8.90964649889365,-8.89466739791339,-8.87945590775221,-8.86402083694542,-8.84837099402848,-8.8325151875367,-8.81646222600541,-8.80022091797006,-8.78380078304911,-8.76721418519355,-8.75047419943768,-8.73359390081563,-8.71658636436154,-8.6994646651097,-8.68224187809422,-8.66493107834927,-8.64754534090913,-8.63009774080792,-8.61260135307978,-8.595069252759,-8.5775145629859,-8.55995059932544,-8.54239072544894,-8.52484830502754,-8.5073367017324,-8.48986927923482,-8.47245940120595,-8.45512043131694,-8.4378657332391,-8.42070867064357,-8.40366260720151,-8.38674090658423,-8.36995627006259,-8.35331874930641,-8.33683773358533,-8.32052261216888,-8.30438277432659,-8.28842760932812,-8.27266650644299,-8.25710885494073,-8.24176404409099,-8.2266414631633,-8.21175050142719,-8.19710054815232,-8.18269983338983,-8.16855195031744,-8.15465933289459,-8.14102441508063,-8.12764963083488,-8.11453741411679,-8.1016901988857,-8.08911041910094,-8.07680050872196,-8.0647629017081,-8.0530000320187,-8.0415143336132,-8.03030700959348,-8.01937433963169,-8.00871137254259,-7.99831315714088,-7.98817474224122,-7.97829117665841,-7.96865750920711,-7.95926878870203,-7.95012006395793,-7.94120638378949,-7.93252279701141,-7.92406435243845,-7.91582531781032,-7.90779683656681,-7.8999692710728,-7.89233298369309,-7.8848783367925,-7.87759569273589,-7.8704754138881,-7.86350786261391,-7.85668340127822,-7.84999239224582,-7.84342519788153,-7.83697218055023,-7.83062385695316,-7.82437136113739,-7.81820598148648,-7.8121190063839,-7.80610172421317,-7.80014542335784,-7.7942413922014,-7.78838091912737,-7.78255529251928,-7.77675580076064,-7.77097373223495,-7.76520037532576
"28",-9.59347622133262,-9.58624481242352,-9.57903156356532,-9.57184084853304,-9.56467704110163,-9.55754451504604,-9.55044764414128,-9.54339080216231,-9.53637836288408,-9.5294147000816,-9.52250418752983,-9.51565119900371,-9.50886010827826,-9.5021351562318,-9.49548005215608,-9.48889837244629,-9.48239369349755,-9.47596959170499,-9.46962964346378,-9.46337742516906,-9.45721651321594,-9.4511504839996,-9.44518291391518,-9.43931737935779,-9.43355745672262,-9.42790621287843,-9.42236467658862,-9.41693336709027,-9.4116128036204,-9.40640350541606,-9.40130599171432,-9.39632078175221,-9.39144839476678,-9.3866893499951,-9.3820441666742,-9.37751336404112,-9.37309746133294,-9.36879623825252,-9.36460651636604,-9.36052437770553,-9.35654590430299,-9.35266717819042,-9.34888428139986,-9.34519329596331,-9.34159030391277,-9.33807138728028,-9.33463262809784,-9.33127010839745,-9.32797991021114,-9.32475742190612,-9.32159525719035,-9.31848533610705,-9.31541957869938,-9.31238990501053,-9.30938823508369,-9.30640648896203,-9.30343658668874,-9.30047044830701,-9.29749999386001,-9.29451714339093,-9.29151381694296,-9.28848158673532,-9.28541063369141,-9.2822907909107,-9.27911189149263,-9.27586376853667,-9.27253625514225,-9.26911918440885,-9.2656023894359,-9.26197570332286,-9.2582289591692,-9.25435199007434,-9.25033462913776,-9.24616690822854,-9.24183965429429,-9.2373438930523,-9.2326706502198,-9.22781095151405,-9.22275582265232,-9.21749628935187,-9.21202337732993,-9.20632811230379,-9.2004015199907,-9.1942346261079,-9.18781845637268,-9.18114479132364,-9.17420843078484,-9.16700492940175,-9.1595298418198,-9.15177872268441,-9.14374712664105,-9.13543060833513,-9.12682472241209,-9.11792502351741,-9.10872706629649,-9.09922640539475,-9.08941859545768,-9.07930029805086,-9.0688726024205,-9.05813770473304,-9.04709780115487,-9.03575508785236,-9.02411176099196,-9.01217001674003,-8.99993205126297,-8.98740006072721,-8.97457624129914,-8.96146278914511,-8.9480619004316,-8.93437687338647,-8.92041541448354,-8.90618633225826,-8.89169843524596,-8.87696053198196,-8.86198143100171,-8.84676994084052,-8.83133487003374,-8.81568502711679,-8.79982922062501,-8.78377625909372,-8.76753495105837,-8.75111481613742,-8.73452821828187,-8.717788232526,-8.70090793390395,-8.68390039744986,-8.66677869819801,-8.64955591118254,-8.63224511143759,-8.61485937399744,-8.59741177389623,-8.57991538616809,-8.56238328584732,-8.54482859607421,-8.52726463241376,-8.50970475853726,-8.49216233811586,-8.47465073482072,-8.45718331232314,-8.43977343429426,-8.42243446440525,-8.40517976632741,-8.38802270373188,-8.37097664028983,-8.35405493967254,-8.33727030315091,-8.32063278239472,-8.30415176667364,-8.28783664525719,-8.2716968074149,-8.25574164241644,-8.2399805395313,-8.22442288802904,-8.2090780771793,-8.19395549625161,-8.17906453451551,-8.16441458124063,-8.15001386647815,-8.13586598340575,-8.12197336598291,-8.10833844816894,-8.09496366392319,-8.0818514472051,-8.06900423197401,-8.05642445218925,-8.04411454181028,-8.03207693479642,-8.02031406510702,-8.00882836670151,-7.9976210426818,-7.98668837272001,-7.97602540563091,-7.96562719022919,-7.95548877532954,-7.94560520974672,-7.93597154229543,-7.92658282179035,-7.91743409704625,-7.90852041687781,-7.89983683009973,-7.89137838552677,-7.88313935089864,-7.87511086965513,-7.86728330416111,-7.8596470167814,-7.85219236988081,-7.84490972582421,-7.83778944697641,-7.83082189570223,-7.82399743436653,-7.81730642533413,-7.81073923096985,-7.80428621363854,-7.79793789004148,-7.79168539422571,-7.78552001457479,-7.77943303947221,-7.77341575730149,-7.76745945644615,-7.76155542528972,-7.75569495221568,-7.7498693256076,-7.74406983384896,-7.73828776532327,-7.73251440841408
"29",-9.56126121661338,-9.55402980770427,-9.54681655884607,-9.53962584381379,-9.53246203638238,-9.52532951032679,-9.51823263942203,-9.51117579744306,-9.50416335816483,-9.49719969536236,-9.49028918281058,-9.48343619428446,-9.47664510355902,-9.46992015151255,-9.46326504743684,-9.45668336772704,-9.4501786887783,-9.44375458698574,-9.43741463874454,-9.43116242044981,-9.42500150849669,-9.41893547928036,-9.41296790919593,-9.40710237463854,-9.40134245200337,-9.39569120815918,-9.39014967186937,-9.38471836237102,-9.37939779890115,-9.37418850069681,-9.36909098699507,-9.36410577703297,-9.35923339004753,-9.35447434527585,-9.34982916195495,-9.34529835932188,-9.3408824566137,-9.33658123353328,-9.33239151164679,-9.32830937298628,-9.32433089958374,-9.32045217347117,-9.31666927668061,-9.31297829124406,-9.30937529919352,-9.30585638256103,-9.30241762337859,-9.2990551036782,-9.29576490549189,-9.29254241718687,-9.2893802524711,-9.2862703313878,-9.28320457398013,-9.28017490029128,-9.27717323036444,-9.27419148424278,-9.27122158196949,-9.26825544358776,-9.26528498914076,-9.26230213867168,-9.25929881222371,-9.25626658201607,-9.25319562897216,-9.25007578619145,-9.24689688677339,-9.24364876381742,-9.240321250423,-9.2369041796896,-9.23338738471665,-9.22976069860361,-9.22601395444995,-9.22213698535509,-9.21811962441851,-9.21395190350929,-9.20962464957504,-9.20512888833305,-9.20045564550055,-9.1955959467948,-9.19054081793307,-9.18528128463262,-9.17980837261068,-9.17411310758454,-9.16818651527146,-9.16201962138865,-9.15560345165343,-9.14892978660439,-9.14199342606559,-9.1347899246825,-9.12731483710055,-9.11956371796516,-9.1115321219218,-9.10321560361589,-9.09460971769285,-9.08571001879816,-9.07651206157724,-9.0670114006755,-9.05720359073843,-9.04708529333161,-9.03665759770125,-9.02592270001379,-9.01488279643563,-9.00354008313311,-8.99189675627271,-8.97995501202079,-8.96771704654372,-8.95518505600796,-8.94236123657989,-8.92924778442586,-8.91584689571235,-8.90216186866722,-8.88820040976429,-8.87397132753902,-8.85948343052671,-8.84474552726271,-8.82976642628246,-8.81455493612128,-8.79911986531449,-8.78347002239754,-8.76761421590576,-8.75156125437447,-8.73531994633912,-8.71889981141817,-8.70231321356262,-8.68557322780675,-8.6686929291847,-8.65168539273061,-8.63456369347876,-8.61734090646329,-8.60003010671834,-8.58264436927819,-8.56519676917698,-8.54770038144884,-8.53016828112807,-8.51261359135496,-8.49504962769451,-8.47748975381801,-8.45994733339661,-8.44243573010147,-8.42496830760389,-8.40755842957501,-8.39021945968601,-8.37296476160816,-8.35580769901263,-8.33876163557058,-8.32183993495329,-8.30505529843166,-8.28841777767547,-8.27193676195439,-8.25562164053795,-8.23948180269566,-8.22352663769719,-8.20776553481205,-8.19220788330979,-8.17686307246005,-8.16174049153237,-8.14684952979626,-8.13219957652138,-8.1177988617589,-8.10365097868651,-8.08975836126366,-8.07612344344969,-8.06274865920395,-8.04963644248586,-8.03678922725476,-8.02420944747001,-8.01189953709103,-7.99986193007717,-7.98809906038777,-7.97661336198226,-7.96540603796255,-7.95447336800076,-7.94381040091166,-7.93341218550994,-7.92327377061029,-7.91339020502748,-7.90375653757618,-7.8943678170711,-7.885219092327,-7.87630541215856,-7.86762182538048,-7.85916338080752,-7.85092434617939,-7.84289586493588,-7.83506829944186,-7.82743201206215,-7.81997736516156,-7.81269472110496,-7.80557444225716,-7.79860689098298,-7.79178242964728,-7.78509142061488,-7.7785242262506,-7.77207120891929,-7.76572288532223,-7.75947038950646,-7.75330500985554,-7.74721803475297,-7.74120075258224,-7.7352444517269,-7.72934042057047,-7.72347994749644,-7.71765432088835,-7.71185482912971,-7.70607276060402,-7.70029940369483
"30",-9.52976583427704,-9.52253442536794,-9.51532117650974,-9.50813046147746,-9.50096665404605,-9.49383412799046,-9.4867372570857,-9.47968041510673,-9.4726679758285,-9.46570431302602,-9.45879380047425,-9.45194081194813,-9.44514972122268,-9.43842476917622,-9.4317696651005,-9.42518798539071,-9.41868330644197,-9.41225920464941,-9.4059192564082,-9.39966703811347,-9.39350612616035,-9.38744009694402,-9.3814725268596,-9.37560699230221,-9.36984706966703,-9.36419582582285,-9.35865428953304,-9.35322298003469,-9.34790241656482,-9.34269311836047,-9.33759560465873,-9.33261039469663,-9.3277380077112,-9.32297896293951,-9.31833377961862,-9.31380297698554,-9.30938707427736,-9.30508585119694,-9.30089612931046,-9.29681399064995,-9.2928355172474,-9.28895679113484,-9.28517389434428,-9.28148290890773,-9.27787991685719,-9.2743610002247,-9.27092224104226,-9.26755972134186,-9.26426952315556,-9.26104703485053,-9.25788487013477,-9.25477494905146,-9.2517091916438,-9.24867951795495,-9.2456778480281,-9.24269610190645,-9.23972619963316,-9.23676006125142,-9.23378960680443,-9.23080675633535,-9.22780342988737,-9.22477119967973,-9.22170024663582,-9.21858040385511,-9.21540150443705,-9.21215338148108,-9.20882586808667,-9.20540879735327,-9.20189200238031,-9.19826531626728,-9.19451857211361,-9.19064160301875,-9.18662424208218,-9.18245652117296,-9.17812926723871,-9.17363350599672,-9.16896026316422,-9.16410056445846,-9.15904543559674,-9.15378590229628,-9.14831299027434,-9.14261772524821,-9.13669113293512,-9.13052423905232,-9.1241080693171,-9.11743440426805,-9.11049804372925,-9.10329454234617,-9.09581945476422,-9.08806833562882,-9.08003673958546,-9.07172022127955,-9.06311433535651,-9.05421463646182,-9.04501667924091,-9.03551601833917,-9.0257082084021,-9.01558991099528,-9.00516221536491,-8.99442731767746,-8.98338741409929,-8.97204470079677,-8.96040137393637,-8.94845962968445,-8.93622166420738,-8.92368967367163,-8.91086585424356,-8.89775240208953,-8.88435151337602,-8.87066648633088,-8.85670502742796,-8.84247594520268,-8.82798804819038,-8.81325014492638,-8.79827104394612,-8.78305955378494,-8.76762448297815,-8.75197464006121,-8.73611883356943,-8.72006587203814,-8.70382456400279,-8.68740442908184,-8.67081783122629,-8.65407784547042,-8.63719754684836,-8.62019001039427,-8.60306831114243,-8.58584552412696,-8.56853472438201,-8.55114898694186,-8.53370138684065,-8.51620499911251,-8.49867289879174,-8.48111820901863,-8.46355424535818,-8.44599437148167,-8.42845195106027,-8.41094034776513,-8.39347292526755,-8.37606304723868,-8.35872407734967,-8.34146937927183,-8.3243123166763,-8.30726625323425,-8.29034455261696,-8.27355991609532,-8.25692239533914,-8.24044137961806,-8.22412625820161,-8.20798642035932,-8.19203125536085,-8.17627015247572,-8.16071250097346,-8.14536769012372,-8.13024510919603,-8.11535414745992,-8.10070419418505,-8.08630347942256,-8.07215559635017,-8.05826297892733,-8.04462806111336,-8.03125327686761,-8.01814106014952,-8.00529384491843,-7.99271406513367,-7.9804041547547,-7.96836654774084,-7.95660367805143,-7.94511797964593,-7.93391065562621,-7.92297798566442,-7.91231501857532,-7.90191680317361,-7.89177838827395,-7.88189482269114,-7.87226115523985,-7.86287243473476,-7.85372370999067,-7.84481002982222,-7.83612644304414,-7.82766799847118,-7.81942896384305,-7.81140048259954,-7.80357291710553,-7.79593662972582,-7.78848198282523,-7.78119933876863,-7.77407905992083,-7.76711150864664,-7.76028704731095,-7.75359603827855,-7.74702884391426,-7.74057582658296,-7.7342275029859,-7.72797500717013,-7.72180962751921,-7.71572265241663,-7.7097053702459,-7.70374906939057,-7.69784503823414,-7.6919845651601,-7.68615893855201,-7.68035944679337,-7.67457737826769,-7.66880402135849
"31",-9.49923873451409,-9.49200732560499,-9.48479407674679,-9.47760336171451,-9.4704395542831,-9.46330702822751,-9.45621015732275,-9.44915331534378,-9.44214087606555,-9.43517721326307,-9.4282667007113,-9.42141371218518,-9.41462262145973,-9.40789766941327,-9.40124256533755,-9.39466088562776,-9.38815620667902,-9.38173210488646,-9.37539215664525,-9.36913993835052,-9.36297902639741,-9.35691299718107,-9.35094542709665,-9.34507989253926,-9.33931996990409,-9.3336687260599,-9.32812718977009,-9.32269588027174,-9.31737531680187,-9.31216601859753,-9.30706850489579,-9.30208329493368,-9.29721090794825,-9.29245186317657,-9.28780667985567,-9.2832758772226,-9.27885997451441,-9.27455875143399,-9.27036902954751,-9.266286890887,-9.26230841748446,-9.25842969137189,-9.25464679458133,-9.25095580914478,-9.24735281709424,-9.24383390046175,-9.24039514127931,-9.23703262157892,-9.23374242339261,-9.23051993508759,-9.22735777037182,-9.22424784928852,-9.22118209188085,-9.218152418192,-9.21515074826516,-9.2121690021435,-9.20919909987021,-9.20623296148848,-9.20326250704148,-9.2002796565724,-9.19727633012443,-9.19424409991679,-9.19117314687288,-9.18805330409217,-9.1848744046741,-9.18162628171814,-9.17829876832372,-9.17488169759032,-9.17136490261737,-9.16773821650433,-9.16399147235066,-9.1601145032558,-9.15609714231923,-9.15192942141001,-9.14760216747576,-9.14310640623377,-9.13843316340127,-9.13357346469552,-9.12851833583379,-9.12325880253334,-9.1177858905114,-9.11209062548526,-9.10616403317217,-9.09999713928937,-9.09358096955415,-9.08690730450511,-9.07997094396631,-9.07276744258322,-9.06529235500127,-9.05754123586588,-9.04950963982252,-9.0411931215166,-9.03258723559356,-9.02368753669888,-9.01448957947796,-9.00498891857622,-8.99518110863915,-8.98506281123233,-8.97463511560196,-8.96390021791451,-8.95286031433634,-8.94151760103383,-8.92987427417343,-8.9179325299215,-8.90569456444444,-8.89316257390868,-8.88033875448061,-8.86722530232658,-8.85382441361307,-8.84013938656794,-8.82617792766501,-8.81194884543973,-8.79746094842743,-8.78272304516343,-8.76774394418318,-8.75253245402199,-8.73709738321521,-8.72144754029826,-8.70559173380648,-8.68953877227519,-8.67329746423984,-8.65687732931889,-8.64029073146334,-8.62355074570747,-8.60667044708542,-8.58966291063133,-8.57254121137948,-8.55531842436401,-8.53800762461906,-8.52062188717891,-8.5031742870777,-8.48567789934956,-8.46814579902879,-8.45059110925568,-8.43302714559523,-8.41546727171873,-8.39792485129733,-8.38041324800219,-8.3629458255046,-8.34553594747573,-8.32819697758672,-8.31094227950888,-8.29378521691335,-8.2767391534713,-8.25981745285401,-8.24303281633238,-8.22639529557619,-8.20991427985511,-8.19359915843866,-8.17745932059638,-8.1615041555979,-8.14574305271277,-8.13018540121051,-8.11484059036077,-8.09971800943308,-8.08482704769698,-8.0701770944221,-8.05577637965962,-8.04162849658722,-8.02773587916438,-8.01410096135041,-8.00072617710466,-7.98761396038657,-7.97476674515548,-7.96218696537073,-7.94987705499175,-7.93783944797789,-7.92607657828848,-7.91459087988298,-7.90338355586327,-7.89245088590148,-7.88178791881238,-7.87138970341066,-7.86125128851101,-7.8513677229282,-7.8417340554769,-7.83234533497182,-7.82319661022772,-7.81428293005928,-7.8055993432812,-7.79714089870824,-7.7889018640801,-7.7808733828366,-7.77304581734258,-7.76540952996287,-7.75795488306228,-7.75067223900568,-7.74355196015788,-7.7365844088837,-7.729759947548,-7.7230689385156,-7.71650174415132,-7.71004872682001,-7.70370040322295,-7.69744790740718,-7.69128252775626,-7.68519555265368,-7.67917827048296,-7.67322196962762,-7.66731793847119,-7.66145746539715,-7.65563183878907,-7.64983234703043,-7.64405027850474,-7.63827692159555
"32",-9.469928577515,-9.4626971686059,-9.4554839197477,-9.44829320471542,-9.44112939728401,-9.43399687122842,-9.42690000032366,-9.41984315834469,-9.41283071906646,-9.40586705626398,-9.39895654371221,-9.39210355518609,-9.38531246446064,-9.37858751241418,-9.37193240833846,-9.36535072862867,-9.35884604967993,-9.35242194788737,-9.34608199964616,-9.33982978135144,-9.33366886939832,-9.32760284018198,-9.32163527009756,-9.31576973554017,-9.310009812905,-9.30435856906081,-9.298817032771,-9.29338572327265,-9.28806515980278,-9.28285586159844,-9.2777583478967,-9.27277313793459,-9.26790075094916,-9.26314170617748,-9.25849652285658,-9.2539657202235,-9.24954981751532,-9.2452485944349,-9.24105887254842,-9.23697673388791,-9.23299826048537,-9.2291195343728,-9.22533663758224,-9.22164565214569,-9.21804266009515,-9.21452374346266,-9.21108498428022,-9.20772246457983,-9.20443226639352,-9.2012097780885,-9.19804761337273,-9.19493769228943,-9.19187193488176,-9.18884226119291,-9.18584059126607,-9.18285884514441,-9.17988894287112,-9.17692280448939,-9.17395235004239,-9.17096949957331,-9.16796617312534,-9.1649339429177,-9.16186298987379,-9.15874314709308,-9.15556424767501,-9.15231612471905,-9.14898861132463,-9.14557154059123,-9.14205474561828,-9.13842805950524,-9.13468131535157,-9.13080434625672,-9.12678698532014,-9.12261926441092,-9.11829201047667,-9.11379624923468,-9.10912300640218,-9.10426330769643,-9.0992081788347,-9.09394864553425,-9.08847573351231,-9.08278046848617,-9.07685387617308,-9.07068698229028,-9.06427081255506,-9.05759714750602,-9.05066078696722,-9.04345728558413,-9.03598219800218,-9.02823107886679,-9.02019948282343,-9.01188296451751,-9.00327707859447,-8.99437737969979,-8.98517942247887,-8.97567876157713,-8.96587095164006,-8.95575265423324,-8.94532495860287,-8.93459006091542,-8.92355015733725,-8.91220744403474,-8.90056411717434,-8.88862237292241,-8.87638440744535,-8.86385241690959,-8.85102859748152,-8.83791514532749,-8.82451425661398,-8.81082922956885,-8.79686777066592,-8.78263868844064,-8.76815079142834,-8.75341288816434,-8.73843378718409,-8.7232222970229,-8.70778722621612,-8.69213738329917,-8.67628157680739,-8.6602286152761,-8.64398730724075,-8.6275671723198,-8.61098057446425,-8.59424058870838,-8.57736029008633,-8.56035275363224,-8.54323105438039,-8.52600826736492,-8.50869746761997,-8.49131173017982,-8.47386413007861,-8.45636774235047,-8.4388356420297,-8.42128095225659,-8.40371698859614,-8.38615711471964,-8.36861469429824,-8.3511030910031,-8.33363566850552,-8.31622579047664,-8.29888682058763,-8.28163212250979,-8.26447505991426,-8.24742899647221,-8.23050729585492,-8.21372265933329,-8.1970851385771,-8.18060412285602,-8.16428900143957,-8.14814916359729,-8.13219399859882,-8.11643289571368,-8.10087524421142,-8.08553043336168,-8.070407852434,-8.05551689069789,-8.04086693742301,-8.02646622266053,-8.01231833958813,-7.99842572216529,-7.98479080435132,-7.97141602010557,-7.95830380338748,-7.94545658815639,-7.93287680837164,-7.92056689799266,-7.9085292909788,-7.8967664212894,-7.88528072288389,-7.87407339886418,-7.86314072890239,-7.85247776181329,-7.84207954641157,-7.83194113151192,-7.8220575659291,-7.81242389847781,-7.80303517797273,-7.79388645322863,-7.78497277306019,-7.77628918628211,-7.76783074170915,-7.75959170708102,-7.7515632258375,-7.74373566034349,-7.73609937296378,-7.72864472606319,-7.72136208200659,-7.71424180315879,-7.70727425188461,-7.70044979054891,-7.69375878151651,-7.68719158715223,-7.68073856982092,-7.67439024622386,-7.66813775040809,-7.66197237075717,-7.6558853956546,-7.64986811348387,-7.64391181262853,-7.6380077814721,-7.63214730839806,-7.62632168178998,-7.62052219003134,-7.61474012150565,-7.60896676459646
"33",-9.44212168466766,-9.43489027575856,-9.42767702690036,-9.42048631186807,-9.41332250443666,-9.40618997838108,-9.39909310747631,-9.39203626549735,-9.38502382621912,-9.37806016341664,-9.37114965086486,-9.36429666233875,-9.3575055716133,-9.35078061956684,-9.34412551549112,-9.33754383578133,-9.33103915683259,-9.32461505504003,-9.31827510679882,-9.31202288850409,-9.30586197655097,-9.29979594733464,-9.29382837725021,-9.28796284269282,-9.28220292005765,-9.27655167621347,-9.27101013992366,-9.2655788304253,-9.26025826695544,-9.25504896875109,-9.24995145504935,-9.24496624508725,-9.24009385810182,-9.23533481333013,-9.23068963000924,-9.22615882737616,-9.22174292466798,-9.21744170158756,-9.21325197970108,-9.20916984104056,-9.20519136763802,-9.20131264152546,-9.1975297447349,-9.19383875929835,-9.19023576724781,-9.18671685061532,-9.18327809143287,-9.17991557173248,-9.17662537354617,-9.17340288524115,-9.17024072052539,-9.16713079944208,-9.16406504203442,-9.16103536834557,-9.15803369841872,-9.15505195229707,-9.15208205002378,-9.14911591164204,-9.14614545719505,-9.14316260672596,-9.14015928027799,-9.13712705007035,-9.13405609702644,-9.13093625424573,-9.12775735482767,-9.1245092318717,-9.12118171847729,-9.11776464774389,-9.11424785277093,-9.1106211666579,-9.10687442250423,-9.10299745340937,-9.0989800924728,-9.09481237156357,-9.09048511762933,-9.08598935638733,-9.08131611355483,-9.07645641484908,-9.07140128598736,-9.0661417526869,-9.06066884066496,-9.05497357563883,-9.04904698332574,-9.04288008944294,-9.03646391970771,-9.02979025465867,-9.02285389411987,-9.01565039273679,-9.00817530515484,-9.00042418601944,-8.99239258997608,-8.98407607167017,-8.97547018574713,-8.96657048685244,-8.95737252963152,-8.94787186872979,-8.93806405879272,-8.9279457613859,-8.91751806575553,-8.90678316806808,-8.89574326448991,-8.88440055118739,-8.87275722432699,-8.86081548007507,-8.848577514598,-8.83604552406225,-8.82322170463417,-8.81010825248015,-8.79670736376664,-8.7830223367215,-8.76906087781858,-8.7548317955933,-8.740343898581,-8.725605995317,-8.71062689433674,-8.69541540417556,-8.67998033336877,-8.66433049045183,-8.64847468396005,-8.63242172242876,-8.6161804143934,-8.59976027947246,-8.5831736816169,-8.56643369586103,-8.54955339723898,-8.53254586078489,-8.51542416153305,-8.49820137451757,-8.48089057477262,-8.46350483733248,-8.44605723723127,-8.42856084950313,-8.41102874918236,-8.39347405940925,-8.3759100957488,-8.35835022187229,-8.34080780145089,-8.32329619815575,-8.30582877565817,-8.2884188976293,-8.27107992774029,-8.25382522966245,-8.23666816706692,-8.21962210362486,-8.20270040300758,-8.18591576648594,-8.16927824572976,-8.15279723000868,-8.13648210859223,-8.12034227074994,-8.10438710575147,-8.08862600286634,-8.07306835136408,-8.05772354051434,-8.04260095958665,-8.02770999785054,-8.01306004457567,-7.99865932981318,-7.98451144674079,-7.97061882931794,-7.95698391150398,-7.94360912725823,-7.93049691054014,-7.91764969530905,-7.90506991552429,-7.89276000514531,-7.88072239813145,-7.86895952844205,-7.85747383003655,-7.84626650601683,-7.83533383605504,-7.82467086896594,-7.81427265356423,-7.80413423866457,-7.79425067308176,-7.78461700563046,-7.77522828512538,-7.76607956038128,-7.75716588021284,-7.74848229343476,-7.7400238488618,-7.73178481423367,-7.72375633299016,-7.71592876749615,-7.70829248011644,-7.70083783321585,-7.69355518915924,-7.68643491031145,-7.67946735903726,-7.67264289770157,-7.66595188866917,-7.65938469430488,-7.65293167697358,-7.64658335337651,-7.64033085756074,-7.63416547790982,-7.62807850280725,-7.62206122063652,-7.61610491978119,-7.61020088862475,-7.60434041555072,-7.59851478894263,-7.59271529718399,-7.5869332286583,-7.58115987174911
"34",-9.4162550221496,-9.40902361324049,-9.4018103643823,-9.39461964935001,-9.3874558419186,-9.38032331586301,-9.37322644495825,-9.36616960297928,-9.35915716370105,-9.35219350089858,-9.3452829883468,-9.33842999982068,-9.33163890909524,-9.32491395704877,-9.31825885297306,-9.31167717326326,-9.30517249431452,-9.29874839252196,-9.29240844428076,-9.28615622598603,-9.27999531403291,-9.27392928481658,-9.26796171473215,-9.26209618017476,-9.25633625753959,-9.2506850136954,-9.2451434774056,-9.23971216790724,-9.23439160443738,-9.22918230623303,-9.22408479253129,-9.21909958256919,-9.21422719558375,-9.20946815081207,-9.20482296749117,-9.2002921648581,-9.19587626214992,-9.1915750390695,-9.18738531718301,-9.1833031785225,-9.17932470511996,-9.17544597900739,-9.17166308221683,-9.16797209678028,-9.16436910472975,-9.16085018809726,-9.15741142891481,-9.15404890921442,-9.15075871102811,-9.14753622272309,-9.14437405800733,-9.14126413692402,-9.13819837951636,-9.1351687058275,-9.13216703590066,-9.12918528977901,-9.12621538750571,-9.12324924912398,-9.12027879467698,-9.1172959442079,-9.11429261775993,-9.11126038755229,-9.10818943450838,-9.10506959172767,-9.10189069230961,-9.09864256935364,-9.09531505595923,-9.09189798522582,-9.08838119025287,-9.08475450413984,-9.08100775998617,-9.07713079089131,-9.07311342995473,-9.06894570904551,-9.06461845511127,-9.06012269386927,-9.05544945103677,-9.05058975233102,-9.0455346234693,-9.04027509016884,-9.0348021781469,-9.02910691312077,-9.02318032080768,-9.01701342692487,-9.01059725718965,-9.00392359214061,-8.99698723160181,-8.98978373021872,-8.98230864263678,-8.97455752350138,-8.96652592745802,-8.95820940915211,-8.94960352322907,-8.94070382433438,-8.93150586711346,-8.92200520621172,-8.91219739627465,-8.90207909886783,-8.89165140323747,-8.88091650555002,-8.86987660197185,-8.85853388866933,-8.84689056180893,-8.83494881755701,-8.82271085207994,-8.81017886154418,-8.79735504211611,-8.78424158996208,-8.77084070124857,-8.75715567420344,-8.74319421530051,-8.72896513307524,-8.71447723606294,-8.69973933279893,-8.68476023181868,-8.6695487416575,-8.65411367085071,-8.63846382793377,-8.62260802144199,-8.6065550599107,-8.59031375187534,-8.57389361695439,-8.55730701909884,-8.54056703334297,-8.52368673472092,-8.50667919826683,-8.48955749901498,-8.47233471199951,-8.45502391225456,-8.43763817481441,-8.4201905747132,-8.40269418698507,-8.38516208666429,-8.36760739689119,-8.35004343323073,-8.33248355935423,-8.31494113893283,-8.29742953563769,-8.27996211314011,-8.26255223511123,-8.24521326522223,-8.22795856714438,-8.21080150454886,-8.1937554411068,-8.17683374048952,-8.16004910396788,-8.1434115832117,-8.12693056749061,-8.11061544607417,-8.09447560823188,-8.07852044323341,-8.06275934034828,-8.04720168884601,-8.03185687799627,-8.01673429706859,-8.00184333533248,-7.9871933820576,-7.97279266729512,-7.95864478422273,-7.94475216679988,-7.93111724898591,-7.91774246474017,-7.90463024802208,-7.89178303279098,-7.87920325300623,-7.86689334262725,-7.85485573561339,-7.84309286592399,-7.83160716751848,-7.82039984349877,-7.80946717353698,-7.79880420644788,-7.78840599104616,-7.77826757614651,-7.7683840105637,-7.7587503431124,-7.74936162260732,-7.74021289786322,-7.73129921769478,-7.7226156309167,-7.71415718634374,-7.70591815171561,-7.6978896704721,-7.69006210497808,-7.68242581759837,-7.67497117069778,-7.66768852664118,-7.66056824779338,-7.6536006965192,-7.6467762351835,-7.6400852261511,-7.63351803178682,-7.62706501445551,-7.62071669085845,-7.61446419504268,-7.60829881539176,-7.60221184028919,-7.59619455811846,-7.59023825726313,-7.58433422610669,-7.57847375303266,-7.57264812642457,-7.56684863466593,-7.56106656614024,-7.55529320923105
"35",-9.39280321733576,-9.38557180842666,-9.37835855956846,-9.37116784453618,-9.36400403710477,-9.35687151104918,-9.34977464014442,-9.34271779816545,-9.33570535888722,-9.32874169608474,-9.32183118353297,-9.31497819500685,-9.3081871042814,-9.30146215223494,-9.29480704815922,-9.28822536844943,-9.28172068950069,-9.27529658770813,-9.26895663946692,-9.26270442117219,-9.25654350921907,-9.25047748000274,-9.24450990991832,-9.23864437536093,-9.23288445272575,-9.22723320888157,-9.22169167259176,-9.21626036309341,-9.21093979962354,-9.2057305014192,-9.20063298771746,-9.19564777775535,-9.19077539076992,-9.18601634599823,-9.18137116267734,-9.17684036004426,-9.17242445733608,-9.16812323425566,-9.16393351236918,-9.15985137370867,-9.15587290030613,-9.15199417419356,-9.148211277403,-9.14452029196645,-9.14091729991591,-9.13739838328342,-9.13395962410098,-9.13059710440059,-9.12730690621428,-9.12408441790925,-9.12092225319349,-9.11781233211019,-9.11474657470252,-9.11171690101367,-9.10871523108683,-9.10573348496517,-9.10276358269188,-9.09979744431014,-9.09682698986315,-9.09384413939407,-9.0908408129461,-9.08780858273845,-9.08473762969454,-9.08161778691384,-9.07843888749577,-9.0751907645398,-9.07186325114539,-9.06844618041199,-9.06492938543903,-9.061302699326,-9.05755595517233,-9.05367898607747,-9.0496616251409,-9.04549390423168,-9.04116665029743,-9.03667088905544,-9.03199764622294,-9.02713794751718,-9.02208281865546,-9.01682328535501,-9.01135037333307,-9.00565510830693,-8.99972851599384,-8.99356162211104,-8.98714545237582,-8.98047178732678,-8.97353542678798,-8.96633192540489,-8.95885683782294,-8.95110571868755,-8.94307412264418,-8.93475760433827,-8.92615171841523,-8.91725201952054,-8.90805406229963,-8.89855340139789,-8.88874559146082,-8.878627294054,-8.86819959842363,-8.85746470073618,-8.84642479715801,-8.8350820838555,-8.82343875699509,-8.81149701274317,-8.7992590472661,-8.78672705673035,-8.77390323730228,-8.76078978514825,-8.74738889643474,-8.73370386938961,-8.71974241048668,-8.7055133282614,-8.6910254312491,-8.6762875279851,-8.66130842700485,-8.64609693684366,-8.63066186603688,-8.61501202311993,-8.59915621662815,-8.58310325509686,-8.56686194706151,-8.55044181214056,-8.53385521428501,-8.51711522852914,-8.50023492990709,-8.483227393453,-8.46610569420115,-8.44888290718568,-8.43157210744073,-8.41418637000058,-8.39673876989937,-8.37924238217123,-8.36171028185046,-8.34415559207735,-8.3265916284169,-8.30903175454039,-8.291489334119,-8.27397773082386,-8.25651030832627,-8.2391004302974,-8.22176146040839,-8.20450676233055,-8.18734969973502,-8.17030363629297,-8.15338193567568,-8.13659729915405,-8.11995977839786,-8.10347876267678,-8.08716364126033,-8.07102380341804,-8.05506863841957,-8.03930753553444,-8.02374988403218,-8.00840507318244,-7.99328249225475,-7.97839153051864,-7.96374157724377,-7.94934086248128,-7.93519297940889,-7.92130036198605,-7.90766544417208,-7.89429065992633,-7.88117844320824,-7.86833122797715,-7.85575144819239,-7.84344153781342,-7.83140393079956,-7.81964106111015,-7.80815536270465,-7.79694803868493,-7.78601536872315,-7.77535240163405,-7.76495418623233,-7.75481577133267,-7.74493220574986,-7.73529853829857,-7.72590981779349,-7.71676109304939,-7.70784741288095,-7.69916382610287,-7.69070538152991,-7.68246634690177,-7.67443786565826,-7.66661030016425,-7.65897401278454,-7.65151936588395,-7.64423672182735,-7.63711644297955,-7.63014889170537,-7.62332443036967,-7.61663342133727,-7.61006622697299,-7.60361320964168,-7.59726488604462,-7.59101239022885,-7.58484701057793,-7.57876003547535,-7.57274275330462,-7.56678645244929,-7.56088242129286,-7.55502194821882,-7.54919632161073,-7.5433968298521,-7.53761476132641,-7.53184140441721
"36",-9.3722408976011,-9.365009488692,-9.3577962398338,-9.35060552480152,-9.34344171737011,-9.33630919131452,-9.32921232040976,-9.32215547843079,-9.31514303915256,-9.30817937635008,-9.30126886379831,-9.29441587527219,-9.28762478454675,-9.28089983250028,-9.27424472842456,-9.26766304871477,-9.26115836976603,-9.25473426797347,-9.24839431973226,-9.24214210143754,-9.23598118948442,-9.22991516026808,-9.22394759018366,-9.21808205562627,-9.2123221329911,-9.20667088914691,-9.2011293528571,-9.19569804335875,-9.19037747988888,-9.18516818168454,-9.1800706679828,-9.1750854580207,-9.17021307103526,-9.16545402626358,-9.16080884294268,-9.1562780403096,-9.15186213760142,-9.147560914521,-9.14337119263452,-9.13928905397401,-9.13531058057147,-9.1314318544589,-9.12764895766834,-9.12395797223179,-9.12035498018125,-9.11683606354876,-9.11339730436632,-9.11003478466593,-9.10674458647962,-9.1035220981746,-9.10035993345883,-9.09725001237553,-9.09418425496786,-9.09115458127901,-9.08815291135217,-9.08517116523051,-9.08220126295722,-9.07923512457549,-9.07626467012849,-9.07328181965941,-9.07027849321144,-9.0672462630038,-9.06417530995989,-9.06105546717918,-9.05787656776111,-9.05462844480515,-9.05130093141073,-9.04788386067733,-9.04436706570438,-9.04074037959134,-9.03699363543767,-9.03311666634282,-9.02909930540624,-9.02493158449702,-9.02060433056277,-9.01610856932078,-9.01143532648828,-9.00657562778253,-9.0015204989208,-8.99626096562035,-8.99078805359841,-8.98509278857227,-8.97916619625918,-8.97299930237638,-8.96658313264116,-8.95990946759212,-8.95297310705332,-8.94576960567023,-8.93829451808828,-8.93054339895289,-8.92251180290953,-8.91419528460361,-8.90558939868057,-8.89668969978589,-8.88749174256497,-8.87799108166323,-8.86818327172616,-8.85806497431934,-8.84763727868897,-8.83690238100152,-8.82586247742335,-8.81451976412084,-8.80287643726044,-8.79093469300851,-8.77869672753145,-8.76616473699569,-8.75334091756762,-8.74022746541359,-8.72682657670008,-8.71314154965495,-8.69918009075202,-8.68495100852674,-8.67046311151444,-8.65572520825044,-8.64074610727019,-8.625534617109,-8.61009954630222,-8.59444970338527,-8.57859389689349,-8.5625409353622,-8.54629962732685,-8.5298794924059,-8.51329289455035,-8.49655290879448,-8.47967261017243,-8.46266507371834,-8.44554337446649,-8.42832058745102,-8.41100978770607,-8.39362405026592,-8.37617645016471,-8.35868006243657,-8.3411479621158,-8.32359327234269,-8.30602930868224,-8.28846943480574,-8.27092701438434,-8.2534154110892,-8.23594798859162,-8.21853811056274,-8.20119914067373,-8.18394444259589,-8.16678738000036,-8.14974131655831,-8.13281961594102,-8.11603497941939,-8.0993974586632,-8.08291644294212,-8.06660132152567,-8.05046148368339,-8.03450631868492,-8.01874521579978,-8.00318756429752,-7.98784275344778,-7.9727201725201,-7.95782921078399,-7.94317925750911,-7.92877854274662,-7.91463065967423,-7.90073804225139,-7.88710312443742,-7.87372834019167,-7.86061612347358,-7.84776890824249,-7.83518912845774,-7.82287921807876,-7.8108416110649,-7.7990787413755,-7.78759304296999,-7.77638571895028,-7.76545304898849,-7.75479008189939,-7.74439186649767,-7.73425345159802,-7.7243698860152,-7.71473621856391,-7.70534749805883,-7.69619877331473,-7.68728509314629,-7.67860150636821,-7.67014306179525,-7.66190402716712,-7.6538755459236,-7.64604798042959,-7.63841169304988,-7.63095704614929,-7.62367440209269,-7.61655412324489,-7.60958657197071,-7.60276211063501,-7.59607110160261,-7.58950390723833,-7.58305088990702,-7.57670256630996,-7.57045007049419,-7.56428469084327,-7.5581977157407,-7.55218043356997,-7.54622413271463,-7.5403201015582,-7.53445962848416,-7.52863400187608,-7.52283451011744,-7.51705244159175,-7.51127908468255
"37",-9.35504269032057,-9.34781128141146,-9.34059803255327,-9.33340731752098,-9.32624351008957,-9.31911098403398,-9.31201411312922,-9.30495727115025,-9.29794483187202,-9.29098116906955,-9.28407065651777,-9.27721766799166,-9.27042657726621,-9.26370162521974,-9.25704652114403,-9.25046484143424,-9.2439601624855,-9.23753606069293,-9.23119611245173,-9.224943894157,-9.21878298220388,-9.21271695298755,-9.20674938290312,-9.20088384834573,-9.19512392571056,-9.18947268186638,-9.18393114557657,-9.17849983607821,-9.17317927260835,-9.167969974404,-9.16287246070226,-9.15788725074016,-9.15301486375473,-9.14825581898304,-9.14361063566214,-9.13907983302907,-9.13466393032089,-9.13036270724047,-9.12617298535399,-9.12209084669347,-9.11811237329093,-9.11423364717836,-9.1104507503878,-9.10675976495125,-9.10315677290072,-9.09963785626823,-9.09619909708578,-9.09283657738539,-9.08954637919908,-9.08632389089406,-9.0831617261783,-9.08005180509499,-9.07698604768733,-9.07395637399848,-9.07095470407163,-9.06797295794998,-9.06500305567668,-9.06203691729495,-9.05906646284796,-9.05608361237887,-9.0530802859309,-9.05004805572326,-9.04697710267935,-9.04385725989864,-9.04067836048058,-9.03743023752461,-9.0341027241302,-9.0306856533968,-9.02716885842384,-9.02354217231081,-9.01979542815714,-9.01591845906228,-9.0119010981257,-9.00773337721648,-9.00340612328224,-8.99891036204024,-8.99423711920774,-8.98937742050199,-8.98432229164027,-8.97906275833981,-8.97358984631787,-8.96789458129174,-8.96196798897865,-8.95580109509585,-8.94938492536062,-8.94271126031158,-8.93577489977278,-8.9285713983897,-8.92109631080775,-8.91334519167235,-8.90531359562899,-8.89699707732308,-8.88839119140004,-8.87949149250535,-8.87029353528443,-8.86079287438269,-8.85098506444563,-8.8408667670388,-8.83043907140844,-8.81970417372099,-8.80866427014282,-8.7973215568403,-8.7856782299799,-8.77373648572798,-8.76149852025091,-8.74896652971515,-8.73614271028708,-8.72302925813305,-8.70962836941954,-8.69594334237441,-8.68198188347148,-8.66775280124621,-8.6532649042339,-8.6385270009699,-8.62354789998965,-8.60833640982847,-8.59290133902168,-8.57725149610474,-8.56139568961296,-8.54534272808167,-8.52910142004631,-8.51268128512536,-8.49609468726981,-8.47935470151394,-8.46247440289189,-8.4454668664378,-8.42834516718595,-8.41112238017048,-8.39381158042553,-8.37642584298538,-8.35897824288417,-8.34148185515604,-8.32394975483526,-8.30639506506216,-8.2888311014017,-8.2712712275252,-8.2537288071038,-8.23621720380866,-8.21874978131108,-8.2013399032822,-8.1840009333932,-8.16674623531535,-8.14958917271983,-8.13254310927777,-8.11562140866049,-8.09883677213885,-8.08219925138267,-8.06571823566158,-8.04940311424514,-8.03326327640285,-8.01730811140438,-8.00154700851925,-7.98598935701699,-7.97064454616724,-7.95552196523956,-7.94063100350345,-7.92598105022858,-7.91158033546609,-7.8974324523937,-7.88353983497085,-7.86990491715689,-7.85653013291114,-7.84341791619305,-7.83057070096195,-7.8179909211772,-7.80568101079822,-7.79364340378436,-7.78188053409496,-7.77039483568945,-7.75918751166974,-7.74825484170795,-7.73759187461885,-7.72719365921713,-7.71705524431748,-7.70717167873467,-7.69753801128337,-7.68814929077829,-7.67900056603419,-7.67008688586575,-7.66140329908767,-7.65294485451471,-7.64470581988658,-7.63667733864307,-7.62884977314905,-7.62121348576934,-7.61375883886875,-7.60647619481215,-7.59935591596435,-7.59238836469017,-7.58556390335448,-7.57887289432208,-7.57230569995779,-7.56585268262648,-7.55950435902942,-7.55325186321365,-7.54708648356273,-7.54099950846016,-7.53498222628943,-7.5290259254341,-7.52312189427766,-7.51726142120363,-7.51143579459554,-7.5056363028369,-7.49985423431121,-7.49408087740202
"38",-9.34167839699416,-9.33444698808506,-9.32723373922686,-9.32004302419457,-9.31287921676316,-9.30574669070757,-9.29864981980281,-9.29159297782384,-9.28458053854562,-9.27761687574314,-9.27070636319136,-9.26385337466525,-9.2570622839398,-9.25033733189333,-9.24368222781762,-9.23710054810783,-9.23059586915909,-9.22417176736652,-9.21783181912532,-9.21157960083059,-9.20541868887747,-9.19935265966114,-9.19338508957671,-9.18751955501932,-9.18175963238415,-9.17610838853997,-9.17056685225016,-9.1651355427518,-9.15981497928194,-9.15460568107759,-9.14950816737585,-9.14452295741375,-9.13965057042832,-9.13489152565663,-9.13024634233573,-9.12571553970266,-9.12129963699448,-9.11699841391406,-9.11280869202758,-9.10872655336706,-9.10474807996452,-9.10086935385196,-9.09708645706139,-9.09339547162485,-9.08979247957431,-9.08627356294182,-9.08283480375937,-9.07947228405898,-9.07618208587267,-9.07295959756765,-9.06979743285189,-9.06668751176858,-9.06362175436092,-9.06059208067207,-9.05759041074522,-9.05460866462357,-9.05163876235027,-9.04867262396854,-9.04570216952155,-9.04271931905246,-9.03971599260449,-9.03668376239685,-9.03361280935294,-9.03049296657223,-9.02731406715417,-9.0240659441982,-9.02073843080379,-9.01732136007038,-9.01380456509743,-9.0101778789844,-9.00643113483073,-9.00255416573587,-8.99853680479929,-8.99436908389007,-8.99004182995583,-8.98554606871383,-8.98087282588133,-8.97601312717558,-8.97095799831386,-8.9656984650134,-8.96022555299146,-8.95453028796533,-8.94860369565224,-8.94243680176944,-8.93602063203421,-8.92934696698517,-8.92241060644637,-8.91520710506328,-8.90773201748134,-8.89998089834594,-8.89194930230258,-8.88363278399667,-8.87502689807363,-8.86612719917894,-8.85692924195802,-8.84742858105628,-8.83762077111922,-8.8275024737124,-8.81707477808203,-8.80633988039458,-8.79529997681641,-8.78395726351389,-8.77231393665349,-8.76037219240157,-8.7481342269245,-8.73560223638875,-8.72277841696067,-8.70966496480665,-8.69626407609313,-8.682579049048,-8.66861759014508,-8.6543885079198,-8.6399006109075,-8.6251627076435,-8.61018360666324,-8.59497211650206,-8.57953704569527,-8.56388720277833,-8.54803139628655,-8.53197843475526,-8.5157371267199,-8.49931699179895,-8.4827303939434,-8.46599040818753,-8.44911010956548,-8.43210257311139,-8.41498087385954,-8.39775808684407,-8.38044728709912,-8.36306154965897,-8.34561394955776,-8.32811756182963,-8.31058546150885,-8.29303077173575,-8.27546680807529,-8.25790693419879,-8.24036451377739,-8.22285291048225,-8.20538548798467,-8.1879756099558,-8.17063664006679,-8.15338194198895,-8.13622487939342,-8.11917881595136,-8.10225711533408,-8.08547247881244,-8.06883495805626,-8.05235394233518,-8.03603882091873,-8.01989898307644,-8.00394381807797,-7.98818271519284,-7.97262506369058,-7.95728025284084,-7.94215767191315,-7.92726671017704,-7.91261675690217,-7.89821604213968,-7.88406815906729,-7.87017554164444,-7.85654062383048,-7.84316583958473,-7.83005362286664,-7.81720640763555,-7.80462662785079,-7.79231671747181,-7.78027911045795,-7.76851624076855,-7.75703054236305,-7.74582321834333,-7.73489054838154,-7.72422758129244,-7.71382936589072,-7.70369095099107,-7.69380738540826,-7.68417371795696,-7.67478499745188,-7.66563627270778,-7.65672259253934,-7.64803900576126,-7.6395805611883,-7.63134152656017,-7.62331304531666,-7.61548547982265,-7.60784919244293,-7.60039454554235,-7.59311190148574,-7.58599162263794,-7.57902407136376,-7.57219961002807,-7.56550860099567,-7.55894140663138,-7.55248838930008,-7.54614006570301,-7.53988756988724,-7.53372219023632,-7.52763521513375,-7.52161793296302,-7.51566163210769,-7.50975760095125,-7.50389712787722,-7.49807150126913,-7.49227200951049,-7.4864899409848,-7.48071658407561
"39",-9.33259851562209,-9.32536710671298,-9.31815385785479,-9.3109631428225,-9.30379933539109,-9.2966668093355,-9.28956993843074,-9.28251309645177,-9.27550065717354,-9.26853699437107,-9.26162648181929,-9.25477349329317,-9.24798240256773,-9.24125745052126,-9.23460234644555,-9.22802066673575,-9.22151598778701,-9.21509188599445,-9.20875193775325,-9.20249971945852,-9.1963388075054,-9.19027277828907,-9.18430520820464,-9.17843967364725,-9.17267975101208,-9.16702850716789,-9.16148697087808,-9.15605566137973,-9.15073509790986,-9.14552579970552,-9.14042828600378,-9.13544307604168,-9.13057068905624,-9.12581164428456,-9.12116646096366,-9.11663565833059,-9.11221975562241,-9.10791853254199,-9.1037288106555,-9.09964667199499,-9.09566819859245,-9.09178947247988,-9.08800657568932,-9.08431559025277,-9.08071259820223,-9.07719368156974,-9.0737549223873,-9.07039240268691,-9.0671022045006,-9.06387971619558,-9.06071755147982,-9.05760763039651,-9.05454187298884,-9.05151219929999,-9.04851052937315,-9.0455287832515,-9.0425588809782,-9.03959274259647,-9.03662228814947,-9.03363943768039,-9.03063611123242,-9.02760388102478,-9.02453292798087,-9.02141308520016,-9.0182341857821,-9.01498606282613,-9.01165854943171,-9.00824147869831,-9.00472468372536,-9.00109799761232,-8.99735125345866,-8.9934742843638,-8.98945692342722,-8.985289202518,-8.98096194858375,-8.97646618734176,-8.97179294450926,-8.96693324580351,-8.96187811694178,-8.95661858364133,-8.95114567161939,-8.94545040659325,-8.93952381428017,-8.93335692039736,-8.92694075066214,-8.9202670856131,-8.9133307250743,-8.90612722369121,-8.89865213610926,-8.89090101697387,-8.88286942093051,-8.8745529026246,-8.86594701670156,-8.85704731780687,-8.84784936058595,-8.83834869968421,-8.82854088974714,-8.81842259234032,-8.80799489670996,-8.7972599990225,-8.78622009544434,-8.77487738214182,-8.76323405528142,-8.7512923110295,-8.73905434555243,-8.72652235501667,-8.7136985355886,-8.70058508343457,-8.68718419472106,-8.67349916767593,-8.659537708773,-8.64530862654773,-8.63082072953542,-8.61608282627142,-8.60110372529117,-8.58589223512999,-8.5704571643232,-8.55480732140625,-8.53895151491447,-8.52289855338318,-8.50665724534783,-8.49023711042688,-8.47365051257133,-8.45691052681546,-8.44003022819341,-8.42302269173932,-8.40590099248747,-8.388678205472,-8.37136740572705,-8.3539816682869,-8.33653406818569,-8.31903768045755,-8.30150558013678,-8.28395089036368,-8.26638692670322,-8.24882705282672,-8.23128463240532,-8.21377302911018,-8.1963056066126,-8.17889572858372,-8.16155675869472,-8.14430206061687,-8.12714499802135,-8.11009893457929,-8.093177233962,-8.07639259744037,-8.05975507668418,-8.0432740609631,-8.02695893954666,-8.01081910170437,-7.9948639367059,-7.97910283382076,-7.9635451823185,-7.94820037146876,-7.93307779054108,-7.91818682880497,-7.90353687553009,-7.88913616076761,-7.87498827769522,-7.86109566027237,-7.8474607424584,-7.83408595821266,-7.82097374149456,-7.80812652626347,-7.79554674647872,-7.78323683609974,-7.77119922908588,-7.75943635939648,-7.74795066099097,-7.73674333697126,-7.72581066700947,-7.71514769992037,-7.70474948451865,-7.694611069619,-7.68472750403619,-7.67509383658489,-7.66570511607981,-7.65655639133571,-7.64764271116727,-7.63895912438919,-7.63050067981623,-7.6222616451881,-7.61423316394459,-7.60640559845057,-7.59876931107086,-7.59131466417027,-7.58403202011367,-7.57691174126587,-7.56994418999169,-7.56311972865599,-7.5564287196236,-7.54986152525931,-7.543408507928,-7.53706018433094,-7.53080768851517,-7.52464230886425,-7.51855533376168,-7.51253805159095,-7.50658175073562,-7.50067771957918,-7.49481724650515,-7.48899161989706,-7.48319212813842,-7.47741005961273,-7.47163670270354
"40",-9.32824871832962,-9.32101730942051,-9.31380406056232,-9.30661334553003,-9.29944953809862,-9.29231701204303,-9.28522014113827,-9.2781632991593,-9.27115085988107,-9.2641871970786,-9.25727668452682,-9.2504236960007,-9.24363260527526,-9.23690765322879,-9.23025254915308,-9.22367086944328,-9.21716619049454,-9.21074208870198,-9.20440214046078,-9.19814992216605,-9.19198901021293,-9.1859229809966,-9.17995541091217,-9.17408987635478,-9.16832995371961,-9.16267870987542,-9.15713717358561,-9.15170586408726,-9.1463853006174,-9.14117600241305,-9.13607848871131,-9.13109327874921,-9.12622089176377,-9.12146184699209,-9.11681666367119,-9.11228586103812,-9.10786995832994,-9.10356873524952,-9.09937901336303,-9.09529687470252,-9.09131840129998,-9.08743967518741,-9.08365677839685,-9.0799657929603,-9.07636280090976,-9.07284388427727,-9.06940512509483,-9.06604260539444,-9.06275240720813,-9.05952991890311,-9.05636775418735,-9.05325783310404,-9.05019207569637,-9.04716240200752,-9.04416073208068,-9.04117898595903,-9.03820908368573,-9.035242945304,-9.032272490857,-9.02928964038792,-9.02628631393995,-9.02325408373231,-9.0201831306884,-9.01706328790769,-9.01388438848963,-9.01063626553366,-9.00730875213925,-9.00389168140584,-9.00037488643289,-8.99674820031986,-8.99300145616619,-8.98912448707133,-8.98510712613475,-8.98093940522553,-8.97661215129128,-8.97211639004929,-8.96744314721679,-8.96258344851104,-8.95752831964931,-8.95226878634886,-8.94679587432692,-8.94110060930078,-8.9351740169877,-8.92900712310489,-8.92259095336967,-8.91591728832063,-8.90898092778183,-8.90177742639874,-8.8943023388168,-8.8865512196814,-8.87851962363804,-8.87020310533213,-8.86159721940909,-8.8526975205144,-8.84349956329348,-8.83399890239174,-8.82419109245467,-8.81407279504785,-8.80364509941749,-8.79291020173003,-8.78187029815187,-8.77052758484935,-8.75888425798895,-8.74694251373703,-8.73470454825996,-8.7221725577242,-8.70934873829613,-8.6962352861421,-8.68283439742859,-8.66914937038346,-8.65518791148053,-8.64095882925526,-8.62647093224295,-8.61173302897895,-8.5967539279987,-8.58154243783752,-8.56610736703073,-8.55045752411379,-8.534601717622,-8.51854875609071,-8.50230744805536,-8.48588731313441,-8.46930071527886,-8.45256072952299,-8.43568043090094,-8.41867289444685,-8.401551195195,-8.38432840817953,-8.36701760843458,-8.34963187099443,-8.33218427089322,-8.31468788316509,-8.29715578284431,-8.2796010930712,-8.26203712941075,-8.24447725553425,-8.22693483511285,-8.20942323181771,-8.19195580932013,-8.17454593129125,-8.15720696140225,-8.1399522633244,-8.12279520072888,-8.10574913728682,-8.08882743666953,-8.0720428001479,-8.05540527939171,-8.03892426367063,-8.02260914225419,-8.0064693044119,-7.99051413941343,-7.9747530365283,-7.95919538502603,-7.94385057417629,-7.92872799324861,-7.9138370315125,-7.89918707823762,-7.88478636347514,-7.87063848040275,-7.8567458629799,-7.84311094516593,-7.82973616092019,-7.8166239442021,-7.803776728971,-7.79119694918625,-7.77888703880727,-7.76684943179341,-7.75508656210401,-7.7436008636985,-7.73239353967879,-7.721460869717,-7.7107979026279,-7.70039968722618,-7.69026127232653,-7.68037770674372,-7.67074403929242,-7.66135531878734,-7.65220659404324,-7.6432929138748,-7.63460932709672,-7.62615088252376,-7.61791184789563,-7.60988336665212,-7.6020558011581,-7.59441951377839,-7.5869648668778,-7.5796822228212,-7.5725619439734,-7.56559439269922,-7.55876993136352,-7.55207892233113,-7.54551172796684,-7.53905871063553,-7.53271038703847,-7.5264578912227,-7.52029251157178,-7.51420553646921,-7.50818825429848,-7.50223195344315,-7.49632792228671,-7.49046744921268,-7.48464182260459,-7.47884233084595,-7.47306026232026,-7.46728690541107
"41",-9.32907467724202,-9.32184326833291,-9.31463001947472,-9.30743930444243,-9.30027549701102,-9.29314297095543,-9.28604610005067,-9.2789892580717,-9.27197681879347,-9.265013155991,-9.25810264343922,-9.2512496549131,-9.24445856418766,-9.23773361214119,-9.23107850806548,-9.22449682835568,-9.21799214940694,-9.21156804761438,-9.20522809937318,-9.19897588107845,-9.19281496912533,-9.186748939909,-9.18078136982457,-9.17491583526718,-9.16915591263201,-9.16350466878782,-9.15796313249801,-9.15253182299966,-9.1472112595298,-9.14200196132545,-9.13690444762371,-9.13191923766161,-9.12704685067617,-9.12228780590449,-9.11764262258359,-9.11311181995052,-9.10869591724234,-9.10439469416192,-9.10020497227544,-9.09612283361492,-9.09214436021238,-9.08826563409981,-9.08448273730925,-9.0807917518727,-9.07718875982217,-9.07366984318968,-9.07023108400723,-9.06686856430684,-9.06357836612053,-9.06035587781551,-9.05719371309975,-9.05408379201644,-9.05101803460878,-9.04798836091993,-9.04498669099308,-9.04200494487143,-9.03903504259813,-9.0360689042164,-9.0330984497694,-9.03011559930032,-9.02711227285235,-9.02408004264471,-9.0210090896008,-9.01788924682009,-9.01471034740203,-9.01146222444606,-9.00813471105165,-9.00471764031824,-9.00120084534529,-8.99757415923226,-8.99382741507859,-8.98995044598373,-8.98593308504715,-8.98176536413793,-8.97743811020369,-8.97294234896169,-8.96826910612919,-8.96340940742344,-8.95835427856172,-8.95309474526126,-8.94762183323932,-8.94192656821319,-8.9359999759001,-8.9298330820173,-8.92341691228207,-8.91674324723303,-8.90980688669423,-8.90260338531114,-8.8951282977292,-8.8873771785938,-8.87934558255044,-8.87102906424453,-8.86242317832149,-8.8535234794268,-8.84432552220588,-8.83482486130414,-8.82501705136707,-8.81489875396025,-8.80447105832989,-8.79373616064244,-8.78269625706427,-8.77135354376175,-8.75971021690135,-8.74776847264943,-8.73553050717236,-8.7229985166366,-8.71017469720853,-8.6970612450545,-8.68366035634099,-8.66997532929586,-8.65601387039293,-8.64178478816766,-8.62729689115536,-8.61255898789135,-8.5975798869111,-8.58236839674992,-8.56693332594313,-8.55128348302619,-8.53542767653441,-8.51937471500312,-8.50313340696776,-8.48671327204681,-8.47012667419126,-8.45338668843539,-8.43650638981334,-8.41949885335925,-8.4023771541074,-8.38515436709193,-8.36784356734698,-8.35045782990683,-8.33301022980562,-8.31551384207749,-8.29798174175671,-8.28042705198361,-8.26286308832315,-8.24530321444665,-8.22776079402525,-8.21024919073011,-8.19278176823253,-8.17537189020365,-8.15803292031465,-8.1407782222368,-8.12362115964128,-8.10657509619922,-8.08965339558194,-8.0728687590603,-8.05623123830411,-8.03975022258303,-8.02343510116659,-8.0072952633243,-7.99134009832583,-7.9755789954407,-7.96002134393844,-7.94467653308869,-7.92955395216101,-7.9146629904249,-7.90001303715002,-7.88561232238754,-7.87146443931515,-7.8575718218923,-7.84393690407834,-7.83056211983259,-7.8174499031145,-7.8046026878834,-7.79202290809865,-7.77971299771967,-7.76767539070581,-7.75591252101641,-7.7444268226109,-7.73321949859119,-7.7222868286294,-7.7116238615403,-7.70122564613858,-7.69108723123893,-7.68120366565612,-7.67156999820482,-7.66218127769974,-7.65303255295564,-7.6441188727872,-7.63543528600912,-7.62697684143616,-7.61873780680803,-7.61070932556452,-7.6028817600705,-7.5952454726908,-7.5877908257902,-7.5805081817336,-7.5733879028858,-7.56642035161162,-7.55959589027592,-7.55290488124353,-7.54633768687924,-7.53988466954793,-7.53353634595087,-7.5272838501351,-7.52111847048418,-7.51503149538161,-7.50901421321088,-7.50305791235555,-7.49715388119911,-7.49129340812508,-7.48546778151699,-7.47966828975835,-7.47388622123266,-7.46811286432347
"42",-9.33552206448455,-9.32829065557545,-9.32107740671725,-9.31388669168497,-9.30672288425355,-9.29959035819797,-9.2924934872932,-9.28543664531424,-9.27842420603601,-9.27146054323353,-9.26455003068175,-9.25769704215564,-9.25090595143019,-9.24418099938373,-9.23752589530801,-9.23094421559822,-9.22443953664948,-9.21801543485692,-9.21167548661571,-9.20542326832098,-9.19926235636786,-9.19319632715153,-9.1872287570671,-9.18136322250971,-9.17560329987454,-9.16995205603036,-9.16441051974055,-9.1589792102422,-9.15365864677233,-9.14844934856798,-9.14335183486624,-9.13836662490414,-9.13349423791871,-9.12873519314702,-9.12409000982613,-9.11955920719305,-9.11514330448487,-9.11084208140445,-9.10665235951797,-9.10257022085746,-9.09859174745491,-9.09471302134235,-9.09093012455179,-9.08723913911524,-9.0836361470647,-9.08011723043221,-9.07667847124976,-9.07331595154937,-9.07002575336307,-9.06680326505804,-9.06364110034228,-9.06053117925897,-9.05746542185131,-9.05443574816246,-9.05143407823561,-9.04845233211396,-9.04548242984067,-9.04251629145893,-9.03954583701194,-9.03656298654285,-9.03355966009488,-9.03052742988724,-9.02745647684333,-9.02433663406262,-9.02115773464456,-9.01790961168859,-9.01458209829418,-9.01116502756078,-9.00764823258782,-9.00402154647479,-9.00027480232112,-8.99639783322626,-8.99238047228969,-8.98821275138046,-8.98388549744622,-8.97938973620422,-8.97471649337172,-8.96985679466597,-8.96480166580425,-8.95954213250379,-8.95406922048185,-8.94837395545572,-8.94244736314263,-8.93628046925983,-8.9298642995246,-8.92319063447556,-8.91625427393676,-8.90905077255368,-8.90157568497173,-8.89382456583633,-8.88579296979297,-8.87747645148706,-8.86887056556402,-8.85997086666933,-8.85077290944841,-8.84127224854668,-8.83146443860961,-8.82134614120279,-8.81091844557242,-8.80018354788497,-8.7891436443068,-8.77780093100428,-8.76615760414388,-8.75421585989196,-8.74197789441489,-8.72944590387914,-8.71662208445106,-8.70350863229704,-8.69010774358353,-8.67642271653839,-8.66246125763547,-8.64823217541019,-8.63374427839789,-8.61900637513389,-8.60402727415363,-8.58881578399245,-8.57338071318566,-8.55773087026872,-8.54187506377694,-8.52582210224565,-8.5095807942103,-8.49316065928935,-8.47657406143379,-8.45983407567793,-8.44295377705587,-8.42594624060178,-8.40882454134994,-8.39160175433446,-8.37429095458952,-8.35690521714937,-8.33945761704816,-8.32196122932002,-8.30442912899925,-8.28687443922614,-8.26931047556569,-8.25175060168918,-8.23420818126778,-8.21669657797264,-8.19922915547506,-8.18181927744619,-8.16448030755718,-8.14722560947934,-8.13006854688381,-8.11302248344176,-8.09610078282447,-8.07931614630283,-8.06267862554665,-8.04619760982557,-8.02988248840912,-8.01374265056683,-7.99778748556836,-7.98202638268323,-7.96646873118097,-7.95112392033123,-7.93600133940354,-7.92111037766743,-7.90646042439256,-7.89205970963007,-7.87791182655768,-7.86401920913484,-7.85038429132087,-7.83700950707512,-7.82389729035703,-7.81105007512594,-7.79847029534118,-7.7861603849622,-7.77412277794835,-7.76235990825894,-7.75087420985344,-7.73966688583372,-7.72873421587193,-7.71807124878283,-7.70767303338112,-7.69753461848146,-7.68765105289865,-7.67801738544735,-7.66862866494227,-7.65947994019817,-7.65056626002973,-7.64188267325165,-7.63342422867869,-7.62518519405056,-7.61715671280705,-7.60932914731304,-7.60169285993333,-7.59423821303274,-7.58695556897614,-7.57983529012834,-7.57286773885415,-7.56604327751846,-7.55935226848606,-7.55278507412177,-7.54633205679047,-7.5399837331934,-7.53373123737763,-7.52756585772672,-7.52147888262414,-7.51546160045341,-7.50950529959808,-7.50360126844164,-7.49774079536761,-7.49191516875952,-7.48611567700088,-7.4803336084752,-7.474560251566
"43",-9.34796930434711,-9.340737895438,-9.33352464657981,-9.32633393154752,-9.31917012411611,-9.31203759806052,-9.30494072715576,-9.2978838851768,-9.29087144589857,-9.28390778309609,-9.27699727054431,-9.2701442820182,-9.26335319129275,-9.25662823924628,-9.24997313517057,-9.24339145546078,-9.23688677651204,-9.23046267471947,-9.22412272647827,-9.21787050818354,-9.21170959623042,-9.20564356701409,-9.19967599692966,-9.19381046237227,-9.1880505397371,-9.18239929589292,-9.17685775960311,-9.17142645010475,-9.16610588663489,-9.16089658843054,-9.1557990747288,-9.1508138647667,-9.14594147778127,-9.14118243300958,-9.13653724968868,-9.13200644705561,-9.12759054434743,-9.12328932126701,-9.11909959938053,-9.11501746072001,-9.11103898731747,-9.1071602612049,-9.10337736441434,-9.0996863789778,-9.09608338692726,-9.09256447029477,-9.08912571111232,-9.08576319141193,-9.08247299322562,-9.0792505049206,-9.07608834020484,-9.07297841912153,-9.06991266171387,-9.06688298802502,-9.06388131809817,-9.06089957197652,-9.05792966970322,-9.05496353132149,-9.0519930768745,-9.04901022640541,-9.04600689995744,-9.0429746697498,-9.03990371670589,-9.03678387392518,-9.03360497450712,-9.03035685155115,-9.02702933815674,-9.02361226742333,-9.02009547245038,-9.01646878633735,-9.01272204218368,-9.00884507308882,-9.00482771215224,-9.00065999124302,-8.99633273730878,-8.99183697606678,-8.98716373323428,-8.98230403452853,-8.97724890566681,-8.97198937236635,-8.96651646034441,-8.96082119531828,-8.95489460300519,-8.94872770912239,-8.94231153938716,-8.93563787433812,-8.92870151379932,-8.92149801241623,-8.91402292483429,-8.90627180569889,-8.89824020965553,-8.88992369134962,-8.88131780542658,-8.87241810653189,-8.86322014931097,-8.85371948840923,-8.84391167847217,-8.83379338106534,-8.82336568543498,-8.81263078774753,-8.80159088416936,-8.79024817086684,-8.77860484400644,-8.76666309975452,-8.75442513427745,-8.7418931437417,-8.72906932431362,-8.7159558721596,-8.70255498344608,-8.68886995640095,-8.67490849749803,-8.66067941527275,-8.64619151826045,-8.63145361499645,-8.61647451401619,-8.60126302385501,-8.58582795304822,-8.57017811013128,-8.5543223036395,-8.53826934210821,-8.52202803407285,-8.5056078991519,-8.48902130129635,-8.47228131554048,-8.45540101691843,-8.43839348046434,-8.4212717812125,-8.40404899419702,-8.38673819445207,-8.36935245701192,-8.35190485691071,-8.33440846918258,-8.3168763688618,-8.2993216790887,-8.28175771542824,-8.26419784155174,-8.24665542113034,-8.2291438178352,-8.21167639533762,-8.19426651730875,-8.17692754741974,-8.1596728493419,-8.14251578674637,-8.12546972330431,-8.10854802268703,-8.09176338616539,-8.0751258654092,-8.05864484968813,-8.04232972827168,-8.02618989042939,-8.01023472543092,-7.99447362254579,-7.97891597104353,-7.96357116019379,-7.9484485792661,-7.93355761752999,-7.91890766425512,-7.90450694949263,-7.89035906642024,-7.87646644899739,-7.86283153118343,-7.84945674693768,-7.83634453021959,-7.8234973149885,-7.81091753520374,-7.79860762482476,-7.7865700178109,-7.7748071481215,-7.763321449716,-7.75211412569628,-7.74118145573449,-7.73051848864539,-7.72012027324367,-7.70998185834402,-7.70009829276121,-7.69046462530991,-7.68107590480483,-7.67192718006073,-7.66301349989229,-7.65432991311421,-7.64587146854125,-7.63763243391312,-7.62960395266961,-7.6217763871756,-7.61414009979588,-7.6066854528953,-7.59940280883869,-7.5922825299909,-7.58531497871671,-7.57849051738102,-7.57179950834862,-7.56523231398433,-7.55877929665303,-7.55243097305596,-7.54617847724019,-7.54001309758927,-7.5339261224867,-7.52790884031597,-7.52195253946064,-7.5160485083042,-7.51018803523017,-7.50436240862208,-7.49856291686344,-7.49278084833775,-7.48700749142856
"44",-9.36652582977809,-9.35929442086899,-9.35208117201079,-9.3448904569785,-9.33772664954709,-9.3305941234915,-9.32349725258674,-9.31644041060778,-9.30942797132955,-9.30246430852707,-9.29555379597529,-9.28870080744918,-9.28190971672373,-9.27518476467726,-9.26852966060155,-9.26194798089176,-9.25544330194302,-9.24901920015045,-9.24267925190925,-9.23642703361452,-9.2302661216614,-9.22420009244507,-9.21823252236064,-9.21236698780325,-9.20660706516808,-9.2009558213239,-9.19541428503409,-9.18998297553573,-9.18466241206587,-9.17945311386152,-9.17435560015978,-9.16937039019768,-9.16449800321225,-9.15973895844056,-9.15509377511967,-9.15056297248659,-9.14614706977841,-9.14184584669799,-9.13765612481151,-9.13357398615099,-9.12959551274845,-9.12571678663589,-9.12193388984532,-9.11824290440878,-9.11463991235824,-9.11112099572575,-9.1076822365433,-9.10431971684291,-9.1010295186566,-9.09780703035158,-9.09464486563582,-9.09153494455251,-9.08846918714485,-9.085439513456,-9.08243784352915,-9.0794560974075,-9.0764861951342,-9.07352005675247,-9.07054960230548,-9.06756675183639,-9.06456342538842,-9.06153119518078,-9.05846024213687,-9.05534039935616,-9.0521614999381,-9.04891337698213,-9.04558586358772,-9.04216879285432,-9.03865199788136,-9.03502531176833,-9.03127856761466,-9.0274015985198,-9.02338423758322,-9.019216516674,-9.01488926273976,-9.01039350149776,-9.00572025866526,-9.00086055995951,-8.99580543109779,-8.99054589779733,-8.98507298577539,-8.97937772074926,-8.97345112843617,-8.96728423455337,-8.96086806481814,-8.9541943997691,-8.9472580392303,-8.94005453784722,-8.93257945026527,-8.92482833112987,-8.91679673508651,-8.9084802167806,-8.89987433085756,-8.89097463196287,-8.88177667474195,-8.87227601384022,-8.86246820390315,-8.85234990649633,-8.84192221086596,-8.83118731317851,-8.82014740960034,-8.80880469629782,-8.79716136943742,-8.7852196251855,-8.77298165970843,-8.76044966917268,-8.7476258497446,-8.73451239759058,-8.72111150887707,-8.70742648183193,-8.69346502292901,-8.67923594070373,-8.66474804369143,-8.65001014042743,-8.63503103944717,-8.61981954928599,-8.6043844784792,-8.58873463556226,-8.57287882907048,-8.55682586753919,-8.54058455950383,-8.52416442458289,-8.50757782672733,-8.49083784097146,-8.47395754234941,-8.45695000589532,-8.43982830664348,-8.422605519628,-8.40529471988305,-8.3879089824429,-8.3704613823417,-8.35296499461356,-8.33543289429278,-8.31787820451968,-8.30031424085922,-8.28275436698272,-8.26521194656132,-8.24770034326618,-8.2302329207686,-8.21282304273973,-8.19548407285072,-8.17822937477288,-8.16107231217735,-8.14402624873529,-8.12710454811801,-8.11031991159637,-8.09368239084019,-8.07720137511911,-8.06088625370266,-8.04474641586037,-8.0287912508619,-8.01303014797677,-7.99747249647451,-7.98212768562477,-7.96700510469708,-7.95211414296097,-7.9374641896861,-7.92306347492361,-7.90891559185122,-7.89502297442837,-7.88138805661441,-7.86801327236866,-7.85490105565057,-7.84205384041948,-7.82947406063472,-7.81716415025574,-7.80512654324188,-7.79336367355248,-7.78187797514698,-7.77067065112726,-7.75973798116547,-7.74907501407637,-7.73867679867466,-7.728538383775,-7.71865481819219,-7.70902115074089,-7.69963243023581,-7.69048370549171,-7.68157002532327,-7.67288643854519,-7.66442799397223,-7.6561889593441,-7.64816047810059,-7.64033291260658,-7.63269662522687,-7.62524197832628,-7.61795933426967,-7.61083905542188,-7.60387150414769,-7.597047042812,-7.5903560337796,-7.58378883941531,-7.57733582208401,-7.57098749848694,-7.56473500267117,-7.55856962302025,-7.55248264791768,-7.54646536574695,-7.54050906489162,-7.53460503373518,-7.52874456066115,-7.52291893405306,-7.51711944229442,-7.51133737376873,-7.50556401685954
"45",-9.39123382589051,-9.38400241698141,-9.37678916812321,-9.36959845309092,-9.36243464565951,-9.35530211960392,-9.34820524869916,-9.3411484067202,-9.33413596744197,-9.32717230463949,-9.32026179208771,-9.3134088035616,-9.30661771283615,-9.29989276078969,-9.29323765671397,-9.28665597700418,-9.28015129805544,-9.27372719626288,-9.26738724802167,-9.26113502972694,-9.25497411777382,-9.24890808855749,-9.24294051847306,-9.23707498391567,-9.2313150612805,-9.22566381743632,-9.22012228114651,-9.21469097164815,-9.20937040817829,-9.20416110997394,-9.1990635962722,-9.1940783863101,-9.18920599932467,-9.18444695455298,-9.17980177123209,-9.17527096859901,-9.17085506589083,-9.16655384281041,-9.16236412092393,-9.15828198226341,-9.15430350886087,-9.15042478274831,-9.14664188595775,-9.1429509005212,-9.13934790847066,-9.13582899183817,-9.13239023265572,-9.12902771295533,-9.12573751476902,-9.122515026464,-9.11935286174824,-9.11624294066493,-9.11317718325727,-9.11014750956842,-9.10714583964157,-9.10416409351992,-9.10119419124663,-9.09822805286489,-9.0952575984179,-9.09227474794881,-9.08927142150084,-9.0862391912932,-9.08316823824929,-9.08004839546858,-9.07686949605052,-9.07362137309455,-9.07029385970014,-9.06687678896674,-9.06335999399378,-9.05973330788075,-9.05598656372708,-9.05210959463222,-9.04809223369564,-9.04392451278642,-9.03959725885218,-9.03510149761018,-9.03042825477768,-9.02556855607193,-9.02051342721021,-9.01525389390975,-9.00978098188781,-9.00408571686168,-8.99815912454859,-8.99199223066579,-8.98557606093056,-8.97890239588152,-8.97196603534272,-8.96476253395964,-8.95728744637769,-8.94953632724229,-8.94150473119893,-8.93318821289302,-8.92458232696998,-8.91568262807529,-8.90648467085437,-8.89698400995264,-8.88717620001557,-8.87705790260875,-8.86663020697838,-8.85589530929093,-8.84485540571276,-8.83351269241024,-8.82186936554984,-8.80992762129792,-8.79768965582085,-8.7851576652851,-8.77233384585702,-8.759220393703,-8.74581950498949,-8.73213447794435,-8.71817301904143,-8.70394393681615,-8.68945603980385,-8.67471813653985,-8.65973903555959,-8.64452754539841,-8.62909247459162,-8.61344263167468,-8.5975868251829,-8.58153386365161,-8.56529255561625,-8.5488724206953,-8.53228582283975,-8.51554583708388,-8.49866553846183,-8.48165800200774,-8.4645363027559,-8.44731351574042,-8.43000271599547,-8.41261697855533,-8.39516937845412,-8.37767299072598,-8.3601408904052,-8.3425862006321,-8.32502223697164,-8.30746236309514,-8.28991994267374,-8.2724083393786,-8.25494091688102,-8.23753103885215,-8.22019206896314,-8.2029373708853,-8.18578030828977,-8.16873424484771,-8.15181254423043,-8.13502790770879,-8.11839038695261,-8.10190937123153,-8.08559424981508,-8.06945441197279,-8.05349924697432,-8.03773814408919,-8.02218049258693,-8.00683568173719,-7.9917131008095,-7.97682213907339,-7.96217218579852,-7.94777147103603,-7.93362358796364,-7.9197309705408,-7.90609605272683,-7.89272126848108,-7.87960905176299,-7.8667618365319,-7.85418205674714,-7.84187214636816,-7.8298345393543,-7.8180716696649,-7.8065859712594,-7.79537864723968,-7.78444597727789,-7.77378301018879,-7.76338479478708,-7.75324637988742,-7.74336281430461,-7.73372914685331,-7.72434042634823,-7.71519170160413,-7.70627802143569,-7.69759443465761,-7.68913599008465,-7.68089695545652,-7.67286847421301,-7.665040908719,-7.65740462133929,-7.6499499744387,-7.64266733038209,-7.6355470515343,-7.62857950026011,-7.62175503892442,-7.61506402989202,-7.60849683552773,-7.60204381819643,-7.59569549459936,-7.58944299878359,-7.58327761913267,-7.5771906440301,-7.57117336185937,-7.56521706100404,-7.5593130298476,-7.55345255677357,-7.54762693016548,-7.54182743840684,-7.53604536988115,-7.53027201297196
"46",-9.42213547779739,-9.41490406888829,-9.40769082003009,-9.40050010499781,-9.3933362975664,-9.38620377151081,-9.37910690060605,-9.37205005862708,-9.36503761934885,-9.35807395654637,-9.3511634439946,-9.34431045546848,-9.33751936474303,-9.33079441269657,-9.32413930862085,-9.31755762891106,-9.31105294996232,-9.30462884816976,-9.29828889992855,-9.29203668163382,-9.2858757696807,-9.27980974046437,-9.27384217037994,-9.26797663582256,-9.26221671318738,-9.2565654693432,-9.25102393305339,-9.24559262355504,-9.24027206008517,-9.23506276188082,-9.22996524817908,-9.22498003821698,-9.22010765123155,-9.21534860645986,-9.21070342313897,-9.20617262050589,-9.20175671779771,-9.19745549471729,-9.19326577283081,-9.1891836341703,-9.18520516076775,-9.18132643465519,-9.17754353786463,-9.17385255242808,-9.17024956037754,-9.16673064374505,-9.1632918845626,-9.15992936486222,-9.15663916667591,-9.15341667837088,-9.15025451365512,-9.14714459257181,-9.14407883516415,-9.1410491614753,-9.13804749154846,-9.1350657454268,-9.13209584315351,-9.12912970477177,-9.12615925032478,-9.1231763998557,-9.12017307340772,-9.11714084320008,-9.11406989015617,-9.11095004737546,-9.1077711479574,-9.10452302500143,-9.10119551160702,-9.09777844087362,-9.09426164590066,-9.09063495978763,-9.08688821563396,-9.0830112465391,-9.07899388560253,-9.07482616469331,-9.07049891075906,-9.06600314951707,-9.06132990668457,-9.05647020797881,-9.05141507911709,-9.04615554581664,-9.0406826337947,-9.03498736876856,-9.02906077645547,-9.02289388257267,-9.01647771283745,-9.0098040477884,-9.0028676872496,-8.99566418586652,-8.98818909828457,-8.98043797914917,-8.97240638310581,-8.9640898647999,-8.95548397887686,-8.94658427998217,-8.93738632276126,-8.92788566185952,-8.91807785192245,-8.90795955451563,-8.89753185888526,-8.88679696119781,-8.87575705761964,-8.86441434431712,-8.85277101745672,-8.8408292732048,-8.82859130772773,-8.81605931719198,-8.8032354977639,-8.79012204560988,-8.77672115689637,-8.76303612985124,-8.74907467094831,-8.73484558872303,-8.72035769171073,-8.70561978844673,-8.69064068746648,-8.67542919730529,-8.6599941264985,-8.64434428358156,-8.62848847708978,-8.61243551555849,-8.59619420752314,-8.57977407260219,-8.56318747474664,-8.54644748899077,-8.52956719036871,-8.51255965391463,-8.49543795466278,-8.47821516764731,-8.46090436790236,-8.44351863046221,-8.426071030361,-8.40857464263286,-8.39104254231209,-8.37348785253898,-8.35592388887853,-8.33836401500202,-8.32082159458063,-8.30330999128548,-8.2858425687879,-8.26843269075903,-8.25109372087002,-8.23383902279218,-8.21668196019665,-8.1996358967546,-8.18271419613731,-8.16592955961567,-8.14929203885949,-8.13281102313841,-8.11649590172196,-8.10035606387967,-8.0844008988812,-8.06863979599607,-8.05308214449381,-8.03773733364407,-8.02261475271638,-8.00772379098027,-7.9930738377054,-7.97867312294291,-7.96452523987052,-7.95063262244768,-7.93699770463371,-7.92362292038796,-7.91051070366987,-7.89766348843878,-7.88508370865402,-7.87277379827505,-7.86073619126119,-7.84897332157178,-7.83748762316628,-7.82628029914656,-7.81534762918477,-7.80468466209568,-7.79428644669396,-7.7841480317943,-7.77426446621149,-7.7646307987602,-7.75524207825511,-7.74609335351102,-7.73717967334257,-7.7284960865645,-7.72003764199154,-7.7117986073634,-7.70377012611989,-7.69594256062588,-7.68830627324617,-7.68085162634558,-7.67356898228898,-7.66644870344118,-7.659481152167,-7.6526566908313,-7.6459656817989,-7.63939848743461,-7.63294547010331,-7.62659714650624,-7.62034465069048,-7.61417927103956,-7.60809229593698,-7.60207501376625,-7.59611871291092,-7.59021468175449,-7.58435420868045,-7.57852858207236,-7.57272909031373,-7.56694702178804,-7.56117366487884
"47",-9.45927297061176,-9.45204156170265,-9.44482831284446,-9.43763759781217,-9.43047379038076,-9.42334126432517,-9.41624439342041,-9.40918755144144,-9.40217511216321,-9.39521144936074,-9.38830093680896,-9.38144794828284,-9.3746568575574,-9.36793190551093,-9.36127680143522,-9.35469512172542,-9.34819044277668,-9.34176634098412,-9.33542639274292,-9.32917417444819,-9.32301326249507,-9.31694723327874,-9.31097966319431,-9.30511412863692,-9.29935420600175,-9.29370296215756,-9.28816142586775,-9.2827301163694,-9.27740955289953,-9.27220025469519,-9.26710274099345,-9.26211753103135,-9.25724514404591,-9.25248609927423,-9.24784091595333,-9.24331011332026,-9.23889421061208,-9.23459298753166,-9.23040326564517,-9.22632112698466,-9.22234265358212,-9.21846392746955,-9.21468103067899,-9.21099004524244,-9.2073870531919,-9.20386813655941,-9.20042937737697,-9.19706685767658,-9.19377665949027,-9.19055417118525,-9.18739200646949,-9.18428208538618,-9.18121632797851,-9.17818665428966,-9.17518498436282,-9.17220323824117,-9.16923333596787,-9.16626719758614,-9.16329674313914,-9.16031389267006,-9.15731056622209,-9.15427833601445,-9.15120738297054,-9.14808754018983,-9.14490864077177,-9.1416605178158,-9.13833300442139,-9.13491593368798,-9.13139913871503,-9.127772452602,-9.12402570844833,-9.12014873935347,-9.11613137841689,-9.11196365750767,-9.10763640357342,-9.10314064233143,-9.09846739949893,-9.09360770079318,-9.08855257193146,-9.083293038631,-9.07782012660906,-9.07212486158292,-9.06619826926984,-9.06003137538703,-9.05361520565181,-9.04694154060277,-9.04000518006397,-9.03280167868088,-9.02532659109893,-9.01757547196354,-9.00954387592018,-9.00122735761427,-8.99262147169123,-8.98372177279654,-8.97452381557562,-8.96502315467388,-8.95521534473681,-8.94509704732999,-8.93466935169963,-8.92393445401217,-8.912894550434,-8.90155183713149,-8.88990851027109,-8.87796676601917,-8.8657288005421,-8.85319681000634,-8.84037299057827,-8.82725953842424,-8.81385864971073,-8.8001736226656,-8.78621216376267,-8.7719830815374,-8.75749518452509,-8.74275728126109,-8.72777818028084,-8.71256669011966,-8.69713161931287,-8.68148177639593,-8.66562596990414,-8.64957300837285,-8.6333317003375,-8.61691156541655,-8.600324967561,-8.58358498180513,-8.56670468318308,-8.54969714672899,-8.53257544747714,-8.51535266046167,-8.49804186071672,-8.48065612327657,-8.46320852317536,-8.44571213544723,-8.42818003512645,-8.41062534535335,-8.39306138169289,-8.37550150781639,-8.35795908739499,-8.34044748409985,-8.32298006160227,-8.30557018357339,-8.28823121368439,-8.27097651560654,-8.25381945301102,-8.23677338956896,-8.21985168895167,-8.20306705243004,-8.18642953167385,-8.16994851595277,-8.15363339453633,-8.13749355669404,-8.12153839169557,-8.10577728881043,-8.09021963730817,-8.07487482645843,-8.05975224553075,-8.04486128379464,-8.03021133051976,-8.01581061575728,-8.00166273268489,-7.98777011526204,-7.97413519744807,-7.96076041320233,-7.94764819648424,-7.93480098125314,-7.92222120146839,-7.90991129108941,-7.89787368407555,-7.88611081438615,-7.87462511598064,-7.86341779196093,-7.85248512199914,-7.84182215491004,-7.83142393950832,-7.82128552460867,-7.81140195902586,-7.80176829157456,-7.79237957106948,-7.78323084632538,-7.77431716615694,-7.76563357937886,-7.7571751348059,-7.74893610017777,-7.74090761893426,-7.73308005344024,-7.72544376606053,-7.71798911915994,-7.71070647510334,-7.70358619625554,-7.69661864498136,-7.68979418364566,-7.68310317461326,-7.67653598024898,-7.67008296291767,-7.66373463932061,-7.65748214350484,-7.65131676385392,-7.64522978875135,-7.63921250658062,-7.63325620572529,-7.62735217456885,-7.62149170149482,-7.61566607488673,-7.60986658312809,-7.6040845146024,-7.59831115769321
"48",-9.50259487253237,-9.49536346362327,-9.48815021476507,-9.48095949973279,-9.47379569230137,-9.46666316624579,-9.45956629534103,-9.45250945336206,-9.44549701408383,-9.43853335128135,-9.43162283872957,-9.42476985020346,-9.41797875947801,-9.41125380743155,-9.40459870335583,-9.39801702364604,-9.3915123446973,-9.38508824290474,-9.37874829466353,-9.3724960763688,-9.36633516441568,-9.36026913519935,-9.35430156511492,-9.34843603055753,-9.34267610792236,-9.33702486407818,-9.33148332778837,-9.32605201829002,-9.32073145482015,-9.3155221566158,-9.31042464291406,-9.30543943295196,-9.30056704596653,-9.29580800119484,-9.29116281787395,-9.28663201524087,-9.28221611253269,-9.27791488945227,-9.27372516756579,-9.26964302890527,-9.26566455550273,-9.26178582939017,-9.25800293259961,-9.25431194716306,-9.25070895511252,-9.24719003848003,-9.24375127929758,-9.24038875959719,-9.23709856141089,-9.23387607310586,-9.2307139083901,-9.22760398730679,-9.22453822989913,-9.22150855621028,-9.21850688628343,-9.21552514016178,-9.21255523788849,-9.20958909950675,-9.20661864505976,-9.20363579459067,-9.2006324681427,-9.19760023793506,-9.19452928489115,-9.19140944211044,-9.18823054269238,-9.18498241973641,-9.181654906342,-9.1782378356086,-9.17472104063564,-9.17109435452261,-9.16734761036894,-9.16347064127408,-9.1594532803375,-9.15528555942828,-9.15095830549404,-9.14646254425204,-9.14178930141954,-9.13692960271379,-9.13187447385207,-9.12661494055161,-9.12114202852967,-9.11544676350354,-9.10952017119045,-9.10335327730765,-9.09693710757242,-9.09026344252338,-9.08332708198458,-9.0761235806015,-9.06864849301955,-9.06089737388415,-9.05286577784079,-9.04454925953488,-9.03594337361184,-9.02704367471715,-9.01784571749623,-9.0083450565945,-8.99853724665743,-8.98841894925061,-8.97799125362024,-8.96725635593279,-8.95621645235462,-8.9448737390521,-8.9332304121917,-8.92128866793978,-8.90905070246271,-8.89651871192696,-8.88369489249888,-8.87058144034486,-8.85718055163135,-8.84349552458621,-8.82953406568329,-8.81530498345801,-8.80081708644571,-8.78607918318171,-8.77110008220145,-8.75588859204027,-8.74045352123348,-8.72480367831654,-8.70894787182476,-8.69289491029347,-8.67665360225812,-8.66023346733717,-8.64364686948161,-8.62690688372574,-8.61002658510369,-8.5930190486496,-8.57589734939776,-8.55867456238228,-8.54136376263734,-8.52397802519719,-8.50653042509598,-8.48903403736784,-8.47150193704707,-8.45394724727396,-8.4363832836135,-8.418823409737,-8.4012809893156,-8.38376938602046,-8.36630196352288,-8.34889208549401,-8.331553115605,-8.31429841752716,-8.29714135493163,-8.28009529148957,-8.26317359087229,-8.24638895435065,-8.22975143359447,-8.21327041787339,-8.19695529645694,-8.18081545861465,-8.16486029361618,-8.14909919073105,-8.13354153922879,-8.11819672837905,-8.10307414745136,-8.08818318571525,-8.07353323244038,-8.05913251767789,-8.0449846346055,-8.03109201718265,-8.01745709936869,-8.00408231512294,-7.99097009840485,-7.97812288317376,-7.965543103389,-7.95323319301002,-7.94119558599616,-7.92943271630676,-7.91794701790126,-7.90673969388154,-7.89580702391975,-7.88514405683065,-7.87474584142894,-7.86460742652928,-7.85472386094647,-7.84509019349517,-7.83570147299009,-7.826552748246,-7.81763906807755,-7.80895548129947,-7.80049703672651,-7.79225800209838,-7.78422952085487,-7.77640195536086,-7.76876566798115,-7.76131102108056,-7.75402837702395,-7.74690809817616,-7.73994054690197,-7.73311608556628,-7.72642507653388,-7.71985788216959,-7.71340486483829,-7.70705654124122,-7.70080404542545,-7.69463866577454,-7.68855169067196,-7.68253440850123,-7.6765781076459,-7.67067407648946,-7.66481360341543,-7.65898797680734,-7.6531884850487,-7.64740641652301,-7.64163305961382
"49",-9.55167528410099,-9.54444387519189,-9.53723062633369,-9.53003991130141,-9.52287610387,-9.51574357781441,-9.50864670690965,-9.50158986493068,-9.49457742565245,-9.48761376284997,-9.4807032502982,-9.47385026177208,-9.46705917104663,-9.46033421900017,-9.45367911492445,-9.44709743521466,-9.44059275626592,-9.43416865447336,-9.42782870623215,-9.42157648793742,-9.4154155759843,-9.40934954676797,-9.40338197668354,-9.39751644212616,-9.39175651949098,-9.3861052756468,-9.38056373935699,-9.37513242985864,-9.36981186638877,-9.36460256818442,-9.35950505448268,-9.35451984452058,-9.34964745753515,-9.34488841276346,-9.34024322944257,-9.33571242680949,-9.33129652410131,-9.32699530102089,-9.32280557913441,-9.3187234404739,-9.31474496707135,-9.31086624095879,-9.30708334416823,-9.30339235873168,-9.29978936668114,-9.29627045004865,-9.2928316908662,-9.28946917116581,-9.28617897297951,-9.28295648467448,-9.27979431995872,-9.27668439887541,-9.27361864146775,-9.2705889677789,-9.26758729785205,-9.2646055517304,-9.26163564945711,-9.25866951107537,-9.25569905662838,-9.2527162061593,-9.24971287971132,-9.24668064950368,-9.24360969645977,-9.24048985367906,-9.237310954261,-9.23406283130503,-9.23073531791062,-9.22731824717722,-9.22380145220426,-9.22017476609123,-9.21642802193756,-9.2125510528427,-9.20853369190613,-9.2043659709969,-9.20003871706266,-9.19554295582066,-9.19086971298817,-9.18601001428241,-9.18095488542069,-9.17569535212023,-9.1702224400983,-9.16452717507216,-9.15860058275907,-9.15243368887627,-9.14601751914105,-9.139343854092,-9.1324074935532,-9.12520399217012,-9.11772890458817,-9.10997778545277,-9.10194618940941,-9.0936296711035,-9.08502378518046,-9.07612408628577,-9.06692612906486,-9.05742546816312,-9.04761765822605,-9.03749936081923,-9.02707166518886,-9.01633676750141,-9.00529686392324,-8.99395415062072,-8.98231082376032,-8.9703690795084,-8.95813111403133,-8.94559912349558,-8.9327753040675,-8.91966185191348,-8.90626096319997,-8.89257593615483,-8.87861447725191,-8.86438539502663,-8.84989749801433,-8.83515959475033,-8.82018049377007,-8.80496900360889,-8.7895339328021,-8.77388408988516,-8.75802828339338,-8.74197532186209,-8.72573401382674,-8.70931387890579,-8.69272728105024,-8.67598729529437,-8.65910699667231,-8.64209946021822,-8.62497776096638,-8.6077549739509,-8.59044417420596,-8.57305843676581,-8.5556108366646,-8.53811444893646,-8.52058234861569,-8.50302765884258,-8.48546369518213,-8.46790382130562,-8.45036140088422,-8.43284979758908,-8.4153823750915,-8.39797249706263,-8.38063352717362,-8.36337882909578,-8.34622176650025,-8.3291757030582,-8.31225400244091,-8.29546936591927,-8.27883184516309,-8.26235082944201,-8.24603570802556,-8.22989587018327,-8.2139407051848,-8.19817960229967,-8.18262195079741,-8.16727713994767,-8.15215455901998,-8.13726359728387,-8.122613644009,-8.10821292924651,-8.09406504617412,-8.08017242875128,-8.06653751093731,-8.05316272669156,-8.04005050997347,-8.02720329474238,-8.01462351495762,-8.00231360457865,-7.99027599756479,-7.97851312787538,-7.96702742946988,-7.95582010545016,-7.94488743548837,-7.93422446839927,-7.92382625299756,-7.9136878380979,-7.90380427251509,-7.8941706050638,-7.88478188455871,-7.87563315981462,-7.86671947964617,-7.85803589286809,-7.84957744829513,-7.841338413667,-7.83330993242349,-7.82548236692948,-7.81784607954977,-7.81039143264918,-7.80310878859258,-7.79598850974478,-7.78902095847059,-7.7821964971349,-7.7755054881025,-7.76893829373821,-7.76248527640691,-7.75613695280984,-7.74988445699408,-7.74371907734316,-7.73763210224058,-7.73161482006985,-7.72565851921452,-7.71975448805808,-7.71389401498405,-7.70806838837596,-7.70226889661732,-7.69648682809164,-7.69071347118244
"50",-9.60599468894511,-9.59876328003601,-9.59155003117781,-9.58435931614552,-9.57719550871411,-9.57006298265853,-9.56296611175376,-9.5559092697748,-9.54889683049657,-9.54193316769409,-9.53502265514231,-9.5281696666162,-9.52137857589075,-9.51465362384429,-9.50799851976857,-9.50141684005878,-9.49491216111004,-9.48848805931748,-9.48214811107627,-9.47589589278154,-9.46973498082842,-9.46366895161209,-9.45770138152766,-9.45183584697027,-9.4460759243351,-9.44042468049092,-9.43488314420111,-9.42945183470276,-9.42413127123289,-9.41892197302854,-9.4138244593268,-9.4088392493647,-9.40396686237927,-9.39920781760758,-9.39456263428669,-9.39003183165361,-9.38561592894543,-9.38131470586501,-9.37712498397853,-9.37304284531801,-9.36906437191547,-9.36518564580291,-9.36140274901235,-9.3577117635758,-9.35410877152526,-9.35058985489277,-9.34715109571032,-9.34378857600993,-9.34049837782363,-9.3372758895186,-9.33411372480284,-9.33100380371953,-9.32793804631187,-9.32490837262302,-9.32190670269617,-9.31892495657452,-9.31595505430123,-9.31298891591949,-9.3100184614725,-9.30703561100341,-9.30403228455544,-9.3010000543478,-9.29792910130389,-9.29480925852318,-9.29163035910512,-9.28838223614915,-9.28505472275474,-9.28163765202134,-9.27812085704838,-9.27449417093535,-9.27074742678168,-9.26687045768682,-9.26285309675024,-9.25868537584102,-9.25435812190678,-9.24986236066478,-9.24518911783228,-9.24032941912653,-9.23527429026481,-9.23001475696435,-9.22454184494241,-9.21884657991628,-9.21291998760319,-9.20675309372039,-9.20033692398516,-9.19366325893612,-9.18672689839732,-9.17952339701424,-9.17204830943229,-9.16429719029689,-9.15626559425353,-9.14794907594762,-9.13934319002458,-9.13044349112989,-9.12124553390897,-9.11174487300724,-9.10193706307017,-9.09181876566335,-9.08139107003298,-9.07065617234553,-9.05961626876736,-9.04827355546484,-9.03663022860444,-9.02468848435252,-9.01245051887545,-8.9999185283397,-8.98709470891162,-8.9739812567576,-8.96058036804409,-8.94689534099895,-8.93293388209603,-8.91870479987075,-8.90421690285845,-8.88947899959445,-8.87449989861419,-8.85928840845301,-8.84385333764622,-8.82820349472928,-8.8123476882375,-8.79629472670621,-8.78005341867085,-8.76363328374991,-8.74704668589435,-8.73030670013848,-8.71342640151643,-8.69641886506234,-8.6792971658105,-8.66207437879502,-8.64476357905007,-8.62737784160993,-8.60993024150872,-8.59243385378058,-8.5749017534598,-8.5573470636867,-8.53978310002624,-8.52222322614974,-8.50468080572834,-8.4871692024332,-8.46970177993562,-8.45229190190675,-8.43495293201774,-8.4176982339399,-8.40054117134437,-8.38349510790231,-8.36657340728503,-8.34978877076339,-8.33315125000721,-8.31667023428613,-8.30035511286968,-8.28421527502739,-8.26826011002892,-8.25249900714379,-8.23694135564153,-8.22159654479179,-8.2064739638641,-8.19158300212799,-8.17693304885312,-8.16253233409063,-8.14838445101824,-8.13449183359539,-8.12085691578143,-8.10748213153568,-8.09436991481759,-8.0815226995865,-8.06894291980174,-8.05663300942276,-8.0445954024089,-8.0328325327195,-8.021346834314,-8.01013951029428,-7.99920684033249,-7.98854387324339,-7.97814565784168,-7.96800724294202,-7.95812367735921,-7.94849000990791,-7.93910128940283,-7.92995256465873,-7.92103888449029,-7.91235529771221,-7.90389685313925,-7.89565781851112,-7.88762933726761,-7.8798017717736,-7.87216548439389,-7.8647108374933,-7.85742819343669,-7.8503079145889,-7.84334036331471,-7.83651590197902,-7.82982489294662,-7.82325769858233,-7.81680468125103,-7.81045635765396,-7.80420386183819,-7.79803848218728,-7.7919515070847,-7.78593422491397,-7.77997792405864,-7.7740738929022,-7.76821341982817,-7.76238779322008,-7.75658830146144,-7.75080623293575,-7.74503287602656
"51",-9.66503357069223,-9.65780216178313,-9.65058891292493,-9.64339819789265,-9.63623439046124,-9.62910186440565,-9.62200499350089,-9.61494815152192,-9.60793571224369,-9.60097204944121,-9.59406153688944,-9.58720854836332,-9.58041745763787,-9.57369250559141,-9.5670374015157,-9.5604557218059,-9.55395104285716,-9.5475269410646,-9.54118699282339,-9.53493477452867,-9.52877386257555,-9.52270783335921,-9.51674026327479,-9.5108747287174,-9.50511480608223,-9.49946356223804,-9.49392202594823,-9.48849071644988,-9.48317015298001,-9.47796085477567,-9.47286334107393,-9.46787813111182,-9.46300574412639,-9.45824669935471,-9.45360151603381,-9.44907071340073,-9.44465481069255,-9.44035358761213,-9.43616386572565,-9.43208172706514,-9.4281032536626,-9.42422452755003,-9.42044163075947,-9.41675064532292,-9.41314765327238,-9.40962873663989,-9.40618997745745,-9.40282745775706,-9.39953725957075,-9.39631477126573,-9.39315260654996,-9.39004268546666,-9.38697692805899,-9.38394725437014,-9.3809455844433,-9.37796383832164,-9.37499393604835,-9.37202779766662,-9.36905734321962,-9.36607449275054,-9.36307116630257,-9.36003893609493,-9.35696798305102,-9.35384814027031,-9.35066924085224,-9.34742111789628,-9.34409360450186,-9.34067653376846,-9.33715973879551,-9.33353305268247,-9.3297863085288,-9.32590933943395,-9.32189197849737,-9.31772425758815,-9.3133970036539,-9.30890124241191,-9.30422799957941,-9.29936830087366,-9.29431317201193,-9.28905363871148,-9.28358072668954,-9.2778854616634,-9.27195886935031,-9.26579197546751,-9.25937580573229,-9.25270214068325,-9.24576578014445,-9.23856227876136,-9.23108719117941,-9.22333607204402,-9.21530447600066,-9.20698795769474,-9.1983820717717,-9.18948237287702,-9.1802844156561,-9.17078375475436,-9.16097594481729,-9.15085764741047,-9.1404299517801,-9.12969505409265,-9.11865515051448,-9.10731243721197,-9.09566911035157,-9.08372736609964,-9.07148940062258,-9.05895741008682,-9.04613359065875,-9.03302013850472,-9.01961924979121,-9.00593422274608,-8.99197276384315,-8.97774368161787,-8.96325578460557,-8.94851788134157,-8.93353878036132,-8.91832729020013,-8.90289221939335,-8.8872423764764,-8.87138656998462,-8.85533360845333,-8.83909230041798,-8.82267216549703,-8.80608556764148,-8.78934558188561,-8.77246528326356,-8.75545774680947,-8.73833604755762,-8.72111326054215,-8.7038024607972,-8.68641672335705,-8.66896912325584,-8.6514727355277,-8.63394063520693,-8.61638594543382,-8.59882198177337,-8.58126210789687,-8.56371968747547,-8.54620808418033,-8.52874066168275,-8.51133078365387,-8.49399181376486,-8.47673711568702,-8.45958005309149,-8.44253398964944,-8.42561228903215,-8.40882765251052,-8.39219013175433,-8.37570911603325,-8.3593939946168,-8.34325415677452,-8.32729899177605,-8.31153788889091,-8.29598023738865,-8.28063542653891,-8.26551284561122,-8.25062188387512,-8.23597193060024,-8.22157121583776,-8.20742333276536,-8.19353071534252,-8.17989579752855,-8.1665210132828,-8.15340879656471,-8.14056158133362,-8.12798180154886,-8.11567189116989,-8.10363428415603,-8.09187141446663,-8.08038571606112,-8.06917839204141,-8.05824572207962,-8.04758275499052,-8.0371845395888,-8.02704612468915,-8.01716255910634,-8.00752889165504,-7.99814017114996,-7.98899144640586,-7.98007776623742,-7.97139417945934,-7.96293573488638,-7.95469670025825,-7.94666821901474,-7.93884065352072,-7.93120436614101,-7.92374971924042,-7.91646707518382,-7.90934679633602,-7.90237924506184,-7.89555478372614,-7.88886377469374,-7.88229658032946,-7.87584356299815,-7.86949523940109,-7.86324274358532,-7.8570773639344,-7.85099038883182,-7.8449731066611,-7.83901680580576,-7.83311277464933,-7.82725230157529,-7.8214266749672,-7.81562718320857,-7.80984511468288,-7.80407175777369
"52",-9.72827241296986,-9.72104100406076,-9.71382775520256,-9.70663704017028,-9.69947323273887,-9.69234070668328,-9.68524383577852,-9.67818699379955,-9.67117455452132,-9.66421089171884,-9.65730037916707,-9.65044739064095,-9.6436562999155,-9.63693134786904,-9.63027624379332,-9.62369456408353,-9.61718988513479,-9.61076578334223,-9.60442583510102,-9.59817361680629,-9.59201270485318,-9.58594667563684,-9.57997910555242,-9.57411357099503,-9.56835364835985,-9.56270240451567,-9.55716086822586,-9.55172955872751,-9.54640899525764,-9.5411996970533,-9.53610218335156,-9.53111697338945,-9.52624458640402,-9.52148554163234,-9.51684035831144,-9.51230955567836,-9.50789365297018,-9.50359242988976,-9.49940270800328,-9.49532056934277,-9.49134209594023,-9.48746336982766,-9.4836804730371,-9.47998948760055,-9.47638649555001,-9.47286757891752,-9.46942881973508,-9.46606630003469,-9.46277610184838,-9.45955361354335,-9.45639144882759,-9.45328152774429,-9.45021577033662,-9.44718609664777,-9.44418442672093,-9.44120268059927,-9.43823277832598,-9.43526663994425,-9.43229618549725,-9.42931333502817,-9.4263100085802,-9.42327777837255,-9.42020682532864,-9.41708698254794,-9.41390808312987,-9.4106599601739,-9.40733244677949,-9.40391537604609,-9.40039858107314,-9.3967718949601,-9.39302515080643,-9.38914818171157,-9.385130820775,-9.38096309986578,-9.37663584593153,-9.37214008468954,-9.36746684185704,-9.36260714315129,-9.35755201428956,-9.35229248098911,-9.34681956896717,-9.34112430394103,-9.33519771162794,-9.32903081774514,-9.32261464800992,-9.31594098296088,-9.30900462242208,-9.30180112103899,-9.29432603345704,-9.28657491432165,-9.27854331827828,-9.27022679997237,-9.26162091404933,-9.25272121515465,-9.24352325793373,-9.23402259703199,-9.22421478709492,-9.2140964896881,-9.20366879405773,-9.19293389637028,-9.18189399279211,-9.1705512794896,-9.15890795262919,-9.14696620837727,-9.13472824290021,-9.12219625236445,-9.10937243293638,-9.09625898078235,-9.08285809206884,-9.06917306502371,-9.05521160612078,-9.0409825238955,-9.0264946268832,-9.0117567236192,-8.99677762263895,-8.98156613247776,-8.96613106167098,-8.95048121875403,-8.93462541226225,-8.91857245073096,-8.90233114269561,-8.88591100777466,-8.86932440991911,-8.85258442416324,-8.83570412554119,-8.8186965890871,-8.80157488983525,-8.78435210281978,-8.76704130307483,-8.74965556563468,-8.73220796553347,-8.71471157780533,-8.69717947748456,-8.67962478771145,-8.662060824051,-8.6445009501745,-8.6269585297531,-8.60944692645796,-8.59197950396037,-8.5745696259315,-8.55723065604249,-8.53997595796465,-8.52281889536912,-8.50577283192707,-8.48885113130978,-8.47206649478815,-8.45542897403196,-8.43894795831088,-8.42263283689443,-8.40649299905214,-8.39053783405367,-8.37477673116854,-8.35921907966628,-8.34387426881654,-8.32875168788885,-8.31386072615275,-8.29921077287787,-8.28481005811538,-8.27066217504299,-8.25676955762015,-8.24313463980618,-8.22975985556043,-8.21664763884234,-8.20380042361125,-8.19122064382649,-8.17891073344752,-8.16687312643366,-8.15511025674425,-8.14362455833875,-8.13241723431904,-8.12148456435725,-8.11082159726815,-8.10042338186643,-8.09028496696678,-8.08040140138396,-8.07076773393267,-8.06137901342758,-8.05223028868349,-8.04331660851505,-8.03463302173697,-8.02617457716401,-8.01793554253588,-8.00990706129237,-8.00207949579835,-7.99444320841864,-7.98698856151805,-7.97970591746145,-7.97258563861365,-7.96561808733947,-7.95879362600377,-7.95210261697137,-7.94553542260709,-7.93908240527578,-7.93273408167872,-7.92648158586295,-7.92031620621203,-7.91422923110945,-7.90821194893872,-7.90225564808339,-7.89635161692696,-7.89049114385292,-7.88466551724483,-7.8788660254862,-7.87308395696051,-7.86731060005132
"53",-9.79515560399564,-9.78792419508654,-9.78071094622834,-9.77352023119606,-9.76635642376465,-9.75922389770906,-9.7521270268043,-9.74507018482533,-9.7380577455471,-9.73109408274462,-9.72418357019285,-9.71733058166673,-9.71053949094128,-9.70381453889482,-9.6971594348191,-9.69057775510931,-9.68407307616057,-9.67764897436801,-9.6713090261268,-9.66505680783207,-9.65889589587896,-9.65282986666262,-9.6468622965782,-9.64099676202081,-9.63523683938564,-9.62958559554145,-9.62404405925164,-9.61861274975329,-9.61329218628342,-9.60808288807908,-9.60298537437734,-9.59800016441523,-9.5931277774298,-9.58836873265812,-9.58372354933722,-9.57919274670414,-9.57477684399596,-9.57047562091554,-9.56628589902906,-9.56220376036855,-9.55822528696601,-9.55434656085344,-9.55056366406288,-9.54687267862633,-9.54326968657579,-9.5397507699433,-9.53631201076086,-9.53294949106047,-9.52965929287416,-9.52643680456914,-9.52327463985337,-9.52016471877007,-9.5170989613624,-9.51406928767355,-9.51106761774671,-9.50808587162505,-9.50511596935176,-9.50214983097003,-9.49917937652303,-9.49619652605395,-9.49319319960598,-9.49016096939834,-9.48709001635443,-9.48397017357372,-9.48079127415565,-9.47754315119969,-9.47421563780527,-9.47079856707187,-9.46728177209892,-9.46365508598588,-9.45990834183221,-9.45603137273736,-9.45201401180078,-9.44784629089156,-9.44351903695731,-9.43902327571532,-9.43435003288282,-9.42949033417707,-9.42443520531534,-9.41917567201489,-9.41370275999295,-9.40800749496681,-9.40208090265372,-9.39591400877092,-9.3894978390357,-9.38282417398666,-9.37588781344786,-9.36868431206477,-9.36120922448282,-9.35345810534743,-9.34542650930407,-9.33710999099815,-9.32850410507511,-9.31960440618043,-9.31040644895951,-9.30090578805777,-9.2910979781207,-9.28097968071388,-9.27055198508351,-9.25981708739606,-9.24877718381789,-9.23743447051538,-9.22579114365498,-9.21384939940305,-9.20161143392599,-9.18907944339023,-9.17625562396216,-9.16314217180813,-9.14974128309462,-9.13605625604949,-9.12209479714656,-9.10786571492128,-9.09337781790898,-9.07863991464498,-9.06366081366473,-9.04844932350354,-9.03301425269676,-9.01736440977981,-9.00150860328803,-8.98545564175674,-8.96921433372139,-8.95279419880044,-8.93620760094489,-8.91946761518902,-8.90258731656697,-8.88557978011288,-8.86845808086103,-8.85123529384556,-8.83392449410061,-8.81653875666046,-8.79909115655925,-8.78159476883111,-8.76406266851034,-8.74650797873723,-8.72894401507678,-8.71138414120028,-8.69384172077888,-8.67633011748374,-8.65886269498615,-8.64145281695728,-8.62411384706827,-8.60685914899043,-8.5897020863949,-8.57265602295285,-8.55573432233556,-8.53894968581393,-8.52231216505774,-8.50583114933666,-8.48951602792021,-8.47337619007792,-8.45742102507946,-8.44165992219432,-8.42610227069206,-8.41075745984232,-8.39563487891463,-8.38074391717853,-8.36609396390365,-8.35169324914117,-8.33754536606877,-8.32365274864593,-8.31001783083196,-8.29664304658621,-8.28353082986812,-8.27068361463703,-8.25810383485227,-8.2457939244733,-8.23375631745944,-8.22199344777004,-8.21050774936453,-8.19930042534482,-8.18836775538303,-8.17770478829393,-8.16730657289221,-8.15716815799256,-8.14728459240975,-8.13765092495845,-8.12826220445337,-8.11911347970927,-8.11019979954083,-8.10151621276275,-8.09305776818979,-8.08481873356166,-8.07679025231815,-8.06896268682413,-8.06132639944442,-8.05387175254383,-8.04658910848723,-8.03946882963943,-8.03250127836525,-8.02567681702955,-8.01898580799715,-8.01241861363287,-8.00596559630156,-7.9996172727045,-7.99336477688873,-7.98719939723781,-7.98111242213523,-7.9750951399645,-7.96913883910917,-7.96323480795274,-7.9573743348787,-7.95154870827062,-7.94574921651198,-7.93996714798629,-7.9341937910771
"54",-9.86498315034783,-9.85775174143873,-9.85053849258053,-9.84334777754824,-9.83618397011683,-9.82905144406124,-9.82195457315648,-9.81489773117752,-9.80788529189929,-9.80092162909681,-9.79401111654503,-9.78715812801892,-9.78036703729347,-9.773642085247,-9.76698698117129,-9.7604053014615,-9.75390062251276,-9.7474765207202,-9.74113657247899,-9.73488435418426,-9.72872344223114,-9.72265741301481,-9.71668984293038,-9.71082430837299,-9.70506438573782,-9.69941314189364,-9.69387160560383,-9.68844029610547,-9.68311973263561,-9.67791043443126,-9.67281292072952,-9.66782771076742,-9.66295532378199,-9.6581962790103,-9.6535510956894,-9.64902029305633,-9.64460439034815,-9.64030316726773,-9.63611344538125,-9.63203130672073,-9.62805283331819,-9.62417410720563,-9.62039121041506,-9.61670022497852,-9.61309723292798,-9.60957831629549,-9.60613955711304,-9.60277703741265,-9.59948683922634,-9.59626435092132,-9.59310218620556,-9.58999226512225,-9.58692650771459,-9.58389683402574,-9.58089516409889,-9.57791341797724,-9.57494351570394,-9.57197737732221,-9.56900692287522,-9.56602407240613,-9.56302074595816,-9.55998851575052,-9.55691756270661,-9.5537977199259,-9.55061882050784,-9.54737069755187,-9.54404318415746,-9.54062611342406,-9.5371093184511,-9.53348263233807,-9.5297358881844,-9.52585891908954,-9.52184155815296,-9.51767383724374,-9.5133465833095,-9.5088508220675,-9.504177579235,-9.49931788052925,-9.49426275166753,-9.48900321836707,-9.48353030634513,-9.477835041319,-9.47190844900591,-9.46574155512311,-9.45932538538788,-9.45265172033884,-9.44571535980004,-9.43851185841696,-9.43103677083501,-9.42328565169961,-9.41525405565625,-9.40693753735034,-9.3983316514273,-9.38943195253261,-9.38023399531169,-9.37073333440996,-9.36092552447289,-9.35080722706607,-9.3403795314357,-9.32964463374825,-9.31860473017008,-9.30726201686756,-9.29561869000716,-9.28367694575524,-9.27143898027817,-9.25890698974242,-9.24608317031434,-9.23296971816032,-9.2195688294468,-9.20588380240167,-9.19192234349875,-9.17769326127347,-9.16320536426117,-9.14846746099717,-9.13348836001691,-9.11827686985573,-9.10284179904894,-9.087191956132,-9.07133614964022,-9.05528318810893,-9.03904188007357,-9.02262174515262,-9.00603514729707,-8.9892951615412,-8.97241486291915,-8.95540732646506,-8.93828562721322,-8.92106284019774,-8.90375204045279,-8.88636630301264,-8.86891870291143,-8.8514223151833,-8.83389021486252,-8.81633552508942,-8.79877156142896,-8.78121168755246,-8.76366926713106,-8.74615766383592,-8.72869024133834,-8.71128036330947,-8.69394139342046,-8.67668669534262,-8.65952963274709,-8.64248356930503,-8.62556186868775,-8.60877723216611,-8.59213971140993,-8.57565869568885,-8.5593435742724,-8.54320373643011,-8.52724857143164,-8.51148746854651,-8.49592981704425,-8.48058500619451,-8.46546242526682,-8.45057146353071,-8.43592151025584,-8.42152079549335,-8.40737291242096,-8.39348029499811,-8.37984537718415,-8.3664705929384,-8.35335837622031,-8.34051116098922,-8.32793138120446,-8.31562147082548,-8.30358386381162,-8.29182099412222,-8.28033529571672,-8.269127971697,-8.25819530173521,-8.24753233464611,-8.2371341192444,-8.22699570434474,-8.21711213876193,-8.20747847131063,-8.19808975080555,-8.18894102606145,-8.18002734589301,-8.17134375911493,-8.16288531454197,-8.15464627991384,-8.14661779867033,-8.13879023317632,-8.1311539457966,-8.12369929889602,-8.11641665483941,-8.10929637599162,-8.10232882471743,-8.09550436338174,-8.08881335434934,-8.08224615998505,-8.07579314265375,-8.06944481905668,-8.06319232324091,-8.05702694358999,-8.05093996848742,-8.04492268631669,-8.03896638546136,-8.03306235430492,-8.02720188123089,-8.0213762546228,-8.01557676286416,-8.00979469433847,-8.00402133742928
"55",-9.93701896319481,-9.92978755428571,-9.92257430542751,-9.91538359039523,-9.90821978296382,-9.90108725690823,-9.89399038600347,-9.8869335440245,-9.87992110474627,-9.8729574419438,-9.86604692939202,-9.8591939408659,-9.85240285014046,-9.84567789809399,-9.83902279401828,-9.83244111430848,-9.82593643535974,-9.81951233356718,-9.81317238532597,-9.80692016703125,-9.80075925507813,-9.79469322586179,-9.78872565577737,-9.78286012121998,-9.77710019858481,-9.77144895474062,-9.76590741845081,-9.76047610895246,-9.75515554548259,-9.74994624727825,-9.74484873357651,-9.7398635236144,-9.73499113662897,-9.73023209185729,-9.72558690853639,-9.72105610590332,-9.71664020319514,-9.71233898011471,-9.70814925822823,-9.70406711956772,-9.70008864616518,-9.69620992005261,-9.69242702326205,-9.6887360378255,-9.68513304577496,-9.68161412914247,-9.67817536996003,-9.67481285025964,-9.67152265207333,-9.66830016376831,-9.66513799905254,-9.66202807796924,-9.65896232056157,-9.65593264687272,-9.65293097694588,-9.64994923082422,-9.64697932855093,-9.6440131901692,-9.6410427357222,-9.63805988525312,-9.63505655880515,-9.63202432859751,-9.6289533755536,-9.62583353277289,-9.62265463335483,-9.61940651039886,-9.61607899700444,-9.61266192627104,-9.60914513129809,-9.60551844518505,-9.60177170103139,-9.59789473193653,-9.59387737099995,-9.58970965009073,-9.58538239615648,-9.58088663491449,-9.57621339208199,-9.57135369337624,-9.56629856451451,-9.56103903121406,-9.55556611919212,-9.54987085416598,-9.5439442618529,-9.53777736797009,-9.53136119823487,-9.52468753318583,-9.51775117264703,-9.51054767126394,-9.50307258368199,-9.4953214645466,-9.48728986850324,-9.47897335019733,-9.47036746427428,-9.4614677653796,-9.45226980815868,-9.44276914725694,-9.43296133731987,-9.42284303991305,-9.41241534428269,-9.40168044659523,-9.39064054301706,-9.37929782971455,-9.36765450285415,-9.35571275860223,-9.34347479312516,-9.3309428025894,-9.31811898316133,-9.3050055310073,-9.29160464229379,-9.27791961524866,-9.26395815634573,-9.24972907412045,-9.23524117710815,-9.22050327384415,-9.2055241728639,-9.19031268270271,-9.17487761189593,-9.15922776897898,-9.1433719624872,-9.12731900095591,-9.11107769292056,-9.09465755799961,-9.07807096014406,-9.06133097438819,-9.04445067576614,-9.02744313931205,-9.0103214400602,-8.99309865304473,-8.97578785329978,-8.95840211585963,-8.94095451575842,-8.92345812803028,-8.90592602770951,-8.8883713379364,-8.87080737427595,-8.85324750039945,-8.83570507997805,-8.81819347668291,-8.80072605418533,-8.78331617615645,-8.76597720626745,-8.7487225081896,-8.73156544559407,-8.71451938215202,-8.69759768153473,-8.6808130450131,-8.66417552425691,-8.64769450853583,-8.63137938711938,-8.6152395492771,-8.59928438427863,-8.58352328139349,-8.56796562989123,-8.55262081904149,-8.5374982381138,-8.5226072763777,-8.50795732310282,-8.49355660834034,-8.47940872526794,-8.4655161078451,-8.45188119003113,-8.43850640578538,-8.42539418906729,-8.4125469738362,-8.39996719405145,-8.38765728367247,-8.37561967665861,-8.36385680696921,-8.3523711085637,-8.34116378454399,-8.3302311145822,-8.3195681474931,-8.30916993209138,-8.29903151719173,-8.28914795160892,-8.27951428415762,-8.27012556365254,-8.26097683890844,-8.25206315874,-8.24337957196192,-8.23492112738896,-8.22668209276083,-8.21865361151732,-8.2108260460233,-8.20318975864359,-8.195735111743,-8.1884524676864,-8.1813321888386,-8.17436463756442,-8.16754017622872,-8.16084916719632,-8.15428197283204,-8.14782895550073,-8.14148063190367,-8.1352281360879,-8.12906275643698,-8.1229757813344,-8.11695849916368,-8.11100219830834,-8.10509816715191,-8.09923769407787,-8.09341206746979,-8.08761257571115,-8.08183050718546,-8.07605715027627
"56",-10.010526953705,-10.0032955447959,-9.9960822959377,-9.98889158090542,-9.98172777347401,-9.97459524741842,-9.96749837651366,-9.96044153453469,-9.95342909525646,-9.94646543245398,-9.9395549199022,-9.93270193137609,-9.92591084065064,-9.91918588860418,-9.91253078452846,-9.90594910481867,-9.89944442586993,-9.89302032407737,-9.88668037583616,-9.88042815754143,-9.87426724558831,-9.86820121637198,-9.86223364628755,-9.85636811173017,-9.85060818909499,-9.84495694525081,-9.839415408961,-9.83398409946265,-9.82866353599278,-9.82345423778843,-9.81835672408669,-9.81337151412459,-9.80849912713916,-9.80374008236747,-9.79909489904658,-9.7945640964135,-9.79014819370532,-9.7858469706249,-9.78165724873842,-9.77757511007791,-9.77359663667536,-9.7697179105628,-9.76593501377224,-9.76224402833569,-9.75864103628515,-9.75512211965266,-9.75168336047022,-9.74832084076982,-9.74503064258352,-9.74180815427849,-9.73864598956273,-9.73553606847942,-9.73247031107176,-9.72944063738291,-9.72643896745607,-9.72345722133441,-9.72048731906112,-9.71752118067938,-9.71455072623239,-9.71156787576331,-9.70856454931533,-9.70553231910769,-9.70246136606378,-9.69934152328307,-9.69616262386501,-9.69291450090904,-9.68958698751463,-9.68616991678123,-9.68265312180827,-9.67902643569524,-9.67527969154157,-9.67140272244671,-9.66738536151014,-9.66321764060092,-9.65889038666667,-9.65439462542468,-9.64972138259218,-9.64486168388642,-9.6398065550247,-9.63454702172425,-9.6290741097023,-9.62337884467617,-9.61745225236308,-9.61128535848028,-9.60486918874506,-9.59819552369602,-9.59125916315721,-9.58405566177413,-9.57658057419218,-9.56882945505678,-9.56079785901342,-9.55248134070751,-9.54387545478447,-9.53497575588978,-9.52577779866887,-9.51627713776713,-9.50646932783006,-9.49635103042324,-9.48592333479287,-9.47518843710542,-9.46414853352725,-9.45280582022473,-9.44116249336433,-9.42922074911241,-9.41698278363534,-9.40445079309959,-9.39162697367152,-9.37851352151749,-9.36511263280398,-9.35142760575885,-9.33746614685592,-9.32323706463064,-9.30874916761834,-9.29401126435434,-9.27903216337408,-9.2638206732129,-9.24838560240612,-9.23273575948917,-9.21687995299739,-9.2008269914661,-9.18458568343075,-9.1681655485098,-9.15157895065425,-9.13483896489838,-9.11795866627632,-9.10095112982223,-9.08382943057039,-9.06660664355492,-9.04929584380997,-9.03191010636982,-9.01446250626861,-8.99696611854047,-8.9794340182197,-8.96187932844659,-8.94431536478614,-8.92675549090963,-8.90921307048824,-8.89170146719309,-8.87423404469551,-8.85682416666664,-8.83948519677763,-8.82223049869979,-8.80507343610426,-8.78802737266221,-8.77110567204492,-8.75432103552328,-8.7376835147671,-8.72120249904602,-8.70488737762957,-8.68874753978728,-8.67279237478881,-8.65703127190368,-8.64147362040142,-8.62612880955168,-8.61100622862399,-8.59611526688788,-8.58146531361301,-8.56706459885052,-8.55291671577813,-8.53902409835529,-8.52538918054132,-8.51201439629557,-8.49890217957748,-8.48605496434639,-8.47347518456163,-8.46116527418266,-8.4491276671688,-8.43736479747939,-8.42587909907389,-8.41467177505417,-8.40373910509238,-8.39307613800328,-8.38267792260157,-8.37253950770191,-8.3626559421191,-8.35302227466781,-8.34363355416272,-8.33448482941863,-8.32557114925018,-8.31688756247211,-8.30842911789914,-8.30019008327101,-8.2921616020275,-8.28433403653349,-8.27669774915378,-8.26924310225319,-8.26196045819658,-8.25484017934879,-8.2478726280746,-8.24104816673891,-8.23435715770651,-8.22778996334222,-8.22133694601092,-8.21498862241386,-8.20873612659809,-8.20257074694717,-8.19648377184459,-8.19046648967386,-8.18451018881853,-8.1786061576621,-8.17274568458806,-8.16692005797997,-8.16112056622134,-8.15533849769565,-8.14956514078645
"57",-10.0847710330468,-10.0775396241377,-10.0703263752795,-10.0631356602472,-10.0559718528158,-10.0488393267602,-10.0417424558554,-10.0346856138765,-10.0276731745982,-10.0207095117958,-10.013798999244,-10.0069460107179,-10.0001549199924,-9.99342996794597,-9.98677486387025,-9.98019318416046,-9.97368850521172,-9.96726440341916,-9.96092445517795,-9.95467223688322,-9.9485113249301,-9.94244529571377,-9.93647772562934,-9.93061219107195,-9.92485226843678,-9.9192010245926,-9.91365948830279,-9.90822817880444,-9.90290761533457,-9.89769831713022,-9.89260080342848,-9.88761559346638,-9.88274320648095,-9.87798416170926,-9.87333897838837,-9.86880817575529,-9.86439227304711,-9.86009104996669,-9.85590132808021,-9.8518191894197,-9.84784071601715,-9.84396198990459,-9.84017909311403,-9.83648810767748,-9.83288511562694,-9.82936619899445,-9.825927439812,-9.82256492011161,-9.8192747219253,-9.81605223362028,-9.81289006890452,-9.80978014782121,-9.80671439041355,-9.8036847167247,-9.80068304679785,-9.7977013006762,-9.79473139840291,-9.79176526002117,-9.78879480557418,-9.7858119551051,-9.78280862865712,-9.77977639844948,-9.77670544540557,-9.77358560262486,-9.7704067032068,-9.76715858025083,-9.76383106685642,-9.76041399612302,-9.75689720115006,-9.75327051503703,-9.74952377088336,-9.7456468017885,-9.74162944085193,-9.7374617199427,-9.73313446600846,-9.72863870476646,-9.72396546193396,-9.71910576322821,-9.71405063436649,-9.70879110106603,-9.70331818904409,-9.69762292401796,-9.69169633170487,-9.68552943782207,-9.67911326808684,-9.6724396030378,-9.665503242499,-9.65829974111592,-9.65082465353397,-9.64307353439857,-9.63504193835521,-9.6267254200493,-9.61811953412626,-9.60921983523157,-9.60002187801065,-9.59052121710892,-9.58071340717185,-9.57059510976503,-9.56016741413466,-9.54943251644721,-9.53839261286904,-9.52704989956652,-9.51540657270612,-9.5034648284542,-9.49122686297713,-9.47869487244138,-9.4658710530133,-9.45275760085928,-9.43935671214577,-9.42567168510063,-9.41171022619771,-9.39748114397243,-9.38299324696013,-9.36825534369613,-9.35327624271587,-9.33806475255469,-9.3226296817479,-9.30697983883096,-9.29112403233918,-9.27507107080789,-9.25882976277254,-9.24240962785159,-9.22582302999603,-9.20908304424016,-9.19220274561811,-9.17519520916402,-9.15807350991218,-9.1408507228967,-9.12353992315176,-9.10615418571161,-9.0887065856104,-9.07121019788226,-9.05367809756149,-9.03612340778838,-9.01855944412793,-9.00099957025142,-8.98345714983002,-8.96594554653488,-8.9484781240373,-8.93106824600843,-8.91372927611942,-8.89647457804158,-8.87931751544605,-8.862271452004,-8.84534975138671,-8.82856511486507,-8.81192759410889,-8.79544657838781,-8.77913145697136,-8.76299161912907,-8.7470364541306,-8.73127535124547,-8.71571769974321,-8.70037288889347,-8.68525030796578,-8.67035934622967,-8.6557093929548,-8.64130867819231,-8.62716079511992,-8.61326817769707,-8.59963325988311,-8.58625847563736,-8.57314625891927,-8.56029904368818,-8.54771926390342,-8.53540935352444,-8.52337174651058,-8.51160887682118,-8.50012317841568,-8.48891585439596,-8.47798318443417,-8.46732021734507,-8.45692200194336,-8.4467835870437,-8.43690002146089,-8.4272663540096,-8.41787763350451,-8.40872890876041,-8.39981522859197,-8.39113164181389,-8.38267319724093,-8.3744341626128,-8.36640568136929,-8.35857811587528,-8.35094182849557,-8.34348718159498,-8.33620453753837,-8.32908425869058,-8.32211670741639,-8.3152922460807,-8.3086012370483,-8.30203404268401,-8.29558102535271,-8.28923270175564,-8.28298020593988,-8.27681482628896,-8.27072785118638,-8.26471056901565,-8.25875426816032,-8.25285023700388,-8.24698976392985,-8.24116413732176,-8.23536464556312,-8.22958257703743,-8.22380922012824
"58",-10.1591377938605,-10.1519063849514,-10.1446931360932,-10.1375024210609,-10.1303386136295,-10.1232060875739,-10.1161092166692,-10.1090523746902,-10.102039935412,-10.0950762726095,-10.0881657600577,-10.0813127715316,-10.0745216808062,-10.0677967287597,-10.061141624684,-10.0545599449742,-10.0480552660254,-10.0416311642329,-10.0352912159917,-10.0290389976969,-10.0228780857438,-10.0168120565275,-10.0108444864431,-10.0049789518857,-9.99921902925051,-9.99356778540632,-9.98802624911651,-9.98259493961816,-9.97727437614829,-9.97206507794395,-9.96696756424221,-9.9619823542801,-9.95710996729467,-9.95235092252299,-9.94770573920209,-9.94317493656902,-9.93875903386084,-9.93445781078041,-9.93026808889393,-9.92618595023342,-9.92220747683088,-9.91832875071831,-9.91454585392775,-9.9108548684912,-9.90725187644066,-9.90373295980817,-9.90029420062573,-9.89693168092534,-9.89364148273903,-9.89041899443401,-9.88725682971824,-9.88414690863494,-9.88108115122727,-9.87805147753842,-9.87504980761158,-9.87206806148992,-9.86909815921663,-9.8661320208349,-9.8631615663879,-9.86017871591882,-9.85717538947085,-9.85414315926321,-9.8510722062193,-9.84795236343859,-9.84477346402053,-9.84152534106456,-9.83819782767014,-9.83478075693674,-9.83126396196379,-9.82763727585075,-9.82389053169709,-9.82001356260223,-9.81599620166565,-9.81182848075643,-9.80750122682218,-9.80300546558019,-9.79833222274769,-9.79347252404194,-9.78841739518021,-9.78315786187976,-9.77768494985782,-9.77198968483168,-9.7660630925186,-9.75989619863579,-9.75348002890057,-9.74680636385153,-9.73987000331273,-9.73266650192964,-9.72519141434769,-9.7174402952123,-9.70940869916894,-9.70109218086303,-9.69248629493998,-9.6835865960453,-9.67438863882438,-9.66488797792264,-9.65508016798557,-9.64496187057875,-9.63453417494839,-9.62379927726093,-9.61275937368276,-9.60141666038025,-9.58977333351985,-9.57783158926792,-9.56559362379086,-9.5530616332551,-9.54023781382703,-9.527124361673,-9.51372347295949,-9.50003844591436,-9.48607698701143,-9.47184790478615,-9.45736000777385,-9.44262210450985,-9.4276430035296,-9.41243151336841,-9.39699644256163,-9.38134659964468,-9.3654907931529,-9.34943783162161,-9.33319652358626,-9.31677638866531,-9.30018979080976,-9.28344980505389,-9.26656950643184,-9.24956196997775,-9.2324402707259,-9.21521748371043,-9.19790668396548,-9.18052094652533,-9.16307334642412,-9.14557695869598,-9.12804485837521,-9.1104901686021,-9.09292620494165,-9.07536633106515,-9.05782391064375,-9.04031230734861,-9.02284488485103,-9.00543500682215,-8.98809603693315,-8.9708413388553,-8.95368427625977,-8.93663821281772,-8.91971651220043,-8.9029318756788,-8.88629435492261,-8.86981333920153,-8.85349821778508,-8.8373583799428,-8.82140321494433,-8.80564211205919,-8.79008446055693,-8.77473964970719,-8.7596170687795,-8.7447261070434,-8.73007615376852,-8.71567543900604,-8.70152755593364,-8.6876349385108,-8.67400002069683,-8.66062523645108,-8.64751301973299,-8.6346658045019,-8.62208602471715,-8.60977611433817,-8.59773850732431,-8.58597563763491,-8.5744899392294,-8.56328261520969,-8.5523499452479,-8.5416869781588,-8.53128876275708,-8.52115034785743,-8.51126678227462,-8.50163311482332,-8.49224439431824,-8.48309566957414,-8.4741819894057,-8.46549840262762,-8.45703995805466,-8.44880092342653,-8.44077244218302,-8.432944876689,-8.42530858930929,-8.4178539424087,-8.4105712983521,-8.4034510195043,-8.39648346823012,-8.38965900689442,-8.38296799786202,-8.37640080349774,-8.36994778616643,-8.36359946256937,-8.3573469667536,-8.35118158710268,-8.3450946120001,-8.33907732982938,-8.33312102897404,-8.32721699781761,-8.32135652474357,-8.31553089813549,-8.30973140637685,-8.30394933785116,-8.29817598094197
"59",-10.2335045546742,-10.2262731457651,-10.2190598969069,-10.2118691818747,-10.2047053744432,-10.1975728483877,-10.1904759774829,-10.1834191355039,-10.1764066962257,-10.1694430334232,-10.1625325208714,-10.1556795323453,-10.1488884416199,-10.1421634895734,-10.1355083854977,-10.1289267057879,-10.1224220268392,-10.1159979250466,-10.1096579768054,-10.1034057585107,-10.0972448465575,-10.0911788173412,-10.0852112472568,-10.0793457126994,-10.0735857900642,-10.06793454622,-10.0623930099302,-10.0569617004319,-10.051641136962,-10.0464318387577,-10.0413343250559,-10.0363491150938,-10.0314767281084,-10.0267176833367,-10.0220725000158,-10.0175416973827,-10.0131257946746,-10.0088245715941,-10.0046348497077,-10.0005527110471,-9.9965742376446,-9.99269551153203,-9.98891261474147,-9.98522162930492,-9.98161863725439,-9.9780997206219,-9.97466096143945,-9.97129844173906,-9.96800824355275,-9.96478575524773,-9.96162359053197,-9.95851366944866,-9.955447912041,-9.95241823835214,-9.9494165684253,-9.94643482230365,-9.94346492003035,-9.94049878164862,-9.93752832720162,-9.93454547673254,-9.93154215028457,-9.92850992007693,-9.92543896703302,-9.92231912425231,-9.91914022483425,-9.91589210187828,-9.91256458848387,-9.90914751775046,-9.90563072277751,-9.90200403666448,-9.89825729251081,-9.89438032341595,-9.89036296247937,-9.88619524157015,-9.8818679876359,-9.87737222639391,-9.87269898356141,-9.86783928485566,-9.86278415599394,-9.85752462269348,-9.85205171067154,-9.8463564456454,-9.84042985333232,-9.83426295944951,-9.82784678971429,-9.82117312466525,-9.81423676412645,-9.80703326274336,-9.79955817516142,-9.79180705602602,-9.78377545998266,-9.77545894167675,-9.76685305575371,-9.75795335685902,-9.7487553996381,-9.73925473873636,-9.7294469287993,-9.71932863139247,-9.70890093576211,-9.69816603807466,-9.68712613449649,-9.67578342119397,-9.66414009433357,-9.65219835008165,-9.63996038460458,-9.62742839406882,-9.61460457464075,-9.60149112248672,-9.58809023377321,-9.57440520672808,-9.56044374782515,-9.54621466559988,-9.53172676858757,-9.51698886532357,-9.50200976434332,-9.48679827418214,-9.47136320337535,-9.4557133604584,-9.43985755396663,-9.42380459243534,-9.40756328439998,-9.39114314947903,-9.37455655162348,-9.35781656586761,-9.34093626724556,-9.32392873079147,-9.30680703153962,-9.28958424452415,-9.2722734447792,-9.25488770733905,-9.23744010723784,-9.21994371950971,-9.20241161918893,-9.18485692941583,-9.16729296575537,-9.14973309187887,-9.13219067145747,-9.11467906816233,-9.09721164566475,-9.07980176763587,-9.06246279774687,-9.04520809966902,-9.0280510370735,-9.01100497363144,-8.99408327301416,-8.97729863649252,-8.96066111573633,-8.94418010001525,-8.92786497859881,-8.91172514075652,-8.89576997575805,-8.88000887287292,-8.86445122137065,-8.84910641052091,-8.83398382959323,-8.81909286785712,-8.80444291458224,-8.79004219981976,-8.77589431674737,-8.76200169932452,-8.74836678151055,-8.73499199726481,-8.72187978054672,-8.70903256531562,-8.69645278553087,-8.68414287515189,-8.67210526813803,-8.66034239844863,-8.64885670004312,-8.63764937602341,-8.62671670606162,-8.61605373897252,-8.6056555235708,-8.59551710867115,-8.58563354308834,-8.57599987563704,-8.56661115513196,-8.55746243038786,-8.54854875021942,-8.53986516344134,-8.53140671886838,-8.52316768424025,-8.51513920299674,-8.50731163750272,-8.49967535012301,-8.49222070322242,-8.48493805916582,-8.47781778031802,-8.47085022904384,-8.46402576770814,-8.45733475867574,-8.45076756431146,-8.44431454698015,-8.43796622338309,-8.43171372756732,-8.4255483479164,-8.41946137281383,-8.4134440906431,-8.40748778978777,-8.40158375863133,-8.3957232855573,-8.38989765894921,-8.38409816719057,-8.37831609866488,-8.37254274175569
"60",-10.307871315488,-10.3006399065789,-10.2934266577207,-10.2862359426884,-10.279072135257,-10.2719396092014,-10.2648427382966,-10.2577858963176,-10.2507734570394,-10.2438097942369,-10.2368992816852,-10.230046293159,-10.2232552024336,-10.2165302503871,-10.2098751463114,-10.2032934666016,-10.1967887876529,-10.1903646858603,-10.1840247376191,-10.1777725193244,-10.1716116073713,-10.1655455781549,-10.1595780080705,-10.1537124735131,-10.147952550878,-10.1423013070338,-10.136759770744,-10.1313284612456,-10.1260078977757,-10.1207985995714,-10.1157010858697,-10.1107158759075,-10.1058434889221,-10.1010844441504,-10.0964392608295,-10.0919084581965,-10.0874925554883,-10.0831913324079,-10.0790016105214,-10.0749194718609,-10.0709409984583,-10.0670622723458,-10.0632793755552,-10.0595883901186,-10.0559853980681,-10.0524664814356,-10.0490277222532,-10.0456652025528,-10.0423750043665,-10.0391525160615,-10.0359903513457,-10.0328804302624,-10.0298146728547,-10.0267849991659,-10.023783329239,-10.0208015831174,-10.0178316808441,-10.0148655424623,-10.0118950880153,-10.0089122375463,-10.0059089110983,-10.0028766808907,-9.99980572784674,-9.99668588506603,-9.99350698564797,-9.990258862692,-9.98693134929759,-9.98351427856419,-9.97999748359123,-9.9763707974782,-9.97262405332453,-9.96874708422967,-9.9647297232931,-9.96056200238387,-9.95623474844963,-9.95173898720763,-9.94706574437513,-9.94220604566938,-9.93715091680766,-9.9318913835072,-9.92641847148526,-9.92072320645913,-9.91479661414604,-9.90862972026324,-9.90221355052801,-9.89553988547897,-9.88860352494017,-9.88140002355709,-9.87392493597514,-9.86617381683974,-9.85814222079638,-9.84982570249047,-9.84121981656743,-9.83232011767274,-9.82312216045182,-9.81362149955009,-9.80381368961302,-9.7936953922062,-9.78326769657583,-9.77253279888838,-9.76149289531021,-9.75015018200769,-9.73850685514729,-9.72656511089537,-9.7143271454183,-9.70179515488255,-9.68897133545447,-9.67585788330045,-9.66245699458694,-9.6487719675418,-9.63481050863888,-9.6205814264136,-9.6060935294013,-9.5913556261373,-9.57637652515704,-9.56116503499586,-9.54572996418907,-9.53008012127213,-9.51422431478035,-9.49817135324906,-9.4819300452137,-9.46550991029276,-9.4489233124372,-9.43218332668133,-9.41530302805928,-9.39829549160519,-9.38117379235335,-9.36395100533787,-9.34664020559292,-9.32925446815278,-9.31180686805157,-9.29431048032343,-9.27677838000266,-9.25922369022955,-9.2416597265691,-9.22409985269259,-9.20655743227119,-9.18904582897605,-9.17157840647847,-9.1541685284496,-9.13682955856059,-9.11957486048275,-9.10241779788722,-9.08537173444516,-9.06845003382788,-9.05166539730624,-9.03502787655006,-9.01854686082898,-9.00223173941253,-8.98609190157024,-8.97013673657177,-8.95437563368664,-8.93881798218438,-8.92347317133464,-8.90835059040695,-8.89345962867084,-8.87880967539597,-8.86440896063348,-8.85026107756109,-8.83636846013824,-8.82273354232428,-8.80935875807853,-8.79624654136044,-8.78339932612935,-8.77081954634459,-8.75850963596561,-8.74647202895175,-8.73470915926235,-8.72322346085685,-8.71201613683713,-8.70108346687534,-8.69042049978624,-8.68002228438453,-8.66988386948487,-8.66000030390206,-8.65036663645076,-8.64097791594568,-8.63182919120158,-8.62291551103314,-8.61423192425506,-8.6057734796821,-8.59753444505397,-8.58950596381046,-8.58167839831645,-8.57404211093674,-8.56658746403615,-8.55930481997954,-8.55218454113175,-8.54521698985756,-8.53839252852187,-8.53170151948947,-8.52513432512518,-8.51868130779388,-8.51233298419681,-8.50608048838104,-8.49991510873013,-8.49382813362755,-8.48781085145682,-8.48185455060149,-8.47595051944505,-8.47009004637102,-8.46426441976293,-8.45846492800429,-8.4526828594786,-8.44690950256941
"61",-10.3822380763017,-10.3750066673926,-10.3677934185344,-10.3606027035021,-10.3534388960707,-10.3463063700151,-10.3392094991103,-10.3321526571314,-10.3251402178531,-10.3181765550507,-10.3112660424989,-10.3044130539728,-10.2976219632473,-10.2908970112009,-10.2842419071251,-10.2776602274153,-10.2711555484666,-10.264731446674,-10.2583914984328,-10.2521392801381,-10.245978368185,-10.2399123389687,-10.2339447688842,-10.2280792343268,-10.2223193116917,-10.2166680678475,-10.2111265315577,-10.2056952220593,-10.2003746585895,-10.1951653603851,-10.1900678466834,-10.1850826367213,-10.1802102497358,-10.1754512049642,-10.1708060216433,-10.1662752190102,-10.161859316302,-10.1575580932216,-10.1533683713351,-10.1492862326746,-10.145307759272,-10.1414290331595,-10.1376461363689,-10.1339551509324,-10.1303521588818,-10.1268332422493,-10.1233944830669,-10.1200319633665,-10.1167417651802,-10.1135192768752,-10.1103571121594,-10.1072471910761,-10.1041814336684,-10.1011517599796,-10.0981500900527,-10.0951683439311,-10.0921984416578,-10.0892323032761,-10.0862618488291,-10.08327899836,-10.080275671912,-10.0772434417044,-10.0741724886605,-10.0710526458798,-10.0678737464617,-10.0646256235057,-10.0612981101113,-10.0578810393779,-10.054364244405,-10.0507375582919,-10.0469908141383,-10.0431138450434,-10.0390964841068,-10.0349287631976,-10.0306015092633,-10.0261057480214,-10.0214325051889,-10.0165728064831,-10.0115176776214,-10.0062581443209,-10.000785232299,-9.99508996727285,-9.98916337495976,-9.98299648107696,-9.97658031134173,-9.96990664629269,-9.96297028575389,-9.95576678437081,-9.94829169678886,-9.94054057765346,-9.9325089816101,-9.92419246330419,-9.91558657738115,-9.90668687848646,-9.89748892126554,-9.88798826036381,-9.87818045042674,-9.86806215301992,-9.85763445738955,-9.8468995597021,-9.83585965612393,-9.82451694282141,-9.81287361596101,-9.80093187170909,-9.78869390623202,-9.77616191569627,-9.7633380962682,-9.75022464411417,-9.73682375540066,-9.72313872835552,-9.7091772694526,-9.69494818722732,-9.68046029021502,-9.66572238695102,-9.65074328597076,-9.63553179580958,-9.62009672500279,-9.60444688208585,-9.58859107559407,-9.57253811406278,-9.55629680602743,-9.53987667110648,-9.52329007325092,-9.50655008749506,-9.489669788873,-9.47266225241891,-9.45554055316707,-9.4383177661516,-9.42100696640665,-9.4036212289665,-9.38617362886529,-9.36867724113715,-9.35114514081638,-9.33359045104327,-9.31602648738282,-9.29846661350631,-9.28092419308491,-9.26341258978977,-9.24594516729219,-9.22853528926332,-9.21119631937431,-9.19394162129647,-9.17678455870094,-9.15973849525889,-9.1428167946416,-9.12603215811996,-9.10939463736378,-9.0929136216427,-9.07659850022625,-9.06045866238396,-9.04450349738549,-9.02874239450036,-9.0131847429981,-8.99783993214836,-8.98271735122067,-8.96782638948456,-8.95317643620969,-8.9387757214472,-8.92462783837481,-8.91073522095197,-8.897100303138,-8.88372551889225,-8.87061330217416,-8.85776608694307,-8.84518630715831,-8.83287639677934,-8.82083878976547,-8.80907592007607,-8.79759022167057,-8.78638289765085,-8.77545022768906,-8.76478726059996,-8.75438904519825,-8.74425063029859,-8.73436706471578,-8.72473339726448,-8.7153446767594,-8.7061959520153,-8.69728227184686,-8.68859868506878,-8.68014024049582,-8.67190120586769,-8.66387272462418,-8.65604515913017,-8.64840887175046,-8.64095422484987,-8.63367158079326,-8.62655130194547,-8.61958375067128,-8.61275928933559,-8.60606828030319,-8.5995010859389,-8.5930480686076,-8.58669974501053,-8.58044724919477,-8.57428186954385,-8.56819489444127,-8.56217761227054,-8.55622131141521,-8.55031728025877,-8.54445680718474,-8.53863118057665,-8.53283168881801,-8.52704962029232,-8.52127626338313
"62",-10.4566048371154,-10.4493734282063,-10.4421601793481,-10.4349694643158,-10.4278056568844,-10.4206731308288,-10.4135762599241,-10.4065194179451,-10.3995069786669,-10.3925433158644,-10.3856328033126,-10.3787798147865,-10.371988724061,-10.3652637720146,-10.3586086679389,-10.3520269882291,-10.3455223092803,-10.3390982074878,-10.3327582592466,-10.3265060409518,-10.3203451289987,-10.3142790997824,-10.308311529698,-10.3024459951406,-10.2966860725054,-10.2910348286612,-10.2854932923714,-10.280061982873,-10.2747414194032,-10.2695321211988,-10.2644346074971,-10.259449397535,-10.2545770105496,-10.2498179657779,-10.245172782457,-10.2406419798239,-10.2362260771157,-10.2319248540353,-10.2277351321488,-10.2236529934883,-10.2196745200858,-10.2157957939732,-10.2120128971826,-10.2083219117461,-10.2047189196956,-10.2012000030631,-10.1977612438806,-10.1943987241802,-10.1911085259939,-10.1878860376889,-10.1847238729731,-10.1816139518898,-10.1785481944822,-10.1755185207933,-10.1725168508665,-10.1695351047448,-10.1665652024715,-10.1635990640898,-10.1606286096428,-10.1576457591737,-10.1546424327257,-10.1516102025181,-10.1485392494742,-10.1454194066935,-10.1422405072754,-10.1389923843194,-10.135664870925,-10.1322478001916,-10.1287310052187,-10.1251043191056,-10.121357574952,-10.1174806058571,-10.1134632449205,-10.1092955240113,-10.1049682700771,-10.1004725088351,-10.0957992660026,-10.0909395672968,-10.0858844384351,-10.0806249051346,-10.0751519931127,-10.0694567280866,-10.0635301357735,-10.0573632418907,-10.0509470721555,-10.0442734071064,-10.0373370465676,-10.0301335451845,-10.0226584576026,-10.0149073384672,-10.0068757424238,-9.99855922411791,-9.98995333819487,-9.98105363930019,-9.97185568207927,-9.96235502117753,-9.95254721124046,-9.94242891383364,-9.93200121820327,-9.92126632051582,-9.91022641693765,-9.89888370363514,-9.88724037677473,-9.87529863252281,-9.86306066704575,-9.85052867650999,-9.83770485708192,-9.82459140492789,-9.81119051621438,-9.79750548916925,-9.78354403026632,-9.76931494804104,-9.75482705102874,-9.74008914776474,-9.72511004678449,-9.7098985566233,-9.69446348581652,-9.67881364289957,-9.66295783640779,-9.6469048748765,-9.63066356684115,-9.6142434319202,-9.59765683406465,-9.58091684830878,-9.56403654968673,-9.54702901323264,-9.52990731398079,-9.51268452696532,-9.49537372722037,-9.47798798978022,-9.46054038967901,-9.44304400195087,-9.4255119016301,-9.40795721185699,-9.39039324819654,-9.37283337432003,-9.35529095389864,-9.3377793506035,-9.32031192810591,-9.30290205007704,-9.28556308018803,-9.26830838211019,-9.25115131951466,-9.23410525607261,-9.21718355545532,-9.20039891893369,-9.1837613981775,-9.16728038245642,-9.15096526103997,-9.13482542319768,-9.11887025819921,-9.10310915531408,-9.08755150381182,-9.07220669296208,-9.05708411203439,-9.04219315029829,-9.02754319702341,-9.01314248226092,-8.99899459918853,-8.98510198176569,-8.97146706395172,-8.95809227970597,-8.94498006298788,-8.93213284775679,-8.91955306797203,-8.90724315759306,-8.8952055505792,-8.8834426808898,-8.87195698248429,-8.86074965846458,-8.84981698850279,-8.83915402141369,-8.82875580601197,-8.81861739111232,-8.8087338255295,-8.79910015807821,-8.78971143757312,-8.78056271282903,-8.77164903266059,-8.76296544588251,-8.75450700130955,-8.74626796668142,-8.7382394854379,-8.73041191994389,-8.72277563256418,-8.71532098566359,-8.70803834160699,-8.70091806275919,-8.69395051148501,-8.68712605014931,-8.68043504111691,-8.67386784675262,-8.66741482942132,-8.66106650582426,-8.65481401000849,-8.64864863035757,-8.64256165525499,-8.63654437308426,-8.63058807222893,-8.6246840410725,-8.61882356799846,-8.61299794139038,-8.60719844963174,-8.60141638110605,-8.59564302419686
"63",-10.5309715979291,-10.52374018902,-10.5165269401618,-10.5093362251295,-10.5021724176981,-10.4950398916425,-10.4879430207378,-10.4808861787588,-10.4738737394806,-10.4669100766781,-10.4599995641263,-10.4531465756002,-10.4463554848748,-10.4396305328283,-10.4329754287526,-10.4263937490428,-10.4198890700941,-10.4134649683015,-10.4071250200603,-10.4008728017656,-10.3947118898124,-10.3886458605961,-10.3826782905117,-10.3768127559543,-10.3710528333191,-10.3654015894749,-10.3598600531851,-10.3544287436868,-10.3491081802169,-10.3438988820126,-10.3388013683108,-10.3338161583487,-10.3289437713633,-10.3241847265916,-10.3195395432707,-10.3150087406376,-10.3105928379294,-10.306291614849,-10.3021018929625,-10.298019754302,-10.2940412808995,-10.2901625547869,-10.2863796579964,-10.2826886725598,-10.2790856805093,-10.2755667638768,-10.2721280046943,-10.2687654849939,-10.2654752868076,-10.2622527985026,-10.2590906337869,-10.2559807127035,-10.2529149552959,-10.249885281607,-10.2468836116802,-10.2439018655585,-10.2409319632852,-10.2379658249035,-10.2349953704565,-10.2320125199874,-10.2290091935395,-10.2259769633318,-10.2229060102879,-10.2197861675072,-10.2166072680891,-10.2133591451332,-10.2100316317388,-10.2066145610054,-10.2030977660324,-10.1994710799194,-10.1957243357657,-10.1918473666708,-10.1878300057343,-10.183662284825,-10.1793350308908,-10.1748392696488,-10.1701660268163,-10.1653063281105,-10.1602511992488,-10.1549916659484,-10.1495187539264,-10.1438234889003,-10.1378968965872,-10.1317300027044,-10.1253138329692,-10.1186401679201,-10.1117038073813,-10.1045003059983,-10.0970252184163,-10.0892740992809,-10.0812425032375,-10.0729259849316,-10.0643200990086,-10.0554204001139,-10.046222442893,-10.0367217819913,-10.0269139720542,-10.0167956746474,-10.006367979017,-9.99563308132954,-9.98459317775137,-9.97325046444886,-9.96160713758846,-9.94966539333654,-9.93742742785947,-9.92489543732371,-9.91207161789564,-9.89895816574161,-9.8855572770281,-9.87187224998297,-9.85791079108004,-9.84368170885477,-9.82919381184246,-9.81445590857846,-9.79947680759821,-9.78426531743703,-9.76883024663024,-9.75318040371329,-9.73732459722151,-9.72127163569022,-9.70503032765487,-9.68861019273392,-9.67202359487837,-9.6552836091225,-9.63840331050045,-9.62139577404636,-9.60427407479451,-9.58705128777904,-9.56974048803409,-9.55235475059394,-9.53490715049273,-9.5174107627646,-9.49987866244382,-9.48232397267071,-9.46476000901026,-9.44720013513376,-9.42965771471236,-9.41214611141722,-9.39467868891964,-9.37726881089076,-9.35992984100176,-9.34267514292391,-9.32551808032838,-9.30847201688633,-9.29155031626904,-9.27476567974741,-9.25812815899122,-9.24164714327014,-9.2253320218537,-9.20919218401141,-9.19323701901294,-9.1774759161278,-9.16191826462554,-9.1465734537758,-9.13145087284812,-9.11655991111201,-9.10190995783713,-9.08750924307465,-9.07336136000226,-9.05946874257941,-9.04583382476544,-9.0324590405197,-9.0193468238016,-9.00649960857051,-8.99391982878576,-8.98160991840678,-8.96957231139292,-8.95780944170352,-8.94632374329801,-8.9351164192783,-8.92418374931651,-8.91352078222741,-8.90312256682569,-8.89298415192604,-8.88310058634323,-8.87346691889193,-8.86407819838685,-8.85492947364275,-8.84601579347431,-8.83733220669623,-8.82887376212327,-8.82063472749514,-8.81260624625163,-8.80477868075761,-8.7971423933779,-8.78968774647731,-8.78240510242071,-8.77528482357291,-8.76831727229873,-8.76149281096303,-8.75480180193063,-8.74823460756635,-8.74178159023504,-8.73543326663798,-8.72918077082221,-8.72301539117129,-8.71692841606872,-8.71091113389799,-8.70495483304265,-8.69905080188622,-8.69319032881219,-8.6873647022041,-8.68156521044546,-8.67578314191977,-8.67000978501058
"64",-10.6053383587428,-10.5981069498337,-10.5908937009755,-10.5837029859433,-10.5765391785119,-10.5694066524563,-10.5623097815515,-10.5552529395725,-10.5482405002943,-10.5412768374918,-10.53436632494,-10.5275133364139,-10.5207222456885,-10.513997293642,-10.5073421895663,-10.5007605098565,-10.4942558309078,-10.4878317291152,-10.481491780874,-10.4752395625793,-10.4690786506262,-10.4630126214098,-10.4570450513254,-10.451179516768,-10.4454195941328,-10.4397683502887,-10.4342268139988,-10.4287955045005,-10.4234749410306,-10.4182656428263,-10.4131681291245,-10.4081829191624,-10.403310532177,-10.3985514874053,-10.3939063040844,-10.3893755014513,-10.3849595987432,-10.3806583756627,-10.3764686537763,-10.3723865151158,-10.3684080417132,-10.3645293156006,-10.3607464188101,-10.3570554333735,-10.353452441323,-10.3499335246905,-10.3464947655081,-10.3431322458077,-10.3398420476214,-10.3366195593163,-10.3334573946006,-10.3303474735173,-10.3272817161096,-10.3242520424208,-10.3212503724939,-10.3182686263723,-10.315298724099,-10.3123325857172,-10.3093621312702,-10.3063792808012,-10.3033759543532,-10.3003437241455,-10.2972727711016,-10.2941529283209,-10.2909740289029,-10.2877259059469,-10.2843983925525,-10.2809813218191,-10.2774645268461,-10.2738378407331,-10.2700910965794,-10.2662141274846,-10.262196766548,-10.2580290456388,-10.2537017917045,-10.2492060304625,-10.24453278763,-10.2396730889243,-10.2346179600625,-10.2293584267621,-10.2238855147402,-10.218190249714,-10.2122636574009,-10.2060967635181,-10.1996805937829,-10.1930069287339,-10.1860705681951,-10.178867066812,-10.17139197923,-10.1636408600946,-10.1556092640513,-10.1472927457454,-10.1386868598223,-10.1297871609276,-10.1205892037067,-10.111088542805,-10.1012807328679,-10.0911624354611,-10.0807347398307,-10.0699998421433,-10.0589599385651,-10.0476172252626,-10.0359738984022,-10.0240321541503,-10.0117941886732,-9.99926219813743,-9.98643837870936,-9.97332492655533,-9.95992403784182,-9.94623901079669,-9.93227755189376,-9.91804846966849,-9.90356057265618,-9.88882266939218,-9.87384356841193,-9.85863207825075,-9.84319700744396,-9.82754716452702,-9.81169135803523,-9.79563839650394,-9.77939708846859,-9.76297695354764,-9.74639035569209,-9.72965036993622,-9.71277007131417,-9.69576253486008,-9.67864083560823,-9.66141804859276,-9.64410724884781,-9.62672151140766,-9.60927391130645,-9.59177752357832,-9.57424542325754,-9.55669073348444,-9.53912676982398,-9.52156689594748,-9.50402447552608,-9.48651287223094,-9.46904544973336,-9.45163557170448,-9.43429660181548,-9.41704190373763,-9.3998848411421,-9.38283877770005,-9.36591707708276,-9.34913244056113,-9.33249491980494,-9.31601390408386,-9.29969878266742,-9.28355894482513,-9.26760377982666,-9.25184267694152,-9.23628502543926,-9.22094021458952,-9.20581763366184,-9.19092667192573,-9.17627671865085,-9.16187600388837,-9.14772812081598,-9.13383550339313,-9.12020058557916,-9.10682580133342,-9.09371358461533,-9.08086636938423,-9.06828658959948,-9.0559766792205,-9.04393907220664,-9.03217620251724,-9.02069050411173,-9.00948318009202,-8.99855051013023,-8.98788754304113,-8.97748932763941,-8.96735091273976,-8.95746734715695,-8.94783367970565,-8.93844495920057,-8.92929623445647,-8.92038255428803,-8.91169896750995,-8.90324052293699,-8.89500148830886,-8.88697300706535,-8.87914544157133,-8.87150915419162,-8.86405450729103,-8.85677186323443,-8.84965158438663,-8.84268403311245,-8.83585957177675,-8.82916856274435,-8.82260136838007,-8.81614835104876,-8.8098000274517,-8.80354753163593,-8.79738215198501,-8.79129517688244,-8.78527789471171,-8.77932159385638,-8.77341756269994,-8.76755708962591,-8.76173146301782,-8.75593197125918,-8.75014990273349,-8.7443765458243
"65",-10.6797051195566,-10.6724737106475,-10.6652604617893,-10.658069746757,-10.6509059393256,-10.64377341327,-10.6366765423652,-10.6296197003863,-10.622607261108,-10.6156435983055,-10.6087330857538,-10.6018800972277,-10.5950890065022,-10.5883640544557,-10.58170895038,-10.5751272706702,-10.5686225917215,-10.5621984899289,-10.5558585416877,-10.549606323393,-10.5434454114399,-10.5373793822235,-10.5314118121391,-10.5255462775817,-10.5197863549466,-10.5141351111024,-10.5085935748126,-10.5031622653142,-10.4978417018443,-10.49263240364,-10.4875348899383,-10.4825496799762,-10.4776772929907,-10.472918248219,-10.4682730648981,-10.4637422622651,-10.4593263595569,-10.4550251364765,-10.45083541459,-10.4467532759295,-10.4427748025269,-10.4388960764144,-10.4351131796238,-10.4314221941873,-10.4278192021367,-10.4243002855042,-10.4208615263218,-10.4174990066214,-10.4142088084351,-10.4109863201301,-10.4078241554143,-10.404714234331,-10.4016484769233,-10.3986188032345,-10.3956171333076,-10.392635387186,-10.3896654849127,-10.386699346531,-10.383728892084,-10.3807460416149,-10.3777427151669,-10.3747104849593,-10.3716395319154,-10.3685196891346,-10.3653407897166,-10.3620926667606,-10.3587651533662,-10.3553480826328,-10.3518312876598,-10.3482046015468,-10.3444578573931,-10.3405808882983,-10.3365635273617,-10.3323958064525,-10.3280685525182,-10.3235727912762,-10.3188995484437,-10.314039849738,-10.3089847208763,-10.3037251875758,-10.2982522755539,-10.2925570105277,-10.2866304182146,-10.2804635243318,-10.2740473545966,-10.2673736895476,-10.2604373290088,-10.2532338276257,-10.2457587400437,-10.2380076209084,-10.229976024865,-10.2216595065591,-10.213053620636,-10.2041539217414,-10.1949559645204,-10.1854553036187,-10.1756474936816,-10.1655291962748,-10.1551015006444,-10.144366602957,-10.1333266993788,-10.1219839860763,-10.1103406592159,-10.098398914964,-10.0861609494869,-10.0736289589512,-10.0608051395231,-10.0476916873691,-10.0342907986555,-10.0206057716104,-10.0066443127075,-9.99241523048221,-9.97792733346991,-9.96318943020591,-9.94821032922565,-9.93299883906447,-9.91756376825768,-9.90191392534074,-9.88605811884896,-9.87000515731767,-9.85376384928231,-9.83734371436137,-9.82075711650581,-9.80401713074994,-9.78713683212789,-9.7701292956738,-9.75300759642196,-9.73578480940648,-9.71847400966153,-9.70108827222139,-9.68364067212018,-9.66614428439204,-9.64861218407126,-9.63105749429816,-9.6134935306377,-9.5959336567612,-9.5783912363398,-9.56087963304466,-9.54341221054708,-9.52600233251821,-9.5086633626292,-9.49140866455136,-9.47425160195583,-9.45720553851377,-9.44028383789649,-9.42349920137485,-9.40686168061867,-9.39038066489759,-9.37406554348114,-9.35792570563885,-9.34197054064038,-9.32620943775525,-9.31065178625299,-9.29530697540325,-9.28018439447556,-9.26529343273945,-9.25064347946458,-9.23624276470209,-9.2220948816297,-9.20820226420685,-9.19456734639289,-9.18119256214714,-9.16808034542905,-9.15523313019796,-9.1426533504132,-9.13034344003422,-9.11830583302036,-9.10654296333096,-9.09505726492546,-9.08384994090574,-9.07291727094395,-9.06225430385485,-9.05185608845314,-9.04171767355348,-9.03183410797067,-9.02220044051937,-9.01281172001429,-9.00366299527019,-8.99474931510175,-8.98606572832367,-8.97760728375071,-8.96936824912258,-8.96133976787907,-8.95351220238506,-8.94587591500535,-8.93842126810476,-8.93113862404815,-8.92401834520036,-8.91705079392617,-8.91022633259048,-8.90353532355808,-8.89696812919379,-8.89051511186249,-8.88416678826542,-8.87791429244965,-8.87174891279873,-8.86566193769616,-8.85964465552543,-8.8536883546701,-8.84778432351366,-8.84192385043963,-8.83609822383154,-8.8302987320729,-8.82451666354721,-8.81874330663802
