"","2003","2003.08333333333","2003.16666666667","2003.25","2003.33333333333","2003.41666666667","2003.5","2003.58333333333","2003.66666666667","2003.75","2003.83333333333","2003.91666666667","2004","2004.08333333333","2004.16666666667","2004.25","2004.33333333333","2004.41666666667","2004.5","2004.58333333333","2004.66666666667","2004.75","2004.83333333333","2004.91666666667","2005","2005.08333333333","2005.16666666667","2005.25","2005.33333333333","2005.41666666667","2005.5","2005.58333333333","2005.66666666667","2005.75","2005.83333333333","2005.91666666667","2006","2006.08333333333","2006.16666666667","2006.25","2006.33333333333","2006.41666666667","2006.5","2006.58333333333","2006.66666666667","2006.75","2006.83333333333","2006.91666666667","2007","2007.08333333333","2007.16666666667","2007.25","2007.33333333333","2007.41666666667","2007.5","2007.58333333333","2007.66666666667","2007.75","2007.83333333333","2007.91666666667","2008","2008.08333333333","2008.16666666667","2008.25","2008.33333333333","2008.41666666667","2008.5","2008.58333333333","2008.66666666667","2008.75","2008.83333333333","2008.91666666667","2009","2009.08333333333","2009.16666666667","2009.25","2009.33333333333","2009.41666666667","2009.5","2009.58333333333","2009.66666666667","2009.75","2009.83333333333","2009.91666666667","2010","2010.08333333333","2010.16666666667","2010.25","2010.33333333333","2010.41666666667","2010.5","2010.58333333333","2010.66666666667","2010.75","2010.83333333333","2010.91666666667","2011","2011.08333333333","2011.16666666667","2011.25","2011.33333333333","2011.41666666667","2011.5","2011.58333333333","2011.66666666667","2011.75","2011.83333333333","2011.91666666667","2012","2012.08333333333","2012.16666666667","2012.25","2012.33333333333","2012.41666666667","2012.5","2012.58333333333","2012.66666666667","2012.75","2012.83333333333","2012.91666666667","2013","2013.08333333333","2013.16666666667","2013.25","2013.33333333333","2013.41666666667","2013.5","2013.58333333333","2013.66666666667","2013.75","2013.83333333333","2013.91666666667","2014","2014.08333333333","2014.16666666667","2014.25","2014.33333333333","2014.41666666667","2014.5","2014.58333333333","2014.66666666667","2014.75","2014.83333333333","2014.91666666667","2015","2015.08333333333","2015.16666666667","2015.25","2015.33333333333","2015.41666666667","2015.5","2015.58333333333","2015.66666666667","2015.75","2015.83333333333","2015.91666666667","2016","2016.08333333333","2016.16666666667","2016.25","2016.33333333333","2016.41666666667","2016.5","2016.58333333333","2016.66666666667","2016.75","2016.83333333333","2016.91666666667","2017","2017.08333333333","2017.16666666667","2017.25","2017.33333333333","2017.41666666667","2017.5","2017.58333333333","2017.66666666667","2017.75","2017.83333333333","2017.91666666667","2018","2018.08333333333","2018.16666666667","2018.25","2018.33333333333","2018.41666666667","2018.5","2018.58333333333","2018.66666666667","2018.75","2018.83333333333","2018.91666666667","2019","2019.08333333333","2019.16666666667","2019.25","2019.33333333333","2019.41666666667","2019.5","2019.58333333333","2019.66666666667","2019.75","2019.83333333333","2019.91666666667","2020"
"25",-9.7480757370718,-9.73562684095442,-9.72336509342363,-9.71129228810913,-9.69941021864047,-9.68772067864723,-9.67622546175906,-9.66492636160555,-9.65382517181626,-9.64292368602085,-9.63222369784889,-9.62172700092996,-9.61143538889371,-9.60135030988533,-9.59147183011244,-9.58179967029836,-9.57233355116632,-9.56307319343955,-9.55401831784136,-9.54516864509499,-9.53652389592368,-9.52808379105073,-9.51984805119938,-9.51181639709287,-9.5039885494545,-9.49636387823172,-9.48894035026873,-9.48171558163404,-9.47468718839606,-9.46785278662321,-9.46120999238399,-9.45475642174681,-9.44848969078011,-9.44240741555237,-9.43650721213199,-9.43078669658743,-9.42524348498715,-9.41987489632284,-9.41467706127915,-9.40964581346405,-9.40477698648547,-9.40006641395132,-9.39550992946955,-9.3911033666481,-9.38684255909487,-9.38272334041784,-9.3787415442249,-9.374893004124,-9.37117355372309,-9.36757883520658,-9.36410372506493,-9.3607429083651,-9.35749107017404,-9.3543428955587,-9.35129306958606,-9.34833627732306,-9.34546720383664,-9.34268053419377,-9.33997095346142,-9.33733314670651,-9.33476179899603,-9.33225154434267,-9.32979681254215,-9.32739198233596,-9.32503143246557,-9.32270954167245,-9.32042068869808,-9.31815925228394,-9.3159196111715,-9.31369614410223,-9.31148322981762,-9.30927524705913,-9.30706657456826,-9.30485168879919,-9.30262545705706,-9.30038284435974,-9.2981188157251,-9.29582833617097,-9.29350637071525,-9.29114788437579,-9.28874784217044,-9.28630120911709,-9.28380295023358,-9.28124803053777,-9.27863141504754,-9.27594829320321,-9.27319475213491,-9.27036710339528,-9.26746165853691,-9.26447472911241,-9.26140262667439,-9.25824166277546,-9.25498814896823,-9.25163839680531,-9.24818871783931,-9.24463542362283,-9.24097482570849,-9.23720353761451,-9.23331938072157,-9.229320478376,-9.22520495392409,-9.22097093071213,-9.21661653208645,-9.21213988139334,-9.20753910197911,-9.20281231719006,-9.19795765037251,-9.19297322487274,-9.18785716403708,-9.18260790540494,-9.17722514328819,-9.17170888619186,-9.16605914262094,-9.1602759210804,-9.15435923007529,-9.14830907811058,-9.14212547369126,-9.13580842532237,-9.12935794150888,-9.12277403075578,-9.1160567015681,-9.10920622343569,-9.10222390978777,-9.0951113350385,-9.08787007360197,-9.08050169989225,-9.07300778832352,-9.06538991330985,-9.05764964926534,-9.04978857060413,-9.04180825174031,-9.03371026708798,-9.02549619106128,-9.01716775690222,-9.00872733316448,-9.00017744722974,-8.99152062647958,-8.98275939829561,-8.9738962900595,-8.96493382915285,-8.95587454295725,-8.94672095885437,-8.93747560422583,-8.9281410064532,-8.91871969291817,-8.90921422746831,-8.89962731981512,-8.88996171613616,-8.88022016260892,-8.87040540541087,-8.86052019071957,-8.85056726471251,-8.84054937356717,-8.83046926346111,-8.8203296805718,-8.81013337107673,-8.79988308115346,-8.78958148390845,-8.7792309601641,-8.76883381767187,-8.75839236418314,-8.74790890744928,-8.73738575522176,-8.72682521525195,-8.71622959529123,-8.70560120309106,-8.69494234640283,-8.6842553329779,-8.67354247056774,-8.66280592553134,-8.65204729865806,-8.641268049345,-8.63046963698914,-8.61965352098747,-8.60882116073707,-8.59797401563492,-8.58711354507801,-8.57624120846342,-8.56535846518814,-8.55446677464916,-8.54356759624355,-8.5326622378758,-8.52175140148041,-8.51083563749945,-8.49991549637493,-8.48899152854883,-8.47806428446323,-8.46713431456014,-8.45620216928155,-8.44526839906954,-8.43433355436609,-8.42339818561321,-8.41246284325297,-8.40152797797546,-8.390593641463,-8.3796597856461,-8.36872636245518,-8.35779332382067,-8.34686062167305,-8.33592820794276,-8.3249960345602,-8.31406405345589,-8.30313221656024,-8.29220047580367,-8.28126878311668
"26",-9.70855750804437,-9.69610861192698,-9.6838468643962,-9.6717740590817,-9.65989198961304,-9.6482024496198,-9.63670723273163,-9.62540813257812,-9.61430694278882,-9.60340545699341,-9.59270546882145,-9.58220877190253,-9.57191715986628,-9.5618320808579,-9.55195360108501,-9.54228144127093,-9.53281532213889,-9.52355496441211,-9.51450008881393,-9.50565041606756,-9.49700566689625,-9.4885655620233,-9.48032982217195,-9.47229816806544,-9.46447032042707,-9.45684564920428,-9.4494221212413,-9.4421973526066,-9.43516895936862,-9.42833455759578,-9.42169176335656,-9.41523819271938,-9.40897146175268,-9.40288918652493,-9.39698898310456,-9.39126846756,-9.38572525595972,-9.3803566672954,-9.37515883225172,-9.37012758443662,-9.36525875745804,-9.36054818492389,-9.35599170044212,-9.35158513762066,-9.34732433006744,-9.3432051113904,-9.33922331519747,-9.33537477509657,-9.33165532469566,-9.32806060617915,-9.3245854960375,-9.32122467933767,-9.31797284114661,-9.31482466653127,-9.31177484055863,-9.30881804829562,-9.3059489748092,-9.30316230516634,-9.30045272443398,-9.29781491767908,-9.2952435699686,-9.29273331531524,-9.29027858351472,-9.28787375330853,-9.28551320343814,-9.28319131264502,-9.28090245967065,-9.27864102325651,-9.27640138214406,-9.2741779150748,-9.27196500079019,-9.2697570180317,-9.26754834554082,-9.26533345977176,-9.26310722802963,-9.26086461533231,-9.25860058669766,-9.25631010714354,-9.25398814168782,-9.25162965534836,-9.24922961314301,-9.24678298008965,-9.24428472120614,-9.24172980151034,-9.23911318602011,-9.23643006417578,-9.23367652310748,-9.23084887436785,-9.22794342950948,-9.22495650008497,-9.22188439764695,-9.21872343374803,-9.2154699199408,-9.21212016777788,-9.20867048881188,-9.2051171945954,-9.20145659668106,-9.19768530858708,-9.19380115169414,-9.18980224934857,-9.18568672489666,-9.1814527016847,-9.17709830305902,-9.17262165236591,-9.16802087295167,-9.16329408816263,-9.15843942134508,-9.15345499584531,-9.14833893500965,-9.14308967637751,-9.13770691426076,-9.13219065716443,-9.1265409135935,-9.12075769205297,-9.11484100104786,-9.10879084908315,-9.10260724466383,-9.09629019629494,-9.08983971248145,-9.08325580172835,-9.07653847254067,-9.06968799440826,-9.06270568076034,-9.05559310601107,-9.04835184457453,-9.04098347086482,-9.03348955929609,-9.02587168428242,-9.0181314202379,-9.0102703415767,-9.00229002271288,-8.99419203806054,-8.98597796203385,-8.97764952787479,-8.96920910413705,-8.9606592182023,-8.95200239745214,-8.94324116926818,-8.93437806103207,-8.92541560012541,-8.91635631392981,-8.90720272982694,-8.89795737519839,-8.88862277742577,-8.87920146389073,-8.86969599844087,-8.86010909078768,-8.85044348710873,-8.84070193358149,-8.83088717638343,-8.82100196169214,-8.81104903568508,-8.80103114453974,-8.79095103443368,-8.78081145154437,-8.7706151420493,-8.76036485212603,-8.75006325488102,-8.73971273113667,-8.72931558864444,-8.71887413515571,-8.70839067842185,-8.69786752619433,-8.68730698622452,-8.6767113662638,-8.66608297406363,-8.6554241173754,-8.64473710395047,-8.63402424154031,-8.6232876965039,-8.61252906963063,-8.60174982031757,-8.59095140796171,-8.58013529196004,-8.56930293170964,-8.55845578660749,-8.54759531605058,-8.53672297943599,-8.52584023616071,-8.51494854562173,-8.50404936721612,-8.49314400884837,-8.48223317245298,-8.47131740847202,-8.4603972673475,-8.44947329952139,-8.4385460554358,-8.42761608553271,-8.41668394025412,-8.4057501700421,-8.39481532533866,-8.38387995658577,-8.37294461422554,-8.36200974894802,-8.35107541243556,-8.34014155661867,-8.32920813342775,-8.31827509479323,-8.30734239264562,-8.29640997891533,-8.28547780553277,-8.27454582442846,-8.26361398753281,-8.25268224677624,-8.24175055408925
"27",-9.66921367133345,-9.65676477521606,-9.64450302768528,-9.63243022237077,-9.62054815290211,-9.60885861290887,-9.59736339602071,-9.58606429586719,-9.5749631060779,-9.56406162028249,-9.55336163211053,-9.5428649351916,-9.53257332315535,-9.52248824414697,-9.51260976437409,-9.50293760456,-9.49347148542796,-9.48421112770119,-9.475156252103,-9.46630657935663,-9.45766183018532,-9.44922172531238,-9.44098598546103,-9.43295433135451,-9.42512648371615,-9.41750181249336,-9.41007828453037,-9.40285351589568,-9.3958251226577,-9.38899072088486,-9.38234792664563,-9.37589435600846,-9.36962762504176,-9.36354534981401,-9.35764514639363,-9.35192463084908,-9.3463814192488,-9.34101283058448,-9.33581499554079,-9.3307837477257,-9.32591492074711,-9.32120434821296,-9.3166478637312,-9.31224130090974,-9.30798049335652,-9.30386127467948,-9.29987947848655,-9.29603093838565,-9.29231148798473,-9.28871676946822,-9.28524165932657,-9.28188084262674,-9.27862900443568,-9.27548082982035,-9.2724310038477,-9.2694742115847,-9.26660513809828,-9.26381846845542,-9.26110888772306,-9.25847108096815,-9.25589973325767,-9.25338947860431,-9.25093474680379,-9.2485299165976,-9.24616936672721,-9.24384747593409,-9.24155862295972,-9.23929718654558,-9.23705754543314,-9.23483407836387,-9.23262116407926,-9.23041318132078,-9.2282045088299,-9.22598962306083,-9.2237633913187,-9.22152077862138,-9.21925674998674,-9.21696627043262,-9.2146443049769,-9.21228581863743,-9.20988577643209,-9.20743914337873,-9.20494088449522,-9.20238596479941,-9.19976934930918,-9.19708622746485,-9.19433268639656,-9.19150503765693,-9.18859959279855,-9.18561266337405,-9.18254056093603,-9.1793795970371,-9.17612608322987,-9.17277633106695,-9.16932665210095,-9.16577335788447,-9.16211275997013,-9.15834147187616,-9.15445731498322,-9.15045841263764,-9.14634288818573,-9.14210886497377,-9.13775446634809,-9.13327781565499,-9.12867703624075,-9.1239502514517,-9.11909558463416,-9.11411115913438,-9.10899509829873,-9.10374583966659,-9.09836307754984,-9.09284682045351,-9.08719707688258,-9.08141385534205,-9.07549716433693,-9.06944701237222,-9.0632634079529,-9.05694635958401,-9.05049587577052,-9.04391196501742,-9.03719463582975,-9.03034415769733,-9.02336184404941,-9.01624926930014,-9.00900800786361,-9.0016396341539,-8.99414572258516,-8.98652784757149,-8.97878758352698,-8.97092650486577,-8.96294618600196,-8.95484820134962,-8.94663412532292,-8.93830569116386,-8.92986526742612,-8.92131538149138,-8.91265856074122,-8.90389733255725,-8.89503422432114,-8.88607176341449,-8.87701247721889,-8.86785889311602,-8.85861353848747,-8.84927894071484,-8.83985762717981,-8.83035216172995,-8.82076525407676,-8.8110996503978,-8.80135809687056,-8.79154333967251,-8.78165812498122,-8.77170519897416,-8.76168730782882,-8.75160719772275,-8.74146761483344,-8.73127130533837,-8.7210210154151,-8.7107194181701,-8.70036889442575,-8.68997175193352,-8.67953029844478,-8.66904684171092,-8.6585236894834,-8.64796314951359,-8.63736752955287,-8.62673913735271,-8.61608028066447,-8.60539326723954,-8.59468040482939,-8.58394385979298,-8.5731852329197,-8.56240598360664,-8.55160757125078,-8.54079145524912,-8.52995909499871,-8.51911194989656,-8.50825147933965,-8.49737914272506,-8.48649639944978,-8.4756047089108,-8.46470553050519,-8.45380017213744,-8.44288933574205,-8.43197357176109,-8.42105343063657,-8.41012946281047,-8.39920221872488,-8.38827224882179,-8.37734010354319,-8.36640633333118,-8.35547148862773,-8.34453611987485,-8.33360077751462,-8.3226659122371,-8.31173157572464,-8.30079771990774,-8.28986429671683,-8.27893125808231,-8.26799855593469,-8.2570661422044,-8.24613396882185,-8.23520198771753,-8.22427015082189,-8.21333841006531,-8.20240671737832
"28",-9.63012111181447,-9.61767221569709,-9.6054104681663,-9.5933376628518,-9.58145559338314,-9.5697660533899,-9.55827083650173,-9.54697173634822,-9.53587054655893,-9.52496906076352,-9.51426907259156,-9.50377237567263,-9.49348076363638,-9.483395684628,-9.47351720485511,-9.46384504504103,-9.45437892590899,-9.44511856818222,-9.43606369258403,-9.42721401983766,-9.41856927066635,-9.4101291657934,-9.40189342594205,-9.39386177183554,-9.38603392419718,-9.37840925297439,-9.3709857250114,-9.36376095637671,-9.35673256313873,-9.34989816136588,-9.34325536712666,-9.33680179648949,-9.33053506552278,-9.32445279029504,-9.31855258687466,-9.3128320713301,-9.30728885972982,-9.30192027106551,-9.29672243602182,-9.29169118820673,-9.28682236122814,-9.28211178869399,-9.27755530421222,-9.27314874139077,-9.26888793383754,-9.26476871516051,-9.26078691896757,-9.25693837886667,-9.25321892846576,-9.24962420994925,-9.2461490998076,-9.24278828310777,-9.23953644491671,-9.23638827030138,-9.23333844432873,-9.23038165206573,-9.22751257857931,-9.22472590893644,-9.22201632820409,-9.21937852144918,-9.2168071737387,-9.21429691908534,-9.21184218728482,-9.20943735707863,-9.20707680720824,-9.20475491641512,-9.20246606344075,-9.20020462702661,-9.19796498591417,-9.1957415188449,-9.19352860456029,-9.1913206218018,-9.18911194931093,-9.18689706354186,-9.18467083179973,-9.18242821910241,-9.18016419046777,-9.17787371091364,-9.17555174545793,-9.17319325911846,-9.17079321691311,-9.16834658385976,-9.16584832497625,-9.16329340528044,-9.16067678979021,-9.15799366794588,-9.15524012687758,-9.15241247813795,-9.14950703327958,-9.14652010385508,-9.14344800141706,-9.14028703751813,-9.1370335237109,-9.13368377154798,-9.13023409258198,-9.1266807983655,-9.12302020045116,-9.11924891235718,-9.11536475546425,-9.11136585311867,-9.10725032866676,-9.1030163054548,-9.09866190682912,-9.09418525613602,-9.08958447672178,-9.08485769193273,-9.08000302511518,-9.07501859961541,-9.06990253877975,-9.06465328014761,-9.05927051803086,-9.05375426093453,-9.04810451736361,-9.04232129582308,-9.03640460481796,-9.03035445285325,-9.02417084843393,-9.01785380006504,-9.01140331625155,-9.00481940549845,-8.99810207631078,-8.99125159817836,-8.98426928453044,-8.97715670978117,-8.96991544834464,-8.96254707463492,-8.95505316306619,-8.94743528805252,-8.93969502400801,-8.9318339453468,-8.92385362648298,-8.91575564183065,-8.90754156580395,-8.89921313164489,-8.89077270790715,-8.88222282197241,-8.87356600122225,-8.86480477303828,-8.85594166480217,-8.84697920389552,-8.83791991769992,-8.82876633359704,-8.8195209789685,-8.81018638119587,-8.80076506766084,-8.79125960221098,-8.78167269455779,-8.77200709087883,-8.76226553735159,-8.75245078015354,-8.74256556546224,-8.73261263945519,-8.72259474830985,-8.71251463820378,-8.70237505531447,-8.6921787458194,-8.68192845589613,-8.67162685865112,-8.66127633490677,-8.65087919241454,-8.64043773892581,-8.62995428219195,-8.61943112996443,-8.60887058999462,-8.5982749700339,-8.58764657783373,-8.5769877211455,-8.56630070772057,-8.55558784531041,-8.54485130027401,-8.53409267340073,-8.52331342408767,-8.51251501173181,-8.50169889573015,-8.49086653547974,-8.48001939037759,-8.46915891982068,-8.45828658320609,-8.44740383993081,-8.43651214939183,-8.42561297098622,-8.41470761261847,-8.40379677622308,-8.39288101224212,-8.3819608711176,-8.3710369032915,-8.3601096592059,-8.34917968930282,-8.33824754402422,-8.3273137738122,-8.31637892910876,-8.30544356035588,-8.29450821799565,-8.28357335271813,-8.27263901620567,-8.26170516038877,-8.25077173719785,-8.23983869856334,-8.22890599641572,-8.21797358268543,-8.20704140930287,-8.19610942819856,-8.18517759130291,-8.17424585054634,-8.16331415785935
"29",-9.59148986154814,-9.57904096543075,-9.56677921789997,-9.55470641258547,-9.54282434311681,-9.53113480312357,-9.5196395862354,-9.50834048608189,-9.4972392962926,-9.48633781049718,-9.47563782232522,-9.4651411254063,-9.45484951337005,-9.44476443436167,-9.43488595458878,-9.4252137947747,-9.41574767564266,-9.40648731791588,-9.3974324423177,-9.38858276957133,-9.37993802040002,-9.37149791552707,-9.36326217567572,-9.35523052156921,-9.34740267393084,-9.33977800270806,-9.33235447474507,-9.32512970611038,-9.31810131287239,-9.31126691109955,-9.30462411686033,-9.29817054622315,-9.29190381525645,-9.2858215400287,-9.27992133660833,-9.27420082106377,-9.26865760946349,-9.26328902079917,-9.25809118575549,-9.25305993794039,-9.24819111096181,-9.24348053842766,-9.23892405394589,-9.23451749112443,-9.23025668357121,-9.22613746489417,-9.22215566870124,-9.21830712860034,-9.21458767819943,-9.21099295968292,-9.20751784954127,-9.20415703284144,-9.20090519465038,-9.19775702003504,-9.1947071940624,-9.1917504017994,-9.18888132831297,-9.18609465867011,-9.18338507793776,-9.18074727118285,-9.17817592347237,-9.17566566881901,-9.17321093701849,-9.1708061068123,-9.16844555694191,-9.16612366614879,-9.16383481317442,-9.16157337676028,-9.15933373564783,-9.15711026857857,-9.15489735429396,-9.15268937153547,-9.1504806990446,-9.14826581327553,-9.1460395815334,-9.14379696883608,-9.14153294020143,-9.13924246064731,-9.13692049519159,-9.13456200885213,-9.13216196664678,-9.12971533359342,-9.12721707470991,-9.12466215501411,-9.12204553952388,-9.11936241767955,-9.11660887661125,-9.11378122787162,-9.11087578301325,-9.10788885358874,-9.10481675115073,-9.1016557872518,-9.09840227344457,-9.09505252128165,-9.09160284231565,-9.08804954809917,-9.08438895018483,-9.08061766209085,-9.07673350519791,-9.07273460285234,-9.06861907840043,-9.06438505518847,-9.06003065656279,-9.05555400586968,-9.05095322645544,-9.0462264416664,-9.04137177484885,-9.03638734934908,-9.03127128851342,-9.02602202988128,-9.02063926776453,-9.0151230106682,-9.00947326709728,-9.00369004555674,-8.99777335455163,-8.99172320258692,-8.9855395981676,-8.97922254979871,-8.97277206598522,-8.96618815523212,-8.95947082604444,-8.95262034791203,-8.94563803426411,-8.93852545951484,-8.9312841980783,-8.92391582436859,-8.91642191279986,-8.90880403778619,-8.90106377374168,-8.89320269508047,-8.88522237621665,-8.87712439156431,-8.86891031553762,-8.86058188137856,-8.85214145764082,-8.84359157170607,-8.83493475095591,-8.82617352277195,-8.81731041453584,-8.80834795362918,-8.79928866743358,-8.79013508333071,-8.78088972870216,-8.77155513092954,-8.7621338173945,-8.75262835194464,-8.74304144429146,-8.7333758406125,-8.72363428708526,-8.7138195298872,-8.70393431519591,-8.69398138918885,-8.68396349804351,-8.67388338793745,-8.66374380504814,-8.65354749555307,-8.6432972056298,-8.63299560838479,-8.62264508464044,-8.61224794214821,-8.60180648865948,-8.59132303192562,-8.5807998796981,-8.57023933972829,-8.55964371976757,-8.5490153275674,-8.53835647087917,-8.52766945745424,-8.51695659504408,-8.50622005000768,-8.4954614231344,-8.48468217382134,-8.47388376146548,-8.46306764546381,-8.45223528521341,-8.44138814011126,-8.43052766955435,-8.41965533293976,-8.40877258966448,-8.3978808991255,-8.38698172071989,-8.37607636235214,-8.36516552595675,-8.35424976197579,-8.34332962085127,-8.33240565302516,-8.32147840893957,-8.31054843903648,-8.29961629375789,-8.28868252354587,-8.27774767884243,-8.26681231008954,-8.25587696772931,-8.2449421024518,-8.23400776593933,-8.22307391012244,-8.21214048693152,-8.201207448297,-8.19027474614939,-8.1793423324191,-8.16841015903654,-8.15747817793223,-8.14654634103658,-8.13561460028001,-8.12468290759302
"30",-9.55356323939144,-9.54111434327405,-9.52885259574327,-9.51677979042877,-9.50489772096011,-9.49320818096687,-9.4817129640787,-9.47041386392519,-9.4593126741359,-9.44841118834048,-9.43771120016852,-9.4272145032496,-9.41692289121335,-9.40683781220497,-9.39695933243208,-9.387287172618,-9.37782105348596,-9.36856069575918,-9.359505820161,-9.35065614741463,-9.34201139824332,-9.33357129337037,-9.32533555351902,-9.31730389941251,-9.30947605177414,-9.30185138055135,-9.29442785258837,-9.28720308395368,-9.28017469071569,-9.27334028894285,-9.26669749470363,-9.26024392406645,-9.25397719309975,-9.247894917872,-9.24199471445163,-9.23627419890707,-9.23073098730679,-9.22536239864247,-9.22016456359879,-9.21513331578369,-9.21026448880511,-9.20555391627096,-9.20099743178919,-9.19659086896773,-9.19233006141451,-9.18821084273747,-9.18422904654454,-9.18038050644364,-9.17666105604273,-9.17306633752622,-9.16959122738457,-9.16623041068474,-9.16297857249368,-9.15983039787834,-9.1567805719057,-9.1538237796427,-9.15095470615627,-9.14816803651341,-9.14545845578106,-9.14282064902615,-9.14024930131567,-9.13773904666231,-9.13528431486179,-9.1328794846556,-9.13051893478521,-9.12819704399209,-9.12590819101772,-9.12364675460358,-9.12140711349113,-9.11918364642187,-9.11697073213726,-9.11476274937877,-9.1125540768879,-9.11033919111883,-9.1081129593767,-9.10587034667938,-9.10360631804473,-9.10131583849061,-9.09899387303489,-9.09663538669543,-9.09423534449008,-9.09178871143672,-9.08929045255321,-9.08673553285741,-9.08411891736718,-9.08143579552285,-9.07868225445455,-9.07585460571492,-9.07294916085655,-9.06996223143204,-9.06689012899403,-9.0637291650951,-9.06047565128787,-9.05712589912495,-9.05367622015895,-9.05012292594247,-9.04646232802813,-9.04269103993415,-9.03880688304121,-9.03480798069564,-9.03069245624373,-9.02645843303177,-9.02210403440609,-9.01762738371298,-9.01302660429874,-9.0082998195097,-9.00344515269215,-8.99846072719238,-8.99334466635672,-8.98809540772458,-8.98271264560783,-8.9771963885115,-8.97154664494058,-8.96576342340004,-8.95984673239493,-8.95379658043022,-8.9476129760109,-8.94129592764201,-8.93484544382852,-8.92826153307542,-8.92154420388774,-8.91469372575533,-8.90771141210741,-8.90059883735814,-8.8933575759216,-8.88598920221189,-8.87849529064316,-8.87087741562949,-8.86313715158498,-8.85527607292377,-8.84729575405995,-8.83919776940761,-8.83098369338092,-8.82265525922186,-8.81421483548412,-8.80566494954937,-8.79700812879921,-8.78824690061525,-8.77938379237914,-8.77042133147248,-8.76136204527688,-8.75220846117401,-8.74296310654546,-8.73362850877284,-8.7242071952378,-8.71470172978794,-8.70511482213475,-8.6954492184558,-8.68570766492856,-8.6758929077305,-8.66600769303921,-8.65605476703215,-8.64603687588681,-8.63595676578075,-8.62581718289144,-8.61562087339637,-8.6053705834731,-8.59506898622809,-8.58471846248374,-8.57432131999151,-8.56387986650278,-8.55339640976892,-8.5428732575414,-8.53231271757159,-8.52171709761087,-8.5110887054107,-8.50042984872247,-8.48974283529754,-8.47902997288738,-8.46829342785098,-8.4575348009777,-8.44675555166464,-8.43595713930878,-8.42514102330711,-8.41430866305671,-8.40346151795456,-8.39260104739765,-8.38172871078306,-8.37084596750778,-8.3599542769688,-8.34905509856319,-8.33814974019544,-8.32723890380005,-8.31632313981909,-8.30540299869457,-8.29447903086846,-8.28355178678287,-8.27262181687978,-8.26168967160119,-8.25075590138917,-8.23982105668573,-8.22888568793284,-8.21795034557261,-8.2070154802951,-8.19608114378263,-8.18514728796574,-8.17421386477482,-8.1632808261403,-8.15234812399269,-8.1414157102624,-8.13048353687984,-8.11955155577553,-8.10861971887988,-8.09768797812331,-8.08675628543632
"31",-9.51658456420138,-9.50413566808399,-9.49187392055321,-9.4798011152387,-9.46791904577004,-9.4562295057768,-9.44473428888864,-9.43343518873512,-9.42233399894583,-9.41143251315042,-9.40073252497846,-9.39023582805953,-9.37994421602328,-9.3698591370149,-9.35998065724202,-9.35030849742794,-9.34084237829589,-9.33158202056912,-9.32252714497093,-9.31367747222456,-9.30503272305325,-9.2965926181803,-9.28835687832896,-9.28032522422244,-9.27249737658408,-9.26487270536129,-9.2574491773983,-9.25022440876361,-9.24319601552563,-9.23636161375279,-9.22971881951356,-9.22326524887639,-9.21699851790969,-9.21091624268194,-9.20501603926157,-9.19929552371701,-9.19375231211673,-9.18838372345241,-9.18318588840872,-9.17815464059363,-9.17328581361504,-9.16857524108089,-9.16401875659913,-9.15961219377767,-9.15535138622445,-9.15123216754741,-9.14725037135448,-9.14340183125358,-9.13968238085266,-9.13608766233615,-9.1326125521945,-9.12925173549467,-9.12599989730361,-9.12285172268828,-9.11980189671563,-9.11684510445263,-9.11397603096621,-9.11118936132335,-9.10847978059099,-9.10584197383608,-9.1032706261256,-9.10076037147224,-9.09830563967172,-9.09590080946553,-9.09354025959514,-9.09121836880202,-9.08892951582765,-9.08666807941351,-9.08442843830107,-9.0822049712318,-9.07999205694719,-9.07778407418871,-9.07557540169783,-9.07336051592876,-9.07113428418663,-9.06889167148931,-9.06662764285467,-9.06433716330055,-9.06201519784483,-9.05965671150536,-9.05725666930002,-9.05481003624666,-9.05231177736315,-9.04975685766734,-9.04714024217711,-9.04445712033278,-9.04170357926449,-9.03887593052486,-9.03597048566648,-9.03298355624198,-9.02991145380396,-9.02675048990504,-9.0234969760978,-9.02014722393488,-9.01669754496888,-9.0131442507524,-9.00948365283806,-9.00571236474409,-9.00182820785115,-8.99782930550557,-8.99371378105366,-8.9894797578417,-8.98512535921602,-8.98064870852292,-8.97604792910868,-8.97132114431964,-8.96646647750209,-8.96148205200231,-8.95636599116666,-8.95111673253452,-8.94573397041777,-8.94021771332144,-8.93456796975051,-8.92878474820998,-8.92286805720486,-8.91681790524015,-8.91063430082083,-8.90431725245194,-8.89786676863845,-8.89128285788535,-8.88456552869768,-8.87771505056526,-8.87073273691735,-8.86362016216807,-8.85637890073154,-8.84901052702183,-8.84151661545309,-8.83389874043942,-8.82615847639491,-8.8182973977337,-8.81031707886989,-8.80221909421755,-8.79400501819085,-8.78567658403179,-8.77723616029405,-8.76868627435931,-8.76002945360915,-8.75126822542518,-8.74240511718907,-8.73344265628242,-8.72438337008682,-8.71522978598395,-8.7059844313554,-8.69664983358277,-8.68722852004774,-8.67772305459788,-8.66813614694469,-8.65847054326573,-8.64872898973849,-8.63891423254044,-8.62902901784915,-8.61907609184209,-8.60905820069675,-8.59897809059068,-8.58883850770138,-8.5786421982063,-8.56839190828303,-8.55809031103803,-8.54773978729368,-8.53734264480145,-8.52690119131271,-8.51641773457885,-8.50589458235133,-8.49533404238152,-8.4847384224208,-8.47411003022064,-8.4634511735324,-8.45276416010747,-8.44205129769732,-8.43131475266091,-8.42055612578763,-8.40977687647457,-8.39897846411871,-8.38816234811705,-8.37732998786664,-8.36648284276449,-8.35562237220758,-8.344750035593,-8.33386729231771,-8.32297560177873,-8.31207642337312,-8.30117106500537,-8.29026022860998,-8.27934446462902,-8.2684243235045,-8.2575003556784,-8.24657311159281,-8.23564314168972,-8.22471099641112,-8.21377722619911,-8.20284238149566,-8.19190701274278,-8.18097167038255,-8.17003680510503,-8.15910246859257,-8.14816861277567,-8.13723518958476,-8.12630215095024,-8.11536944880262,-8.10443703507233,-8.09350486168978,-8.08257288058546,-8.07164104368982,-8.06070930293324,-8.04977761024625
"32",-9.48079715483494,-9.46834825871755,-9.45608651118677,-9.44401370587227,-9.43213163640361,-9.42044209641036,-9.4089468795222,-9.39764777936869,-9.38654658957939,-9.37564510378398,-9.36494511561202,-9.35444841869309,-9.34415680665685,-9.33407172764847,-9.32419324787558,-9.3145210880615,-9.30505496892945,-9.29579461120268,-9.2867397356045,-9.27789006285813,-9.26924531368682,-9.26080520881387,-9.25256946896252,-9.24453781485601,-9.23670996721764,-9.22908529599485,-9.22166176803187,-9.21443699939717,-9.20740860615919,-9.20057420438635,-9.19393141014713,-9.18747783950995,-9.18121110854325,-9.1751288333155,-9.16922862989513,-9.16350811435057,-9.15796490275029,-9.15259631408597,-9.14739847904229,-9.14236723122719,-9.1374984042486,-9.13278783171445,-9.12823134723269,-9.12382478441123,-9.11956397685801,-9.11544475818097,-9.11146296198804,-9.10761442188714,-9.10389497148623,-9.10030025296972,-9.09682514282806,-9.09346432612824,-9.09021248793718,-9.08706431332184,-9.0840144873492,-9.08105769508619,-9.07818862159977,-9.07540195195691,-9.07269237122455,-9.07005456446965,-9.06748321675917,-9.06497296210581,-9.06251823030529,-9.0601134000991,-9.05775285022871,-9.05543095943558,-9.05314210646122,-9.05088067004708,-9.04864102893463,-9.04641756186537,-9.04420464758076,-9.04199666482227,-9.03978799233139,-9.03757310656233,-9.0353468748202,-9.03310426212288,-9.03084023348823,-9.02854975393411,-9.02622778847839,-9.02386930213893,-9.02146925993358,-9.01902262688022,-9.01652436799671,-9.0139694483009,-9.01135283281068,-9.00866971096634,-9.00591616989805,-9.00308852115842,-9.00018307630005,-8.99719614687554,-8.99412404443752,-8.9909630805386,-8.98770956673136,-8.98435981456845,-8.98091013560245,-8.97735684138596,-8.97369624347163,-8.96992495537765,-8.96604079848471,-8.96204189613914,-8.95792637168722,-8.95369234847527,-8.94933794984959,-8.94486129915648,-8.94026051974224,-8.9355337349532,-8.93067906813565,-8.92569464263588,-8.92057858180022,-8.91532932316808,-8.90994656105133,-8.904430303955,-8.89878056038407,-8.89299733884354,-8.88708064783843,-8.88103049587372,-8.8748468914544,-8.8685298430855,-8.86207935927202,-8.85549544851891,-8.84877811933124,-8.84192764119882,-8.83494532755091,-8.82783275280164,-8.8205914913651,-8.81322311765539,-8.80572920608666,-8.79811133107299,-8.79037106702847,-8.78250998836726,-8.77452966950345,-8.76643168485111,-8.75821760882442,-8.74988917466536,-8.74144875092762,-8.73289886499287,-8.72424204424271,-8.71548081605875,-8.70661770782264,-8.69765524691598,-8.68859596072038,-8.67944237661751,-8.67019702198896,-8.66086242421633,-8.6514411106813,-8.64193564523144,-8.63234873757825,-8.6226831338993,-8.61294158037205,-8.603126823174,-8.59324160848271,-8.58328868247565,-8.57327079133031,-8.56319068122424,-8.55305109833494,-8.54285478883986,-8.5326044989166,-8.52230290167159,-8.51195237792724,-8.50155523543501,-8.49111378194628,-8.48063032521242,-8.4701071729849,-8.45954663301509,-8.44895101305437,-8.4383226208542,-8.42766376416596,-8.41697675074104,-8.40626388833088,-8.39552734329447,-8.3847687164212,-8.37398946710814,-8.36319105475228,-8.35237493875061,-8.3415425785002,-8.33069543339806,-8.31983496284115,-8.30896262622656,-8.29807988295128,-8.2871881924123,-8.27628901400668,-8.26538365563894,-8.25447281924354,-8.24355705526259,-8.23263691413806,-8.22171294631196,-8.21078570222637,-8.19985573232328,-8.18892358704469,-8.17798981683267,-8.16705497212923,-8.15611960337634,-8.14518426101611,-8.13424939573859,-8.12331505922613,-8.11238120340924,-8.10144778021832,-8.0905147415838,-8.07958203943618,-8.0686496257059,-8.05771745232334,-8.04678547121903,-8.03585363432338,-8.0249218935668,-8.01399020087981
"33",-9.44648115753217,-9.43403226141478,-9.421770513884,-9.4096977085695,-9.39781563910084,-9.38612609910759,-9.37463088221943,-9.36333178206592,-9.35223059227662,-9.34132910648121,-9.33062911830925,-9.32013242139032,-9.30984080935408,-9.2997557303457,-9.28987725057281,-9.28020509075873,-9.27073897162668,-9.26147861389991,-9.25242373830173,-9.24357406555536,-9.23492931638405,-9.2264892115111,-9.21825347165975,-9.21022181755324,-9.20239396991487,-9.19476929869208,-9.1873457707291,-9.1801210020944,-9.17309260885642,-9.16625820708358,-9.15961541284436,-9.15316184220718,-9.14689511124048,-9.14081283601273,-9.13491263259236,-9.1291921170478,-9.12364890544752,-9.1182803167832,-9.11308248173952,-9.10805123392442,-9.10318240694584,-9.09847183441168,-9.09391534992992,-9.08950878710846,-9.08524797955524,-9.0811287608782,-9.07714696468527,-9.07329842458437,-9.06957897418346,-9.06598425566695,-9.06250914552529,-9.05914832882547,-9.05589649063441,-9.05274831601907,-9.04969849004643,-9.04674169778342,-9.043872624297,-9.04108595465414,-9.03837637392178,-9.03573856716688,-9.0331672194564,-9.03065696480304,-9.02820223300252,-9.02579740279633,-9.02343685292594,-9.02111496213282,-9.01882610915845,-9.01656467274431,-9.01432503163186,-9.0121015645626,-9.00988865027799,-9.0076806675195,-9.00547199502862,-9.00325710925956,-9.00103087751743,-8.99878826482011,-8.99652423618546,-8.99423375663134,-8.99191179117562,-8.98955330483616,-8.98715326263081,-8.98470662957745,-8.98220837069394,-8.97965345099814,-8.97703683550791,-8.97435371366358,-8.97160017259528,-8.96877252385565,-8.96586707899728,-8.96288014957277,-8.95980804713475,-8.95664708323583,-8.9533935694286,-8.95004381726568,-8.94659413829968,-8.94304084408319,-8.93938024616886,-8.93560895807488,-8.93172480118194,-8.92772589883637,-8.92361037438445,-8.9193763511725,-8.91502195254682,-8.91054530185371,-8.90594452243947,-8.90121773765043,-8.89636307083288,-8.8913786453331,-8.88626258449745,-8.88101332586531,-8.87563056374856,-8.87011430665223,-8.8644645630813,-8.85868134154077,-8.85276465053566,-8.84671449857095,-8.84053089415163,-8.83421384578273,-8.82776336196925,-8.82117945121614,-8.81446212202847,-8.80761164389605,-8.80062933024814,-8.79351675549887,-8.78627549406233,-8.77890712035262,-8.77141320878389,-8.76379533377022,-8.7560550697257,-8.7481939910645,-8.74021367220068,-8.73211568754834,-8.72390161152165,-8.71557317736259,-8.70713275362485,-8.6985828676901,-8.68992604693994,-8.68116481875598,-8.67230171051987,-8.66333924961321,-8.65427996341761,-8.64512637931474,-8.63588102468619,-8.62654642691357,-8.61712511337853,-8.60761964792867,-8.59803274027548,-8.58836713659653,-8.57862558306928,-8.56881082587123,-8.55892561117994,-8.54897268517288,-8.53895479402754,-8.52887468392147,-8.51873510103217,-8.5085387915371,-8.49828850161383,-8.48798690436882,-8.47763638062447,-8.46723923813224,-8.45679778464351,-8.44631432790965,-8.43579117568212,-8.42523063571232,-8.4146350157516,-8.40400662355143,-8.39334776686319,-8.38266075343827,-8.37194789102811,-8.3612113459917,-8.35045271911843,-8.33967346980537,-8.32887505744951,-8.31805894144784,-8.30722658119744,-8.29637943609529,-8.28551896553838,-8.27464662892379,-8.26376388564851,-8.25287219510952,-8.24197301670391,-8.23106765833617,-8.22015682194077,-8.20924105795982,-8.1983209168353,-8.18739694900919,-8.1764697049236,-8.16553973502051,-8.15460758974192,-8.1436738195299,-8.13273897482646,-8.12180360607357,-8.11086826371334,-8.09993339843582,-8.08899906192336,-8.07806520610647,-8.06713178291555,-8.05619874428103,-8.04526604213341,-8.03433362840313,-8.02340145502057,-8.01246947391626,-8.00153763702061,-7.99060589626403,-7.97967420357704
"34",-9.41406402806525,-9.40161513194786,-9.38935338441708,-9.37728057910258,-9.36539850963392,-9.35370896964067,-9.34221375275251,-9.330914652599,-9.3198134628097,-9.30891197701429,-9.29821198884233,-9.2877152919234,-9.27742367988716,-9.26733860087878,-9.25746012110589,-9.24778796129181,-9.23832184215977,-9.22906148443299,-9.22000660883481,-9.21115693608844,-9.20251218691713,-9.19407208204418,-9.18583634219283,-9.17780468808632,-9.16997684044795,-9.16235216922516,-9.15492864126218,-9.14770387262748,-9.1406754793895,-9.13384107761666,-9.12719828337744,-9.12074471274026,-9.11447798177356,-9.10839570654581,-9.10249550312544,-9.09677498758088,-9.0912317759806,-9.08586318731628,-9.0806653522726,-9.0756341044575,-9.07076527747892,-9.06605470494477,-9.061498220463,-9.05709165764154,-9.05283085008832,-9.04871163141128,-9.04472983521835,-9.04088129511745,-9.03716184471654,-9.03356712620003,-9.03009201605837,-9.02673119935855,-9.02347936116749,-9.02033118655215,-9.01728136057951,-9.0143245683165,-9.01145549483008,-9.00866882518722,-9.00595924445486,-9.00332143769996,-9.00075008998948,-8.99823983533612,-8.9957851035356,-8.99338027332941,-8.99101972345902,-8.9886978326659,-8.98640897969153,-8.98414754327739,-8.98190790216494,-8.97968443509568,-8.97747152081107,-8.97526353805258,-8.9730548655617,-8.97083997979264,-8.96861374805051,-8.96637113535319,-8.96410710671854,-8.96181662716442,-8.9594946617087,-8.95713617536924,-8.95473613316389,-8.95228950011053,-8.94979124122702,-8.94723632153122,-8.94461970604099,-8.94193658419666,-8.93918304312836,-8.93635539438873,-8.93344994953036,-8.93046302010585,-8.92739091766783,-8.92422995376891,-8.92097643996168,-8.91762668779876,-8.91417700883276,-8.91062371461627,-8.90696311670194,-8.90319182860796,-8.89930767171502,-8.89530876936945,-8.89119324491753,-8.88695922170558,-8.8826048230799,-8.87812817238679,-8.87352739297255,-8.86880060818351,-8.86394594136596,-8.85896151586619,-8.85384545503053,-8.84859619639839,-8.84321343428164,-8.83769717718531,-8.83204743361438,-8.82626421207385,-8.82034752106874,-8.81429736910403,-8.80811376468471,-8.80179671631582,-8.79534623250233,-8.78876232174922,-8.78204499256155,-8.77519451442913,-8.76821220078122,-8.76109962603195,-8.75385836459541,-8.7464899908857,-8.73899607931697,-8.7313782043033,-8.72363794025878,-8.71577686159758,-8.70779654273376,-8.69969855808142,-8.69148448205473,-8.68315604789567,-8.67471562415793,-8.66616573822318,-8.65750891747302,-8.64874768928906,-8.63988458105295,-8.63092212014629,-8.62186283395069,-8.61270924984782,-8.60346389521927,-8.59412929744665,-8.58470798391161,-8.57520251846175,-8.56561561080856,-8.55595000712961,-8.54620845360236,-8.53639369640431,-8.52650848171302,-8.51655555570596,-8.50653766456062,-8.49645755445455,-8.48631797156525,-8.47612166207018,-8.46587137214691,-8.4555697749019,-8.44521925115755,-8.43482210866532,-8.42438065517659,-8.41389719844273,-8.4033740462152,-8.3928135062454,-8.38221788628468,-8.37158949408451,-8.36093063739627,-8.35024362397135,-8.33953076156119,-8.32879421652478,-8.31803558965151,-8.30725634033845,-8.29645792798259,-8.28564181198092,-8.27480945173052,-8.26396230662837,-8.25310183607146,-8.24222949945687,-8.23134675618159,-8.2204550656426,-8.209555887237,-8.19865052886925,-8.18773969247385,-8.1768239284929,-8.16590378736838,-8.15497981954227,-8.14405257545668,-8.13312260555359,-8.122190460275,-8.11125669006298,-8.10032184535954,-8.08938647660665,-8.07845113424642,-8.0675162689689,-8.05658193245644,-8.04564807663955,-8.03471465344863,-8.02378161481411,-8.0128489126665,-8.00191649893621,-7.99098432555365,-7.98005234444934,-7.96912050755369,-7.95818876679712,-7.94725707411012
"35",-9.38401004958941,-9.37156115347202,-9.35929940594124,-9.34722660062673,-9.33534453115807,-9.32365499116483,-9.31215977427667,-9.30086067412315,-9.28975948433386,-9.27885799853845,-9.26815801036649,-9.25766131344756,-9.24736970141131,-9.23728462240293,-9.22740614263004,-9.21773398281596,-9.20826786368392,-9.19900750595715,-9.18995263035896,-9.18110295761259,-9.17245820844128,-9.16401810356833,-9.15578236371699,-9.14775070961047,-9.13992286197211,-9.13229819074932,-9.12487466278633,-9.11764989415164,-9.11062150091366,-9.10378709914082,-9.09714430490159,-9.09069073426442,-9.08442400329772,-9.07834172806997,-9.0724415246496,-9.06672100910504,-9.06117779750476,-9.05580920884044,-9.05061137379675,-9.04558012598166,-9.04071129900307,-9.03600072646892,-9.03144424198715,-9.0270376791657,-9.02277687161247,-9.01865765293544,-9.0146758567425,-9.01082731664161,-9.00710786624069,-9.00351314772418,-9.00003803758253,-8.9966772208827,-8.99342538269164,-8.99027720807631,-8.98722738210366,-8.98427058984066,-8.98140151635424,-8.97861484671138,-8.97590526597902,-8.97326745922411,-8.97069611151363,-8.96818585686027,-8.96573112505975,-8.96332629485356,-8.96096574498317,-8.95864385419005,-8.95635500121568,-8.95409356480154,-8.9518539236891,-8.94963045661983,-8.94741754233522,-8.94520955957674,-8.94300088708586,-8.94078600131679,-8.93855976957466,-8.93631715687734,-8.9340531282427,-8.93176264868858,-8.92944068323286,-8.92708219689339,-8.92468215468805,-8.92223552163469,-8.91973726275118,-8.91718234305537,-8.91456572756514,-8.91188260572081,-8.90912906465252,-8.90630141591289,-8.90339597105451,-8.90040904163001,-8.89733693919199,-8.89417597529306,-8.89092246148583,-8.88757270932291,-8.88412303035691,-8.88056973614043,-8.87690913822609,-8.87313785013212,-8.86925369323918,-8.8652547908936,-8.86113926644169,-8.85690524322973,-8.85255084460405,-8.84807419391095,-8.84347341449671,-8.83874662970766,-8.83389196289012,-8.82890753739034,-8.82379147655469,-8.81854221792254,-8.8131594558058,-8.80764319870947,-8.80199345513854,-8.79621023359801,-8.79029354259289,-8.78424339062818,-8.77805978620886,-8.77174273783997,-8.76529225402648,-8.75870834327338,-8.75199101408571,-8.74514053595329,-8.73815822230537,-8.7310456475561,-8.72380438611957,-8.71643601240986,-8.70894210084112,-8.70132422582745,-8.69358396178294,-8.68572288312173,-8.67774256425792,-8.66964457960558,-8.66143050357888,-8.65310206941982,-8.64466164568208,-8.63611175974734,-8.62745493899718,-8.61869371081321,-8.6098306025771,-8.60086814167045,-8.59180885547485,-8.58265527137198,-8.57340991674343,-8.5640753189708,-8.55465400543577,-8.54514853998591,-8.53556163233272,-8.52589602865376,-8.51615447512652,-8.50633971792847,-8.49645450323718,-8.48650157723012,-8.47648368608478,-8.46640357597871,-8.4562639930894,-8.44606768359433,-8.43581739367106,-8.42551579642605,-8.4151652726817,-8.40476813018948,-8.39432667670074,-8.38384321996688,-8.37332006773936,-8.36275952776955,-8.35216390780883,-8.34153551560867,-8.33087665892043,-8.3201896454955,-8.30947678308535,-8.29874023804894,-8.28798161117566,-8.2772023618626,-8.26640394950674,-8.25558783350508,-8.24475547325467,-8.23390832815252,-8.22304785759561,-8.21217552098102,-8.20129277770574,-8.19040108716676,-8.17950190876115,-8.1685965503934,-8.15768571399801,-8.14676995001705,-8.13584980889253,-8.12492584106643,-8.11399859698084,-8.10306862707775,-8.09213648179915,-8.08120271158714,-8.07026786688369,-8.05933249813081,-8.04839715577058,-8.03746229049306,-8.0265279539806,-8.0155940981637,-8.00466067497278,-7.99372763633827,-7.98279493419065,-7.97186252046036,-7.96093034707781,-7.94999836597349,-7.93906652907785,-7.92813478832127,-7.91720309563428
"36",-9.35678350525985,-9.34433460914246,-9.33207286161168,-9.32000005629718,-9.30811798682852,-9.29642844683528,-9.28493322994711,-9.2736341297936,-9.26253294000431,-9.2516314542089,-9.24093146603694,-9.23043476911801,-9.22014315708176,-9.21005807807338,-9.20017959830049,-9.19050743848641,-9.18104131935437,-9.1717809616276,-9.16272608602941,-9.15387641328304,-9.14523166411173,-9.13679155923878,-9.12855581938743,-9.12052416528092,-9.11269631764255,-9.10507164641977,-9.09764811845678,-9.09042334982209,-9.0833949565841,-9.07656055481126,-9.06991776057204,-9.06346418993486,-9.05719745896816,-9.05111518374041,-9.04521498032004,-9.03949446477548,-9.0339512531752,-9.02858266451089,-9.0233848294672,-9.0183535816521,-9.01348475467352,-9.00877418213937,-9.0042176976576,-8.99981113483615,-8.99555032728292,-8.99143110860589,-8.98744931241295,-8.98360077231205,-8.97988132191114,-8.97628660339463,-8.97281149325298,-8.96945067655315,-8.96619883836209,-8.96305066374675,-8.96000083777411,-8.95704404551111,-8.95417497202468,-8.95138830238182,-8.94867872164947,-8.94604091489456,-8.94346956718408,-8.94095931253072,-8.9385045807302,-8.93609975052401,-8.93373920065362,-8.9314173098605,-8.92912845688613,-8.92686702047199,-8.92462737935955,-8.92240391229028,-8.92019099800567,-8.91798301524718,-8.91577434275631,-8.91355945698724,-8.91133322524511,-8.90909061254779,-8.90682658391314,-8.90453610435902,-8.9022141389033,-8.89985565256384,-8.89745561035849,-8.89500897730514,-8.89251071842163,-8.88995579872582,-8.88733918323559,-8.88465606139126,-8.88190252032296,-8.87907487158333,-8.87616942672496,-8.87318249730045,-8.87011039486244,-8.86694943096351,-8.86369591715628,-8.86034616499336,-8.85689648602736,-8.85334319181088,-8.84968259389654,-8.84591130580256,-8.84202714890962,-8.83802824656405,-8.83391272211214,-8.82967869890018,-8.8253243002745,-8.82084764958139,-8.81624687016716,-8.81152008537811,-8.80666541856056,-8.80168099306079,-8.79656493222513,-8.79131567359299,-8.78593291147624,-8.78041665437991,-8.77476691080899,-8.76898368926845,-8.76306699826334,-8.75701684629863,-8.75083324187931,-8.74451619351042,-8.73806570969693,-8.73148179894383,-8.72476446975615,-8.71791399162374,-8.71093167797582,-8.70381910322655,-8.69657784179002,-8.6892094680803,-8.68171555651157,-8.6740976814979,-8.66635741745339,-8.65849633879218,-8.65051601992836,-8.64241803527602,-8.63420395924933,-8.62587552509027,-8.61743510135253,-8.60888521541779,-8.60022839466763,-8.59146716648366,-8.58260405824755,-8.5736415973409,-8.5645823111453,-8.55542872704242,-8.54618337241387,-8.53684877464125,-8.52742746110622,-8.51792199565635,-8.50833508800317,-8.49866948432421,-8.48892793079697,-8.47911317359891,-8.46922795890762,-8.45927503290056,-8.44925714175522,-8.43917703164916,-8.42903744875985,-8.41884113926478,-8.40859084934151,-8.3982892520965,-8.38793872835215,-8.37754158585992,-8.36710013237119,-8.35661667563733,-8.34609352340981,-8.33553298344,-8.32493736347928,-8.31430897127911,-8.30365011459088,-8.29296310116595,-8.28225023875579,-8.27151369371939,-8.26075506684611,-8.24997581753305,-8.23917740517719,-8.22836128917552,-8.21752892892512,-8.20668178382297,-8.19582131326606,-8.18494897665147,-8.17406623337619,-8.16317454283721,-8.1522753644316,-8.14137000606385,-8.13045916966846,-8.1195434056875,-8.10862326456298,-8.09769929673688,-8.08677205265128,-8.07584208274819,-8.0649099374696,-8.05397616725758,-8.04304132255414,-8.03210595380126,-8.02117061144102,-8.01023574616351,-7.99930140965104,-7.98836755383415,-7.97743413064323,-7.96650109200872,-7.9555683898611,-7.94463597613081,-7.93370380274825,-7.92277182164394,-7.91183998474829,-7.90090824399172,-7.88997655130473
"37",-9.33284867823182,-9.32039978211443,-9.30813803458365,-9.29606522926914,-9.28418315980048,-9.27249361980724,-9.26099840291908,-9.24969930276556,-9.23859811297627,-9.22769662718086,-9.2169966390089,-9.20649994208997,-9.19620833005372,-9.18612325104534,-9.17624477127246,-9.16657261145838,-9.15710649232633,-9.14784613459956,-9.13879125900137,-9.129941586255,-9.12129683708369,-9.11285673221075,-9.1046209923594,-9.09658933825289,-9.08876149061452,-9.08113681939173,-9.07371329142875,-9.06648852279405,-9.05946012955607,-9.05262572778323,-9.045982933544,-9.03952936290683,-9.03326263194013,-9.02718035671238,-9.02128015329201,-9.01555963774745,-9.01001642614717,-9.00464783748285,-8.99945000243916,-8.99441875462407,-8.98954992764548,-8.98483935511133,-8.98028287062957,-8.97587630780811,-8.97161550025489,-8.96749628157785,-8.96351448538492,-8.95966594528402,-8.9559464948831,-8.95235177636659,-8.94887666622494,-8.94551584952511,-8.94226401133406,-8.93911583671872,-8.93606601074607,-8.93310921848307,-8.93024014499665,-8.92745347535379,-8.92474389462143,-8.92210608786652,-8.91953474015604,-8.91702448550268,-8.91456975370216,-8.91216492349598,-8.90980437362558,-8.90748248283246,-8.9051936298581,-8.90293219344395,-8.90069255233151,-8.89846908526224,-8.89625617097763,-8.89404818821915,-8.89183951572827,-8.8896246299592,-8.88739839821707,-8.88515578551976,-8.88289175688511,-8.88060127733099,-8.87827931187527,-8.8759208255358,-8.87352078333046,-8.8710741502771,-8.86857589139359,-8.86602097169778,-8.86340435620756,-8.86072123436322,-8.85796769329493,-8.8551400445553,-8.85223459969692,-8.84924767027242,-8.8461755678344,-8.84301460393548,-8.83976109012824,-8.83641133796532,-8.83296165899933,-8.82940836478284,-8.8257477668685,-8.82197647877453,-8.81809232188159,-8.81409341953601,-8.8099778950841,-8.80574387187214,-8.80138947324646,-8.79691282255336,-8.79231204313912,-8.78758525835008,-8.78273059153253,-8.77774616603275,-8.7726301051971,-8.76738084656496,-8.76199808444821,-8.75648182735188,-8.75083208378095,-8.74504886224042,-8.7391321712353,-8.7330820192706,-8.72689841485128,-8.72058136648238,-8.71413088266889,-8.70754697191579,-8.70082964272812,-8.6939791645957,-8.68699685094779,-8.67988427619851,-8.67264301476198,-8.66527464105227,-8.65778072948353,-8.65016285446986,-8.64242259042535,-8.63456151176414,-8.62658119290033,-8.61848320824799,-8.61026913222129,-8.60194069806223,-8.59350027432449,-8.58495038838975,-8.57629356763959,-8.56753233945562,-8.55866923121951,-8.54970677031286,-8.54064748411726,-8.53149390001439,-8.52224854538584,-8.51291394761321,-8.50349263407818,-8.49398716862832,-8.48440026097513,-8.47473465729617,-8.46499310376893,-8.45517834657088,-8.44529313187959,-8.43534020587253,-8.42532231472719,-8.41524220462112,-8.40510262173182,-8.39490631223674,-8.38465602231347,-8.37435442506847,-8.36400390132412,-8.35360675883189,-8.34316530534315,-8.33268184860929,-8.32215869638177,-8.31159815641196,-8.30100253645124,-8.29037414425108,-8.27971528756284,-8.26902827413791,-8.25831541172776,-8.24757886669135,-8.23682023981807,-8.22604099050501,-8.21524257814916,-8.20442646214749,-8.19359410189708,-8.18274695679493,-8.17188648623802,-8.16101414962344,-8.15013140634816,-8.13923971580917,-8.12834053740356,-8.11743517903581,-8.10652434264042,-8.09560857865946,-8.08468843753494,-8.07376446970884,-8.06283722562325,-8.05190725572016,-8.04097511044156,-8.03004134022955,-8.0191064955261,-8.00817112677322,-7.99723578441299,-7.98630091913547,-7.97536658262301,-7.96443272680611,-7.9534993036152,-7.94256626498068,-7.93163356283306,-7.92070114910277,-7.90976897572022,-7.8988369946159,-7.88790515772026,-7.87697341696368,-7.86604172427669
"38",-9.31266512120797,-9.30021622509058,-9.2879544775598,-9.27588167224529,-9.26399960277663,-9.25231006278339,-9.24081484589522,-9.22951574574171,-9.21841455595242,-9.20751307015701,-9.19681308198505,-9.18631638506612,-9.17602477302987,-9.16593969402149,-9.1560612142486,-9.14638905443452,-9.13692293530248,-9.12766257757571,-9.11860770197752,-9.10975802923115,-9.10111328005984,-9.09267317518689,-9.08443743533554,-9.07640578122903,-9.06857793359067,-9.06095326236788,-9.05352973440489,-9.0463049657702,-9.03927657253222,-9.03244217075937,-9.02579937652015,-9.01934580588298,-9.01307907491628,-9.00699679968853,-9.00109659626815,-8.9953760807236,-8.98983286912332,-8.984464280459,-8.97926644541531,-8.97423519760022,-8.96936637062163,-8.96465579808748,-8.96009931360571,-8.95569275078426,-8.95143194323103,-8.947312724554,-8.94333092836106,-8.93948238826017,-8.93576293785925,-8.93216821934274,-8.92869310920109,-8.92533229250126,-8.9220804543102,-8.91893227969487,-8.91588245372222,-8.91292566145922,-8.9100565879728,-8.90726991832993,-8.90456033759758,-8.90192253084267,-8.89935118313219,-8.89684092847883,-8.89438619667831,-8.89198136647212,-8.88962081660173,-8.88729892580861,-8.88501007283424,-8.8827486364201,-8.88050899530766,-8.87828552823839,-8.87607261395378,-8.8738646311953,-8.87165595870442,-8.86944107293535,-8.86721484119322,-8.8649722284959,-8.86270819986126,-8.86041772030713,-8.85809575485142,-8.85573726851195,-8.8533372263066,-8.85089059325325,-8.84839233436974,-8.84583741467393,-8.8432207991837,-8.84053767733937,-8.83778413627108,-8.83495648753144,-8.83205104267307,-8.82906411324857,-8.82599201081055,-8.82283104691162,-8.81957753310439,-8.81622778094147,-8.81277810197547,-8.80922480775899,-8.80556420984465,-8.80179292175067,-8.79790876485774,-8.79390986251216,-8.78979433806025,-8.78556031484829,-8.78120591622261,-8.7767292655295,-8.77212848611527,-8.76740170132622,-8.76254703450867,-8.7575626090089,-8.75244654817324,-8.7471972895411,-8.74181452742435,-8.73629827032802,-8.7306485267571,-8.72486530521657,-8.71894861421145,-8.71289846224674,-8.70671485782742,-8.70039780945853,-8.69394732564504,-8.68736341489194,-8.68064608570427,-8.67379560757185,-8.66681329392393,-8.65970071917466,-8.65245945773813,-8.64509108402842,-8.63759717245968,-8.62997929744601,-8.6222390334015,-8.61437795474029,-8.60639763587647,-8.59829965122414,-8.59008557519744,-8.58175714103838,-8.57331671730064,-8.5647668313659,-8.55611001061574,-8.54734878243177,-8.53848567419566,-8.52952321328901,-8.52046392709341,-8.51131034299054,-8.50206498836199,-8.49273039058936,-8.48330907705433,-8.47380361160447,-8.46421670395128,-8.45455110027232,-8.44480954674508,-8.43499478954703,-8.42510957485574,-8.41515664884868,-8.40513875770334,-8.39505864759727,-8.38491906470796,-8.37472275521289,-8.36447246528962,-8.35417086804461,-8.34382034430026,-8.33342320180803,-8.3229817483193,-8.31249829158544,-8.30197513935792,-8.29141459938811,-8.28081897942739,-8.27019058722722,-8.25953173053899,-8.24884471711406,-8.2381318547039,-8.2273953096675,-8.21663668279422,-8.20585743348116,-8.1950590211253,-8.18424290512364,-8.17341054487323,-8.16256339977108,-8.15170292921417,-8.14083059259958,-8.1299478493243,-8.11905615878532,-8.10815698037971,-8.09725162201196,-8.08634078561657,-8.07542502163561,-8.06450488051109,-8.05358091268499,-8.04265366859939,-8.03172369869631,-8.02079155341771,-8.0098577832057,-7.99892293850225,-7.98798756974937,-7.97705222738914,-7.96611736211162,-7.95518302559916,-7.94424916978226,-7.93331574659134,-7.92238270795683,-7.91145000580921,-7.90051759207892,-7.88958541869636,-7.87865343759205,-7.8677216006964,-7.85678985993983,-7.84585816725284
"39",-9.29667346508074,-9.28422456896335,-9.27196282143257,-9.25989001611807,-9.24800794664941,-9.23631840665617,-9.224823189768,-9.21352408961449,-9.20242289982519,-9.19152141402978,-9.18082142585782,-9.1703247289389,-9.16003311690265,-9.14994803789427,-9.14006955812138,-9.1303973983073,-9.12093127917526,-9.11167092144848,-9.1026160458503,-9.09376637310393,-9.08512162393262,-9.07668151905967,-9.06844577920832,-9.06041412510181,-9.05258627746344,-9.04496160624065,-9.03753807827767,-9.03031330964298,-9.02328491640499,-9.01645051463215,-9.00980772039293,-9.00335414975575,-8.99708741878905,-8.9910051435613,-8.98510494014093,-8.97938442459637,-8.97384121299609,-8.96847262433177,-8.96327478928809,-8.95824354147299,-8.95337471449441,-8.94866414196026,-8.94410765747849,-8.93970109465703,-8.93544028710381,-8.93132106842677,-8.92733927223384,-8.92349073213294,-8.91977128173203,-8.91617656321552,-8.91270145307386,-8.90934063637404,-8.90608879818298,-8.90294062356764,-8.899890797595,-8.89693400533199,-8.89406493184557,-8.89127826220271,-8.88856868147036,-8.88593087471545,-8.88335952700497,-8.88084927235161,-8.87839454055109,-8.8759897103449,-8.87362916047451,-8.87130726968139,-8.86901841670702,-8.86675698029288,-8.86451733918043,-8.86229387211117,-8.86008095782656,-8.85787297506807,-8.8556643025772,-8.85344941680813,-8.851223185066,-8.84898057236868,-8.84671654373403,-8.84442606417991,-8.84210409872419,-8.83974561238473,-8.83734557017938,-8.83489893712602,-8.83240067824251,-8.82984575854671,-8.82722914305648,-8.82454602121215,-8.82179248014385,-8.81896483140422,-8.81605938654585,-8.81307245712134,-8.81000035468332,-8.8068393907844,-8.80358587697717,-8.80023612481425,-8.79678644584825,-8.79323315163177,-8.78957255371743,-8.78580126562345,-8.78191710873051,-8.77791820638494,-8.77380268193303,-8.76956865872107,-8.76521426009539,-8.76073760940228,-8.75613682998804,-8.751410045199,-8.74655537838145,-8.74157095288168,-8.73645489204602,-8.73120563341388,-8.72582287129713,-8.7203066142008,-8.71465687062988,-8.70887364908934,-8.70295695808423,-8.69690680611952,-8.6907232017002,-8.68440615333131,-8.67795566951782,-8.67137175876472,-8.66465442957704,-8.65780395144463,-8.65082163779671,-8.64370906304744,-8.6364678016109,-8.62909942790119,-8.62160551633246,-8.61398764131879,-8.60624737727428,-8.59838629861307,-8.59040597974925,-8.58230799509691,-8.57409391907022,-8.56576548491116,-8.55732506117342,-8.54877517523867,-8.54011835448851,-8.53135712630455,-8.52249401806844,-8.51353155716178,-8.50447227096618,-8.49531868686331,-8.48607333223476,-8.47673873446214,-8.4673174209271,-8.45781195547724,-8.44822504782405,-8.4385594441451,-8.42881789061786,-8.4190031334198,-8.40911791872851,-8.39916499272145,-8.38914710157611,-8.37906699147005,-8.36892740858074,-8.35873109908567,-8.3484808091624,-8.33817921191739,-8.32782868817304,-8.31743154568081,-8.30699009219208,-8.29650663545822,-8.2859834832307,-8.27542294326089,-8.26482732330017,-8.2541989311,-8.24354007441177,-8.23285306098684,-8.22214019857668,-8.21140365354028,-8.200645026667,-8.18986577735394,-8.17906736499808,-8.16825124899641,-8.15741888874601,-8.14657174364386,-8.13571127308695,-8.12483893647236,-8.11395619319708,-8.1030645026581,-8.09216532425249,-8.08125996588474,-8.07034912948935,-8.05943336550839,-8.04851322438387,-8.03758925655776,-8.02666201247217,-8.01573204256908,-8.00479989729049,-7.99386612707847,-7.98293128237503,-7.97199591362215,-7.96106057126191,-7.9501257059844,-7.93919136947193,-7.92825751365504,-7.91732409046412,-7.9063910518296,-7.89545834968199,-7.8845259359517,-7.87359376256914,-7.86266178146483,-7.85172994456918,-7.84079820381261,-7.82986651112561
"40",-9.28530961029004,-9.27286071417265,-9.26059896664187,-9.24852616132737,-9.23664409185871,-9.22495455186546,-9.2134593349773,-9.20216023482379,-9.19105904503449,-9.18015755923908,-9.16945757106712,-9.15896087414819,-9.14866926211195,-9.13858418310357,-9.12870570333068,-9.1190335435166,-9.10956742438455,-9.10030706665778,-9.0912521910596,-9.08240251831323,-9.07375776914192,-9.06531766426897,-9.05708192441762,-9.04905027031111,-9.04122242267274,-9.03359775144995,-9.02617422348697,-9.01894945485227,-9.01192106161429,-9.00508665984145,-8.99844386560223,-8.99199029496505,-8.98572356399835,-8.9796412887706,-8.97374108535023,-8.96802056980567,-8.96247735820539,-8.95710876954107,-8.95191093449739,-8.94687968668229,-8.9420108597037,-8.93730028716955,-8.93274380268779,-8.92833723986633,-8.92407643231311,-8.91995721363607,-8.91597541744314,-8.91212687734224,-8.90840742694133,-8.90481270842482,-8.90133759828316,-8.89797678158334,-8.89472494339228,-8.89157676877694,-8.8885269428043,-8.88557015054129,-8.88270107705487,-8.87991440741201,-8.87720482667965,-8.87456701992475,-8.87199567221427,-8.86948541756091,-8.86703068576039,-8.8646258555542,-8.86226530568381,-8.85994341489068,-8.85765456191632,-8.85539312550218,-8.85315348438973,-8.85093001732047,-8.84871710303586,-8.84650912027737,-8.84430044778649,-8.84208556201743,-8.8398593302753,-8.83761671757798,-8.83535268894333,-8.83306220938921,-8.83074024393349,-8.82838175759403,-8.82598171538868,-8.82353508233532,-8.82103682345181,-8.818481903756,-8.81586528826578,-8.81318216642144,-8.81042862535315,-8.80760097661352,-8.80469553175515,-8.80170860233064,-8.79863649989262,-8.7954755359937,-8.79222202218646,-8.78887227002355,-8.78542259105755,-8.78186929684106,-8.77820869892673,-8.77443741083275,-8.77055325393981,-8.76655435159424,-8.76243882714232,-8.75820480393037,-8.75385040530469,-8.74937375461158,-8.74477297519734,-8.7400461904083,-8.73519152359075,-8.73020709809098,-8.72509103725532,-8.71984177862318,-8.71445901650643,-8.7089427594101,-8.70329301583917,-8.69750979429864,-8.69159310329353,-8.68554295132882,-8.6793593469095,-8.6730422985406,-8.66659181472712,-8.66000790397401,-8.65329057478634,-8.64644009665392,-8.63945778300601,-8.63234520825674,-8.6251039468202,-8.61773557311049,-8.61024166154176,-8.60262378652809,-8.59488352248357,-8.58702244382236,-8.57904212495855,-8.57094414030621,-8.56273006427952,-8.55440163012046,-8.54596120638272,-8.53741132044797,-8.52875449969781,-8.51999327151385,-8.51113016327774,-8.50216770237108,-8.49310841617548,-8.48395483207261,-8.47470947744406,-8.46537487967143,-8.4559535661364,-8.44644810068654,-8.43686119303335,-8.4271955893544,-8.41745403582715,-8.4076392786291,-8.39775406393781,-8.38780113793075,-8.37778324678541,-8.36770313667934,-8.35756355379004,-8.34736724429496,-8.3371169543717,-8.32681535712669,-8.31646483338234,-8.30606769089011,-8.29562623740138,-8.28514278066752,-8.27461962844,-8.26405908847019,-8.25346346850947,-8.2428350763093,-8.23217621962106,-8.22148920619614,-8.21077634378598,-8.20003979874957,-8.1892811718763,-8.17850192256324,-8.16770351020738,-8.15688739420571,-8.1460550339553,-8.13520788885316,-8.12434741829625,-8.11347508168166,-8.10259233840638,-8.0917006478674,-8.08080146946178,-8.06989611109404,-8.05898527469864,-8.04806951071769,-8.03714936959316,-8.02622540176706,-8.01529815768147,-8.00436818777838,-7.99343604249979,-7.98250227228777,-7.97156742758432,-7.96063205883144,-7.94969671647121,-7.93876185119369,-7.92782751468123,-7.91689365886434,-7.90596023567342,-7.8950271970389,-7.88409449489129,-7.873162081161,-7.86222990777844,-7.85129792667413,-7.84036608977848,-7.8294343490219,-7.81850265633491
"41",-9.27900945727575,-9.26656056115836,-9.25429881362758,-9.24222600831308,-9.23034393884442,-9.21865439885117,-9.20715918196301,-9.1958600818095,-9.1847588920202,-9.17385740622479,-9.16315741805283,-9.1526607211339,-9.14236910909766,-9.13228403008928,-9.12240555031639,-9.11273339050231,-9.10326727137026,-9.09400691364349,-9.0849520380453,-9.07610236529894,-9.06745761612763,-9.05901751125468,-9.05078177140333,-9.04275011729682,-9.03492226965845,-9.02729759843566,-9.01987407047268,-9.01264930183798,-9.0056209086,-8.99878650682716,-8.99214371258794,-8.98569014195076,-8.97942341098406,-8.97334113575631,-8.96744093233594,-8.96172041679138,-8.9561772051911,-8.95080861652678,-8.9456107814831,-8.940579533668,-8.93571070668941,-8.93100013415526,-8.9264436496735,-8.92203708685204,-8.91777627929882,-8.91365706062178,-8.90967526442885,-8.90582672432795,-8.90210727392703,-8.89851255541053,-8.89503744526887,-8.89167662856905,-8.88842479037799,-8.88527661576265,-8.88222678979001,-8.879269997527,-8.87640092404058,-8.87361425439772,-8.87090467366536,-8.86826686691045,-8.86569551919998,-8.86318526454662,-8.8607305327461,-8.85832570253991,-8.85596515266952,-8.85364326187639,-8.85135440890203,-8.84909297248789,-8.84685333137544,-8.84462986430618,-8.84241695002157,-8.84020896726308,-8.8380002947722,-8.83578540900313,-8.833559177261,-8.83131656456369,-8.82905253592904,-8.82676205637492,-8.8244400909192,-8.82208160457974,-8.81968156237439,-8.81723492932103,-8.81473667043752,-8.81218175074171,-8.80956513525149,-8.80688201340715,-8.80412847233886,-8.80130082359923,-8.79839537874086,-8.79540844931635,-8.79233634687833,-8.78917538297941,-8.78592186917217,-8.78257211700926,-8.77912243804326,-8.77556914382677,-8.77190854591244,-8.76813725781846,-8.76425310092552,-8.76025419857995,-8.75613867412803,-8.75190465091608,-8.7475502522904,-8.74307360159729,-8.73847282218305,-8.73374603739401,-8.72889137057646,-8.72390694507668,-8.71879088424103,-8.71354162560889,-8.70815886349214,-8.70264260639581,-8.69699286282488,-8.69120964128435,-8.68529295027924,-8.67924279831453,-8.67305919389521,-8.66674214552631,-8.66029166171283,-8.65370775095972,-8.64699042177205,-8.64013994363963,-8.63315762999172,-8.62604505524244,-8.61880379380591,-8.6114354200962,-8.60394150852747,-8.5963236335138,-8.58858336946928,-8.58072229080807,-8.57274197194426,-8.56464398729192,-8.55642991126522,-8.54810147710617,-8.53966105336843,-8.53111116743368,-8.52245434668352,-8.51369311849956,-8.50483001026345,-8.49586754935679,-8.48680826316119,-8.47765467905832,-8.46840932442977,-8.45907472665714,-8.44965341312211,-8.44014794767225,-8.43056104001906,-8.4208954363401,-8.41115388281286,-8.40133912561481,-8.39145391092352,-8.38150098491646,-8.37148309377112,-8.36140298366505,-8.35126340077575,-8.34106709128067,-8.33081680135741,-8.3205152041124,-8.31016468036805,-8.29976753787582,-8.28932608438709,-8.27884262765323,-8.2683194754257,-8.2577589354559,-8.24716331549518,-8.23653492329501,-8.22587606660677,-8.21518905318185,-8.20447619077169,-8.19373964573528,-8.18298101886201,-8.17220176954895,-8.16140335719309,-8.15058724119142,-8.13975488094101,-8.12890773583887,-8.11804726528196,-8.10717492866737,-8.09629218539209,-8.0854004948531,-8.07450131644749,-8.06359595807974,-8.05268512168435,-8.0417693577034,-8.03084921657887,-8.01992524875277,-8.00899800466718,-7.99806803476409,-7.9871358894855,-7.97620211927348,-7.96526727457003,-7.95433190581715,-7.94339656345692,-7.9324616981794,-7.92152736166694,-7.91059350585004,-7.89966008265913,-7.88872704402461,-7.877794341877,-7.8668619281467,-7.85592975476415,-7.84499777365984,-7.83406593676419,-7.82313419600761,-7.81220250332062
"42",-9.27820890647776,-9.26576001036037,-9.25349826282959,-9.24142545751509,-9.22954338804643,-9.21785384805319,-9.20635863116502,-9.19505953101151,-9.18395834122222,-9.17305685542681,-9.16235686725484,-9.15186017033592,-9.14156855829967,-9.13148347929129,-9.1216049995184,-9.11193283970432,-9.10246672057228,-9.0932063628455,-9.08415148724732,-9.07530181450095,-9.06665706532964,-9.05821696045669,-9.04998122060534,-9.04194956649883,-9.03412171886046,-9.02649704763768,-9.01907351967469,-9.01184875104,-9.00482035780201,-8.99798595602917,-8.99134316178995,-8.98488959115277,-8.97862286018607,-8.97254058495832,-8.96664038153795,-8.96091986599339,-8.95537665439311,-8.9500080657288,-8.94481023068511,-8.93977898287001,-8.93491015589143,-8.93019958335728,-8.92564309887551,-8.92123653605405,-8.91697572850083,-8.9128565098238,-8.90887471363086,-8.90502617352996,-8.90130672312905,-8.89771200461254,-8.89423689447089,-8.89087607777106,-8.88762423958,-8.88447606496466,-8.88142623899202,-8.87846944672902,-8.8756003732426,-8.87281370359973,-8.87010412286738,-8.86746631611247,-8.86489496840199,-8.86238471374863,-8.85992998194811,-8.85752515174192,-8.85516460187153,-8.85284271107841,-8.85055385810404,-8.8482924216899,-8.84605278057746,-8.84382931350819,-8.84161639922358,-8.83940841646509,-8.83719974397422,-8.83498485820515,-8.83275862646302,-8.8305160137657,-8.82825198513105,-8.82596150557693,-8.82363954012121,-8.82128105378175,-8.8188810115764,-8.81643437852305,-8.81393611963954,-8.81138119994373,-8.8087645844535,-8.80608146260917,-8.80332792154087,-8.80050027280124,-8.79759482794287,-8.79460789851836,-8.79153579608035,-8.78837483218142,-8.78512131837419,-8.78177156621127,-8.77832188724527,-8.77476859302879,-8.77110799511445,-8.76733670702047,-8.76345255012753,-8.75945364778196,-8.75533812333005,-8.75110410011809,-8.74674970149241,-8.7422730507993,-8.73767227138507,-8.73294548659602,-8.72809081977847,-8.7231063942787,-8.71799033344304,-8.7127410748109,-8.70735831269415,-8.70184205559782,-8.6961923120269,-8.69040909048636,-8.68449239948125,-8.67844224751654,-8.67225864309722,-8.66594159472833,-8.65949111091484,-8.65290720016174,-8.64618987097406,-8.63933939284165,-8.63235707919373,-8.62524450444446,-8.61800324300792,-8.61063486929821,-8.60314095772948,-8.59552308271581,-8.5877828186713,-8.57992174001009,-8.57194142114627,-8.56384343649393,-8.55562936046724,-8.54730092630818,-8.53886050257044,-8.5303106166357,-8.52165379588554,-8.51289256770157,-8.50402945946546,-8.4950669985588,-8.4860077123632,-8.47685412826033,-8.46760877363178,-8.45827417585916,-8.44885286232413,-8.43934739687426,-8.42976048922108,-8.42009488554212,-8.41035333201488,-8.40053857481682,-8.39065336012553,-8.38070043411847,-8.37068254297313,-8.36060243286707,-8.35046284997776,-8.34026654048269,-8.33001625055942,-8.31971465331441,-8.30936412957006,-8.29896698707783,-8.2885255335891,-8.27804207685524,-8.26751892462772,-8.25695838465791,-8.24636276469719,-8.23573437249702,-8.22507551580879,-8.21438850238386,-8.2036756399737,-8.1929390949373,-8.18218046806402,-8.17140121875096,-8.1606028063951,-8.14978669039343,-8.13895433014303,-8.12810718504088,-8.11724671448397,-8.10637437786938,-8.0954916345941,-8.08459994405512,-8.07370076564951,-8.06279540728176,-8.05188457088637,-8.04096880690541,-8.03004866578089,-8.01912469795479,-8.00819745386919,-7.9972674839661,-7.98633533868751,-7.97540156847549,-7.96446672377205,-7.95353135501917,-7.94259601265893,-7.93166114738142,-7.92072681086895,-7.90979295505206,-7.89885953186114,-7.88792649322663,-7.87699379107901,-7.86606137734872,-7.85512920396616,-7.84419722286185,-7.8332653859662,-7.82233364520963,-7.81140195252264
"43",-9.28327807456985,-9.27082917845246,-9.25856743092168,-9.24649462560718,-9.23461255613852,-9.22292301614528,-9.21142779925711,-9.2001286991036,-9.1890275093143,-9.17812602351889,-9.16742603534693,-9.156929338428,-9.14663772639176,-9.13655264738338,-9.12667416761049,-9.11700200779641,-9.10753588866437,-9.09827553093759,-9.08922065533941,-9.08037098259304,-9.07172623342173,-9.06328612854878,-9.05505038869743,-9.04701873459092,-9.03919088695255,-9.03156621572976,-9.02414268776678,-9.01691791913209,-9.0098895258941,-9.00305512412126,-8.99641232988204,-8.98995875924486,-8.98369202827816,-8.97760975305041,-8.97170954963004,-8.96598903408548,-8.9604458224852,-8.95507723382088,-8.9498793987772,-8.9448481509621,-8.93997932398352,-8.93526875144937,-8.9307122669676,-8.92630570414614,-8.92204489659292,-8.91792567791588,-8.91394388172295,-8.91009534162205,-8.90637589122114,-8.90278117270463,-8.89930606256297,-8.89594524586315,-8.89269340767209,-8.88954523305675,-8.88649540708411,-8.8835386148211,-8.88066954133468,-8.87788287169182,-8.87517329095946,-8.87253548420456,-8.86996413649408,-8.86745388184072,-8.8649991500402,-8.86259431983401,-8.86023376996362,-8.8579118791705,-8.85562302619613,-8.85336158978199,-8.85112194866954,-8.84889848160028,-8.84668556731567,-8.84447758455718,-8.8422689120663,-8.84005402629724,-8.83782779455511,-8.83558518185779,-8.83332115322314,-8.83103067366902,-8.8287087082133,-8.82635022187384,-8.82395017966849,-8.82150354661513,-8.81900528773162,-8.81645036803582,-8.81383375254559,-8.81115063070126,-8.80839708963296,-8.80556944089333,-8.80266399603496,-8.79967706661045,-8.79660496417243,-8.79344400027351,-8.79019048646628,-8.78684073430336,-8.78339105533736,-8.77983776112088,-8.77617716320654,-8.77240587511256,-8.76852171821962,-8.76452281587405,-8.76040729142214,-8.75617326821018,-8.7518188695845,-8.74734221889139,-8.74274143947715,-8.73801465468811,-8.73315998787056,-8.72817556237079,-8.72305950153513,-8.71781024290299,-8.71242748078624,-8.70691122368991,-8.70126148011899,-8.69547825857845,-8.68956156757334,-8.68351141560863,-8.67732781118931,-8.67101076282042,-8.66456027900693,-8.65797636825383,-8.65125903906615,-8.64440856093374,-8.63742624728582,-8.63031367253655,-8.62307241110001,-8.6157040373903,-8.60821012582157,-8.6005922508079,-8.59285198676339,-8.58499090810218,-8.57701058923836,-8.56891260458602,-8.56069852855933,-8.55237009440027,-8.54392967066253,-8.53537978472778,-8.52672296397762,-8.51796173579366,-8.50909862755755,-8.50013616665089,-8.49107688045529,-8.48192329635242,-8.47267794172387,-8.46334334395125,-8.45392203041621,-8.44441656496635,-8.43482965731316,-8.42516405363421,-8.41542250010697,-8.40560774290891,-8.39572252821762,-8.38576960221056,-8.37575171106522,-8.36567160095916,-8.35553201806985,-8.34533570857478,-8.33508541865151,-8.3247838214065,-8.31443329766215,-8.30403615516992,-8.29359470168119,-8.28311124494733,-8.27258809271981,-8.26202755275,-8.25143193278928,-8.24080354058911,-8.23014468390087,-8.21945767047595,-8.20874480806579,-8.19800826302938,-8.18724963615611,-8.17647038684305,-8.16567197448719,-8.15485585848552,-8.14402349823512,-8.13317635313297,-8.12231588257606,-8.11144354596147,-8.10056080268619,-8.08966911214721,-8.0787699337416,-8.06786457537385,-8.05695373897846,-8.0460379749975,-8.03511783387298,-8.02419386604687,-8.01326662196128,-8.00233665205819,-7.9914045067796,-7.98047073656758,-7.96953589186414,-7.95860052311126,-7.94766518075102,-7.9367303154735,-7.92579597896104,-7.91486212314415,-7.90392869995323,-7.89299566131871,-7.8820629591711,-7.87113054544081,-7.86019837205825,-7.84926639095394,-7.83833455405829,-7.82740281330172,-7.81647112061472
"44",-9.29432394316133,-9.28187504704394,-9.26961329951316,-9.25754049419866,-9.24565842473,-9.23396888473676,-9.22247366784859,-9.21117456769508,-9.20007337790578,-9.18917189211037,-9.17847190393841,-9.16797520701949,-9.15768359498324,-9.14759851597486,-9.13772003620197,-9.12804787638789,-9.11858175725585,-9.10932139952907,-9.10026652393089,-9.09141685118452,-9.08277210201321,-9.07433199714026,-9.06609625728891,-9.0580646031824,-9.05023675554403,-9.04261208432125,-9.03518855635826,-9.02796378772357,-9.02093539448558,-9.01410099271274,-9.00745819847352,-9.00100462783634,-8.99473789686964,-8.98865562164189,-8.98275541822152,-8.97703490267696,-8.97149169107668,-8.96612310241236,-8.96092526736868,-8.95589401955358,-8.951025192575,-8.94631462004085,-8.94175813555908,-8.93735157273762,-8.9330907651844,-8.92897154650736,-8.92498975031443,-8.92114121021353,-8.91742175981262,-8.91382704129611,-8.91035193115446,-8.90699111445463,-8.90373927626357,-8.90059110164823,-8.89754127567559,-8.89458448341258,-8.89171540992616,-8.8889287402833,-8.88621915955095,-8.88358135279604,-8.88101000508556,-8.8784997504322,-8.87604501863168,-8.87364018842549,-8.8712796385551,-8.86895774776198,-8.86666889478761,-8.86440745837347,-8.86216781726102,-8.85994435019176,-8.85773143590715,-8.85552345314866,-8.85331478065778,-8.85109989488872,-8.84887366314659,-8.84663105044927,-8.84436702181462,-8.8420765422605,-8.83975457680478,-8.83739609046532,-8.83499604825997,-8.83254941520661,-8.8300511563231,-8.8274962366273,-8.82487962113707,-8.82219649929274,-8.81944295822444,-8.81661530948481,-8.81370986462644,-8.81072293520193,-8.80765083276392,-8.80448986886499,-8.80123635505776,-8.79788660289484,-8.79443692392884,-8.79088362971236,-8.78722303179802,-8.78345174370404,-8.7795675868111,-8.77556868446553,-8.77145316001362,-8.76721913680166,-8.76286473817598,-8.75838808748287,-8.75378730806863,-8.74906052327959,-8.74420585646204,-8.73922143096227,-8.73410537012661,-8.72885611149447,-8.72347334937772,-8.71795709228139,-8.71230734871047,-8.70652412716993,-8.70060743616482,-8.69455728420011,-8.68837367978079,-8.6820566314119,-8.67560614759841,-8.66902223684531,-8.66230490765763,-8.65545442952522,-8.6484721158773,-8.64135954112803,-8.63411827969149,-8.62674990598178,-8.61925599441305,-8.61163811939938,-8.60389785535487,-8.59603677669366,-8.58805645782984,-8.5799584731775,-8.57174439715081,-8.56341596299175,-8.55497553925401,-8.54642565331926,-8.5377688325691,-8.52900760438514,-8.52014449614903,-8.51118203524237,-8.50212274904677,-8.4929691649439,-8.48372381031535,-8.47438921254273,-8.4649678990077,-8.45546243355783,-8.44587552590465,-8.43620992222569,-8.42646836869845,-8.41665361150039,-8.4067683968091,-8.39681547080204,-8.3867975796567,-8.37671746955064,-8.36657788666133,-8.35638157716626,-8.34613128724299,-8.33582968999798,-8.32547916625363,-8.3150820237614,-8.30464057027267,-8.29415711353881,-8.28363396131129,-8.27307342134148,-8.26247780138076,-8.25184940918059,-8.24119055249236,-8.23050353906743,-8.21979067665727,-8.20905413162087,-8.19829550474759,-8.18751625543453,-8.17671784307867,-8.165901727077,-8.1550693668266,-8.14422222172445,-8.13336175116754,-8.12248941455295,-8.11160667127767,-8.10071498073869,-8.08981580233308,-8.07891044396533,-8.06799960756994,-8.05708384358898,-8.04616370246446,-8.03523973463835,-8.02431249055276,-8.01338252064967,-8.00245037537108,-7.99151660515906,-7.98058176045562,-7.96964639170274,-7.9587110493425,-7.94777618406499,-7.93684184755252,-7.92590799173563,-7.91497456854471,-7.90404152991019,-7.89310882776258,-7.88217641403229,-7.87124424064973,-7.86031225954542,-7.84938042264977,-7.8384486818932,-7.8275169892062
"45",-9.3113877100954,-9.29893881397801,-9.28667706644723,-9.27460426113272,-9.26272219166407,-9.25103265167082,-9.23953743478266,-9.22823833462915,-9.21713714483985,-9.20623565904444,-9.19553567087248,-9.18503897395355,-9.1747473619173,-9.16466228290893,-9.15478380313604,-9.14511164332196,-9.13564552418991,-9.12638516646314,-9.11733029086495,-9.10848061811859,-9.09983586894728,-9.09139576407433,-9.08316002422298,-9.07512837011647,-9.0673005224781,-9.05967585125531,-9.05225232329233,-9.04502755465763,-9.03799916141965,-9.03116475964681,-9.02452196540759,-9.01806839477041,-9.01180166380371,-9.00571938857596,-8.99981918515559,-8.99409866961103,-8.98855545801075,-8.98318686934643,-8.97798903430274,-8.97295778648765,-8.96808895950906,-8.96337838697491,-8.95882190249315,-8.95441533967169,-8.95015453211847,-8.94603531344143,-8.9420535172485,-8.9382049771476,-8.93448552674668,-8.93089080823018,-8.92741569808852,-8.9240548813887,-8.92080304319764,-8.9176548685823,-8.91460504260966,-8.91164825034665,-8.90877917686023,-8.90599250721737,-8.90328292648501,-8.9006451197301,-8.89807377201963,-8.89556351736626,-8.89310878556575,-8.89070395535956,-8.88834340548916,-8.88602151469604,-8.88373266172168,-8.88147122530754,-8.87923158419509,-8.87700811712583,-8.87479520284121,-8.87258722008273,-8.87037854759185,-8.86816366182278,-8.86593743008065,-8.86369481738334,-8.86143078874869,-8.85914030919457,-8.85681834373885,-8.85445985739939,-8.85205981519404,-8.84961318214068,-8.84711492325717,-8.84456000356136,-8.84194338807114,-8.8392602662268,-8.83650672515851,-8.83367907641888,-8.83077363156051,-8.827786702136,-8.82471459969798,-8.82155363579906,-8.81830012199182,-8.8149503698289,-8.81150069086291,-8.80794739664642,-8.80428679873209,-8.80051551063811,-8.79663135374517,-8.7926324513996,-8.78851692694768,-8.78428290373573,-8.77992850511004,-8.77545185441694,-8.7708510750027,-8.76612429021366,-8.76126962339611,-8.75628519789633,-8.75116913706068,-8.74591987842854,-8.74053711631179,-8.73502085921546,-8.72937111564453,-8.723587894104,-8.71767120309889,-8.71162105113418,-8.70543744671486,-8.69912039834596,-8.69266991453248,-8.68608600377937,-8.6793686745917,-8.67251819645928,-8.66553588281137,-8.65842330806209,-8.65118204662556,-8.64381367291585,-8.63631976134712,-8.62870188633345,-8.62096162228893,-8.61310054362772,-8.60512022476391,-8.59702224011157,-8.58880816408487,-8.58047972992581,-8.57203930618808,-8.56348942025333,-8.55483259950317,-8.54607137131921,-8.5372082630831,-8.52824580217644,-8.51918651598084,-8.51003293187797,-8.50078757724942,-8.49145297947679,-8.48203166594176,-8.4725262004919,-8.46293929283871,-8.45327368915975,-8.44353213563251,-8.43371737843446,-8.42383216374317,-8.41387923773611,-8.40386134659077,-8.3937812364847,-8.3836416535954,-8.37344534410032,-8.36319505417705,-8.35289345693205,-8.3425429331877,-8.33214579069547,-8.32170433720674,-8.31122088047288,-8.30069772824535,-8.29013718827554,-8.27954156831482,-8.26891317611466,-8.25825431942642,-8.2475673060015,-8.23685444359134,-8.22611789855493,-8.21535927168166,-8.2045800223686,-8.19378161001274,-8.18296549401107,-8.17213313376066,-8.16128598865851,-8.1504255181016,-8.13955318148702,-8.12867043821174,-8.11777874767275,-8.10687956926714,-8.09597421089939,-8.085063374504,-8.07414761052305,-8.06322746939852,-8.05230350157242,-8.04137625748683,-8.03044628758374,-8.01951414230515,-8.00858037209313,-7.99764552738968,-7.9867101586368,-7.97577481627657,-7.96483995099905,-7.95390561448659,-7.94297175866969,-7.93203833547878,-7.92110529684426,-7.91017259469664,-7.89924018096635,-7.8883080075838,-7.87737602647949,-7.86644418958384,-7.85551244882726,-7.84458075614027
"46",-9.33451057321525,-9.32206167709786,-9.30979992956708,-9.29772712425257,-9.28584505478392,-9.27415551479067,-9.26266029790251,-9.251361197749,-9.2402600079597,-9.22935852216429,-9.21865853399233,-9.2081618370734,-9.19787022503716,-9.18778514602878,-9.17790666625589,-9.16823450644181,-9.15876838730976,-9.14950802958299,-9.1404531539848,-9.13160348123844,-9.12295873206713,-9.11451862719418,-9.10628288734283,-9.09825123323632,-9.09042338559795,-9.08279871437516,-9.07537518641218,-9.06815041777748,-9.0611220245395,-9.05428762276666,-9.04764482852744,-9.04119125789026,-9.03492452692356,-9.02884225169581,-9.02294204827544,-9.01722153273088,-9.0116783211306,-9.00630973246628,-9.0011118974226,-8.9960806496075,-8.99121182262891,-8.98650125009476,-8.981944765613,-8.97753820279154,-8.97327739523832,-8.96915817656128,-8.96517638036835,-8.96132784026745,-8.95760838986653,-8.95401367135003,-8.95053856120837,-8.94717774450855,-8.94392590631749,-8.94077773170215,-8.93772790572951,-8.9347711134665,-8.93190203998008,-8.92911537033722,-8.92640578960486,-8.92376798284995,-8.92119663513948,-8.91868638048611,-8.9162316486856,-8.91382681847941,-8.91146626860901,-8.90914437781589,-8.90685552484153,-8.90459408842739,-8.90235444731494,-8.90013098024568,-8.89791806596106,-8.89571008320258,-8.8935014107117,-8.89128652494263,-8.8890602932005,-8.88681768050319,-8.88455365186854,-8.88226317231442,-8.8799412068587,-8.87758272051924,-8.87518267831389,-8.87273604526053,-8.87023778637702,-8.86768286668121,-8.86506625119099,-8.86238312934665,-8.85962958827836,-8.85680193953873,-8.85389649468036,-8.85090956525585,-8.84783746281783,-8.84467649891891,-8.84142298511167,-8.83807323294876,-8.83462355398276,-8.83107025976627,-8.82740966185194,-8.82363837375796,-8.81975421686502,-8.81575531451945,-8.81163979006753,-8.80740576685558,-8.8030513682299,-8.79857471753679,-8.79397393812255,-8.78924715333351,-8.78439248651596,-8.77940806101618,-8.77429200018053,-8.76904274154839,-8.76365997943164,-8.75814372233531,-8.75249397876438,-8.74671075722385,-8.74079406621874,-8.73474391425403,-8.72856030983471,-8.72224326146581,-8.71579277765233,-8.70920886689922,-8.70249153771155,-8.69564105957913,-8.68865874593122,-8.68154617118194,-8.67430490974541,-8.6669365360357,-8.65944262446697,-8.6518247494533,-8.64408448540878,-8.63622340674757,-8.62824308788376,-8.62014510323142,-8.61193102720472,-8.60360259304566,-8.59516216930793,-8.58661228337318,-8.57795546262302,-8.56919423443906,-8.56033112620294,-8.55136866529629,-8.54230937910069,-8.53315579499782,-8.52391044036927,-8.51457584259664,-8.50515452906161,-8.49564906361175,-8.48606215595856,-8.4763965522796,-8.46665499875236,-8.45684024155431,-8.44695502686302,-8.43700210085596,-8.42698420971062,-8.41690409960455,-8.40676451671525,-8.39656820722017,-8.3863179172969,-8.3760163200519,-8.36566579630755,-8.35526865381532,-8.34482720032659,-8.33434374359273,-8.3238205913652,-8.31326005139539,-8.30266443143467,-8.29203603923451,-8.28137718254627,-8.27069016912134,-8.25997730671119,-8.24924076167478,-8.23848213480151,-8.22770288548845,-8.21690447313259,-8.20608835713092,-8.19525599688051,-8.18440885177836,-8.17354838122145,-8.16267604460687,-8.15179330133159,-8.1409016107926,-8.13000243238699,-8.11909707401924,-8.10818623762385,-8.0972704736429,-8.08635033251837,-8.07542636469227,-8.06449912060668,-8.05356915070359,-8.042637005425,-8.03170323521298,-8.02076839050953,-8.00983302175665,-7.99889767939642,-7.9879628141189,-7.97702847760644,-7.96609462178954,-7.95516119859863,-7.94422815996411,-7.93329545781649,-7.9223630440862,-7.91143087070365,-7.90049888959934,-7.88956705270369,-7.87863531194711,-7.86770361926012
"47",-9.36373373036408,-9.35128483424669,-9.33902308671591,-9.3269502814014,-9.31506821193275,-9.3033786719395,-9.29188345505134,-9.28058435489783,-9.26948316510853,-9.25858167931312,-9.24788169114116,-9.23738499422223,-9.22709338218599,-9.21700830317761,-9.20712982340472,-9.19745766359064,-9.18799154445859,-9.17873118673182,-9.16967631113364,-9.16082663838727,-9.15218188921596,-9.14374178434301,-9.13550604449166,-9.12747439038515,-9.11964654274678,-9.11202187152399,-9.10459834356101,-9.09737357492631,-9.09034518168833,-9.08351077991549,-9.07686798567627,-9.07041441503909,-9.06414768407239,-9.05806540884464,-9.05216520542427,-9.04644468987971,-9.04090147827943,-9.03553288961511,-9.03033505457143,-9.02530380675633,-9.02043497977774,-9.01572440724359,-9.01116792276183,-9.00676135994037,-9.00250055238715,-8.99838133371011,-8.99439953751718,-8.99055099741628,-8.98683154701537,-8.98323682849886,-8.9797617183572,-8.97640090165738,-8.97314906346632,-8.97000088885098,-8.96695106287834,-8.96399427061533,-8.96112519712891,-8.95833852748605,-8.95562894675369,-8.95299113999878,-8.95041979228831,-8.94790953763495,-8.94545480583443,-8.94304997562824,-8.94068942575785,-8.93836753496472,-8.93607868199036,-8.93381724557622,-8.93157760446377,-8.92935413739451,-8.9271412231099,-8.92493324035141,-8.92272456786053,-8.92050968209147,-8.91828345034934,-8.91604083765202,-8.91377680901737,-8.91148632946325,-8.90916436400753,-8.90680587766807,-8.90440583546272,-8.90195920240936,-8.89946094352585,-8.89690602383005,-8.89428940833982,-8.89160628649548,-8.88885274542719,-8.88602509668756,-8.88311965182919,-8.88013272240468,-8.87706061996666,-8.87389965606774,-8.8706461422605,-8.86729639009759,-8.86384671113159,-8.8602934169151,-8.85663281900077,-8.85286153090679,-8.84897737401385,-8.84497847166828,-8.84086294721636,-8.83662892400441,-8.83227452537873,-8.82779787468562,-8.82319709527138,-8.81847031048234,-8.81361564366479,-8.80863121816502,-8.80351515732936,-8.79826589869722,-8.79288313658047,-8.78736687948414,-8.78171713591321,-8.77593391437268,-8.77001722336757,-8.76396707140286,-8.75778346698354,-8.75146641861464,-8.74501593480116,-8.73843202404805,-8.73171469486038,-8.72486421672796,-8.71788190308005,-8.71076932833077,-8.70352806689424,-8.69615969318453,-8.6886657816158,-8.68104790660213,-8.67330764255761,-8.6654465638964,-8.65746624503259,-8.64936826038025,-8.64115418435355,-8.6328257501945,-8.62438532645676,-8.61583544052201,-8.60717861977185,-8.59841739158789,-8.58955428335178,-8.58059182244512,-8.57153253624952,-8.56237895214665,-8.5531335975181,-8.54379899974547,-8.53437768621044,-8.52487222076058,-8.51528531310739,-8.50561970942844,-8.49587815590119,-8.48606339870314,-8.47617818401185,-8.46622525800479,-8.45620736685945,-8.44612725675338,-8.43598767386408,-8.425791364369,-8.41554107444574,-8.40523947720073,-8.39488895345638,-8.38449181096415,-8.37405035747542,-8.36356690074156,-8.35304374851403,-8.34248320854423,-8.3318875885835,-8.32125919638334,-8.3106003396951,-8.29991332627018,-8.28920046386002,-8.27846391882361,-8.26770529195034,-8.25692604263728,-8.24612763028142,-8.23531151427975,-8.22447915402934,-8.2136320089272,-8.20277153837029,-8.1918992017557,-8.18101645848042,-8.17012476794143,-8.15922558953582,-8.14832023116807,-8.13740939477268,-8.12649363079173,-8.1155734896672,-8.1046495218411,-8.09372227775551,-8.08279230785242,-8.07186016257383,-8.06092639236181,-8.04999154765837,-8.03905617890548,-8.02812083654525,-8.01718597126773,-8.00625163475527,-7.99531777893838,-7.98438435574746,-7.97345131711294,-7.96251861496533,-7.95158620123504,-7.94065402785248,-7.92972204674817,-7.91879020985252,-7.90785846909594,-7.89692677640895
"48",-9.3990068070245,-9.38655791090711,-9.37429616337633,-9.36222335806183,-9.35034128859317,-9.33865174859992,-9.32715653171176,-9.31585743155825,-9.30475624176895,-9.29385475597354,-9.28315476780158,-9.27265807088265,-9.26236645884641,-9.25228137983803,-9.24240290006514,-9.23273074025106,-9.22326462111901,-9.21400426339224,-9.20494938779406,-9.19609971504769,-9.18745496587638,-9.17901486100343,-9.17077912115208,-9.16274746704557,-9.1549196194072,-9.14729494818441,-9.13987142022143,-9.13264665158673,-9.12561825834875,-9.11878385657591,-9.11214106233669,-9.10568749169951,-9.09942076073281,-9.09333848550506,-9.08743828208469,-9.08171776654013,-9.07617455493985,-9.07080596627553,-9.06560813123185,-9.06057688341675,-9.05570805643817,-9.05099748390401,-9.04644099942225,-9.04203443660079,-9.03777362904757,-9.03365441037053,-9.0296726141776,-9.0258240740767,-9.02210462367579,-9.01850990515928,-9.01503479501762,-9.0116739783178,-9.00842214012674,-9.0052739655114,-9.00222413953876,-8.99926734727575,-8.99639827378933,-8.99361160414647,-8.99090202341411,-8.9882642166592,-8.98569286894873,-8.98318261429537,-8.98072788249485,-8.97832305228866,-8.97596250241827,-8.97364061162514,-8.97135175865078,-8.96909032223664,-8.96685068112419,-8.96462721405493,-8.96241429977032,-8.96020631701183,-8.95799764452095,-8.95578275875189,-8.95355652700976,-8.95131391431244,-8.94904988567779,-8.94675940612367,-8.94443744066795,-8.94207895432849,-8.93967891212314,-8.93723227906978,-8.93473402018627,-8.93217910049047,-8.92956248500024,-8.9268793631559,-8.92412582208761,-8.92129817334798,-8.91839272848961,-8.9154057990651,-8.91233369662708,-8.90917273272816,-8.90591921892092,-8.90256946675801,-8.89911978779201,-8.89556649357552,-8.89190589566119,-8.88813460756721,-8.88425045067427,-8.8802515483287,-8.87613602387678,-8.87190200066483,-8.86754760203915,-8.86307095134604,-8.8584701719318,-8.85374338714276,-8.84888872032521,-8.84390429482544,-8.83878823398978,-8.83353897535764,-8.82815621324089,-8.82263995614456,-8.81699021257363,-8.8112069910331,-8.80529030002799,-8.79924014806328,-8.79305654364396,-8.78673949527506,-8.78028901146158,-8.77370510070847,-8.7669877715208,-8.76013729338838,-8.75315497974047,-8.7460424049912,-8.73880114355466,-8.73143276984495,-8.72393885827622,-8.71632098326255,-8.70858071921803,-8.70071964055682,-8.69273932169301,-8.68464133704067,-8.67642726101398,-8.66809882685492,-8.65965840311718,-8.65110851718243,-8.64245169643227,-8.63369046824831,-8.6248273600122,-8.61586489910554,-8.60680561290994,-8.59765202880707,-8.58840667417852,-8.5790720764059,-8.56965076287086,-8.560145297421,-8.55055838976781,-8.54089278608886,-8.53115123256161,-8.52133647536356,-8.51145126067227,-8.50149833466521,-8.49148044351987,-8.4814003334138,-8.4712607505245,-8.46106444102942,-8.45081415110616,-8.44051255386115,-8.4301620301168,-8.41976488762457,-8.40932343413584,-8.39883997740198,-8.38831682517445,-8.37775628520465,-8.36716066524393,-8.35653227304376,-8.34587341635552,-8.3351864029306,-8.32447354052044,-8.31373699548403,-8.30297836861076,-8.2921991192977,-8.28140070694184,-8.27058459094017,-8.25975223068976,-8.24890508558762,-8.23804461503071,-8.22717227841612,-8.21628953514084,-8.20539784460185,-8.19449866619624,-8.1835933078285,-8.1726824714331,-8.16176670745215,-8.15084656632762,-8.13992259850152,-8.12899535441593,-8.11806538451284,-8.10713323923425,-8.09619946902223,-8.08526462431879,-8.0743292555659,-8.06339391320567,-8.05245904792815,-8.04152471141569,-8.0305908555988,-8.01965743240788,-8.00872439377336,-7.99779169162575,-7.98685927789546,-7.9759271045129,-7.96499512340859,-7.95406328651294,-7.94313154575636,-7.93219985306937
"49",-9.4399131392368,-9.42746424311941,-9.41520249558863,-9.40312969027412,-9.39124762080546,-9.37955808081222,-9.36806286392405,-9.35676376377054,-9.34566257398125,-9.33476108818584,-9.32406110001388,-9.31356440309495,-9.3032727910587,-9.29318771205032,-9.28330923227743,-9.27363707246335,-9.26417095333131,-9.25491059560454,-9.24585572000635,-9.23700604725998,-9.22836129808867,-9.21992119321572,-9.21168545336437,-9.20365379925786,-9.1958259516195,-9.18820128039671,-9.18077775243372,-9.17355298379903,-9.16652459056105,-9.1596901887882,-9.15304739454898,-9.14659382391181,-9.1403270929451,-9.13424481771736,-9.12834461429698,-9.12262409875242,-9.11708088715215,-9.11171229848783,-9.10651446344414,-9.10148321562905,-9.09661438865046,-9.09190381611631,-9.08734733163454,-9.08294076881309,-9.07867996125986,-9.07456074258283,-9.07057894638989,-9.066730406289,-9.06301095588808,-9.05941623737157,-9.05594112722992,-9.05258031053009,-9.04932847233903,-9.0461802977237,-9.04313047175105,-9.04017367948805,-9.03730460600163,-9.03451793635876,-9.03180835562641,-9.0291705488715,-9.02659920116102,-9.02408894650766,-9.02163421470714,-9.01922938450095,-9.01686883463056,-9.01454694383744,-9.01225809086307,-9.00999665444893,-9.00775701333649,-9.00553354626722,-9.00332063198261,-9.00111264922412,-8.99890397673325,-8.99668909096418,-8.99446285922205,-8.99222024652473,-8.98995621789009,-8.98766573833596,-8.98534377288025,-8.98298528654078,-8.98058524433544,-8.97813861128208,-8.97564035239857,-8.97308543270276,-8.97046881721253,-8.9677856953682,-8.9650321542999,-8.96220450556027,-8.9592990607019,-8.9563121312774,-8.95324002883938,-8.95007906494045,-8.94682555113322,-8.9434757989703,-8.9400261200043,-8.93647282578782,-8.93281222787348,-8.9290409397795,-8.92515678288657,-8.92115788054099,-8.91704235608908,-8.91280833287712,-8.90845393425144,-8.90397728355834,-8.8993765041441,-8.89464971935505,-8.8897950525375,-8.88481062703773,-8.87969456620207,-8.87444530756993,-8.86906254545318,-8.86354628835685,-8.85789654478593,-8.8521133232454,-8.84619663224028,-8.84014648027557,-8.83396287585625,-8.82764582748736,-8.82119534367387,-8.81461143292077,-8.8078941037331,-8.80104362560068,-8.79406131195276,-8.78694873720349,-8.77970747576696,-8.77233910205724,-8.76484519048851,-8.75722731547484,-8.74948705143033,-8.74162597276912,-8.7336456539053,-8.72554766925297,-8.71733359322627,-8.70900515906721,-8.70056473532947,-8.69201484939473,-8.68335802864457,-8.6745968004606,-8.66573369222449,-8.65677123131784,-8.64771194512224,-8.63855836101937,-8.62931300639082,-8.61997840861819,-8.61055709508316,-8.6010516296333,-8.59146472198011,-8.58179911830115,-8.57205756477391,-8.56224280757586,-8.55235759288457,-8.5424046668775,-8.53238677573217,-8.5223066656261,-8.51216708273679,-8.50197077324172,-8.49172048331845,-8.48141888607344,-8.47106836232909,-8.46067121983686,-8.45022976634813,-8.43974630961427,-8.42922315738675,-8.41866261741694,-8.40806699745622,-8.39743860525605,-8.38677974856782,-8.37609273514289,-8.36537987273273,-8.35464332769633,-8.34388470082305,-8.33310545150999,-8.32230703915413,-8.31149092315247,-8.30065856290206,-8.28981141779991,-8.278950947243,-8.26807861062841,-8.25719586735313,-8.24630417681415,-8.23540499840854,-8.22449964004079,-8.2135888036454,-8.20267303966444,-8.19175289853992,-8.18082893071382,-8.16990168662822,-8.15897171672514,-8.14803957144654,-8.13710580123453,-8.12617095653108,-8.1152355877782,-8.10430024541797,-8.09336538014045,-8.08243104362799,-8.07149718781109,-8.06056376462017,-8.04963072598566,-8.03869802383804,-8.02776561010775,-8.0168334367252,-8.00590145562088,-7.99496961872523,-7.98403787796866,-7.97310618528167
"50",-9.48594449068065,-9.47349559456326,-9.46123384703248,-9.44916104171798,-9.43727897224932,-9.42558943225608,-9.41409421536791,-9.4027951152144,-9.3916939254251,-9.3807924396297,-9.37009245145773,-9.35959575453881,-9.34930414250256,-9.33921906349418,-9.32934058372129,-9.31966842390721,-9.31020230477517,-9.3009419470484,-9.29188707145021,-9.28303739870384,-9.27439264953253,-9.26595254465958,-9.25771680480823,-9.24968515070172,-9.24185730306335,-9.23423263184057,-9.22680910387758,-9.21958433524289,-9.2125559420049,-9.20572154023206,-9.19907874599284,-9.19262517535566,-9.18635844438896,-9.18027616916121,-9.17437596574084,-9.16865545019628,-9.163112238596,-9.15774364993169,-9.152545814888,-9.1475145670729,-9.14264574009432,-9.13793516756017,-9.1333786830784,-9.12897212025694,-9.12471131270372,-9.12059209402669,-9.11661029783375,-9.11276175773285,-9.10904230733194,-9.10544758881543,-9.10197247867378,-9.09861166197395,-9.09535982378289,-9.09221164916755,-9.08916182319491,-9.0862050309319,-9.08333595744548,-9.08054928780262,-9.07783970707027,-9.07520190031536,-9.07263055260488,-9.07012029795152,-9.067665566151,-9.06526073594481,-9.06290018607442,-9.0605782952813,-9.05828944230693,-9.05602800589279,-9.05378836478035,-9.05156489771108,-9.04935198342647,-9.04714400066798,-9.04493532817711,-9.04272044240804,-9.04049421066591,-9.03825159796859,-9.03598756933394,-9.03369708977982,-9.0313751243241,-9.02901663798464,-9.02661659577929,-9.02416996272594,-9.02167170384243,-9.01911678414662,-9.01650016865639,-9.01381704681206,-9.01106350574376,-9.00823585700413,-9.00533041214576,-9.00234348272125,-8.99927138028324,-8.99611041638431,-8.99285690257708,-8.98950715041416,-8.98605747144816,-8.98250417723168,-8.97884357931734,-8.97507229122336,-8.97118813433042,-8.96718923198485,-8.96307370753294,-8.95883968432098,-8.9544852856953,-8.95000863500219,-8.94540785558796,-8.94068107079891,-8.93582640398136,-8.93084197848159,-8.92572591764593,-8.92047665901379,-8.91509389689704,-8.90957763980071,-8.90392789622979,-8.89814467468925,-8.89222798368414,-8.88617783171943,-8.87999422730011,-8.87367717893122,-8.86722669511773,-8.86064278436463,-8.85392545517695,-8.84707497704454,-8.84009266339662,-8.83298008864735,-8.82573882721081,-8.8183704535011,-8.81087654193237,-8.8032586669187,-8.79551840287419,-8.78765732421298,-8.77967700534916,-8.77157902069682,-8.76336494467013,-8.75503651051107,-8.74659608677333,-8.73804620083859,-8.72938938008843,-8.72062815190446,-8.71176504366835,-8.7028025827617,-8.6937432965661,-8.68458971246322,-8.67534435783467,-8.66600976006205,-8.65658844652702,-8.64708298107715,-8.63749607342397,-8.62783046974501,-8.61808891621777,-8.60827415901971,-8.59838894432842,-8.58843601832136,-8.57841812717602,-8.56833801706996,-8.55819843418065,-8.54800212468558,-8.53775183476231,-8.5274502375173,-8.51709971377295,-8.50670257128072,-8.49626111779199,-8.48577766105813,-8.47525450883061,-8.4646939688608,-8.45409834890008,-8.44346995669991,-8.43281110001168,-8.42212408658675,-8.41141122417659,-8.40067467914019,-8.38991605226691,-8.37913680295385,-8.36833839059799,-8.35752227459632,-8.34668991434592,-8.33584276924377,-8.32498229868686,-8.31410996207227,-8.30322721879699,-8.29233552825801,-8.2814363498524,-8.27053099148465,-8.25962015508926,-8.2487043911083,-8.23778424998378,-8.22686028215768,-8.21593303807208,-8.20500306816899,-8.1940709228904,-8.18313715267838,-8.17220230797494,-8.16126693922206,-8.15033159686182,-8.13939673158431,-8.12846239507184,-8.11752853925495,-8.10659511606403,-8.09566207742951,-8.0847293752819,-8.07379696155161,-8.06286478816905,-8.05193280706474,-8.04100097016909,-8.03006922941252,-8.01913753672553
"51",-9.53659262503577,-9.52414372891838,-9.5118819813876,-9.4998091760731,-9.48792710660444,-9.47623756661119,-9.46474234972303,-9.45344324956952,-9.44234205978022,-9.43144057398481,-9.42074058581285,-9.41024388889392,-9.39995227685768,-9.3898671978493,-9.37998871807641,-9.37031655826233,-9.36085043913028,-9.35159008140351,-9.34253520580532,-9.33368553305896,-9.32504078388765,-9.3166006790147,-9.30836493916335,-9.30033328505684,-9.29250543741847,-9.28488076619568,-9.2774572382327,-9.270232469598,-9.26320407636002,-9.25636967458718,-9.24972688034796,-9.24327330971078,-9.23700657874408,-9.23092430351633,-9.22502410009596,-9.2193035845514,-9.21376037295112,-9.2083917842868,-9.20319394924311,-9.19816270142802,-9.19329387444943,-9.18858330191528,-9.18402681743352,-9.17962025461206,-9.17535944705884,-9.1712402283818,-9.16725843218887,-9.16340989208797,-9.15969044168705,-9.15609572317055,-9.15262061302889,-9.14925979632907,-9.14600795813801,-9.14285978352267,-9.13980995755003,-9.13685316528702,-9.1339840918006,-9.13119742215774,-9.12848784142538,-9.12585003467047,-9.12327868696,-9.12076843230663,-9.11831370050612,-9.11590887029993,-9.11354832042954,-9.11122642963641,-9.10893757666205,-9.10667614024791,-9.10443649913546,-9.1022130320662,-9.10000011778159,-9.0977921350231,-9.09558346253222,-9.09336857676315,-9.09114234502102,-9.08889973232371,-9.08663570368906,-9.08434522413494,-9.08202325867922,-9.07966477233976,-9.07726473013441,-9.07481809708105,-9.07231983819754,-9.06976491850173,-9.06714830301151,-9.06446518116717,-9.06171164009888,-9.05888399135925,-9.05597854650088,-9.05299161707637,-9.04991951463835,-9.04675855073943,-9.04350503693219,-9.04015528476928,-9.03670560580328,-9.03315231158679,-9.02949171367246,-9.02572042557848,-9.02183626868554,-9.01783736633997,-9.01372184188805,-9.0094878186761,-9.00513342005041,-9.00065676935731,-8.99605598994307,-8.99132920515403,-8.98647453833648,-8.9814901128367,-8.97637405200105,-8.97112479336891,-8.96574203125216,-8.96022577415583,-8.9545760305849,-8.94879280904437,-8.94287611803926,-8.93682596607455,-8.93064236165523,-8.92432531328633,-8.91787482947285,-8.91129091871974,-8.90457358953207,-8.89772311139965,-8.89074079775174,-8.88362822300246,-8.87638696156593,-8.86901858785622,-8.86152467628749,-8.85390680127382,-8.8461665372293,-8.83830545856809,-8.83032513970428,-8.82222715505194,-8.81401307902524,-8.80568464486618,-8.79724422112845,-8.7886943351937,-8.78003751444354,-8.77127628625958,-8.76241317802346,-8.75345071711681,-8.74439143092121,-8.73523784681834,-8.72599249218979,-8.71665789441716,-8.70723658088213,-8.69773111543227,-8.68814420777908,-8.67847860410012,-8.66873705057288,-8.65892229337483,-8.64903707868354,-8.63908415267648,-8.62906626153114,-8.61898615142507,-8.60884656853577,-8.59865025904069,-8.58839996911743,-8.57809837187242,-8.56774784812807,-8.55735070563584,-8.54690925214711,-8.53642579541325,-8.52590264318572,-8.51534210321591,-8.5047464832552,-8.49411809105503,-8.48345923436679,-8.47277222094186,-8.46205935853171,-8.4513228134953,-8.44056418662203,-8.42978493730897,-8.41898652495311,-8.40817040895144,-8.39733804870103,-8.38649090359888,-8.37563043304197,-8.36475809642739,-8.35387535315211,-8.34298366261312,-8.33208448420751,-8.32117912583976,-8.31026828944437,-8.29935252546342,-8.28843238433889,-8.27750841651279,-8.2665811724272,-8.25565120252411,-8.24471905724552,-8.2337852870335,-8.22285044233005,-8.21191507357717,-8.20097973121694,-8.19004486593942,-8.17911052942696,-8.16817667361006,-8.15724325041915,-8.14631021178463,-8.13537750963701,-8.12444509590673,-8.11351292252417,-8.10258094141986,-8.09164910452421,-8.08071736376763,-8.06978567108064
"52",-9.59134930598184,-9.57890040986445,-9.56663866233367,-9.55456585701917,-9.54268378755051,-9.53099424755726,-9.5194990306691,-9.50819993051559,-9.49709874072629,-9.48619725493088,-9.47549726675892,-9.46500056983999,-9.45470895780375,-9.44462387879537,-9.43474539902248,-9.4250732392084,-9.41560712007635,-9.40634676234958,-9.3972918867514,-9.38844221400503,-9.37979746483372,-9.37135735996077,-9.36312162010942,-9.35508996600291,-9.34726211836454,-9.33963744714175,-9.33221391917877,-9.32498915054407,-9.31796075730609,-9.31112635553325,-9.30448356129403,-9.29802999065685,-9.29176325969015,-9.2856809844624,-9.27978078104203,-9.27406026549747,-9.26851705389719,-9.26314846523287,-9.25795063018919,-9.25291938237409,-9.2480505553955,-9.24333998286135,-9.23878349837959,-9.23437693555813,-9.23011612800491,-9.22599690932787,-9.22201511313494,-9.21816657303404,-9.21444712263312,-9.21085240411662,-9.20737729397496,-9.20401647727514,-9.20076463908408,-9.19761646446874,-9.1945666384961,-9.19160984623309,-9.18874077274667,-9.18595410310381,-9.18324452237145,-9.18060671561654,-9.17803536790607,-9.1755251132527,-9.17307038145219,-9.170665551246,-9.1683050013756,-9.16598311058248,-9.16369425760812,-9.16143282119398,-9.15919318008153,-9.15696971301227,-9.15475679872766,-9.15254881596917,-9.15034014347829,-9.14812525770922,-9.1458990259671,-9.14365641326978,-9.14139238463513,-9.13910190508101,-9.13677993962529,-9.13442145328583,-9.13202141108048,-9.12957477802712,-9.12707651914361,-9.1245215994478,-9.12190498395758,-9.11922186211324,-9.11646832104495,-9.11364067230532,-9.11073522744695,-9.10774829802244,-9.10467619558442,-9.1015152316855,-9.09826171787826,-9.09491196571535,-9.09146228674935,-9.08790899253286,-9.08424839461853,-9.08047710652455,-9.07659294963161,-9.07259404728604,-9.06847852283412,-9.06424449962217,-9.05989010099649,-9.05541345030338,-9.05081267088914,-9.0460858861001,-9.04123121928255,-9.03624679378277,-9.03113073294712,-9.02588147431498,-9.02049871219823,-9.0149824551019,-9.00933271153097,-9.00354948999044,-8.99763279898533,-8.99158264702062,-8.9853990426013,-8.9790819942324,-8.97263151041892,-8.96604759966581,-8.95933027047814,-8.95247979234572,-8.94549747869781,-8.93838490394853,-8.931143642512,-8.92377526880229,-8.91628135723356,-8.90866348221989,-8.90092321817537,-8.89306213951416,-8.88508182065035,-8.87698383599801,-8.86876975997131,-8.86044132581226,-8.85200090207452,-8.84345101613977,-8.83479419538961,-8.82603296720565,-8.81716985896954,-8.80820739806288,-8.79914811186728,-8.78999452776441,-8.78074917313586,-8.77141457536323,-8.7619932618282,-8.75248779637834,-8.74290088872515,-8.7332352850462,-8.72349373151895,-8.7136789743209,-8.70379375962961,-8.69384083362255,-8.68382294247721,-8.67374283237114,-8.66360324948184,-8.65340693998676,-8.6431566500635,-8.63285505281849,-8.62250452907414,-8.61210738658191,-8.60166593309318,-8.59118247635932,-8.58065932413179,-8.57009878416198,-8.55950316420127,-8.5488747720011,-8.53821591531286,-8.52752890188794,-8.51681603947778,-8.50607949444137,-8.4953208675681,-8.48454161825504,-8.47374320589918,-8.46292708989751,-8.4520947296471,-8.44124758454496,-8.43038711398805,-8.41951477737346,-8.40863203409818,-8.39774034355919,-8.38684116515358,-8.37593580678583,-8.36502497039044,-8.35410920640949,-8.34318906528496,-8.33226509745886,-8.32133785337327,-8.31040788347018,-8.29947573819159,-8.28854196797957,-8.27760712327613,-8.26667175452324,-8.25573641216301,-8.24480154688549,-8.23386721037303,-8.22293335455613,-8.21199993136522,-8.2010668927307,-8.19013419058308,-8.1792017768528,-8.16826960347024,-8.15733762236593,-8.14640578547028,-8.1354740447137,-8.12454235202671
"53",-9.64967099290958,-9.6372220967922,-9.62496034926141,-9.61288754394691,-9.60100547447825,-9.58931593448501,-9.57782071759684,-9.56652161744333,-9.55542042765404,-9.54451894185863,-9.53381895368667,-9.52332225676774,-9.51303064473149,-9.50294556572311,-9.49306708595022,-9.48339492613614,-9.4739288070041,-9.46466844927733,-9.45561357367914,-9.44676390093277,-9.43811915176146,-9.42967904688851,-9.42144330703716,-9.41341165293065,-9.40558380529228,-9.3979591340695,-9.39053560610651,-9.38331083747182,-9.37628244423384,-9.36944804246099,-9.36280524822177,-9.3563516775846,-9.35008494661789,-9.34400267139014,-9.33810246796977,-9.33238195242521,-9.32683874082493,-9.32147015216062,-9.31627231711693,-9.31124106930183,-9.30637224232325,-9.3016616697891,-9.29710518530733,-9.29269862248588,-9.28843781493265,-9.28431859625562,-9.28033680006268,-9.27648825996178,-9.27276880956087,-9.26917409104436,-9.26569898090271,-9.26233816420288,-9.25908632601182,-9.25593815139649,-9.25288832542384,-9.24993153316084,-9.24706245967442,-9.24427579003155,-9.2415662092992,-9.23892840254429,-9.23635705483381,-9.23384680018045,-9.23139206837993,-9.22898723817374,-9.22662668830335,-9.22430479751023,-9.22201594453586,-9.21975450812172,-9.21751486700928,-9.21529139994001,-9.2130784856554,-9.21087050289691,-9.20866183040604,-9.20644694463697,-9.20422071289484,-9.20197810019752,-9.19971407156287,-9.19742359200875,-9.19510162655303,-9.19274314021357,-9.19034309800822,-9.18789646495487,-9.18539820607136,-9.18284328637555,-9.18022667088532,-9.17754354904099,-9.17479000797269,-9.17196235923306,-9.16905691437469,-9.16606998495019,-9.16299788251217,-9.15983691861324,-9.15658340480601,-9.15323365264309,-9.14978397367709,-9.14623067946061,-9.14257008154627,-9.13879879345229,-9.13491463655935,-9.13091573421378,-9.12680020976187,-9.12256618654991,-9.11821178792423,-9.11373513723112,-9.10913435781689,-9.10440757302784,-9.09955290621029,-9.09456848071052,-9.08945241987486,-9.08420316124272,-9.07882039912597,-9.07330414202964,-9.06765439845872,-9.06187117691819,-9.05595448591307,-9.04990433394836,-9.04372072952904,-9.03740368116015,-9.03095319734666,-9.02436928659356,-9.01765195740589,-9.01080147927347,-9.00381916562555,-8.99670659087628,-8.98946532943975,-8.98209695573003,-8.9746030441613,-8.96698516914763,-8.95924490510312,-8.95138382644191,-8.94340350757809,-8.93530552292576,-8.92709144689906,-8.91876301274,-8.91032258900226,-8.90177270306752,-8.89311588231736,-8.88435465413339,-8.87549154589728,-8.86652908499063,-8.85746979879503,-8.84831621469215,-8.83907086006361,-8.82973626229098,-8.82031494875595,-8.81080948330609,-8.8012225756529,-8.79155697197394,-8.7818154184467,-8.77200066124865,-8.76211544655735,-8.7521625205503,-8.74214462940495,-8.73206451929889,-8.72192493640958,-8.71172862691451,-8.70147833699124,-8.69117673974623,-8.68082621600188,-8.67042907350965,-8.65998762002092,-8.64950416328706,-8.63898101105954,-8.62842047108973,-8.61782485112901,-8.60719645892884,-8.59653760224061,-8.58585058881568,-8.57513772640552,-8.56440118136912,-8.55364255449584,-8.54286330518278,-8.53206489282692,-8.52124877682525,-8.51041641657485,-8.4995692714727,-8.48870880091579,-8.4778364643012,-8.46695372102592,-8.45606203048694,-8.44516285208133,-8.43425749371358,-8.42334665731819,-8.41243089333723,-8.40151075221271,-8.39058678438661,-8.37965954030101,-8.36872957039792,-8.35779742511933,-8.34686365490731,-8.33592881020387,-8.32499344145099,-8.31405809909075,-8.30312323381324,-8.29218889730078,-8.28125504148388,-8.27032161829296,-8.25938857965845,-8.24845587751083,-8.23752346378054,-8.22659129039798,-8.21565930929367,-8.20472747239802,-8.19379573164145,-8.18286403895446
"54",-9.71087292805385,-9.69842403193646,-9.68616228440568,-9.67408947909117,-9.66220740962251,-9.65051786962927,-9.63902265274111,-9.62772355258759,-9.6166223627983,-9.60572087700289,-9.59502088883093,-9.584524191912,-9.57423257987575,-9.56414750086737,-9.55426902109449,-9.5445968612804,-9.53513074214836,-9.52587038442159,-9.5168155088234,-9.50796583607703,-9.49932108690572,-9.49088098203278,-9.48264524218143,-9.47461358807491,-9.46678574043655,-9.45916106921376,-9.45173754125078,-9.44451277261608,-9.4374843793781,-9.43064997760526,-9.42400718336603,-9.41755361272886,-9.41128688176216,-9.40520460653441,-9.39930440311404,-9.39358388756948,-9.3880406759692,-9.38267208730488,-9.37747425226119,-9.3724430044461,-9.36757417746751,-9.36286360493336,-9.3583071204516,-9.35390055763014,-9.34963975007692,-9.34552053139988,-9.34153873520695,-9.33769019510605,-9.33397074470513,-9.33037602618862,-9.32690091604697,-9.32354009934714,-9.32028826115608,-9.31714008654075,-9.3140902605681,-9.3111334683051,-9.30826439481868,-9.30547772517582,-9.30276814444346,-9.30013033768855,-9.29755898997807,-9.29504873532471,-9.29259400352419,-9.290189173318,-9.28782862344761,-9.28550673265449,-9.28321787968012,-9.28095644326598,-9.27871680215354,-9.27649333508427,-9.27428042079966,-9.27207243804118,-9.2698637655503,-9.26764887978123,-9.2654226480391,-9.26318003534178,-9.26091600670714,-9.25862552715302,-9.2563035616973,-9.25394507535783,-9.25154503315249,-9.24909840009913,-9.24660014121562,-9.24404522151981,-9.24142860602958,-9.23874548418525,-9.23599194311696,-9.23316429437733,-9.23025884951895,-9.22727192009445,-9.22419981765643,-9.22103885375751,-9.21778533995027,-9.21443558778735,-9.21098590882136,-9.20743261460487,-9.20377201669053,-9.20000072859656,-9.19611657170362,-9.19211766935804,-9.18800214490613,-9.18376812169417,-9.17941372306849,-9.17493707237539,-9.17033629296115,-9.1656095081721,-9.16075484135456,-9.15577041585478,-9.15065435501913,-9.14540509638699,-9.14002233427024,-9.13450607717391,-9.12885633360298,-9.12307311206245,-9.11715642105733,-9.11110626909262,-9.1049226646733,-9.09860561630441,-9.09215513249092,-9.08557122173782,-9.07885389255015,-9.07200341441773,-9.06502110076982,-9.05790852602054,-9.05066726458401,-9.0432988908743,-9.03580497930556,-9.02818710429189,-9.02044684024738,-9.01258576158617,-9.00460544272236,-8.99650745807002,-8.98829338204332,-8.97996494788426,-8.97152452414652,-8.96297463821178,-8.95431781746162,-8.94555658927765,-8.93669348104154,-8.92773102013489,-8.91867173393929,-8.90951814983642,-8.90027279520787,-8.89093819743524,-8.88151688390021,-8.87201141845035,-8.86242451079716,-8.8527589071182,-8.84301735359096,-8.83320259639291,-8.82331738170162,-8.81336445569456,-8.80334656454922,-8.79326645444315,-8.78312687155385,-8.77293056205877,-8.7626802721355,-8.7523786748905,-8.74202815114615,-8.73163100865392,-8.72118955516518,-8.71070609843132,-8.7001829462038,-8.68962240623399,-8.67902678627327,-8.66839839407311,-8.65773953738487,-8.64705252395994,-8.63633966154979,-8.62560311651338,-8.6148444896401,-8.60406524032704,-8.59326682797118,-8.58245071196952,-8.57161835171911,-8.56077120661696,-8.54991073606005,-8.53903839944546,-8.52815565617018,-8.5172639656312,-8.50636478722559,-8.49545942885784,-8.48454859246245,-8.47363282848149,-8.46271268735697,-8.45178871953087,-8.44086147544528,-8.42993150554219,-8.4189993602636,-8.40806559005158,-8.39713074534813,-8.38619537659525,-8.37526003423502,-8.3643251689575,-8.35339083244504,-8.34245697662814,-8.33152355343723,-8.32059051480271,-8.30965781265509,-8.2987253989248,-8.28779322554225,-8.27686124443794,-8.26592940754229,-8.25499766678571,-8.24406597409872
"55",-9.7742350493605,-9.76178615324311,-9.74952440571233,-9.73745160039783,-9.72556953092917,-9.71387999093592,-9.70238477404776,-9.69108567389425,-9.67998448410495,-9.66908299830954,-9.65838301013758,-9.64788631321865,-9.63759470118241,-9.62750962217403,-9.61763114240114,-9.60795898258706,-9.59849286345501,-9.58923250572824,-9.58017763013006,-9.57132795738369,-9.56268320821238,-9.55424310333943,-9.54600736348808,-9.53797570938157,-9.5301478617432,-9.52252319052041,-9.51509966255743,-9.50787489392273,-9.50084650068475,-9.49401209891191,-9.48736930467269,-9.48091573403551,-9.47464900306881,-9.46856672784106,-9.46266652442069,-9.45694600887613,-9.45140279727585,-9.44603420861153,-9.44083637356785,-9.43580512575275,-9.43093629877417,-9.42622572624001,-9.42166924175825,-9.41726267893679,-9.41300187138357,-9.40888265270653,-9.4049008565136,-9.4010523164127,-9.39733286601179,-9.39373814749528,-9.39026303735362,-9.3869022206538,-9.38365038246274,-9.3805022078474,-9.37745238187476,-9.37449558961175,-9.37162651612533,-9.36883984648247,-9.36613026575011,-9.3634924589952,-9.36092111128473,-9.35841085663137,-9.35595612483085,-9.35355129462466,-9.35119074475427,-9.34886885396114,-9.34658000098678,-9.34431856457264,-9.34207892346019,-9.33985545639093,-9.33764254210632,-9.33543455934783,-9.33322588685695,-9.33101100108789,-9.32878476934576,-9.32654215664844,-9.32427812801379,-9.32198764845967,-9.31966568300395,-9.31730719666449,-9.31490715445914,-9.31246052140578,-9.30996226252227,-9.30740734282647,-9.30479072733624,-9.3021076054919,-9.29935406442361,-9.29652641568398,-9.29362097082561,-9.2906340414011,-9.28756193896308,-9.28440097506416,-9.28114746125692,-9.27779770909401,-9.27434803012801,-9.27079473591152,-9.26713413799719,-9.26336284990321,-9.25947869301027,-9.2554797906647,-9.25136426621278,-9.24713024300083,-9.24277584437515,-9.23829919368204,-9.2336984142678,-9.22897162947876,-9.22411696266121,-9.21913253716144,-9.21401647632578,-9.20876721769364,-9.20338445557689,-9.19786819848056,-9.19221845490963,-9.1864352333691,-9.18051854236399,-9.17446839039928,-9.16828478597996,-9.16196773761106,-9.15551725379758,-9.14893334304447,-9.1422160138568,-9.13536553572438,-9.12838322207647,-9.1212706473272,-9.11402938589066,-9.10666101218095,-9.09916710061222,-9.09154922559855,-9.08380896155403,-9.07594788289282,-9.06796756402901,-9.05986957937667,-9.05165550334998,-9.04332706919092,-9.03488664545318,-9.02633675951843,-9.01767993876827,-9.00891871058431,-9.0000556023482,-8.99109314144154,-8.98203385524594,-8.97288027114307,-8.96363491651452,-8.9543003187419,-8.94487900520686,-8.935373539757,-8.92578663210381,-8.91612102842486,-8.90637947489761,-8.89656471769956,-8.88667950300827,-8.87672657700121,-8.86670868585587,-8.8566285757498,-8.8464889928605,-8.83629268336542,-8.82604239344216,-8.81574079619715,-8.8053902724528,-8.79499312996057,-8.78455167647184,-8.77406821973798,-8.76354506751045,-8.75298452754065,-8.74238890757993,-8.73176051537976,-8.72110165869152,-8.7104146452666,-8.69970178285644,-8.68896523782003,-8.67820661094676,-8.6674273616337,-8.65662894927784,-8.64581283327617,-8.63498047302576,-8.62413332792362,-8.61327285736671,-8.60240052075212,-8.59151777747684,-8.58062608693785,-8.56972690853224,-8.5588215501645,-8.5479107137691,-8.53699494978815,-8.52607480866362,-8.51515084083752,-8.50422359675193,-8.49329362684884,-8.48236148157025,-8.47142771135823,-8.46049286665479,-8.4495574979019,-8.43862215554167,-8.42768729026415,-8.41675295375169,-8.4058190979348,-8.39488567474388,-8.38395263610936,-8.37301993396174,-8.36208752023146,-8.3511553468489,-8.34022336574459,-8.32929152884894,-8.31835978809237,-8.30742809540537
"56",-9.83903729477541,-9.82658839865802,-9.81432665112724,-9.80225384581274,-9.79037177634408,-9.77868223635083,-9.76718701946267,-9.75588791930916,-9.74478672951986,-9.73388524372445,-9.72318525555249,-9.71268855863356,-9.70239694659732,-9.69231186758894,-9.68243338781605,-9.67276122800197,-9.66329510886992,-9.65403475114315,-9.64497987554497,-9.6361302027986,-9.62748545362729,-9.61904534875434,-9.61080960890299,-9.60277795479648,-9.59495010715811,-9.58732543593532,-9.57990190797234,-9.57267713933764,-9.56564874609966,-9.55881434432682,-9.5521715500876,-9.54571797945042,-9.53945124848372,-9.53336897325597,-9.5274687698356,-9.52174825429104,-9.51620504269076,-9.51083645402644,-9.50563861898276,-9.50060737116766,-9.49573854418908,-9.49102797165492,-9.48647148717316,-9.4820649243517,-9.47780411679848,-9.47368489812144,-9.46970310192851,-9.46585456182761,-9.4621351114267,-9.45854039291019,-9.45506528276853,-9.45170446606871,-9.44845262787765,-9.44530445326231,-9.44225462728967,-9.43929783502666,-9.43642876154024,-9.43364209189738,-9.43093251116502,-9.42829470441012,-9.42572335669964,-9.42321310204628,-9.42075837024576,-9.41835354003957,-9.41599299016918,-9.41367109937605,-9.41138224640169,-9.40912080998755,-9.4068811688751,-9.40465770180584,-9.40244478752123,-9.40023680476274,-9.39802813227186,-9.3958132465028,-9.39358701476067,-9.39134440206335,-9.3890803734287,-9.38678989387458,-9.38446792841886,-9.3821094420794,-9.37970939987405,-9.37726276682069,-9.37476450793718,-9.37220958824138,-9.36959297275115,-9.36690985090681,-9.36415630983852,-9.36132866109889,-9.35842321624052,-9.35543628681601,-9.35236418437799,-9.34920322047907,-9.34594970667183,-9.34259995450892,-9.33915027554292,-9.33559698132643,-9.3319363834121,-9.32816509531812,-9.32428093842518,-9.32028203607961,-9.31616651162769,-9.31193248841574,-9.30757808979006,-9.30310143909695,-9.29850065968271,-9.29377387489367,-9.28891920807612,-9.28393478257635,-9.27881872174069,-9.27356946310855,-9.2681867009918,-9.26267044389547,-9.25702070032454,-9.25123747878401,-9.2453207877789,-9.23927063581419,-9.23308703139487,-9.22676998302597,-9.22031949921249,-9.21373558845938,-9.20701825927171,-9.20016778113929,-9.19318546749138,-9.1860728927421,-9.17883163130557,-9.17146325759586,-9.16396934602713,-9.15635147101346,-9.14861120696894,-9.14075012830773,-9.13276980944392,-9.12467182479158,-9.11645774876489,-9.10812931460583,-9.09968889086809,-9.09113900493334,-9.08248218418318,-9.07372095599922,-9.06485784776311,-9.05589538685645,-9.04683610066085,-9.03768251655798,-9.02843716192943,-9.0191025641568,-9.00968125062177,-9.00017578517191,-8.99058887751872,-8.98092327383977,-8.97118172031252,-8.96136696311447,-8.95148174842318,-8.94152882241612,-8.93151093127078,-8.92143082116471,-8.91129123827541,-8.90109492878033,-8.89084463885707,-8.88054304161206,-8.87019251786771,-8.85979537537548,-8.84935392188675,-8.83887046515289,-8.82834731292536,-8.81778677295556,-8.80719115299484,-8.79656276079467,-8.78590390410643,-8.77521689068151,-8.76450402827135,-8.75376748323494,-8.74300885636167,-8.73222960704861,-8.72143119469275,-8.71061507869108,-8.69978271844067,-8.68893557333853,-8.67807510278162,-8.66720276616703,-8.65632002289175,-8.64542833235276,-8.63452915394715,-8.6236237955794,-8.61271295918401,-8.60179719520306,-8.59087705407853,-8.57995308625243,-8.56902584216684,-8.55809587226375,-8.54716372698516,-8.53622995677314,-8.5252951120697,-8.51435974331681,-8.50342440095658,-8.49248953567906,-8.4815551991666,-8.4706213433497,-8.45968792015879,-8.44875488152427,-8.43782217937665,-8.42688976564637,-8.41595759226381,-8.4050256111595,-8.39409377426385,-8.38316203350728,-8.37223034082028
"57",-9.90455960224445,-9.89211070612706,-9.87984895859628,-9.86777615328178,-9.85589408381312,-9.84420454381987,-9.83270932693171,-9.8214102267782,-9.8103090369889,-9.79940755119349,-9.78870756302153,-9.7782108661026,-9.76791925406636,-9.75783417505798,-9.74795569528509,-9.73828353547101,-9.72881741633896,-9.71955705861219,-9.71050218301401,-9.70165251026764,-9.69300776109633,-9.68456765622338,-9.67633191637203,-9.66830026226552,-9.66047241462715,-9.65284774340436,-9.64542421544138,-9.63819944680668,-9.6311710535687,-9.62433665179586,-9.61769385755664,-9.61124028691946,-9.60497355595276,-9.59889128072501,-9.59299107730464,-9.58727056176008,-9.5817273501598,-9.57635876149548,-9.5711609264518,-9.5661296786367,-9.56126085165812,-9.55655027912396,-9.5519937946422,-9.54758723182074,-9.54332642426752,-9.53920720559048,-9.53522540939755,-9.53137686929665,-9.52765741889574,-9.52406270037923,-9.52058759023757,-9.51722677353775,-9.51397493534669,-9.51082676073135,-9.50777693475871,-9.5048201424957,-9.50195106900928,-9.49916439936642,-9.49645481863406,-9.49381701187916,-9.49124566416868,-9.48873540951532,-9.4862806777148,-9.48387584750861,-9.48151529763822,-9.4791934068451,-9.47690455387073,-9.47464311745659,-9.47240347634414,-9.47018000927488,-9.46796709499027,-9.46575911223178,-9.4635504397409,-9.46133555397184,-9.45910932222971,-9.45686670953239,-9.45460268089774,-9.45231220134362,-9.4499902358879,-9.44763174954844,-9.44523170734309,-9.44278507428973,-9.44028681540622,-9.43773189571042,-9.43511528022019,-9.43243215837586,-9.42967861730756,-9.42685096856793,-9.42394552370956,-9.42095859428505,-9.41788649184703,-9.41472552794811,-9.41147201414087,-9.40812226197796,-9.40467258301196,-9.40111928879547,-9.39745869088114,-9.39368740278716,-9.38980324589422,-9.38580434354865,-9.38168881909673,-9.37745479588478,-9.3731003972591,-9.36862374656599,-9.36402296715175,-9.35929618236271,-9.35444151554516,-9.34945709004539,-9.34434102920973,-9.33909177057759,-9.33370900846084,-9.32819275136451,-9.32254300779358,-9.31675978625305,-9.31084309524794,-9.30479294328323,-9.29860933886391,-9.29229229049501,-9.28584180668153,-9.27925789592842,-9.27254056674075,-9.26569008860833,-9.25870777496042,-9.25159520021115,-9.24435393877461,-9.2369855650649,-9.22949165349617,-9.2218737784825,-9.21413351443798,-9.20627243577677,-9.19829211691296,-9.19019413226062,-9.18198005623393,-9.17365162207487,-9.16521119833713,-9.15666131240238,-9.14800449165222,-9.13924326346826,-9.13038015523215,-9.12141769432549,-9.11235840812989,-9.10320482402702,-9.09395946939847,-9.08462487162585,-9.07520355809081,-9.06569809264095,-9.05611118498776,-9.04644558130881,-9.03670402778156,-9.02688927058351,-9.01700405589222,-9.00705112988516,-8.99703323873982,-8.98695312863375,-8.97681354574445,-8.96661723624938,-8.95636694632611,-8.9460653490811,-8.93571482533675,-8.92531768284452,-8.91487622935579,-8.90439277262193,-8.8938696203944,-8.8833090804246,-8.87271346046388,-8.86208506826371,-8.85142621157547,-8.84073919815055,-8.83002633574039,-8.81928979070398,-8.80853116383071,-8.79775191451765,-8.78695350216179,-8.77613738616012,-8.76530502590971,-8.75445788080757,-8.74359741025066,-8.73272507363607,-8.72184233036079,-8.7109506398218,-8.70005146141619,-8.68914610304845,-8.67823526665305,-8.6673195026721,-8.65639936154757,-8.64547539372147,-8.63454814963588,-8.62361817973279,-8.6126860344542,-8.60175226424218,-8.59081741953874,-8.57988205078585,-8.56894670842562,-8.5580118431481,-8.54707750663564,-8.53614365081875,-8.52521022762783,-8.51427718899331,-8.5033444868457,-8.49241207311541,-8.48147989973285,-8.47054791862854,-8.45961608173289,-8.44868434097632,-8.43775264828932
"58",-9.97020192005584,-9.95775302393846,-9.94549127640767,-9.93341847109317,-9.92153640162451,-9.90984686163127,-9.8983516447431,-9.88705254458959,-9.8759513548003,-9.86504986900489,-9.85434988083293,-9.843853183914,-9.83356157187775,-9.82347649286937,-9.81359801309648,-9.8039258532824,-9.79445973415036,-9.78519937642359,-9.7761445008254,-9.76729482807903,-9.75865007890772,-9.75020997403477,-9.74197423418342,-9.73394258007691,-9.72611473243854,-9.71849006121576,-9.71106653325277,-9.70384176461808,-9.6968133713801,-9.68997896960725,-9.68333617536803,-9.67688260473085,-9.67061587376415,-9.6645335985364,-9.65863339511603,-9.65291287957147,-9.64736966797119,-9.64200107930688,-9.63680324426319,-9.63177199644809,-9.62690316946951,-9.62219259693536,-9.61763611245359,-9.61322954963214,-9.60896874207891,-9.60484952340188,-9.60086772720894,-9.59701918710804,-9.59329973670713,-9.58970501819062,-9.58622990804897,-9.58286909134914,-9.57961725315808,-9.57646907854275,-9.5734192525701,-9.5704624603071,-9.56759338682068,-9.56480671717781,-9.56209713644546,-9.55945932969055,-9.55688798198007,-9.55437772732671,-9.55192299552619,-9.54951816532,-9.54715761544961,-9.54483572465649,-9.54254687168212,-9.54028543526798,-9.53804579415554,-9.53582232708627,-9.53360941280166,-9.53140143004317,-9.5291927575523,-9.52697787178323,-9.5247516400411,-9.52250902734378,-9.52024499870913,-9.51795451915501,-9.5156325536993,-9.51327406735983,-9.51087402515448,-9.50842739210113,-9.50592913321762,-9.50337421352181,-9.50075759803158,-9.49807447618725,-9.49532093511895,-9.49249328637932,-9.48958784152095,-9.48660091209645,-9.48352880965843,-9.4803678457595,-9.47711433195227,-9.47376457978935,-9.47031490082335,-9.46676160660687,-9.46310100869253,-9.45932972059855,-9.45544556370561,-9.45144666136004,-9.44733113690813,-9.44309711369617,-9.43874271507049,-9.43426606437738,-9.42966528496315,-9.4249385001741,-9.42008383335655,-9.41509940785678,-9.40998334702112,-9.40473408838898,-9.39935132627223,-9.3938350691759,-9.38818532560498,-9.38240210406444,-9.37648541305933,-9.37043526109462,-9.3642516566753,-9.35793460830641,-9.35148412449292,-9.34490021373982,-9.33818288455215,-9.33133240641973,-9.32435009277181,-9.31723751802254,-9.30999625658601,-9.30262788287629,-9.29513397130756,-9.28751609629389,-9.27977583224938,-9.27191475358817,-9.26393443472435,-9.25583645007202,-9.24762237404532,-9.23929393988626,-9.23085351614852,-9.22230363021378,-9.21364680946362,-9.20488558127965,-9.19602247304354,-9.18706001213689,-9.17800072594129,-9.16884714183841,-9.15960178720987,-9.15026718943724,-9.14084587590221,-9.13134041045235,-9.12175350279916,-9.1120878991202,-9.10234634559296,-9.0925315883949,-9.08264637370361,-9.07269344769655,-9.06267555655121,-9.05259544644515,-9.04245586355584,-9.03225955406077,-9.0220092641375,-9.01170766689249,-9.00135714314814,-8.99096000065591,-8.98051854716718,-8.97003509043332,-8.9595119382058,-8.94895139823599,-8.93835577827527,-8.9277273860751,-8.91706852938687,-8.90638151596194,-8.89566865355178,-8.88493210851538,-8.8741734816421,-8.86339423232904,-8.85259581997318,-8.84177970397151,-8.83094734372111,-8.82010019861896,-8.80923972806205,-8.79836739144746,-8.78748464817218,-8.7765929576332,-8.76569377922759,-8.75478842085984,-8.74387758446445,-8.73296182048349,-8.72204167935897,-8.71111771153287,-8.70019046744727,-8.68926049754418,-8.67832835226559,-8.66739458205357,-8.65645973735013,-8.64552436859725,-8.63458902623701,-8.6236541609595,-8.61271982444704,-8.60178596863014,-8.59085254543922,-8.5799195068047,-8.56898680465709,-8.5580543909268,-8.54712221754424,-8.53619023643993,-8.52525839954428,-8.51432665878771,-8.50339496610072
"59",-10.0358442378672,-10.0233953417499,-10.0111335942191,-9.99906078890456,-9.98717871943591,-9.97548917944266,-9.9639939625545,-9.95269486240099,-9.94159367261169,-9.93069218681628,-9.91999219864432,-9.90949550172539,-9.89920388968915,-9.88911881068077,-9.87924033090788,-9.8695681710938,-9.86010205196175,-9.85084169423498,-9.8417868186368,-9.83293714589043,-9.82429239671912,-9.81585229184617,-9.80761655199482,-9.79958489788831,-9.79175705024994,-9.78413237902715,-9.77670885106417,-9.76948408242947,-9.76245568919149,-9.75562128741865,-9.74897849317943,-9.74252492254225,-9.73625819157555,-9.7301759163478,-9.72427571292743,-9.71855519738287,-9.71301198578259,-9.70764339711827,-9.70244556207459,-9.69741431425949,-9.6925454872809,-9.68783491474675,-9.68327843026499,-9.67887186744353,-9.67461105989031,-9.67049184121327,-9.66651004502034,-9.66266150491944,-9.65894205451852,-9.65534733600202,-9.65187222586036,-9.64851140916054,-9.64525957096948,-9.64211139635414,-9.6390615703815,-9.63610477811849,-9.63323570463207,-9.63044903498921,-9.62773945425685,-9.62510164750194,-9.62253029979147,-9.6200200451381,-9.61756531333759,-9.6151604831314,-9.612799933261,-9.61047804246788,-9.60818918949352,-9.60592775307938,-9.60368811196693,-9.60146464489767,-9.59925173061306,-9.59704374785457,-9.59483507536369,-9.59262018959462,-9.5903939578525,-9.58815134515518,-9.58588731652053,-9.58359683696641,-9.58127487151069,-9.57891638517123,-9.57651634296588,-9.57406970991252,-9.57157145102901,-9.5690165313332,-9.56639991584298,-9.56371679399864,-9.56096325293035,-9.55813560419072,-9.55523015933235,-9.55224322990784,-9.54917112746982,-9.5460101635709,-9.54275664976366,-9.53940689760075,-9.53595721863475,-9.53240392441826,-9.52874332650393,-9.52497203840995,-9.52108788151701,-9.51708897917144,-9.51297345471952,-9.50873943150757,-9.50438503288188,-9.49990838218878,-9.49530760277454,-9.4905808179855,-9.48572615116795,-9.48074172566817,-9.47562566483252,-9.47037640620038,-9.46499364408363,-9.4594773869873,-9.45382764341637,-9.44804442187584,-9.44212773087073,-9.43607757890602,-9.4298939744867,-9.4235769261178,-9.41712644230432,-9.41054253155121,-9.40382520236354,-9.39697472423112,-9.38999241058321,-9.38287983583393,-9.3756385743974,-9.36827020068769,-9.36077628911896,-9.35315841410529,-9.34541815006077,-9.33755707139956,-9.32957675253575,-9.32147876788341,-9.31326469185671,-9.30493625769765,-9.29649583395992,-9.28794594802517,-9.27928912727501,-9.27052789909105,-9.26166479085493,-9.25270232994828,-9.24364304375268,-9.23448945964981,-9.22524410502126,-9.21590950724863,-9.2064881937136,-9.19698272826374,-9.18739582061055,-9.1777302169316,-9.16798866340435,-9.1581739062063,-9.14828869151501,-9.13833576550795,-9.12831787436261,-9.11823776425654,-9.10809818136724,-9.09790187187216,-9.0876515819489,-9.07734998470389,-9.06699946095954,-9.05660231846731,-9.04616086497858,-9.03567740824472,-9.02515425601719,-9.01459371604738,-9.00399809608667,-8.9933697038865,-8.98271084719826,-8.97202383377333,-8.96131097136318,-8.95057442632677,-8.9398157994535,-8.92903655014044,-8.91823813778458,-8.90742202178291,-8.8965896615325,-8.88574251643035,-8.87488204587344,-8.86400970925886,-8.85312696598358,-8.84223527544459,-8.83133609703898,-8.82043073867123,-8.80951990227584,-8.79860413829489,-8.78768399717036,-8.77676002934426,-8.76583278525867,-8.75490281535558,-8.74397067007699,-8.73303689986497,-8.72210205516152,-8.71116668640864,-8.70023134404841,-8.68929647877089,-8.67836214225843,-8.66742828644153,-8.65649486325062,-8.6455618246161,-8.63462912246848,-8.6236967087382,-8.61276453535564,-8.60183255425133,-8.59090071735568,-8.5799689765991,-8.56903728391211
"60",-10.1014865556786,-10.0890376595612,-10.0767759120305,-10.064703106716,-10.0528210372473,-10.0411314972541,-10.0296362803659,-10.0183371802124,-10.0072359904231,-9.99633450462768,-9.98563451645571,-9.97513781953679,-9.96484620750054,-9.95476112849216,-9.94488264871927,-9.93521048890519,-9.92574436977315,-9.91648401204638,-9.90742913644819,-9.89857946370182,-9.88993471453051,-9.88149460965756,-9.87325886980621,-9.8652272156997,-9.85739936806133,-9.84977469683855,-9.84235116887556,-9.83512640024087,-9.82809800700288,-9.82126360523004,-9.81462081099082,-9.80816724035364,-9.80190050938694,-9.79581823415919,-9.78991803073882,-9.78419751519426,-9.77865430359398,-9.77328571492967,-9.76808787988598,-9.76305663207088,-9.7581878050923,-9.75347723255815,-9.74892074807638,-9.74451418525492,-9.7402533777017,-9.73613415902467,-9.73215236283173,-9.72830382273083,-9.72458437232992,-9.72098965381341,-9.71751454367176,-9.71415372697193,-9.71090188878087,-9.70775371416553,-9.70470388819289,-9.70174709592989,-9.69887802244346,-9.6960913528006,-9.69338177206825,-9.69074396531334,-9.68817261760286,-9.6856623629495,-9.68320763114898,-9.68080280094279,-9.6784422510724,-9.67612036027928,-9.67383150730491,-9.67157007089077,-9.66933042977833,-9.66710696270906,-9.66489404842445,-9.66268606566596,-9.66047739317509,-9.65826250740602,-9.65603627566389,-9.65379366296657,-9.65152963433192,-9.6492391547778,-9.64691718932208,-9.64455870298262,-9.64215866077727,-9.63971202772391,-9.6372137688404,-9.6346588491446,-9.63204223365437,-9.62935911181004,-9.62660557074174,-9.62377792200211,-9.62087247714374,-9.61788554771923,-9.61481344528122,-9.61165248138229,-9.60839896757506,-9.60504921541214,-9.60159953644614,-9.59804624222966,-9.59438564431532,-9.59061435622134,-9.5867301993284,-9.58273129698283,-9.57861577253092,-9.57438174931896,-9.57002735069328,-9.56555070000017,-9.56094992058594,-9.55622313579689,-9.55136846897934,-9.54638404347957,-9.54126798264391,-9.53601872401177,-9.53063596189502,-9.52511970479869,-9.51946996122777,-9.51368673968723,-9.50777004868212,-9.50171989671741,-9.49553629229809,-9.4892192439292,-9.48276876011571,-9.47618484936261,-9.46946752017493,-9.46261704204252,-9.4556347283946,-9.44852215364533,-9.4412808922088,-9.43391251849908,-9.42641860693035,-9.41880073191668,-9.41106046787217,-9.40319938921096,-9.39521907034714,-9.3871210856948,-9.37890700966811,-9.37057857550905,-9.36213815177131,-9.35358826583657,-9.34493144508641,-9.33617021690244,-9.32730710866633,-9.31834464775967,-9.30928536156408,-9.3001317774612,-9.29088642283265,-9.28155182506003,-9.272130511525,-9.26262504607513,-9.25303813842195,-9.24337253474299,-9.23363098121575,-9.2238162240177,-9.2139310093264,-9.20397808331934,-9.193960192174,-9.18388008206794,-9.17374049917863,-9.16354418968356,-9.15329389976029,-9.14299230251528,-9.13264177877093,-9.1222446362787,-9.11180318278997,-9.10131972605611,-9.09079657382859,-9.08023603385878,-9.06964041389806,-9.05901202169789,-9.04835316500966,-9.03766615158473,-9.02695328917457,-9.01621674413817,-9.00545811726489,-8.99467886795183,-8.98388045559597,-8.9730643395943,-8.9622319793439,-8.95138483424175,-8.94052436368484,-8.92965202707025,-8.91876928379497,-8.90787759325599,-8.89697841485038,-8.88607305648263,-8.87516222008724,-8.86424645610628,-8.85332631498176,-8.84240234715566,-8.83147510307006,-8.82054513316697,-8.80961298788838,-8.79867921767636,-8.78774437297292,-8.77680900422004,-8.7658736618598,-8.75493879658229,-8.74400446006982,-8.73307060425293,-8.72213718106201,-8.71120414242749,-8.70027144027988,-8.68933902654959,-8.67840685316703,-8.66747487206272,-8.65654303516707,-8.6456112944105,-8.63467960172351
"61",-10.16712887349,-10.1546799773726,-10.1424182298419,-10.1303454245274,-10.1184633550587,-10.1067738150655,-10.0952785981773,-10.0839794980238,-10.0728783082345,-10.0619768224391,-10.0512768342671,-10.0407801373482,-10.0304885253119,-10.0204034463036,-10.0105249665307,-10.0008528067166,-9.99138668758454,-9.98212632985777,-9.97307145425959,-9.96422178151322,-9.95557703234191,-9.94713692746896,-9.93890118761761,-9.9308695335111,-9.92304168587273,-9.91541701464994,-9.90799348668696,-9.90076871805226,-9.89374032481428,-9.88690592304144,-9.88026312880222,-9.87380955816504,-9.86754282719834,-9.86146055197059,-9.85556034855022,-9.84983983300566,-9.84429662140538,-9.83892803274106,-9.83373019769738,-9.82869894988228,-9.8238301229037,-9.81911955036954,-9.81456306588778,-9.81015650306632,-9.8058956955131,-9.80177647683606,-9.79779468064313,-9.79394614054223,-9.79022669014132,-9.78663197162481,-9.78315686148315,-9.77979604478333,-9.77654420659227,-9.77339603197693,-9.77034620600429,-9.76738941374128,-9.76452034025486,-9.761733670612,-9.75902408987964,-9.75638628312474,-9.75381493541426,-9.7513046807609,-9.74884994896038,-9.74644511875419,-9.7440845688838,-9.74176267809067,-9.73947382511631,-9.73721238870217,-9.73497274758972,-9.73274928052046,-9.73053636623585,-9.72832838347736,-9.72611971098648,-9.72390482521742,-9.72167859347529,-9.71943598077797,-9.71717195214332,-9.7148814725892,-9.71255950713348,-9.71020102079402,-9.70780097858867,-9.70535434553531,-9.7028560866518,-9.700301166956,-9.69768455146577,-9.69500142962143,-9.69224788855314,-9.68942023981351,-9.68651479495514,-9.68352786553063,-9.68045576309261,-9.67729479919369,-9.67404128538645,-9.67069153322354,-9.66724185425754,-9.66368856004105,-9.66002796212672,-9.65625667403274,-9.6523725171398,-9.64837361479423,-9.64425809034231,-9.64002406713036,-9.63566966850468,-9.63119301781157,-9.62659223839733,-9.62186545360829,-9.61701078679074,-9.61202636129097,-9.60691030045531,-9.60166104182317,-9.59627827970642,-9.59076202261009,-9.58511227903916,-9.57932905749863,-9.57341236649352,-9.56736221452881,-9.56117861010949,-9.55486156174059,-9.54841107792711,-9.541827167174,-9.53510983798633,-9.52825935985391,-9.521277046206,-9.51416447145673,-9.50692321002019,-9.49955483631048,-9.49206092474175,-9.48444304972808,-9.47670278568356,-9.46884170702235,-9.46086138815854,-9.4527634035062,-9.4445493274795,-9.43622089332045,-9.42778046958271,-9.41923058364796,-9.4105737628978,-9.40181253471384,-9.39294942647773,-9.38398696557107,-9.37492767937547,-9.3657740952726,-9.35652874064405,-9.34719414287142,-9.33777282933639,-9.32826736388653,-9.31868045623334,-9.30901485255439,-9.29927329902714,-9.28945854182909,-9.2795733271378,-9.26962040113074,-9.2596025099854,-9.24952239987933,-9.23938281699003,-9.22918650749495,-9.21893621757169,-9.20863462032668,-9.19828409658233,-9.1878869540901,-9.17744550060137,-9.16696204386751,-9.15643889163998,-9.14587835167018,-9.13528273170946,-9.12465433950929,-9.11399548282105,-9.10330846939613,-9.09259560698597,-9.08185906194956,-9.07110043507629,-9.06032118576323,-9.04952277340737,-9.0387066574057,-9.0278742971553,-9.01702715205315,-9.00616668149624,-8.99529434488165,-8.98441160160637,-8.97351991106738,-8.96262073266177,-8.95171537429403,-8.94080453789863,-8.92988877391768,-8.91896863279315,-8.90804466496705,-8.89711742088146,-8.88618745097837,-8.87525530569978,-8.86432153548776,-8.85338669078432,-8.84245132203143,-8.8315159796712,-8.82058111439368,-8.80964677788122,-8.79871292206433,-8.78777949887341,-8.77684646023889,-8.76591375809127,-8.75498134436099,-8.74404917097843,-8.73311718987412,-8.72218535297847,-8.7112536122219,-8.7003219195349
"62",-10.2327711913014,-10.220322295184,-10.2080605476533,-10.1959877423387,-10.1841056728701,-10.1724161328768,-10.1609209159887,-10.1496218158352,-10.1385206260459,-10.1276191402505,-10.1169191520785,-10.1064224551596,-10.0961308431233,-10.086045764115,-10.0761672843421,-10.066495124528,-10.0570290053959,-10.0477686476692,-10.038713772071,-10.0298640993246,-10.0212193501533,-10.0127792452804,-10.004543505429,-9.99651185132249,-9.98868400368412,-9.98105933246134,-9.97363580449835,-9.96641103586366,-9.95938264262568,-9.95254824085283,-9.94590544661361,-9.93945187597643,-9.93318514500973,-9.92710286978198,-9.92120266636161,-9.91548215081705,-9.90993893921677,-9.90457035055246,-9.89937251550877,-9.89434126769367,-9.88947244071509,-9.88476186818094,-9.88020538369917,-9.87579882087772,-9.87153801332449,-9.86741879464746,-9.86343699845452,-9.85958845835362,-9.85586900795271,-9.8522742894362,-9.84879917929455,-9.84543836259472,-9.84218652440366,-9.83903834978832,-9.83598852381568,-9.83303173155268,-9.83016265806626,-9.82737598842339,-9.82466640769104,-9.82202860093613,-9.81945725322565,-9.81694699857229,-9.81449226677177,-9.81208743656558,-9.80972688669519,-9.80740499590207,-9.8051161429277,-9.80285470651356,-9.80061506540112,-9.79839159833185,-9.79617868404724,-9.79397070128875,-9.79176202879788,-9.78954714302881,-9.78732091128668,-9.78507829858936,-9.78281426995471,-9.78052379040059,-9.77820182494487,-9.77584333860541,-9.77344329640006,-9.77099666334671,-9.7684984044632,-9.76594348476739,-9.76332686927716,-9.76064374743283,-9.75789020636453,-9.7550625576249,-9.75215711276653,-9.74917018334203,-9.74609808090401,-9.74293711700508,-9.73968360319785,-9.73633385103493,-9.73288417206893,-9.72933087785245,-9.72567027993811,-9.72189899184413,-9.7180148349512,-9.71401593260562,-9.70990040815371,-9.70566638494175,-9.70131198631607,-9.69683533562296,-9.69223455620873,-9.68750777141968,-9.68265310460213,-9.67766867910236,-9.6725526182667,-9.66730335963456,-9.66192059751781,-9.65640434042148,-9.65075459685056,-9.64497137531002,-9.63905468430491,-9.6330045323402,-9.62682092792088,-9.62050387955199,-9.6140533957385,-9.6074694849854,-9.60075215579772,-9.59390167766531,-9.58691936401739,-9.57980678926812,-9.57256552783159,-9.56519715412187,-9.55770324255314,-9.55008536753947,-9.54234510349496,-9.53448402483375,-9.52650370596993,-9.5184057213176,-9.5101916452909,-9.50186321113184,-9.4934227873941,-9.48487290145936,-9.4762160807092,-9.46745485252523,-9.45859174428912,-9.44962928338247,-9.44056999718687,-9.43141641308399,-9.42217105845545,-9.41283646068282,-9.40341514714779,-9.39390968169793,-9.38432277404474,-9.37465717036578,-9.36491561683854,-9.35510085964049,-9.34521564494919,-9.33526271894213,-9.32524482779679,-9.31516471769073,-9.30502513480142,-9.29482882530635,-9.28457853538308,-9.27427693813807,-9.26392641439372,-9.25352927190149,-9.24308781841276,-9.2326043616789,-9.22208120945138,-9.21152066948157,-9.20092504952085,-9.19029665732068,-9.17963780063245,-9.16895078720752,-9.15823792479736,-9.14750137976096,-9.13674275288768,-9.12596350357462,-9.11516509121876,-9.1043489752171,-9.09351661496669,-9.08266946986454,-9.07180899930763,-9.06093666269304,-9.05005391941776,-9.03916222887878,-9.02826305047317,-9.01735769210542,-9.00644685571003,-8.99553109172907,-8.98461095060455,-8.97368698277845,-8.96275973869285,-8.95182976878976,-8.94089762351117,-8.92996385329915,-8.91902900859571,-8.90809363984283,-8.89715829748259,-8.88622343220508,-8.87528909569262,-8.86435523987572,-8.8534218166848,-8.84248877805028,-8.83155607590267,-8.82062366217238,-8.80969148878982,-8.79875950768551,-8.78782767078986,-8.77689593003329,-8.7659642373463
"63",-10.2984135091128,-10.2859646129954,-10.2737028654646,-10.2616300601501,-10.2497479906815,-10.2380584506882,-10.2265632338001,-10.2152641336466,-10.2041629438573,-10.1932614580619,-10.1825614698899,-10.172064772971,-10.1617731609347,-10.1516880819263,-10.1418096021535,-10.1321374423394,-10.1226713232073,-10.1134109654806,-10.1043560898824,-10.095506417136,-10.0868616679647,-10.0784215630917,-10.0701858232404,-10.0621541691339,-10.0543263214955,-10.0467016502727,-10.0392781223097,-10.0320533536751,-10.0250249604371,-10.0181905586642,-10.011547764425,-10.0050941937878,-9.99882746282113,-9.99274518759338,-9.98684498417301,-9.98112446862845,-9.97558125702817,-9.97021266836385,-9.96501483332016,-9.95998358550507,-9.95511475852648,-9.95040418599233,-9.94584770151057,-9.94144113868911,-9.93718033113589,-9.93306111245885,-9.92907931626592,-9.92523077616502,-9.9215113257641,-9.9179166072476,-9.91444149710594,-9.91108068040612,-9.90782884221506,-9.90468066759972,-9.90163084162708,-9.89867404936407,-9.89580497587765,-9.89301830623479,-9.89030872550243,-9.88767091874752,-9.88509957103705,-9.88258931638368,-9.88013458458317,-9.87772975437698,-9.87536920450659,-9.87304731371346,-9.8707584607391,-9.86849702432496,-9.86625738321251,-9.86403391614325,-9.86182100185863,-9.85961301910015,-9.85740434660927,-9.8551894608402,-9.85296322909807,-9.85072061640076,-9.84845658776611,-9.84616610821199,-9.84384414275627,-9.84148565641681,-9.83908561421146,-9.8366389811581,-9.83414072227459,-9.83158580257878,-9.82896918708856,-9.82628606524422,-9.82353252417593,-9.8207048754363,-9.81779943057793,-9.81481250115342,-9.8117403987154,-9.80857943481648,-9.80532592100924,-9.80197616884633,-9.79852648988033,-9.79497319566384,-9.79131259774951,-9.78754130965553,-9.78365715276259,-9.77965825041702,-9.7755427259651,-9.77130870275315,-9.76695430412746,-9.76247765343436,-9.75787687402012,-9.75315008923108,-9.74829542241353,-9.74331099691375,-9.7381949360781,-9.73294567744596,-9.72756291532921,-9.72204665823288,-9.71639691466195,-9.71061369312142,-9.70469700211631,-9.6986468501516,-9.69246324573228,-9.68614619736338,-9.6796957135499,-9.67311180279679,-9.66639447360912,-9.6595439954767,-9.65256168182879,-9.64544910707951,-9.63820784564298,-9.63083947193327,-9.62334556036454,-9.61572768535087,-9.60798742130635,-9.60012634264514,-9.59214602378133,-9.58404803912899,-9.57583396310229,-9.56750552894323,-9.5590651052055,-9.55051521927075,-9.54185839852059,-9.53309717033663,-9.52423406210051,-9.51527160119386,-9.50621231499826,-9.49705873089539,-9.48781337626684,-9.47847877849421,-9.46905746495918,-9.45955199950932,-9.44996509185613,-9.44029948817717,-9.43055793464993,-9.42074317745188,-9.41085796276059,-9.40090503675353,-9.39088714560819,-9.38080703550212,-9.37066745261282,-9.36047114311774,-9.35022085319448,-9.33991925594947,-9.32956873220512,-9.31917158971289,-9.30873013622416,-9.2982466794903,-9.28772352726277,-9.27716298729296,-9.26656736733224,-9.25593897513208,-9.24528011844384,-9.23459310501891,-9.22388024260876,-9.21314369757235,-9.20238507069908,-9.19160582138602,-9.18080740903016,-9.16999129302849,-9.15915893277808,-9.14831178767593,-9.13745131711902,-9.12657898050444,-9.11569623722916,-9.10480454669017,-9.09390536828456,-9.08300000991681,-9.07208917352142,-9.06117340954047,-9.05025326841594,-9.03932930058984,-9.02840205650425,-9.01747208660116,-9.00653994132257,-8.99560617111055,-8.9846713264071,-8.97373595765422,-8.96280061529399,-8.95186575001647,-8.94093141350401,-8.92999755768711,-8.9190641344962,-8.90813109586168,-8.89719839371406,-8.88626597998378,-8.87533380660122,-8.86440182549691,-8.85346998860126,-8.84253824784468,-8.83160655515769
"64",-10.3640558269242,-10.3516069308068,-10.339345183276,-10.3272723779615,-10.3153903084929,-10.3037007684996,-10.2922055516115,-10.280906451458,-10.2698052616687,-10.2589037758733,-10.2482037877013,-10.2377070907824,-10.2274154787461,-10.2173303997377,-10.2074519199649,-10.1977797601508,-10.1883136410187,-10.179053283292,-10.1699984076938,-10.1611487349474,-10.1525039857761,-10.1440638809031,-10.1358281410518,-10.1277964869453,-10.1199686393069,-10.1123439680841,-10.1049204401211,-10.0976956714864,-10.0906672782485,-10.0838328764756,-10.0771900822364,-10.0707365115992,-10.0644697806325,-10.0583875054048,-10.0524873019844,-10.0467667864398,-10.0412235748396,-10.0358549861752,-10.0306571511316,-10.0256259033165,-10.0207570763379,-10.0160465038037,-10.011490019322,-10.0070834565005,-10.0028226489473,-9.99870343027025,-9.99472163407731,-9.99087309397641,-9.9871536435755,-9.98355892505899,-9.98008381491734,-9.97672299821751,-9.97347116002645,-9.97032298541111,-9.96727315943847,-9.96431636717547,-9.96144729368904,-9.95866062404618,-9.95595104331383,-9.95331323655892,-9.95074188884844,-9.94823163419508,-9.94577690239456,-9.94337207218837,-9.94101152231798,-9.93868963152486,-9.93640077855049,-9.93413934213635,-9.9318997010239,-9.92967623395464,-9.92746331967003,-9.92525533691154,-9.92304666442067,-9.9208317786516,-9.91860554690947,-9.91636293421215,-9.9140989055775,-9.91180842602338,-9.90948646056766,-9.9071279742282,-9.90472793202285,-9.9022812989695,-9.89978304008599,-9.89722812039018,-9.89461150489995,-9.89192838305562,-9.88917484198732,-9.88634719324769,-9.88344174838932,-9.88045481896481,-9.8773827165268,-9.87422175262787,-9.87096823882064,-9.86761848665772,-9.86416880769172,-9.86061551347524,-9.8569549155609,-9.85318362746692,-9.84929947057398,-9.84530056822841,-9.8411850437765,-9.83695102056454,-9.83259662193886,-9.82811997124575,-9.82351919183152,-9.81879240704247,-9.81393774022492,-9.80895331472515,-9.80383725388949,-9.79858799525735,-9.7932052331406,-9.78768897604427,-9.78203923247335,-9.77625601093281,-9.7703393199277,-9.76428916796299,-9.75810556354367,-9.75178851517478,-9.74533803136129,-9.73875412060819,-9.73203679142051,-9.7251863132881,-9.71820399964018,-9.71109142489091,-9.70385016345437,-9.69648178974466,-9.68898787817593,-9.68137000316226,-9.67362973911775,-9.66576866045654,-9.65778834159272,-9.64969035694038,-9.64147628091369,-9.63314784675463,-9.62470742301689,-9.61615753708215,-9.60750071633199,-9.59873948814802,-9.58987637991191,-9.58091391900525,-9.57185463280966,-9.56270104870678,-9.55345569407823,-9.54412109630561,-9.53469978277058,-9.52519431732071,-9.51560740966753,-9.50594180598857,-9.49620025246133,-9.48638549526327,-9.47650028057198,-9.46654735456492,-9.45652946341958,-9.44644935331352,-9.43630977042421,-9.42611346092914,-9.41586317100587,-9.40556157376086,-9.39521105001651,-9.38481390752428,-9.37437245403555,-9.36388899730169,-9.35336584507417,-9.34280530510436,-9.33220968514364,-9.32158129294347,-9.31092243625524,-9.30023542283031,-9.28952256042015,-9.27878601538375,-9.26802738851047,-9.25724813919741,-9.24644972684155,-9.23563361083988,-9.22480125058948,-9.21395410548733,-9.20309363493042,-9.19222129831583,-9.18133855504055,-9.17044686450157,-9.15954768609596,-9.14864232772821,-9.13773149133282,-9.12681572735186,-9.11589558622734,-9.10497161840124,-9.09404437431564,-9.08311440441255,-9.07218225913396,-9.06124848892194,-9.0503136442185,-9.03937827546562,-9.02844293310538,-9.01750806782787,-9.0065737313154,-8.99563987549851,-8.98470645230759,-8.97377341367307,-8.96284071152546,-8.95190829779517,-8.94097612441261,-8.9300441433083,-8.91911230641265,-8.90818056565608,-8.89724887296909
"65",-10.4296981447356,-10.4172492486182,-10.4049875010874,-10.3929146957729,-10.3810326263043,-10.369343086311,-10.3578478694229,-10.3465487692694,-10.3354475794801,-10.3245460936847,-10.3138461055127,-10.3033494085938,-10.2930577965575,-10.2829727175491,-10.2730942377762,-10.2634220779622,-10.2539559588301,-10.2446956011034,-10.2356407255052,-10.2267910527588,-10.2181463035875,-10.2097061987145,-10.2014704588632,-10.1934388047567,-10.1856109571183,-10.1779862858955,-10.1705627579325,-10.1633379892978,-10.1563095960599,-10.149475194287,-10.1428324000478,-10.1363788294106,-10.1301120984439,-10.1240298232162,-10.1181296197958,-10.1124091042512,-10.106865892651,-10.1014973039866,-10.096299468943,-10.0912682211279,-10.0863993941493,-10.0816888216151,-10.0771323371334,-10.0727257743119,-10.0684649667587,-10.0643457480816,-10.0603639518887,-10.0565154117878,-10.0527959613869,-10.0492012428704,-10.0457261327287,-10.0423653160289,-10.0391134778378,-10.0359653032225,-10.0329154772499,-10.0299586849869,-10.0270896115004,-10.0243029418576,-10.0215933611252,-10.0189555543703,-10.0163842066598,-10.0138739520065,-10.011419220206,-10.0090143899998,-10.0066538401294,-10.0043319493363,-10.0020430963619,-9.99978165994774,-9.9975420188353,-9.99531855176603,-9.99310563748142,-9.99089765472294,-9.98868898223206,-9.98647409646299,-9.98424786472086,-9.98200525202355,-9.9797412233889,-9.97745074383478,-9.97512877837906,-9.9727702920396,-9.97037024983425,-9.96792361678089,-9.96542535789738,-9.96287043820157,-9.96025382271135,-9.95757070086701,-9.95481715979872,-9.95198951105909,-9.94908406620072,-9.94609713677621,-9.94302503433819,-9.93986407043927,-9.93661055663203,-9.93326080446911,-9.92981112550312,-9.92625783128663,-9.9225972333723,-9.91882594527832,-9.91494178838538,-9.9109428860398,-9.90682736158789,-9.90259333837593,-9.89823893975025,-9.89376228905715,-9.88916150964291,-9.88443472485387,-9.87958005803632,-9.87459563253654,-9.86947957170089,-9.86423031306875,-9.858847550952,-9.85333129385567,-9.84768155028474,-9.84189832874421,-9.8359816377391,-9.82993148577439,-9.82374788135507,-9.81743083298617,-9.81098034917268,-9.80439643841958,-9.79767910923191,-9.79082863109949,-9.78384631745158,-9.7767337427023,-9.76949248126577,-9.76212410755606,-9.75463019598732,-9.74701232097365,-9.73927205692914,-9.73141097826793,-9.72343065940412,-9.71533267475178,-9.70711859872508,-9.69879016456602,-9.69034974082829,-9.68179985489354,-9.67314303414338,-9.66438180595942,-9.6555186977233,-9.64655623681665,-9.63749695062105,-9.62834336651818,-9.61909801188963,-9.609763414117,-9.60034210058197,-9.59083663513211,-9.58124972747892,-9.57158412379996,-9.56184257027272,-9.55202781307467,-9.54214259838338,-9.53218967237632,-9.52217178123098,-9.51209167112491,-9.50195208823561,-9.49175577874053,-9.48150548881726,-9.47120389157226,-9.46085336782791,-9.45045622533568,-9.44001477184695,-9.42953131511308,-9.41900816288556,-9.40844762291575,-9.39785200295503,-9.38722361075487,-9.37656475406663,-9.3658777406417,-9.35516487823155,-9.34442833319514,-9.33366970632187,-9.3228904570088,-9.31209204465295,-9.30127592865128,-9.29044356840087,-9.27959642329872,-9.26873595274181,-9.25786361612723,-9.24698087285195,-9.23608918231296,-9.22519000390735,-9.2142846455396,-9.20337380914421,-9.19245804516325,-9.18153790403873,-9.17061393621263,-9.15968669212704,-9.14875672222395,-9.13782457694536,-9.12689080673334,-9.11595596202989,-9.10502059327701,-9.09408525091678,-9.08315038563926,-9.0722160491268,-9.0612821933099,-9.05034877011899,-9.03941573148447,-9.02848302933685,-9.01755061560656,-9.00661844222401,-8.9956864611197,-8.98475462422405,-8.97382288346747,-8.96289119078048
