"","2003","2003.08333333333","2003.16666666667","2003.25","2003.33333333333","2003.41666666667","2003.5","2003.58333333333","2003.66666666667","2003.75","2003.83333333333","2003.91666666667","2004","2004.08333333333","2004.16666666667","2004.25","2004.33333333333","2004.41666666667","2004.5","2004.58333333333","2004.66666666667","2004.75","2004.83333333333","2004.91666666667","2005","2005.08333333333","2005.16666666667","2005.25","2005.33333333333","2005.41666666667","2005.5","2005.58333333333","2005.66666666667","2005.75","2005.83333333333","2005.91666666667","2006","2006.08333333333","2006.16666666667","2006.25","2006.33333333333","2006.41666666667","2006.5","2006.58333333333","2006.66666666667","2006.75","2006.83333333333","2006.91666666667","2007","2007.08333333333","2007.16666666667","2007.25","2007.33333333333","2007.41666666667","2007.5","2007.58333333333","2007.66666666667","2007.75","2007.83333333333","2007.91666666667","2008","2008.08333333333","2008.16666666667","2008.25","2008.33333333333","2008.41666666667","2008.5","2008.58333333333","2008.66666666667","2008.75","2008.83333333333","2008.91666666667","2009","2009.08333333333","2009.16666666667","2009.25","2009.33333333333","2009.41666666667","2009.5","2009.58333333333","2009.66666666667","2009.75","2009.83333333333","2009.91666666667","2010","2010.08333333333","2010.16666666667","2010.25","2010.33333333333","2010.41666666667","2010.5","2010.58333333333","2010.66666666667","2010.75","2010.83333333333","2010.91666666667","2011","2011.08333333333","2011.16666666667","2011.25","2011.33333333333","2011.41666666667","2011.5","2011.58333333333","2011.66666666667","2011.75","2011.83333333333","2011.91666666667","2012","2012.08333333333","2012.16666666667","2012.25","2012.33333333333","2012.41666666667","2012.5","2012.58333333333","2012.66666666667","2012.75","2012.83333333333","2012.91666666667","2013","2013.08333333333","2013.16666666667","2013.25","2013.33333333333","2013.41666666667","2013.5","2013.58333333333","2013.66666666667","2013.75","2013.83333333333","2013.91666666667","2014","2014.08333333333","2014.16666666667","2014.25","2014.33333333333","2014.41666666667","2014.5","2014.58333333333","2014.66666666667","2014.75","2014.83333333333","2014.91666666667","2015","2015.08333333333","2015.16666666667","2015.25","2015.33333333333","2015.41666666667","2015.5","2015.58333333333","2015.66666666667","2015.75","2015.83333333333","2015.91666666667","2016","2016.08333333333","2016.16666666667","2016.25","2016.33333333333","2016.41666666667","2016.5","2016.58333333333","2016.66666666667","2016.75","2016.83333333333","2016.91666666667","2017","2017.08333333333","2017.16666666667","2017.25","2017.33333333333","2017.41666666667","2017.5","2017.58333333333","2017.66666666667","2017.75","2017.83333333333","2017.91666666667","2018","2018.08333333333","2018.16666666667","2018.25","2018.33333333333","2018.41666666667","2018.5","2018.58333333333","2018.66666666667","2018.75","2018.83333333333","2018.91666666667","2019","2019.08333333333","2019.16666666667","2019.25","2019.33333333333","2019.41666666667","2019.5","2019.58333333333","2019.66666666667","2019.75","2019.83333333333","2019.91666666667","2020"
"25",-9.85548545198766,-9.84852526036429,-9.84148675873984,-9.83437303400622,-9.82718717305527,-9.81993226277886,-9.81261139006888,-9.80522764181719,-9.79778410491565,-9.79028386625615,-9.78273001273055,-9.7751256312307,-9.76747380864851,-9.75977792997484,-9.75204257259658,-9.74427261199973,-9.73647292367018,-9.72864838309384,-9.7208038657567,-9.71294424714466,-9.70507440274363,-9.69719920803959,-9.68932353851845,-9.68145226966612,-9.67359027696858,-9.66574255730519,-9.65791459312921,-9.6501119882874,-9.64234034662645,-9.63460527199307,-9.62691236823402,-9.61926723919602,-9.61167548872576,-9.60414272067,-9.59667453887546,-9.58927654718883,-9.58195434945688,-9.57471345588339,-9.56755900210046,-9.56049603009733,-9.55352958186319,-9.54666469938722,-9.53990642465865,-9.53325979966666,-9.52672986640045,-9.52032166684924,-9.51404024300222,-9.50789063684857,-9.50187789037753,-9.49600674356724,-9.49028072835172,-9.48470307465397,-9.47927701239698,-9.4740057715037,-9.46889258189717,-9.46394067350034,-9.4591532762362,-9.45453362002776,-9.45008493479799,-9.44581045046986,-9.44171339696638,-9.43779654460626,-9.43406082529112,-9.43050671131834,-9.42713467498525,-9.42394518858922,-9.42093872442761,-9.41811575479778,-9.41547675199707,-9.41302218832285,-9.41075253607248,-9.40866826754331,-9.4067698550327,-9.40505724057698,-9.4035282451683,-9.4021801595378,-9.40101027441661,-9.40001588053586,-9.39919426862669,-9.39854272942022,-9.39805855364759,-9.39773903203992,-9.39758145532834,-9.397583114244,-9.39774129951801,-9.3980528090877,-9.39851246971517,-9.3991146153687,-9.39985358001658,-9.4007236976271,-9.40171930216854,-9.40283472760919,-9.40406430791733,-9.40540237706126,-9.40684326900925,-9.4083813177296,-9.4100108571906,-9.41172587492661,-9.4135189727364,-9.41538240598479,-9.41730843003663,-9.41928930025677,-9.42131727201004,-9.42338460066128,-9.42548354157533,-9.42760635011704,-9.42974528165123,-9.43189259154277,-9.43404053515648,-9.43618125470957,-9.43830643982875,-9.44040766699308,-9.44247651268162,-9.44450455337344,-9.44648336554761,-9.4484045256832,-9.45025961025927,-9.45204019575489,-9.45373785864912,-9.45534417542103,-9.45685072254969,-9.45824924074953,-9.4595321276764,-9.4606919452215,-9.46172125527605,-9.46261261973127,-9.46335860047835,-9.46395175940853,-9.464384658413,-9.46464985938299,-9.46473992420969,-9.46464741478433,-9.46436489299811,-9.463885348966,-9.46320348569791,-9.46231443442753,-9.46121332638852,-9.45989529281456,-9.45835546493931,-9.45658897399646,-9.45459095121966,-9.4523565278426,-9.44988083509896,-9.44715900422238,-9.44418616644656,-9.44095806920148,-9.43747292470237,-9.43372956136082,-9.42972680758837,-9.42546349179657,-9.42093844239701,-9.41615048780123,-9.41109845642078,-9.40578117666725,-9.40019747695218,-9.39434618568711,-9.38822613128365,-9.38183681336428,-9.3751804163953,-9.368259796054,-9.36107780801763,-9.35363730796343,-9.3459411515687,-9.33799219451069,-9.32979329246663,-9.32134730111383,-9.31265707612953,-9.30372547319096,-9.29455534797545,-9.28515010755904,-9.2755153646131,-9.26565728320789,-9.25558202741359,-9.24529576130039,-9.23480464893855,-9.22411485439825,-9.21323254174967,-9.20216387506308,-9.19091501840866,-9.17949213585659,-9.16790139147713,-9.15614918457917,-9.1442428554264,-9.13218997952129,-9.11999813236624,-9.10767488946362,-9.09522782631593,-9.08266451842555,-9.06999254129485,-9.05721947042634,-9.04435288132238,-9.03140034948538,-9.01836945041781,-9.00526748025677,-8.99210061767819,-8.97887476199283,-8.96559581251134,-8.95226966854435,-8.93890222940263,-8.92549939439682,-8.91206706283756,-8.89861113403562,-8.88513750730162,-8.87165208194623,-8.85816075728019
"26",-9.81996659777762,-9.81300640615424,-9.80596790452979,-9.79885417979617,-9.79166831884523,-9.78441340856881,-9.77709253585884,-9.76970878760715,-9.7622652507056,-9.7547650120461,-9.7472111585205,-9.73960677702066,-9.73195495443846,-9.72425907576479,-9.71652371838654,-9.70875375778968,-9.70095406946013,-9.6931295288838,-9.68528501154665,-9.67742539293461,-9.66955554853359,-9.66168035382954,-9.65380468430841,-9.64593341545608,-9.63807142275853,-9.63022370309515,-9.62239573891917,-9.61459313407735,-9.6068214924164,-9.59908641778302,-9.59139351402398,-9.58374838498597,-9.57615663451571,-9.56862386645996,-9.56115568466541,-9.55375769297878,-9.54643549524683,-9.53919460167334,-9.53204014789041,-9.52497717588729,-9.51801072765315,-9.51114584517718,-9.5043875704486,-9.49774094545662,-9.4912110121904,-9.4848028126392,-9.47852138879217,-9.47237178263853,-9.46635903616749,-9.4604878893572,-9.45476187414167,-9.44918422044393,-9.44375815818693,-9.43848691729366,-9.43337372768712,-9.4284218192903,-9.42363442202616,-9.41901476581771,-9.41456608058794,-9.41029159625981,-9.40619454275634,-9.40227769039622,-9.39854197108108,-9.39498785710829,-9.39161582077521,-9.38842633437917,-9.38541987021757,-9.38259690058773,-9.37995789778702,-9.37750333411281,-9.37523368186244,-9.37314941333326,-9.37125100082266,-9.36953838636693,-9.36800939095825,-9.36666130532775,-9.36549142020657,-9.36449702632582,-9.36367541441665,-9.36302387521018,-9.36253969943754,-9.36222017782987,-9.3620626011183,-9.36206426003395,-9.36222244530796,-9.36253395487766,-9.36299361550513,-9.36359576115866,-9.36433472580654,-9.36520484341706,-9.3662004479585,-9.36731587339914,-9.36854545370729,-9.36988352285121,-9.37132441479921,-9.37286246351956,-9.37449200298055,-9.37620702071656,-9.37800011852635,-9.37986355177475,-9.38178957582659,-9.38377044604673,-9.3857984178,-9.38786574645123,-9.38996468736529,-9.39208749590699,-9.39422642744119,-9.39637373733273,-9.39852168094643,-9.40066240049953,-9.40278758561871,-9.40488881278303,-9.40695765847157,-9.4089856991634,-9.41096451133757,-9.41288567147315,-9.41474075604923,-9.41652134154484,-9.41821900443907,-9.41982532121099,-9.42133186833965,-9.42273038653949,-9.42401327346635,-9.42517309101145,-9.426202401066,-9.42709376552122,-9.42783974626831,-9.42843290519848,-9.42886580420296,-9.42913100517294,-9.42922106999965,-9.42912856057428,-9.42884603878807,-9.42836649475596,-9.42768463148787,-9.42679558021749,-9.42569447217848,-9.42437643860451,-9.42283661072926,-9.42107011978641,-9.41907209700962,-9.41683767363256,-9.41436198088891,-9.41164015001233,-9.40866731223652,-9.40543921499144,-9.40195407049233,-9.39821070715077,-9.39420795337833,-9.38994463758653,-9.38541958818696,-9.38063163359119,-9.37557960221073,-9.3702623224572,-9.36467862274213,-9.35882733147707,-9.35270727707361,-9.34631795915424,-9.33966156218525,-9.33274094184395,-9.32555895380758,-9.31811845375339,-9.31042229735866,-9.30247334030064,-9.29427443825658,-9.28582844690378,-9.27713822191948,-9.26820661898092,-9.2590364937654,-9.24963125334899,-9.23999651040305,-9.23013842899785,-9.22006317320355,-9.20977690709035,-9.19928579472851,-9.18859600018821,-9.17771368753963,-9.16664502085304,-9.15539616419862,-9.14397328164654,-9.13238253726709,-9.12063033036913,-9.10872400121636,-9.09667112531125,-9.0844792781562,-9.07215603525358,-9.05970897210588,-9.0471456642155,-9.03447368708481,-9.02170061621629,-9.00883402711234,-8.99588149527533,-8.98285059620776,-8.96974862604672,-8.95658176346815,-8.94335590778279,-8.93007695830129,-8.9167508143343,-8.90338337519259,-8.88998054018678,-8.87654820862752,-8.86309227982557,-8.84961865309157,-8.83613322773618,-8.82264190307014
"27",-9.78412015607578,-9.7771599644524,-9.77012146282795,-9.76300773809433,-9.75582187714339,-9.74856696686697,-9.741246094157,-9.73386234590531,-9.72641880900376,-9.71891857034426,-9.71136471681866,-9.70376033531882,-9.69610851273662,-9.68841263406295,-9.6806772766847,-9.67290731608784,-9.66510762775829,-9.65728308718195,-9.64943856984481,-9.64157895123277,-9.63370910683174,-9.6258339121277,-9.61795824260657,-9.61008697375424,-9.60222498105669,-9.59437726139331,-9.58654929721733,-9.57874669237551,-9.57097505071456,-9.56323997608118,-9.55554707232214,-9.54790194328413,-9.54031019281387,-9.53277742475812,-9.52530924296357,-9.51791125127694,-9.51058905354499,-9.5033481599715,-9.49619370618857,-9.48913073418545,-9.48216428595131,-9.47529940347533,-9.46854112874676,-9.46189450375478,-9.45536457048856,-9.44895637093735,-9.44267494709033,-9.43652534093669,-9.43051259446564,-9.42464144765536,-9.41891543243983,-9.41333777874209,-9.40791171648509,-9.40264047559182,-9.39752728598528,-9.39257537758846,-9.38778798032432,-9.38316832411587,-9.3787196388861,-9.37444515455797,-9.3703481010545,-9.36643124869438,-9.36269552937924,-9.35914141540645,-9.35576937907337,-9.35257989267733,-9.34957342851573,-9.34675045888589,-9.34411145608518,-9.34165689241097,-9.3393872401606,-9.33730297163142,-9.33540455912082,-9.33369194466509,-9.33216294925641,-9.33081486362591,-9.32964497850473,-9.32865058462398,-9.32782897271481,-9.32717743350834,-9.3266932577357,-9.32637373612803,-9.32621615941646,-9.32621781833211,-9.32637600360612,-9.32668751317582,-9.32714717380329,-9.32774931945682,-9.3284882841047,-9.32935840171522,-9.33035400625666,-9.3314694316973,-9.33269901200545,-9.33403708114937,-9.33547797309737,-9.33701602181772,-9.33864556127871,-9.34036057901472,-9.34215367682451,-9.3440171100729,-9.34594313412475,-9.34792400434489,-9.34995197609815,-9.35201930474939,-9.35411824566345,-9.35624105420515,-9.35837998573935,-9.36052729563088,-9.36267523924459,-9.36481595879769,-9.36694114391687,-9.36904237108119,-9.37111121676973,-9.37313925746156,-9.37511806963573,-9.37703922977131,-9.37889431434739,-9.380674899843,-9.38237256273723,-9.38397887950915,-9.38548542663781,-9.38688394483765,-9.38816683176451,-9.38932664930961,-9.39035595936416,-9.39124732381938,-9.39199330456647,-9.39258646349664,-9.39301936250112,-9.3932845634711,-9.39337462829781,-9.39328211887244,-9.39299959708623,-9.39252005305412,-9.39183818978603,-9.39094913851565,-9.38984803047664,-9.38852999690267,-9.38699016902742,-9.38522367808457,-9.38322565530778,-9.38099123193072,-9.37851553918707,-9.37579370831049,-9.37282087053467,-9.3695927732896,-9.36610762879049,-9.36236426544893,-9.35836151167648,-9.35409819588469,-9.34957314648512,-9.34478519188935,-9.33973316050889,-9.33441588075536,-9.32883218104029,-9.32298088977523,-9.31686083537177,-9.3104715174524,-9.30381512048341,-9.29689450014211,-9.28971251210574,-9.28227201205154,-9.27457585565682,-9.2666268985988,-9.25842799655474,-9.24998200520194,-9.24129178021764,-9.23236017727908,-9.22319005206356,-9.21378481164715,-9.20415006870121,-9.19429198729601,-9.18421673150171,-9.17393046538851,-9.16343935302667,-9.15274955848637,-9.14186724583779,-9.1307985791512,-9.11954972249678,-9.1081268399447,-9.09653609556525,-9.08478388866729,-9.07287755951452,-9.06082468360941,-9.04863283645436,-9.03630959355174,-9.02386253040404,-9.01129922251366,-8.99862724538297,-8.98585417451445,-8.9729875854105,-8.96003505357349,-8.94700415450592,-8.93390218434488,-8.9207353217663,-8.90750946608095,-8.89423051659945,-8.88090437263246,-8.86753693349075,-8.85413409848494,-8.84070176692568,-8.82724583812373,-8.81377221138973,-8.80028678603434,-8.7867954613683
"28",-9.7478956582121,-9.74093546658873,-9.73389696496428,-9.72678324023066,-9.71959737927971,-9.7123424690033,-9.70502159629332,-9.69763784804163,-9.69019431114009,-9.68269407248059,-9.67514021895499,-9.66753583745514,-9.65988401487295,-9.65218813619928,-9.64445277882102,-9.63668281822417,-9.62888312989462,-9.62105858931828,-9.61321407198114,-9.6053544533691,-9.59748460896807,-9.58960941426403,-9.58173374474289,-9.57386247589056,-9.56600048319302,-9.55815276352963,-9.55032479935365,-9.54252219451184,-9.53475055285089,-9.52701547821751,-9.51932257445846,-9.51167744542046,-9.5040856949502,-9.49655292689444,-9.4890847450999,-9.48168675341327,-9.47436455568132,-9.46712366210783,-9.4599692083249,-9.45290623632177,-9.44593978808763,-9.43907490561166,-9.43231663088309,-9.4256700058911,-9.41914007262489,-9.41273187307368,-9.40645044922666,-9.40030084307301,-9.39428809660197,-9.38841694979168,-9.38269093457616,-9.37711328087841,-9.37168721862142,-9.36641597772814,-9.36130278812161,-9.35635087972478,-9.35156348246064,-9.3469438262522,-9.34249514102243,-9.3382206566943,-9.33412360319082,-9.3302067508307,-9.32647103151556,-9.32291691754278,-9.31954488120969,-9.31635539481366,-9.31334893065205,-9.31052596102222,-9.3078869582215,-9.30543239454729,-9.30316274229692,-9.30107847376775,-9.29918006125714,-9.29746744680142,-9.29593845139274,-9.29459036576224,-9.29342048064105,-9.2924260867603,-9.29160447485113,-9.29095293564466,-9.29046875987203,-9.29014923826436,-9.28999166155278,-9.28999332046844,-9.29015150574245,-9.29046301531214,-9.29092267593961,-9.29152482159314,-9.29226378624102,-9.29313390385154,-9.29412950839298,-9.29524493383363,-9.29647451414177,-9.2978125832857,-9.29925347523369,-9.30079152395404,-9.30242106341504,-9.30413608115105,-9.30592917896084,-9.30779261220923,-9.30971863626107,-9.31169950648121,-9.31372747823448,-9.31579480688572,-9.31789374779977,-9.32001655634148,-9.32215548787567,-9.32430279776721,-9.32645074138092,-9.32859146093401,-9.33071664605319,-9.33281787321752,-9.33488671890606,-9.33691475959788,-9.33889357177205,-9.34081473190764,-9.34266981648371,-9.34445040197933,-9.34614806487356,-9.34775438164547,-9.34926092877413,-9.35065944697397,-9.35194233390084,-9.35310215144594,-9.35413146150049,-9.35502282595571,-9.3557688067028,-9.35636196563297,-9.35679486463744,-9.35706006560743,-9.35715013043413,-9.35705762100877,-9.35677509922255,-9.35629555519044,-9.35561369192235,-9.35472464065197,-9.35362353261296,-9.352305499039,-9.35076567116375,-9.3489991802209,-9.3470011574441,-9.34476673406704,-9.3422910413234,-9.33956921044682,-9.336596372671,-9.33336827542592,-9.32988313092681,-9.32613976758526,-9.32213701381281,-9.31787369802101,-9.31334864862145,-9.30856069402567,-9.30350866264522,-9.29819138289169,-9.29260768317662,-9.28675639191155,-9.28063633750809,-9.27424701958872,-9.26759062261974,-9.26067000227844,-9.25348801424207,-9.24604751418787,-9.23835135779314,-9.23040240073513,-9.22220349869107,-9.21375750733827,-9.20506728235397,-9.1961356794154,-9.18696555419989,-9.17756031378348,-9.16792557083754,-9.15806748943233,-9.14799223363803,-9.13770596752483,-9.12721485516299,-9.11652506062269,-9.10564274797411,-9.09457408128752,-9.0833252246331,-9.07190234208103,-9.06031159770157,-9.04855939080361,-9.03665306165084,-9.02460018574573,-9.01240833859068,-9.00008509568806,-8.98763803254037,-8.97507472464999,-8.96240274751929,-8.94962967665078,-8.93676308754682,-8.92381055570982,-8.91077965664225,-8.89767768648121,-8.88451082390263,-8.87128496821727,-8.85800601873578,-8.84467987476879,-8.83131243562707,-8.81790960062126,-8.804477269062,-8.79102134026006,-8.77754771352606,-8.76406228817067,-8.75057096350463
"29",-9.71136834832821,-9.70440815670483,-9.69736965508038,-9.69025593034676,-9.68307006939582,-9.6758151591194,-9.66849428640943,-9.66111053815774,-9.65366700125619,-9.64616676259669,-9.6386129090711,-9.63100852757125,-9.62335670498905,-9.61566082631538,-9.60792546893713,-9.60015550834027,-9.59235582001072,-9.58453127943439,-9.57668676209724,-9.5688271434852,-9.56095729908418,-9.55308210438013,-9.545206434859,-9.53733516600667,-9.52947317330912,-9.52162545364574,-9.51379748946976,-9.50599488462794,-9.49822324296699,-9.49048816833361,-9.48279526457457,-9.47515013553656,-9.4675583850663,-9.46002561701055,-9.452557435216,-9.44515944352937,-9.43783724579742,-9.43059635222393,-9.423441898441,-9.41637892643788,-9.40941247820374,-9.40254759572777,-9.39578932099919,-9.38914269600721,-9.382612762741,-9.37620456318979,-9.36992313934276,-9.36377353318912,-9.35776078671808,-9.35188963990779,-9.34616362469226,-9.34058597099452,-9.33515990873752,-9.32988866784425,-9.32477547823772,-9.31982356984089,-9.31503617257675,-9.3104165163683,-9.30596783113853,-9.3016933468104,-9.29759629330693,-9.29367944094681,-9.28994372163167,-9.28638960765888,-9.2830175713258,-9.27982808492976,-9.27682162076816,-9.27399865113832,-9.27135964833761,-9.2689050846634,-9.26663543241303,-9.26455116388385,-9.26265275137325,-9.26094013691752,-9.25941114150884,-9.25806305587834,-9.25689317075716,-9.25589877687641,-9.25507716496724,-9.25442562576077,-9.25394144998813,-9.25362192838046,-9.25346435166889,-9.25346601058454,-9.25362419585855,-9.25393570542825,-9.25439536605572,-9.25499751170925,-9.25573647635713,-9.25660659396765,-9.25760219850909,-9.25871762394974,-9.25994720425788,-9.2612852734018,-9.2627261653498,-9.26426421407015,-9.26589375353114,-9.26760877126715,-9.26940186907694,-9.27126530232534,-9.27319132637718,-9.27517219659732,-9.27720016835059,-9.27926749700182,-9.28136643791588,-9.28348924645758,-9.28562817799178,-9.28777548788332,-9.28992343149702,-9.29206415105012,-9.2941893361693,-9.29629056333362,-9.29835940902216,-9.30038744971399,-9.30236626188816,-9.30428742202374,-9.30614250659982,-9.30792309209543,-9.30962075498966,-9.31122707176158,-9.31273361889024,-9.31413213709008,-9.31541502401694,-9.31657484156204,-9.31760415161659,-9.31849551607181,-9.3192414968189,-9.31983465574907,-9.32026755475355,-9.32053275572353,-9.32062282055024,-9.32053031112487,-9.32024778933866,-9.31976824530655,-9.31908638203846,-9.31819733076808,-9.31709622272907,-9.3157781891551,-9.31423836127986,-9.312471870337,-9.31047384756021,-9.30823942418315,-9.3057637314395,-9.30304190056292,-9.30006906278711,-9.29684096554203,-9.29335582104292,-9.28961245770136,-9.28560970392892,-9.28134638813712,-9.27682133873755,-9.27203338414178,-9.26698135276133,-9.26166407300779,-9.25608037329272,-9.25022908202766,-9.2441090276242,-9.23771970970483,-9.23106331273585,-9.22414269239454,-9.21696070435818,-9.20952020430398,-9.20182404790925,-9.19387509085123,-9.18567618880717,-9.17723019745437,-9.16853997247007,-9.15960836953151,-9.150438244316,-9.14103300389958,-9.13139826095364,-9.12154017954844,-9.11146492375414,-9.10117865764094,-9.0906875452791,-9.0799977507388,-9.06911543809022,-9.05804677140363,-9.04679791474921,-9.03537503219713,-9.02378428781768,-9.01203208091972,-9.00012575176695,-8.98807287586184,-8.97588102870679,-8.96355778580417,-8.95111072265648,-8.93854741476609,-8.9258754376354,-8.91310236676688,-8.90023577766293,-8.88728324582592,-8.87425234675836,-8.86115037659731,-8.84798351401874,-8.83475765833338,-8.82147870885188,-8.8081525648849,-8.79478512574318,-8.78138229073737,-8.76794995917811,-8.75449403037616,-8.74102040364216,-8.72753497828677,-8.71404365362073
"30",-9.67464489876862,-9.66768470714524,-9.66064620552079,-9.65353248078717,-9.64634661983622,-9.63909170955981,-9.63177083684983,-9.62438708859815,-9.6169435516966,-9.6094433130371,-9.6018894595115,-9.59428507801165,-9.58663325542946,-9.57893737675579,-9.57120201937754,-9.56343205878068,-9.55563237045113,-9.54780782987479,-9.53996331253765,-9.53210369392561,-9.52423384952458,-9.51635865482054,-9.5084829852994,-9.50061171644707,-9.49274972374953,-9.48490200408615,-9.47707403991016,-9.46927143506835,-9.4614997934074,-9.45376471877402,-9.44607181501497,-9.43842668597697,-9.43083493550671,-9.42330216745095,-9.41583398565641,-9.40843599396978,-9.40111379623783,-9.39387290266434,-9.38671844888141,-9.37965547687829,-9.37268902864414,-9.36582414616817,-9.3590658714396,-9.35241924644762,-9.3458893131814,-9.33948111363019,-9.33319968978317,-9.32705008362952,-9.32103733715848,-9.3151661903482,-9.30944017513267,-9.30386252143492,-9.29843645917793,-9.29316521828466,-9.28805202867812,-9.2831001202813,-9.27831272301716,-9.27369306680871,-9.26924438157894,-9.26496989725081,-9.26087284374733,-9.25695599138722,-9.25322027207208,-9.24966615809929,-9.2462941217662,-9.24310463537017,-9.24009817120856,-9.23727520157873,-9.23463619877802,-9.2321816351038,-9.22991198285344,-9.22782771432426,-9.22592930181366,-9.22421668735793,-9.22268769194925,-9.22133960631875,-9.22016972119757,-9.21917532731682,-9.21835371540764,-9.21770217620118,-9.21721800042854,-9.21689847882087,-9.2167409021093,-9.21674256102495,-9.21690074629896,-9.21721225586866,-9.21767191649612,-9.21827406214966,-9.21901302679754,-9.21988314440805,-9.22087874894949,-9.22199417439014,-9.22322375469829,-9.22456182384221,-9.2260027157902,-9.22754076451056,-9.22917030397155,-9.23088532170756,-9.23267841951735,-9.23454185276574,-9.23646787681758,-9.23844874703773,-9.24047671879099,-9.24254404744223,-9.24464298835629,-9.24676579689799,-9.24890472843219,-9.25105203832372,-9.25319998193743,-9.25534070149053,-9.25746588660971,-9.25956711377403,-9.26163595946257,-9.2636640001544,-9.26564281232857,-9.26756397246415,-9.26941905704022,-9.27119964253584,-9.27289730543007,-9.27450362220199,-9.27601016933065,-9.27740868753048,-9.27869157445735,-9.27985139200245,-9.280880702057,-9.28177206651222,-9.28251804725931,-9.28311120618948,-9.28354410519396,-9.28380930616394,-9.28389937099064,-9.28380686156528,-9.28352433977907,-9.28304479574695,-9.28236293247886,-9.28147388120848,-9.28037277316947,-9.27905473959551,-9.27751491172026,-9.27574842077741,-9.27375039800061,-9.27151597462356,-9.26904028187991,-9.26631845100333,-9.26334561322751,-9.26011751598243,-9.25663237148333,-9.25288900814177,-9.24888625436932,-9.24462293857753,-9.24009788917796,-9.23530993458218,-9.23025790320173,-9.2249406234482,-9.21935692373313,-9.21350563246807,-9.2073855780646,-9.20099626014523,-9.19433986317625,-9.18741924283495,-9.18023725479858,-9.17279675474438,-9.16510059834965,-9.15715164129164,-9.14895273924758,-9.14050674789478,-9.13181652291048,-9.12288491997191,-9.1137147947564,-9.10430955433999,-9.09467481139405,-9.08481672998884,-9.07474147419455,-9.06445520808134,-9.05396409571951,-9.04327430117921,-9.03239198853062,-9.02132332184403,-9.01007446518961,-8.99865158263754,-8.98706083825808,-8.97530863136013,-8.96340230220735,-8.95134942630225,-8.93915757914719,-8.92683433624457,-8.91438727309688,-8.9018239652065,-8.8891519880758,-8.87637891720729,-8.86351232810334,-8.85055979626633,-8.83752889719876,-8.82442692703772,-8.81126006445914,-8.79803420877379,-8.78475525929229,-8.7714291153253,-8.75806167618358,-8.74465884117777,-8.73122650961851,-8.71777058081657,-8.70429695408257,-8.69081152872718,-8.67732020406114
"31",-9.63783198187785,-9.63087179025448,-9.62383328863003,-9.6167195638964,-9.60953370294546,-9.60227879266905,-9.59495791995907,-9.58757417170738,-9.58013063480584,-9.57263039614634,-9.56507654262074,-9.55747216112089,-9.5498203385387,-9.54212445986503,-9.53438910248677,-9.52661914188992,-9.51881945356036,-9.51099491298403,-9.50315039564689,-9.49529077703484,-9.48742093263382,-9.47954573792978,-9.47167006840864,-9.46379879955631,-9.45593680685877,-9.44808908719538,-9.4402611230194,-9.43245851817758,-9.42468687651663,-9.41695180188326,-9.40925889812421,-9.4016137690862,-9.39402201861595,-9.38648925056019,-9.37902106876565,-9.37162307707902,-9.36430087934707,-9.35705998577358,-9.34990553199065,-9.34284255998752,-9.33587611175338,-9.32901122927741,-9.32225295454884,-9.31560632955685,-9.30907639629064,-9.30266819673943,-9.29638677289241,-9.29023716673876,-9.28422442026772,-9.27835327345743,-9.27262725824191,-9.26704960454416,-9.26162354228716,-9.25635230139389,-9.25123911178736,-9.24628720339053,-9.24149980612639,-9.23688014991795,-9.23243146468817,-9.22815698036004,-9.22405992685657,-9.22014307449645,-9.21640735518131,-9.21285324120852,-9.20948120487544,-9.20629171847941,-9.2032852543178,-9.20046228468797,-9.19782328188725,-9.19536871821304,-9.19309906596267,-9.1910147974335,-9.18911638492289,-9.18740377046717,-9.18587477505849,-9.18452668942799,-9.1833568043068,-9.18236241042605,-9.18154079851688,-9.18088925931041,-9.18040508353778,-9.18008556193011,-9.17992798521853,-9.17992964413419,-9.1800878294082,-9.18039933897789,-9.18085899960536,-9.18146114525889,-9.18220010990677,-9.18307022751729,-9.18406583205873,-9.18518125749938,-9.18641083780752,-9.18774890695145,-9.18918979889944,-9.19072784761979,-9.19235738708078,-9.1940724048168,-9.19586550262659,-9.19772893587498,-9.19965495992682,-9.20163583014696,-9.20366380190023,-9.20573113055146,-9.20783007146552,-9.20995288000723,-9.21209181154142,-9.21423912143296,-9.21638706504667,-9.21852778459976,-9.22065296971894,-9.22275419688327,-9.2248230425718,-9.22685108326363,-9.2288298954378,-9.23075105557339,-9.23260614014946,-9.23438672564508,-9.2360843885393,-9.23769070531122,-9.23919725243988,-9.24059577063972,-9.24187865756658,-9.24303847511169,-9.24406778516624,-9.24495914962146,-9.24570513036854,-9.24629828929872,-9.24673118830319,-9.24699638927318,-9.24708645409988,-9.24699394467452,-9.2467114228883,-9.24623187885619,-9.2455500155881,-9.24466096431772,-9.24355985627871,-9.24224182270475,-9.2407019948295,-9.23893550388665,-9.23693748110985,-9.23470305773279,-9.23222736498915,-9.22950553411257,-9.22653269633675,-9.22330459909167,-9.21981945459256,-9.21607609125101,-9.21207333747856,-9.20781002168676,-9.2032849722872,-9.19849701769142,-9.19344498631097,-9.18812770655744,-9.18254400684237,-9.1766927155773,-9.17057266117384,-9.16418334325447,-9.15752694628549,-9.15060632594419,-9.14342433790782,-9.13598383785362,-9.12828768145889,-9.12033872440088,-9.11213982235682,-9.10369383100402,-9.09500360601972,-9.08607200308115,-9.07690187786564,-9.06749663744923,-9.05786189450329,-9.04800381309808,-9.03792855730378,-9.02764229119058,-9.01715117882874,-9.00646138428844,-8.99557907163986,-8.98451040495327,-8.97326154829885,-8.96183866574678,-8.95024792136732,-8.93849571446936,-8.92658938531659,-8.91453650941148,-8.90234466225643,-8.89002141935381,-8.87757435620612,-8.86501104831573,-8.85233907118504,-8.83956600031653,-8.82669941121257,-8.81374687937557,-8.800715980308,-8.78761401014696,-8.77444714756838,-8.76122129188302,-8.74794234240153,-8.73461619843454,-8.72124875929282,-8.70784592428701,-8.69441359272775,-8.6809576639258,-8.6674840371918,-8.65399861183642,-8.64050728717037
"32",-9.60103627000044,-9.59407607837707,-9.58703757675261,-9.57992385201899,-9.57273799106805,-9.56548308079164,-9.55816220808166,-9.55077845982997,-9.54333492292843,-9.53583468426893,-9.52828083074333,-9.52067644924348,-9.51302462666129,-9.50532874798761,-9.49759339060936,-9.4898234300125,-9.48202374168295,-9.47419920110662,-9.46635468376947,-9.45849506515743,-9.45062522075641,-9.44275002605236,-9.43487435653123,-9.4270030876789,-9.41914109498135,-9.41129337531797,-9.40346541114199,-9.39566280630017,-9.38789116463922,-9.38015609000584,-9.3724631862468,-9.36481805720879,-9.35722630673853,-9.34969353868278,-9.34222535688824,-9.3348273652016,-9.32750516746965,-9.32026427389616,-9.31310982011324,-9.30604684811011,-9.29908039987597,-9.2922155174,-9.28545724267143,-9.27881061767944,-9.27228068441323,-9.26587248486202,-9.259591061015,-9.25344145486135,-9.24742870839031,-9.24155756158002,-9.2358315463645,-9.23025389266675,-9.22482783040975,-9.21955658951648,-9.21444339990995,-9.20949149151312,-9.20470409424898,-9.20008443804054,-9.19563575281076,-9.19136126848263,-9.18726421497916,-9.18334736261904,-9.1796116433039,-9.17605752933111,-9.17268549299803,-9.169496006602,-9.16648954244039,-9.16366657281055,-9.16102757000984,-9.15857300633563,-9.15630335408526,-9.15421908555609,-9.15232067304548,-9.15060805858976,-9.14907906318107,-9.14773097755057,-9.14656109242939,-9.14556669854864,-9.14474508663947,-9.144093547433,-9.14360937166036,-9.14328985005269,-9.14313227334112,-9.14313393225678,-9.14329211753079,-9.14360362710048,-9.14406328772795,-9.14466543338148,-9.14540439802936,-9.14627451563988,-9.14727012018132,-9.14838554562197,-9.14961512593011,-9.15095319507403,-9.15239408702203,-9.15393213574238,-9.15556167520337,-9.15727669293939,-9.15906979074917,-9.16093322399757,-9.16285924804941,-9.16484011826955,-9.16686809002282,-9.16893541867405,-9.17103435958811,-9.17315716812981,-9.17529609966401,-9.17744340955555,-9.17959135316925,-9.18173207272235,-9.18385725784153,-9.18595848500585,-9.18802733069439,-9.19005537138622,-9.19203418356039,-9.19395534369597,-9.19581042827205,-9.19759101376766,-9.19928867666189,-9.20089499343381,-9.20240154056247,-9.20380005876231,-9.20508294568917,-9.20624276323427,-9.20727207328883,-9.20816343774404,-9.20890941849113,-9.20950257742131,-9.20993547642578,-9.21020067739576,-9.21029074222247,-9.21019823279711,-9.20991571101089,-9.20943616697878,-9.20875430371069,-9.20786525244031,-9.2067641444013,-9.20544611082733,-9.20390628295209,-9.20213979200923,-9.20014176923244,-9.19790734585538,-9.19543165311173,-9.19270982223515,-9.18973698445934,-9.18650888721426,-9.18302374271515,-9.17928037937359,-9.17527762560115,-9.17101430980935,-9.16648926040978,-9.16170130581401,-9.15664927443356,-9.15133199468002,-9.14574829496495,-9.13989700369989,-9.13377694929643,-9.12738763137706,-9.12073123440808,-9.11381061406678,-9.10662862603041,-9.09918812597621,-9.09149196958148,-9.08354301252347,-9.0753441104794,-9.0668981191266,-9.0582078941423,-9.04927629120374,-9.04010616598823,-9.03070092557182,-9.02106618262587,-9.01120810122067,-9.00113284542637,-8.99084657931317,-8.98035546695133,-8.96966567241103,-8.95878335976245,-8.94771469307586,-8.93646583642144,-8.92504295386937,-8.91345220948991,-8.90170000259195,-8.88979367343918,-8.87774079753407,-8.86554895037902,-8.8532257074764,-8.84077864432871,-8.82821533643832,-8.81554335930763,-8.80277028843912,-8.78990369933516,-8.77695116749816,-8.76392026843059,-8.75081829826954,-8.73765143569097,-8.72442558000561,-8.71114663052412,-8.69782048655713,-8.68445304741541,-8.6710502124096,-8.65761788085034,-8.64416195204839,-8.63068832531439,-8.617202899959,-8.60371157529296
"33",-9.56440763963058,-9.55744744800721,-9.55040894638276,-9.54329522164914,-9.53610936069819,-9.52885445042178,-9.5215335777118,-9.51414982946011,-9.50670629255857,-9.49920605389907,-9.49165220037347,-9.48404781887362,-9.47639599629143,-9.46870011761776,-9.4609647602395,-9.45319479964265,-9.4453951113131,-9.43757057073676,-9.42972605339962,-9.42186643478757,-9.41399659038655,-9.40612139568251,-9.39824572616137,-9.39037445730904,-9.3825124646115,-9.37466474494811,-9.36683678077213,-9.35903417593032,-9.35126253426936,-9.34352745963599,-9.33583455587694,-9.32818942683894,-9.32059767636868,-9.31306490831292,-9.30559672651838,-9.29819873483175,-9.2908765370998,-9.28363564352631,-9.27648118974338,-9.26941821774025,-9.26245176950611,-9.25558688703014,-9.24882861230157,-9.24218198730958,-9.23565205404337,-9.22924385449216,-9.22296243064514,-9.21681282449149,-9.21080007802045,-9.20492893121016,-9.19920291599464,-9.19362526229689,-9.1881992000399,-9.18292795914662,-9.17781476954009,-9.17286286114326,-9.16807546387912,-9.16345580767068,-9.1590071224409,-9.15473263811277,-9.1506355846093,-9.14671873224918,-9.14298301293404,-9.13942889896125,-9.13605686262817,-9.13286737623214,-9.12986091207053,-9.1270379424407,-9.12439893963998,-9.12194437596577,-9.1196747237154,-9.11759045518623,-9.11569204267562,-9.1139794282199,-9.11245043281122,-9.11110234718072,-9.10993246205953,-9.10893806817878,-9.10811645626961,-9.10746491706314,-9.10698074129051,-9.10666121968284,-9.10650364297126,-9.10650530188692,-9.10666348716093,-9.10697499673062,-9.10743465735809,-9.10803680301162,-9.1087757676595,-9.10964588527002,-9.11064148981146,-9.11175691525211,-9.11298649556025,-9.11432456470418,-9.11576545665217,-9.11730350537252,-9.11893304483351,-9.12064806256953,-9.12244116037932,-9.12430459362771,-9.12623061767955,-9.12821148789969,-9.13023945965296,-9.1323067883042,-9.13440572921825,-9.13652853775996,-9.13866746929415,-9.14081477918569,-9.1429627227994,-9.14510344235249,-9.14722862747167,-9.149329854636,-9.15139870032453,-9.15342674101636,-9.15540555319053,-9.15732671332612,-9.15918179790219,-9.1609623833978,-9.16266004629204,-9.16426636306395,-9.16577291019261,-9.16717142839245,-9.16845431531931,-9.16961413286442,-9.17064344291897,-9.17153480737419,-9.17228078812127,-9.17287394705145,-9.17330684605592,-9.17357204702591,-9.17366211185261,-9.17356960242725,-9.17328708064103,-9.17280753660892,-9.17212567334083,-9.17123662207045,-9.17013551403144,-9.16881748045748,-9.16727765258223,-9.16551116163938,-9.16351313886258,-9.16127871548552,-9.15880302274188,-9.1560811918653,-9.15310835408948,-9.1498802568444,-9.14639511234529,-9.14265174900374,-9.13864899523129,-9.13438567943949,-9.12986063003993,-9.12507267544415,-9.1200206440637,-9.11470336431017,-9.1091196645951,-9.10326837333003,-9.09714831892657,-9.0907590010072,-9.08410260403822,-9.07718198369692,-9.06999999566055,-9.06255949560635,-9.05486333921162,-9.04691438215361,-9.03871548010955,-9.03026948875675,-9.02157926377245,-9.01264766083388,-9.00347753561837,-8.99407229520196,-8.98443755225602,-8.97457947085081,-8.96450421505651,-8.95421794894331,-8.94372683658147,-8.93303704204117,-8.92215472939259,-8.911086062706,-8.89983720605158,-8.88841432349951,-8.87682357912005,-8.86507137222209,-8.85316504306932,-8.84111216716421,-8.82892032000916,-8.81659707710654,-8.80415001395885,-8.79158670606846,-8.77891472893777,-8.76614165806926,-8.7532750689653,-8.7403225371283,-8.72729163806073,-8.71418966789969,-8.70102280532111,-8.68779694963575,-8.67451800015426,-8.66119185618727,-8.64782441704555,-8.63442158203974,-8.62098925048048,-8.60753332167853,-8.59405969494454,-8.58057426958915,-8.5670829449231
"34",-9.52826878386117,-9.5213085922378,-9.51427009061335,-9.50715636587973,-9.49997050492878,-9.49271559465237,-9.48539472194239,-9.4780109736907,-9.47056743678916,-9.46306719812966,-9.45551334460406,-9.44790896310421,-9.44025714052202,-9.43256126184835,-9.4248259044701,-9.41705594387324,-9.40925625554369,-9.40143171496735,-9.39358719763021,-9.38572757901817,-9.37785773461714,-9.3699825399131,-9.36210687039196,-9.35423560153963,-9.34637360884209,-9.3385258891787,-9.33069792500272,-9.32289532016091,-9.31512367849996,-9.30738860386658,-9.29969570010753,-9.29205057106953,-9.28445882059927,-9.27692605254351,-9.26945787074897,-9.26205987906234,-9.25473768133039,-9.2474967877569,-9.24034233397397,-9.23327936197084,-9.2263129137367,-9.21944803126073,-9.21268975653216,-9.20604313154018,-9.19951319827396,-9.19310499872275,-9.18682357487573,-9.18067396872208,-9.17466122225104,-9.16879007544076,-9.16306406022523,-9.15748640652748,-9.15206034427049,-9.14678910337721,-9.14167591377068,-9.13672400537386,-9.13193660810972,-9.12731695190127,-9.1228682666715,-9.11859378234337,-9.11449672883989,-9.11057987647977,-9.10684415716463,-9.10329004319185,-9.09991800685876,-9.09672852046273,-9.09372205630112,-9.09089908667129,-9.08826008387058,-9.08580552019636,-9.08353586794599,-9.08145159941682,-9.07955318690622,-9.07784057245049,-9.07631157704181,-9.07496349141131,-9.07379360629012,-9.07279921240938,-9.0719776005002,-9.07132606129374,-9.0708418855211,-9.07052236391343,-9.07036478720186,-9.07036644611751,-9.07052463139152,-9.07083614096121,-9.07129580158868,-9.07189794724221,-9.0726369118901,-9.07350702950061,-9.07450263404205,-9.0756180594827,-9.07684763979085,-9.07818570893477,-9.07962660088276,-9.08116464960312,-9.08279418906411,-9.08450920680012,-9.08630230460991,-9.0881657378583,-9.09009176191014,-9.09207263213028,-9.09410060388355,-9.09616793253479,-9.09826687344884,-9.10038968199055,-9.10252861352474,-9.10467592341628,-9.10682386702999,-9.10896458658308,-9.11108977170226,-9.11319099886659,-9.11525984455513,-9.11728788524695,-9.11926669742112,-9.12118785755671,-9.12304294213278,-9.1248235276284,-9.12652119052263,-9.12812750729454,-9.1296340544232,-9.13103257262304,-9.13231545954991,-9.13347527709501,-9.13450458714956,-9.13539595160478,-9.13614193235187,-9.13673509128204,-9.13716799028651,-9.1374331912565,-9.1375232560832,-9.13743074665784,-9.13714822487163,-9.13666868083951,-9.13598681757142,-9.13509776630104,-9.13399665826203,-9.13267862468807,-9.13113879681282,-9.12937230586997,-9.12737428309317,-9.12513985971611,-9.12266416697247,-9.11994233609589,-9.11696949832007,-9.11374140107499,-9.11025625657588,-9.10651289323433,-9.10251013946188,-9.09824682367008,-9.09372177427052,-9.08893381967474,-9.08388178829429,-9.07856450854076,-9.07298080882569,-9.06712951756063,-9.06100946315716,-9.05462014523779,-9.04796374826881,-9.04104312792751,-9.03386113989114,-9.02642063983694,-9.01872448344221,-9.0107755263842,-9.00257662434014,-8.99413063298734,-8.98544040800304,-8.97650880506447,-8.96733867984896,-8.95793343943255,-8.94829869648661,-8.9384406150814,-8.9283653592871,-8.9180790931739,-8.90758798081206,-8.89689818627176,-8.88601587362318,-8.87494720693659,-8.86369835028217,-8.8522754677301,-8.84068472335064,-8.82893251645269,-8.81702618729991,-8.8049733113948,-8.79278146423975,-8.78045822133713,-8.76801115818944,-8.75544785029906,-8.74277587316836,-8.73000280229985,-8.7171362131959,-8.70418368135889,-8.69115278229132,-8.67805081213028,-8.6648839495517,-8.65165809386635,-8.63837914438485,-8.62505300041786,-8.61168556127614,-8.59828272627033,-8.58485039471107,-8.57139446590913,-8.55792083917513,-8.54443541381974,-8.5309440891537
"35",-9.49298559993479,-9.48602540831142,-9.47898690668697,-9.47187318195335,-9.4646873210024,-9.45743241072599,-9.45011153801601,-9.44272778976432,-9.43528425286278,-9.42778401420328,-9.42023016067768,-9.41262577917783,-9.40497395659564,-9.39727807792197,-9.38954272054371,-9.38177275994686,-9.3739730716173,-9.36614853104097,-9.35830401370383,-9.35044439509178,-9.34257455069076,-9.33469935598672,-9.32682368646558,-9.31895241761325,-9.31109042491571,-9.30324270525232,-9.29541474107634,-9.28761213623453,-9.27984049457358,-9.2721054199402,-9.26441251618115,-9.25676738714315,-9.24917563667289,-9.24164286861713,-9.23417468682259,-9.22677669513596,-9.21945449740401,-9.21221360383052,-9.20505915004759,-9.19799617804446,-9.19102972981032,-9.18416484733435,-9.17740657260578,-9.17075994761379,-9.16423001434758,-9.15782181479637,-9.15154039094935,-9.1453907847957,-9.13937803832466,-9.13350689151437,-9.12778087629885,-9.1222032226011,-9.1167771603441,-9.11150591945083,-9.1063927298443,-9.10144082144747,-9.09665342418333,-9.09203376797489,-9.08758508274511,-9.08331059841698,-9.07921354491351,-9.07529669255339,-9.07156097323825,-9.06800685926546,-9.06463482293238,-9.06144533653635,-9.05843887237474,-9.05561590274491,-9.0529768999442,-9.05052233626998,-9.04825268401961,-9.04616841549044,-9.04427000297983,-9.04255738852411,-9.04102839311543,-9.03968030748493,-9.03851042236374,-9.03751602848299,-9.03669441657382,-9.03604287736735,-9.03555870159472,-9.03523917998705,-9.03508160327547,-9.03508326219113,-9.03524144746514,-9.03555295703483,-9.0360126176623,-9.03661476331583,-9.03735372796371,-9.03822384557423,-9.03921945011567,-9.04033487555632,-9.04156445586446,-9.04290252500839,-9.04434341695638,-9.04588146567673,-9.04751100513772,-9.04922602287374,-9.05101912068353,-9.05288255393192,-9.05480857798376,-9.0567894482039,-9.05881741995717,-9.0608847486084,-9.06298368952246,-9.06510649806417,-9.06724542959836,-9.0693927394899,-9.07154068310361,-9.0736814026567,-9.07580658777588,-9.07790781494021,-9.07997666062874,-9.08200470132057,-9.08398351349474,-9.08590467363033,-9.0877597582064,-9.08954034370202,-9.09123800659625,-9.09284432336816,-9.09435087049682,-9.09574938869666,-9.09703227562352,-9.09819209316863,-9.09922140322318,-9.1001127676784,-9.10085874842548,-9.10145190735566,-9.10188480636013,-9.10215000733012,-9.10224007215682,-9.10214756273146,-9.10186504094524,-9.10138549691313,-9.10070363364504,-9.09981458237466,-9.09871347433565,-9.09739544076169,-9.09585561288644,-9.09408912194359,-9.09209109916679,-9.08985667578973,-9.08738098304609,-9.08465915216951,-9.08168631439369,-9.07845821714861,-9.0749730726495,-9.07122970930795,-9.0672269555355,-9.0629636397437,-9.05843859034414,-9.05365063574836,-9.04859860436791,-9.04328132461438,-9.03769762489931,-9.03184633363424,-9.02572627923078,-9.01933696131141,-9.01268056434243,-9.00575994400113,-8.99857795596476,-8.99113745591056,-8.98344129951583,-8.97549234245782,-8.96729344041376,-8.95884744906096,-8.95015722407666,-8.94122562113809,-8.93205549592258,-8.92265025550617,-8.91301551256023,-8.90315743115502,-8.89308217536072,-8.88279590924752,-8.87230479688568,-8.86161500234538,-8.8507326896968,-8.83966402301021,-8.82841516635579,-8.81699228380372,-8.80540153942426,-8.7936493325263,-8.78174300337353,-8.76969012746842,-8.75749828031337,-8.74517503741075,-8.73272797426306,-8.72016466637267,-8.70749268924198,-8.69471961837347,-8.68185302926951,-8.66890049743251,-8.65586959836494,-8.6427676282039,-8.62960076562532,-8.61637490993996,-8.60309596045847,-8.58976981649148,-8.57640237734976,-8.56299954234395,-8.54956721078469,-8.53611128198274,-8.52263765524875,-8.50915222989336,-8.49566090522731
"36",-9.45892398509401,-9.45196379347064,-9.44492529184618,-9.43781156711256,-9.43062570616162,-9.4233707958852,-9.41604992317523,-9.40866617492354,-9.401222638022,-9.3937223993625,-9.3861685458369,-9.37856416433705,-9.37091234175486,-9.36321646308118,-9.35548110570293,-9.34771114510607,-9.33991145677652,-9.33208691620019,-9.32424239886304,-9.316382780251,-9.30851293584998,-9.30063774114593,-9.2927620716248,-9.28489080277247,-9.27702881007492,-9.26918109041154,-9.26135312623556,-9.25355052139374,-9.24577887973279,-9.23804380509941,-9.23035090134037,-9.22270577230236,-9.2151140218321,-9.20758125377635,-9.2001130719818,-9.19271508029517,-9.18539288256322,-9.17815198898973,-9.17099753520681,-9.16393456320368,-9.15696811496954,-9.15010323249357,-9.143344957765,-9.13669833277301,-9.1301683995068,-9.12376019995559,-9.11747877610857,-9.11132916995492,-9.10531642348388,-9.09944527667359,-9.09371926145807,-9.08814160776032,-9.08271554550332,-9.07744430461005,-9.07233111500352,-9.06737920660669,-9.06259180934255,-9.05797215313411,-9.05352346790433,-9.0492489835762,-9.04515193007273,-9.04123507771261,-9.03749935839747,-9.03394524442468,-9.0305732080916,-9.02738372169557,-9.02437725753396,-9.02155428790412,-9.01891528510341,-9.0164607214292,-9.01419106917883,-9.01210680064966,-9.01020838813905,-9.00849577368333,-9.00696677827464,-9.00561869264414,-9.00444880752296,-9.00345441364221,-9.00263280173304,-9.00198126252657,-9.00149708675393,-9.00117756514626,-9.00101998843469,-9.00102164735035,-9.00117983262436,-9.00149134219405,-9.00195100282152,-9.00255314847505,-9.00329211312293,-9.00416223073345,-9.00515783527489,-9.00627326071554,-9.00750284102368,-9.0088409101676,-9.0102818021156,-9.01181985083595,-9.01344939029694,-9.01516440803296,-9.01695750584274,-9.01882093909114,-9.02074696314298,-9.02272783336312,-9.02475580511639,-9.02682313376762,-9.02892207468168,-9.03104488322338,-9.03318381475758,-9.03533112464912,-9.03747906826282,-9.03961978781592,-9.0417449729351,-9.04384620009942,-9.04591504578796,-9.04794308647979,-9.04992189865396,-9.05184305878954,-9.05369814336562,-9.05547872886123,-9.05717639175546,-9.05878270852738,-9.06028925565604,-9.06168777385588,-9.06297066078274,-9.06413047832784,-9.0651597883824,-9.06605115283761,-9.0667971335847,-9.06739029251488,-9.06782319151935,-9.06808839248933,-9.06817845731604,-9.06808594789068,-9.06780342610446,-9.06732388207235,-9.06664201880426,-9.06575296753388,-9.06465185949487,-9.0633338259209,-9.06179399804566,-9.0600275071028,-9.05802948432601,-9.05579506094895,-9.0533193682053,-9.05059753732872,-9.04762469955291,-9.04439660230783,-9.04091145780872,-9.03716809446716,-9.03316534069472,-9.02890202490292,-9.02437697550335,-9.01958902090758,-9.01453698952713,-9.0092197097736,-9.00363601005852,-8.99778471879346,-8.99166466439,-8.98527534647063,-8.97861894950165,-8.97169832916035,-8.96451634112398,-8.95707584106978,-8.94937968467505,-8.94143072761704,-8.93323182557297,-8.92478583422017,-8.91609560923587,-8.90716400629731,-8.8979938810818,-8.88858864066539,-8.87895389771944,-8.86909581631424,-8.85902056051994,-8.84873429440674,-8.8382431820449,-8.8275533875046,-8.81667107485602,-8.80560240816943,-8.79435355151501,-8.78293066896294,-8.77133992458348,-8.75958771768552,-8.74768138853275,-8.73562851262764,-8.72343666547259,-8.71111342256997,-8.69866635942228,-8.68610305153189,-8.6734310744012,-8.66065800353269,-8.64779141442873,-8.63483888259173,-8.62180798352416,-8.60870601336311,-8.59553915078454,-8.58231329509918,-8.56903434561769,-8.5557082016507,-8.54234076250898,-8.52893792750317,-8.51550559594391,-8.50204966714196,-8.48857604040796,-8.47509061505257,-8.46159929038653
"37",-9.4264498365814,-9.41948964495803,-9.41245114333358,-9.40533741859995,-9.39815155764901,-9.3908966473726,-9.38357577466262,-9.37619202641093,-9.36874848950939,-9.36124825084989,-9.35369439732429,-9.34609001582444,-9.33843819324225,-9.33074231456857,-9.32300695719032,-9.31523699659346,-9.30743730826391,-9.29961276768758,-9.29176825035043,-9.28390863173839,-9.27603878733737,-9.26816359263333,-9.26028792311219,-9.25241665425986,-9.24455466156232,-9.23670694189893,-9.22887897772295,-9.22107637288113,-9.21330473122018,-9.2055696565868,-9.19787675282776,-9.19023162378975,-9.1826398733195,-9.17510710526374,-9.1676389234692,-9.16024093178257,-9.15291873405062,-9.14567784047713,-9.1385233866942,-9.13146041469107,-9.12449396645693,-9.11762908398096,-9.11087080925239,-9.1042241842604,-9.09769425099419,-9.09128605144298,-9.08500462759596,-9.07885502144231,-9.07284227497127,-9.06697112816098,-9.06124511294546,-9.05566745924771,-9.05024139699071,-9.04497015609744,-9.03985696649091,-9.03490505809408,-9.03011766082994,-9.0254980046215,-9.02104931939172,-9.01677483506359,-9.01267778156012,-9.0087609292,-9.00502520988486,-9.00147109591207,-8.99809905957899,-8.99490957318296,-8.99190310902135,-8.98908013939151,-8.9864411365908,-8.98398657291659,-8.98171692066622,-8.97963265213705,-8.97773423962644,-8.97602162517072,-8.97449262976204,-8.97314454413154,-8.97197465901035,-8.9709802651296,-8.97015865322043,-8.96950711401396,-8.96902293824133,-8.96870341663366,-8.96854583992208,-8.96854749883774,-8.96870568411175,-8.96901719368144,-8.96947685430891,-8.97007899996244,-8.97081796461032,-8.97168808222084,-8.97268368676228,-8.97379911220293,-8.97502869251107,-8.976366761655,-8.97780765360299,-8.97934570232334,-8.98097524178433,-8.98269025952035,-8.98448335733013,-8.98634679057853,-8.98827281463037,-8.99025368485051,-8.99228165660378,-8.99434898525501,-8.99644792616907,-8.99857073471077,-9.00070966624497,-9.00285697613651,-9.00500491975022,-9.00714563930331,-9.00927082442249,-9.01137205158681,-9.01344089727535,-9.01546893796718,-9.01744775014135,-9.01936891027693,-9.02122399485301,-9.02300458034862,-9.02470224324285,-9.02630856001477,-9.02781510714343,-9.02921362534327,-9.03049651227013,-9.03165632981523,-9.03268563986979,-9.033577004325,-9.03432298507209,-9.03491614400227,-9.03534904300674,-9.03561424397673,-9.03570430880343,-9.03561179937807,-9.03532927759185,-9.03484973355974,-9.03416787029165,-9.03327881902127,-9.03217771098226,-9.03085967740829,-9.02931984953305,-9.0275533585902,-9.0255553358134,-9.02332091243634,-9.0208452196927,-9.01812338881611,-9.0151505510403,-9.01192245379522,-9.00843730929611,-9.00469394595456,-9.00069119218211,-8.99642787639031,-8.99190282699075,-8.98711487239497,-8.98206284101452,-8.97674556126099,-8.97116186154592,-8.96531057028085,-8.95919051587739,-8.95280119795802,-8.94614480098904,-8.93922418064774,-8.93204219261137,-8.92460169255717,-8.91690553616244,-8.90895657910443,-8.90075767706037,-8.89231168570756,-8.88362146072327,-8.8746898577847,-8.86551973256919,-8.85611449215278,-8.84647974920684,-8.83662166780163,-8.82654641200733,-8.81626014589413,-8.80576903353229,-8.79507923899199,-8.78419692634341,-8.77312825965682,-8.7618794030024,-8.75045652045033,-8.73886577607087,-8.72711356917291,-8.71520724002014,-8.70315436411503,-8.69096251695998,-8.67863927405736,-8.66619221090967,-8.65362890301928,-8.64095692588859,-8.62818385502008,-8.61531726591612,-8.60236473407912,-8.58933383501155,-8.57623186485051,-8.56306500227193,-8.54983914658657,-8.53656019710508,-8.52323405313809,-8.50986661399637,-8.49646377899056,-8.4830314474313,-8.46957551862935,-8.45610189189535,-8.44261646653997,-8.42912514187392
"38",-9.39593595524462,-9.38897576362125,-9.3819372619968,-9.37482353726318,-9.36763767631223,-9.36038276603582,-9.35306189332584,-9.34567814507415,-9.33823460817261,-9.33073436951311,-9.32318051598751,-9.31557613448766,-9.30792431190547,-9.3002284332318,-9.29249307585355,-9.28472311525669,-9.27692342692714,-9.2690988863508,-9.26125436901366,-9.25339475040162,-9.24552490600059,-9.23764971129655,-9.22977404177541,-9.22190277292308,-9.21404078022554,-9.20619306056216,-9.19836509638617,-9.19056249154436,-9.18279084988341,-9.17505577525003,-9.16736287149098,-9.15971774245298,-9.15212599198272,-9.14459322392696,-9.13712504213242,-9.12972705044579,-9.12240485271384,-9.11516395914035,-9.10800950535742,-9.1009465333543,-9.09398008512015,-9.08711520264418,-9.08035692791561,-9.07371030292363,-9.06718036965741,-9.0607721701062,-9.05449074625918,-9.04834114010553,-9.04232839363449,-9.03645724682421,-9.03073123160868,-9.02515357791093,-9.01972751565394,-9.01445627476066,-9.00934308515413,-9.00439117675731,-8.99960377949317,-8.99498412328472,-8.99053543805495,-8.98626095372682,-8.98216390022334,-8.97824704786322,-8.97451132854808,-8.9709572145753,-8.96758517824221,-8.96439569184618,-8.96138922768457,-8.95856625805474,-8.95592725525403,-8.95347269157981,-8.95120303932944,-8.94911877080027,-8.94722035828967,-8.94550774383394,-8.94397874842526,-8.94263066279476,-8.94146077767357,-8.94046638379283,-8.93964477188365,-8.93899323267719,-8.93850905690455,-8.93818953529688,-8.93803195858531,-8.93803361750096,-8.93819180277497,-8.93850331234466,-8.93896297297213,-8.93956511862566,-8.94030408327355,-8.94117420088406,-8.9421698054255,-8.94328523086615,-8.9445148111743,-8.94585288031822,-8.94729377226621,-8.94883182098657,-8.95046136044756,-8.95217637818357,-8.95396947599336,-8.95583290924175,-8.95775893329359,-8.95973980351373,-8.961767775267,-8.96383510391824,-8.9659340448323,-8.968056853374,-8.97019578490819,-8.97234309479973,-8.97449103841344,-8.97663175796654,-8.97875694308572,-8.98085817025004,-8.98292701593858,-8.9849550566304,-8.98693386880457,-8.98885502894016,-8.99071011351623,-8.99249069901185,-8.99418836190608,-8.99579467867799,-8.99730122580666,-8.99869974400649,-8.99998263093336,-9.00114244847846,-9.00217175853301,-9.00306312298823,-9.00380910373532,-9.00440226266549,-9.00483516166996,-9.00510036263995,-9.00519042746665,-9.00509791804129,-9.00481539625508,-9.00433585222296,-9.00365398895487,-9.00276493768449,-9.00166382964548,-9.00034579607152,-8.99880596819627,-8.99703947725342,-8.99504145447662,-8.99280703109956,-8.99033133835592,-8.98760950747934,-8.98463666970352,-8.98140857245844,-8.97792342795933,-8.97418006461778,-8.97017731084533,-8.96591399505354,-8.96138894565397,-8.95660099105819,-8.95154895967774,-8.94623167992421,-8.94064798020914,-8.93479668894408,-8.92867663454061,-8.92228731662124,-8.91563091965226,-8.90871029931096,-8.90152831127459,-8.89408781122039,-8.88639165482566,-8.87844269776765,-8.87024379572359,-8.86179780437079,-8.85310757938649,-8.84417597644792,-8.83500585123241,-8.825600610816,-8.81596586787006,-8.80610778646485,-8.79603253067055,-8.78574626455735,-8.77525515219551,-8.76456535765521,-8.75368304500663,-8.74261437832004,-8.73136552166562,-8.71994263911355,-8.70835189473409,-8.69659968783614,-8.68469335868336,-8.67264048277825,-8.6604486356232,-8.64812539272058,-8.63567832957289,-8.62311502168251,-8.61044304455181,-8.5976699736833,-8.58480338457935,-8.57185085274234,-8.55881995367477,-8.54571798351373,-8.53255112093515,-8.5193252652498,-8.5060463157683,-8.49272017180131,-8.47935273265959,-8.46594989765378,-8.45251756609452,-8.43906163729258,-8.42558801055858,-8.41210258520319,-8.39861126053715
"39",-9.36778275635167,-9.3608225647283,-9.35378406310385,-9.34667033837023,-9.33948447741928,-9.33222956714287,-9.32490869443289,-9.3175249461812,-9.31008140927966,-9.30258117062016,-9.29502731709456,-9.28742293559471,-9.27977111301252,-9.27207523433885,-9.2643398769606,-9.25656991636374,-9.24877022803419,-9.24094568745785,-9.23310117012071,-9.22524155150867,-9.21737170710764,-9.2094965124036,-9.20162084288246,-9.19374957403013,-9.18588758133259,-9.1780398616692,-9.17021189749322,-9.16240929265141,-9.15463765099046,-9.14690257635708,-9.13920967259803,-9.13156454356003,-9.12397279308977,-9.11644002503401,-9.10897184323947,-9.10157385155284,-9.09425165382089,-9.0870107602474,-9.07985630646447,-9.07279333446134,-9.0658268862272,-9.05896200375123,-9.05220372902266,-9.04555710403068,-9.03902717076446,-9.03261897121325,-9.02633754736623,-9.02018794121258,-9.01417519474154,-9.00830404793126,-9.00257803271573,-8.99700037901798,-8.99157431676099,-8.98630307586772,-8.98118988626118,-8.97623797786436,-8.97145058060022,-8.96683092439177,-8.962382239162,-8.95810775483387,-8.95401070133039,-8.95009384897027,-8.94635812965513,-8.94280401568235,-8.93943197934926,-8.93624249295323,-8.93323602879162,-8.93041305916179,-8.92777405636108,-8.92531949268686,-8.9230498404365,-8.92096557190732,-8.91906715939672,-8.91735454494099,-8.91582554953231,-8.91447746390181,-8.91330757878062,-8.91231318489988,-8.9114915729907,-8.91084003378424,-8.9103558580116,-8.91003633640393,-8.90987875969236,-8.90988041860801,-8.91003860388202,-8.91035011345171,-8.91080977407918,-8.91141191973271,-8.9121508843806,-8.91302100199111,-8.91401660653255,-8.9151320319732,-8.91636161228135,-8.91769968142527,-8.91914057337326,-8.92067862209362,-8.92230816155461,-8.92402317929062,-8.92581627710041,-8.9276797103488,-8.92960573440064,-8.93158660462078,-8.93361457637405,-8.93568190502529,-8.93778084593935,-8.93990365448105,-8.94204258601524,-8.94418989590678,-8.94633783952049,-8.94847855907359,-8.95060374419277,-8.95270497135709,-8.95477381704563,-8.95680185773745,-8.95878066991162,-8.96070183004721,-8.96255691462328,-8.9643375001189,-8.96603516301313,-8.96764147978504,-8.9691480269137,-8.97054654511354,-8.97182943204041,-8.97298924958551,-8.97401855964006,-8.97490992409528,-8.97565590484237,-8.97624906377254,-8.97668196277701,-8.976947163747,-8.9770372285737,-8.97694471914834,-8.97666219736213,-8.97618265333001,-8.97550079006192,-8.97461173879154,-8.97351063075253,-8.97219259717857,-8.97065276930332,-8.96888627836047,-8.96688825558367,-8.96465383220661,-8.96217813946297,-8.95945630858639,-8.95648347081057,-8.95325537356549,-8.94977022906638,-8.94602686572483,-8.94202411195238,-8.93776079616059,-8.93323574676102,-8.92844779216524,-8.92339576078479,-8.91807848103126,-8.91249478131619,-8.90664349005113,-8.90052343564766,-8.89413411772829,-8.88747772075931,-8.88055710041801,-8.87337511238164,-8.86593461232744,-8.85823845593271,-8.8502894988747,-8.84209059683064,-8.83364460547784,-8.82495438049354,-8.81602277755497,-8.80685265233946,-8.79744741192305,-8.78781266897711,-8.7779545875719,-8.7678793317776,-8.7575930656644,-8.74710195330256,-8.73641215876227,-8.72552984611368,-8.71446117942709,-8.70321232277267,-8.6917894402206,-8.68019869584114,-8.66844648894319,-8.65654015979041,-8.6444872838853,-8.63229543673025,-8.61997219382763,-8.60752513067994,-8.59496182278956,-8.58228984565886,-8.56951677479035,-8.5566501856864,-8.54369765384939,-8.53066675478182,-8.51756478462078,-8.5043979220422,-8.49117206635685,-8.47789311687535,-8.46456697290836,-8.45119953376664,-8.43779669876083,-8.42436436720157,-8.41090843839963,-8.39743481166563,-8.38394938631024,-8.3704580616442
"40",-9.34239755877563,-9.33543736715226,-9.32839886552781,-9.32128514079418,-9.31409927984324,-9.30684436956683,-9.29952349685685,-9.29213974860516,-9.28469621170362,-9.27719597304412,-9.26964211951852,-9.26203773801867,-9.25438591543648,-9.2466900367628,-9.23895467938455,-9.2311847187877,-9.22338503045814,-9.21556048988181,-9.20771597254467,-9.19985635393262,-9.1919865095316,-9.18411131482756,-9.17623564530642,-9.16836437645409,-9.16050238375655,-9.15265466409316,-9.14482669991718,-9.13702409507536,-9.12925245341441,-9.12151737878104,-9.11382447502199,-9.10617934598399,-9.09858759551373,-9.09105482745797,-9.08358664566343,-9.0761886539768,-9.06886645624485,-9.06162556267136,-9.05447110888843,-9.0474081368853,-9.04044168865116,-9.03357680617519,-9.02681853144662,-9.02017190645463,-9.01364197318842,-9.00723377363721,-9.00095234979019,-8.99480274363654,-8.9887899971655,-8.98291885035521,-8.97719283513969,-8.97161518144194,-8.96618911918494,-8.96091787829167,-8.95580468868514,-8.95085278028831,-8.94606538302417,-8.94144572681573,-8.93699704158595,-8.93272255725782,-8.92862550375435,-8.92470865139423,-8.92097293207909,-8.9174188181063,-8.91404678177322,-8.91085729537719,-8.90785083121558,-8.90502786158575,-8.90238885878503,-8.89993429511082,-8.89766464286045,-8.89558037433128,-8.89368196182067,-8.89196934736495,-8.89044035195627,-8.88909226632577,-8.88792238120458,-8.88692798732383,-8.88610637541466,-8.88545483620819,-8.88497066043556,-8.88465113882789,-8.88449356211631,-8.88449522103197,-8.88465340630598,-8.88496491587567,-8.88542457650314,-8.88602672215667,-8.88676568680455,-8.88763580441507,-8.88863140895651,-8.88974683439716,-8.8909764147053,-8.89231448384923,-8.89375537579722,-8.89529342451757,-8.89692296397856,-8.89863798171458,-8.90043107952437,-8.90229451277276,-8.9042205368246,-8.90620140704474,-8.90822937879801,-8.91029670744924,-8.9123956483633,-8.914518456905,-8.9166573884392,-8.91880469833074,-8.92095264194445,-8.92309336149754,-8.92521854661672,-8.92731977378105,-8.92938861946958,-8.93141666016141,-8.93339547233558,-8.93531663247117,-8.93717171704724,-8.93895230254286,-8.94064996543709,-8.942256282209,-8.94376282933766,-8.9451613475375,-8.94644423446436,-8.94760405200947,-8.94863336206402,-8.94952472651924,-8.95027070726632,-8.9508638661965,-8.95129676520097,-8.95156196617096,-8.95165203099766,-8.9515595215723,-8.95127699978608,-8.95079745575397,-8.95011559248588,-8.9492265412155,-8.94812543317649,-8.94680739960253,-8.94526757172728,-8.94350108078443,-8.94150305800763,-8.93926863463057,-8.93679294188693,-8.93407111101035,-8.93109827323453,-8.92787017598945,-8.92438503149034,-8.92064166814879,-8.91663891437634,-8.91237559858454,-8.90785054918498,-8.9030625945892,-8.89801056320875,-8.89269328345522,-8.88710958374015,-8.88125829247508,-8.87513823807162,-8.86874892015225,-8.86209252318327,-8.85517190284197,-8.8479899148056,-8.8405494147514,-8.83285325835667,-8.82490430129866,-8.8167053992546,-8.8082594079018,-8.7995691829175,-8.79063757997893,-8.78146745476342,-8.77206221434701,-8.76242747140107,-8.75256938999586,-8.74249413420156,-8.73220786808836,-8.72171675572652,-8.71102696118622,-8.70014464853764,-8.68907598185105,-8.67782712519663,-8.66640424264456,-8.6548134982651,-8.64306129136714,-8.63115496221437,-8.61910208630926,-8.60691023915421,-8.59458699625159,-8.5821399331039,-8.56957662521351,-8.55690464808282,-8.54413157721431,-8.53126498811035,-8.51831245627335,-8.50528155720578,-8.49217958704474,-8.47901272446616,-8.4657868687808,-8.45250791929931,-8.43918177533232,-8.4258143361906,-8.41241150118479,-8.39897916962553,-8.38552324082358,-8.37204961408959,-8.3585641887342,-8.34507286406815
"41",-9.32018768138958,-9.3132274897662,-9.30618898814175,-9.29907526340813,-9.29188940245719,-9.28463449218077,-9.2773136194708,-9.26992987121911,-9.26248633431756,-9.25498609565806,-9.24743224213247,-9.23982786063262,-9.23217603805042,-9.22448015937675,-9.2167448019985,-9.20897484140164,-9.20117515307209,-9.19335061249575,-9.18550609515861,-9.17764647654657,-9.16977663214555,-9.1619014374415,-9.15402576792037,-9.14615449906804,-9.13829250637049,-9.13044478670711,-9.12261682253113,-9.11481421768931,-9.10704257602836,-9.09930750139498,-9.09161459763594,-9.08396946859793,-9.07637771812767,-9.06884495007192,-9.06137676827737,-9.05397877659074,-9.04665657885879,-9.0394156852853,-9.03226123150237,-9.02519825949925,-9.01823181126511,-9.01136692878914,-9.00460865406056,-8.99796202906858,-8.99143209580236,-8.98502389625116,-8.97874247240413,-8.97259286625049,-8.96658011977945,-8.96070897296916,-8.95498295775363,-8.94940530405589,-8.94397924179889,-8.93870800090562,-8.93359481129908,-8.92864290290226,-8.92385550563812,-8.91923584942967,-8.9147871641999,-8.91051267987177,-8.9064156263683,-8.90249877400818,-8.89876305469304,-8.89520894072025,-8.89183690438717,-8.88864741799113,-8.88564095382953,-8.88281798419969,-8.88017898139898,-8.87772441772477,-8.8754547654744,-8.87337049694522,-8.87147208443462,-8.86975946997889,-8.86823047457021,-8.86688238893971,-8.86571250381853,-8.86471810993778,-8.86389649802861,-8.86324495882214,-8.8627607830495,-8.86244126144183,-8.86228368473026,-8.86228534364591,-8.86244352891992,-8.86275503848962,-8.86321469911709,-8.86381684477062,-8.8645558094185,-8.86542592702902,-8.86642153157046,-8.8675369570111,-8.86876653731925,-8.87010460646317,-8.87154549841117,-8.87308354713152,-8.87471308659251,-8.87642810432852,-8.87822120213831,-8.8800846353867,-8.88201065943855,-8.88399152965869,-8.88601950141195,-8.88808683006319,-8.89018577097725,-8.89230857951895,-8.89444751105315,-8.89659482094469,-8.89874276455839,-8.90088348411149,-8.90300866923067,-8.90510989639499,-8.90717874208353,-8.90920678277536,-8.91118559494953,-8.91310675508511,-8.91496183966119,-8.9167424251568,-8.91844008805103,-8.92004640482295,-8.92155295195161,-8.92295147015145,-8.92423435707831,-8.92539417462341,-8.92642348467796,-8.92731484913318,-8.92806082988027,-8.92865398881044,-8.92908688781492,-8.9293520887849,-8.92944215361161,-8.92934964418624,-8.92906712240003,-8.92858757836792,-8.92790571509983,-8.92701666382945,-8.92591555579044,-8.92459752221647,-8.92305769434122,-8.92129120339837,-8.91929318062158,-8.91705875724452,-8.91458306450087,-8.91186123362429,-8.90888839584848,-8.9056602986034,-8.90217515410429,-8.89843179076273,-8.89442903699029,-8.89016572119849,-8.88564067179892,-8.88085271720315,-8.8758006858227,-8.87048340606916,-8.86489970635409,-8.85904841508903,-8.85292836068557,-8.8465390427662,-8.83988264579721,-8.83296202545591,-8.82578003741954,-8.81833953736535,-8.81064338097062,-8.8026944239126,-8.79449552186854,-8.78604953051574,-8.77735930553144,-8.76842770259288,-8.75925757737736,-8.74985233696095,-8.74021759401501,-8.73035951260981,-8.72028425681551,-8.70999799070231,-8.69950687834047,-8.68881708380017,-8.67793477115159,-8.666866104465,-8.65561724781058,-8.6441943652585,-8.63260362087905,-8.62085141398109,-8.60894508482832,-8.59689220892321,-8.58470036176816,-8.57237711886554,-8.55993005571784,-8.54736674782746,-8.53469477069677,-8.52192169982825,-8.5090551107243,-8.49610257888729,-8.48307167981972,-8.46996970965868,-8.4568028470801,-8.44357699139475,-8.43029804191325,-8.41697189794627,-8.40360445880455,-8.39020162379874,-8.37676929223948,-8.36331336343753,-8.34983973670353,-8.33635431134814,-8.3228629866821
"42",-9.3015604430666,-9.29460025144322,-9.28756174981877,-9.28044802508515,-9.2732621641342,-9.26600725385779,-9.25868638114781,-9.25130263289613,-9.24385909599458,-9.23635885733508,-9.22880500380948,-9.22120062230963,-9.21354879972744,-9.20585292105377,-9.19811756367552,-9.19034760307866,-9.18254791474911,-9.17472337417277,-9.16687885683563,-9.15901923822359,-9.15114939382256,-9.14327419911852,-9.13539852959738,-9.12752726074505,-9.11966526804751,-9.11181754838413,-9.10398958420814,-9.09618697936633,-9.08841533770538,-9.080680263072,-9.07298735931295,-9.06534223027495,-9.05775047980469,-9.05021771174893,-9.04274952995439,-9.03535153826776,-9.02802934053581,-9.02078844696232,-9.01363399317939,-9.00657102117627,-8.99960457294212,-8.99273969046615,-8.98598141573758,-8.9793347907456,-8.97280485747938,-8.96639665792817,-8.96011523408115,-8.9539656279275,-8.94795288145646,-8.94208173464618,-8.93635571943065,-8.9307780657329,-8.92535200347591,-8.92008076258264,-8.9149675729761,-8.91001566457928,-8.90522826731514,-8.90060861110669,-8.89615992587692,-8.89188544154879,-8.88778838804531,-8.8838715356852,-8.88013581637006,-8.87658170239727,-8.87320966606418,-8.87002017966815,-8.86701371550654,-8.86419074587671,-8.861551743076,-8.85909717940178,-8.85682752715141,-8.85474325862224,-8.85284484611164,-8.85113223165591,-8.84960323624723,-8.84825515061673,-8.84708526549555,-8.8460908716148,-8.84526925970562,-8.84461772049916,-8.84413354472652,-8.84381402311885,-8.84365644640728,-8.84365810532293,-8.84381629059694,-8.84412780016664,-8.8445874607941,-8.84518960644763,-8.84592857109552,-8.84679868870603,-8.84779429324747,-8.84890971868812,-8.85013929899627,-8.85147736814019,-8.85291826008818,-8.85445630880854,-8.85608584826953,-8.85780086600554,-8.85959396381533,-8.86145739706372,-8.86338342111556,-8.8653642913357,-8.86739226308897,-8.86945959174021,-8.87155853265427,-8.87368134119597,-8.87582027273016,-8.8779675826217,-8.88011552623541,-8.88225624578851,-8.88438143090769,-8.88648265807201,-8.88855150376055,-8.89057954445238,-8.89255835662654,-8.89447951676213,-8.8963346013382,-8.89811518683382,-8.89981284972805,-8.90141916649996,-8.90292571362863,-8.90432423182846,-8.90560711875533,-8.90676693630043,-8.90779624635498,-8.9086876108102,-8.90943359155729,-8.91002675048746,-8.91045964949194,-8.91072485046192,-8.91081491528862,-8.91072240586326,-8.91043988407705,-8.90996034004493,-8.90927847677684,-8.90838942550646,-8.90728831746745,-8.90597028389349,-8.90443045601824,-8.90266396507539,-8.90066594229859,-8.89843151892154,-8.89595582617789,-8.89323399530131,-8.89026115752549,-8.88703306028041,-8.8835479157813,-8.87980455243975,-8.8758017986673,-8.87153848287551,-8.86701343347594,-8.86222547888016,-8.85717344749971,-8.85185616774618,-8.84627246803111,-8.84042117676605,-8.83430112236258,-8.82791180444321,-8.82125540747423,-8.81433478713293,-8.80715279909656,-8.79971229904236,-8.79201614264763,-8.78406718558962,-8.77586828354556,-8.76742229219276,-8.75873206720846,-8.74980046426989,-8.74063033905438,-8.73122509863797,-8.72159035569203,-8.71173227428682,-8.70165701849253,-8.69137075237932,-8.68087964001749,-8.67018984547719,-8.6593075328286,-8.64823886614201,-8.63699000948759,-8.62556712693552,-8.61397638255606,-8.60222417565811,-8.59031784650533,-8.57826497060022,-8.56607312344517,-8.55374988054255,-8.54130281739486,-8.52873950950448,-8.51606753237378,-8.50329446150527,-8.49042787240132,-8.47747534056431,-8.46444444149674,-8.4513424713357,-8.43817560875712,-8.42494975307177,-8.41167080359027,-8.39834465962328,-8.38497722048156,-8.37157438547575,-8.35814205391649,-8.34468612511455,-8.33121249838055,-8.31772707302516,-8.30423574835912
"43",-9.28687301617752,-9.27991282455415,-9.2728743229297,-9.26576059819608,-9.25857473724513,-9.25131982696872,-9.24399895425874,-9.23661520600705,-9.22917166910551,-9.22167143044601,-9.21411757692041,-9.20651319542056,-9.19886137283837,-9.1911654941647,-9.18343013678644,-9.17566017618959,-9.16786048786004,-9.1600359472837,-9.15219142994656,-9.14433181133452,-9.13646196693349,-9.12858677222945,-9.12071110270831,-9.11283983385598,-9.10497784115844,-9.09713012149505,-9.08930215731907,-9.08149955247726,-9.07372791081631,-9.06599283618293,-9.05829993242388,-9.05065480338588,-9.04306305291562,-9.03553028485986,-9.02806210306532,-9.02066411137869,-9.01334191364674,-9.00610102007325,-8.99894656629032,-8.99188359428719,-8.98491714605305,-8.97805226357708,-8.97129398884851,-8.96464736385652,-8.95811743059031,-8.9517092310391,-8.94542780719208,-8.93927820103843,-8.93326545456739,-8.9273943077571,-8.92166829254158,-8.91609063884383,-8.91066457658684,-8.90539333569356,-8.90028014608703,-8.8953282376902,-8.89054084042606,-8.88592118421762,-8.88147249898785,-8.87719801465972,-8.87310096115624,-8.86918410879612,-8.86544838948098,-8.8618942755082,-8.85852223917511,-8.85533275277908,-8.85232628861747,-8.84950331898764,-8.84686431618693,-8.84440975251271,-8.84214010026234,-8.84005583173317,-8.83815741922256,-8.83644480476684,-8.83491580935816,-8.83356772372766,-8.83239783860647,-8.83140344472572,-8.83058183281655,-8.82993029361008,-8.82944611783745,-8.82912659622978,-8.8289690195182,-8.82897067843386,-8.82912886370787,-8.82944037327756,-8.82990003390503,-8.83050217955856,-8.83124114420644,-8.83211126181696,-8.8331068663584,-8.83422229179905,-8.8354518721072,-8.83678994125112,-8.83823083319911,-8.83976888191946,-8.84139842138046,-8.84311343911647,-8.84490653692626,-8.84676997017465,-8.84869599422649,-8.85067686444663,-8.8527048361999,-8.85477216485114,-8.85687110576519,-8.8589939143069,-8.86113284584109,-8.86328015573263,-8.86542809934634,-8.86756881889943,-8.86969400401861,-8.87179523118294,-8.87386407687148,-8.8758921175633,-8.87787092973747,-8.87979208987306,-8.88164717444913,-8.88342775994475,-8.88512542283898,-8.88673173961089,-8.88823828673955,-8.88963680493939,-8.89091969186626,-8.89207950941136,-8.89310881946591,-8.89400018392113,-8.89474616466821,-8.89533932359839,-8.89577222260286,-8.89603742357285,-8.89612748839955,-8.89603497897419,-8.89575245718797,-8.89527291315586,-8.89459104988777,-8.89370199861739,-8.89260089057838,-8.89128285700442,-8.88974302912917,-8.88797653818632,-8.88597851540952,-8.88374409203246,-8.88126839928882,-8.87854656841224,-8.87557373063642,-8.87234563339134,-8.86886048889223,-8.86511712555068,-8.86111437177823,-8.85685105598643,-8.85232600658687,-8.84753805199109,-8.84248602061064,-8.83716874085711,-8.83158504114204,-8.82573374987697,-8.81961369547351,-8.81322437755414,-8.80656798058516,-8.79964736024386,-8.79246537220749,-8.78502487215329,-8.77732871575856,-8.76937975870055,-8.76118085665649,-8.75273486530369,-8.74404464031939,-8.73511303738082,-8.72594291216531,-8.7165376717489,-8.70690292880296,-8.69704484739775,-8.68696959160345,-8.67668332549025,-8.66619221312841,-8.65550241858811,-8.64462010593953,-8.63355143925294,-8.62230258259852,-8.61087970004645,-8.59928895566699,-8.58753674876903,-8.57563041961626,-8.56357754371115,-8.5513856965561,-8.53906245365348,-8.52661539050579,-8.5140520826154,-8.50138010548471,-8.4886070346162,-8.47574044551224,-8.46278791367524,-8.44975701460767,-8.43665504444663,-8.42348818186805,-8.4102623261827,-8.3969833767012,-8.38365723273421,-8.37028979359249,-8.35688695858668,-8.34345462702742,-8.32999869822548,-8.31652507149148,-8.30303964613609,-8.28954832147005
"44",-9.27628198708426,-9.26932179546088,-9.26228329383643,-9.25516956910281,-9.24798370815186,-9.24072879787545,-9.23340792516547,-9.22602417691379,-9.21858064001224,-9.21108040135274,-9.20352654782714,-9.19592216632729,-9.1882703437451,-9.18057446507143,-9.17283910769318,-9.16506914709632,-9.15726945876677,-9.14944491819043,-9.14160040085329,-9.13374078224125,-9.12587093784022,-9.11799574313618,-9.11012007361504,-9.10224880476271,-9.09438681206517,-9.08653909240179,-9.0787111282258,-9.07090852338399,-9.06313688172304,-9.05540180708966,-9.04770890333061,-9.04006377429261,-9.03247202382235,-9.02493925576659,-9.01747107397205,-9.01007308228542,-9.00275088455347,-8.99550999097998,-8.98835553719705,-8.98129256519393,-8.97432611695978,-8.96746123448381,-8.96070295975524,-8.95405633476326,-8.94752640149704,-8.94111820194583,-8.93483677809881,-8.92868717194516,-8.92267442547412,-8.91680327866384,-8.91107726344831,-8.90549960975056,-8.90007354749357,-8.8948023066003,-8.88968911699376,-8.88473720859694,-8.8799498113328,-8.87533015512435,-8.87088146989458,-8.86660698556645,-8.86250993206297,-8.85859307970285,-8.85485736038772,-8.85130324641493,-8.84793121008184,-8.84474172368581,-8.8417352595242,-8.83891228989437,-8.83627328709366,-8.83381872341944,-8.83154907116907,-8.8294648026399,-8.8275663901293,-8.82585377567357,-8.82432478026489,-8.82297669463439,-8.8218068095132,-8.82081241563246,-8.81999080372328,-8.81933926451682,-8.81885508874418,-8.81853556713651,-8.81837799042494,-8.81837964934059,-8.8185378346146,-8.8188493441843,-8.81930900481176,-8.8199111504653,-8.82065011511318,-8.82152023272369,-8.82251583726513,-8.82363126270578,-8.82486084301393,-8.82619891215785,-8.82763980410584,-8.8291778528262,-8.83080739228719,-8.8325224100232,-8.83431550783299,-8.83617894108138,-8.83810496513322,-8.84008583535337,-8.84211380710663,-8.84418113575787,-8.84628007667193,-8.84840288521363,-8.85054181674782,-8.85268912663936,-8.85483707025307,-8.85697778980617,-8.85910297492535,-8.86120420208967,-8.86327304777821,-8.86530108847004,-8.8672799006442,-8.86920106077979,-8.87105614535586,-8.87283673085148,-8.87453439374571,-8.87614071051762,-8.87764725764629,-8.87904577584612,-8.88032866277299,-8.88148848031809,-8.88251779037264,-8.88340915482786,-8.88415513557495,-8.88474829450512,-8.8851811935096,-8.88544639447958,-8.88553645930628,-8.88544394988092,-8.88516142809471,-8.88468188406259,-8.8840000207945,-8.88311096952412,-8.88200986148511,-8.88069182791115,-8.8791520000359,-8.87738550909305,-8.87538748631625,-8.8731530629392,-8.87067737019555,-8.86795553931897,-8.86498270154315,-8.86175460429807,-8.85826945979897,-8.85452609645741,-8.85052334268496,-8.84626002689317,-8.8417349774936,-8.83694702289782,-8.83189499151737,-8.82657771176384,-8.82099401204877,-8.81514272078371,-8.80902266638024,-8.80263334846087,-8.79597695149189,-8.78905633115059,-8.78187434311422,-8.77443384306002,-8.76673768666529,-8.75878872960728,-8.75058982756322,-8.74214383621042,-8.73345361122612,-8.72452200828755,-8.71535188307204,-8.70594664265563,-8.69631189970969,-8.68645381830448,-8.67637856251019,-8.66609229639698,-8.65560118403515,-8.64491138949485,-8.63402907684626,-8.62296041015967,-8.61171155350525,-8.60028867095318,-8.58869792657372,-8.57694571967577,-8.56503939052299,-8.55298651461788,-8.54079466746283,-8.52847142456021,-8.51602436141252,-8.50346105352214,-8.49078907639144,-8.47801600552293,-8.46514941641898,-8.45219688458197,-8.4391659855144,-8.42606401535336,-8.41289715277478,-8.39967129708943,-8.38639234760793,-8.37306620364094,-8.35969876449922,-8.34629592949341,-8.33286359793415,-8.31940766913221,-8.30593404239821,-8.29244861704282,-8.27895729237678
"45",-9.26989379564645,-9.26293360402308,-9.25589510239862,-9.248781377665,-9.24159551671406,-9.23434060643764,-9.22701973372767,-9.21963598547598,-9.21219244857443,-9.20469220991493,-9.19713835638934,-9.18953397488949,-9.1818821523073,-9.17418627363362,-9.16645091625537,-9.15868095565851,-9.15088126732896,-9.14305672675263,-9.13521220941548,-9.12735259080344,-9.11948274640242,-9.11160755169837,-9.10373188217724,-9.09586061332491,-9.08799862062736,-9.08015090096398,-9.072322936788,-9.06452033194618,-9.05674869028523,-9.04901361565185,-9.04132071189281,-9.0336755828548,-9.02608383238454,-9.01855106432879,-9.01108288253424,-9.00368489084761,-8.99636269311566,-8.98912179954217,-8.98196734575925,-8.97490437375612,-8.96793792552198,-8.96107304304601,-8.95431476831743,-8.94766814332545,-8.94113821005924,-8.93473001050803,-8.928448586661,-8.92229898050736,-8.91628623403632,-8.91041508722603,-8.9046890720105,-8.89911141831276,-8.89368535605576,-8.88841411516249,-8.88330092555596,-8.87834901715913,-8.87356161989499,-8.86894196368655,-8.86449327845677,-8.86021879412864,-8.85612174062517,-8.85220488826505,-8.84846916894991,-8.84491505497712,-8.84154301864404,-8.838353532248,-8.8353470680864,-8.83252409845656,-8.82988509565585,-8.82743053198164,-8.82516087973127,-8.8230766112021,-8.82117819869149,-8.81946558423576,-8.81793658882708,-8.81658850319658,-8.8154186180754,-8.81442422419465,-8.81360261228548,-8.81295107307901,-8.81246689730637,-8.8121473756987,-8.81198979898713,-8.81199145790278,-8.8121496431768,-8.81246115274649,-8.81292081337396,-8.81352295902749,-8.81426192367537,-8.81513204128589,-8.81612764582733,-8.81724307126798,-8.81847265157612,-8.81981072072004,-8.82125161266804,-8.82278966138839,-8.82441920084938,-8.8261342185854,-8.82792731639518,-8.82979074964358,-8.83171677369542,-8.83369764391556,-8.83572561566883,-8.83779294432006,-8.83989188523412,-8.84201469377582,-8.84415362531002,-8.84630093520156,-8.84844887881526,-8.85058959836836,-8.85271478348754,-8.85481601065186,-8.8568848563404,-8.85891289703223,-8.8608917092064,-8.86281286934198,-8.86466795391806,-8.86644853941367,-8.8681462023079,-8.86975251907982,-8.87125906620848,-8.87265758440832,-8.87394047133518,-8.87510028888028,-8.87612959893483,-8.87702096339005,-8.87776694413714,-8.87836010306732,-8.87879300207179,-8.87905820304177,-8.87914826786848,-8.87905575844312,-8.8787732366569,-8.87829369262479,-8.8776118293567,-8.87672277808632,-8.87562167004731,-8.87430363647334,-8.8727638085981,-8.87099731765524,-8.86899929487845,-8.86676487150139,-8.86428917875774,-8.86156734788116,-8.85859451010535,-8.85536641286027,-8.85188126836116,-8.8481379050196,-8.84413515124716,-8.83987183545536,-8.83534678605579,-8.83055883146002,-8.82550680007957,-8.82018952032603,-8.81460582061096,-8.8087545293459,-8.80263447494244,-8.79624515702307,-8.78958876005409,-8.78266813971278,-8.77548615167642,-8.76804565162222,-8.76034949522749,-8.75240053816947,-8.74420163612541,-8.73575564477261,-8.72706541978831,-8.71813381684975,-8.70896369163424,-8.69955845121783,-8.68992370827188,-8.68006562686668,-8.66999037107238,-8.65970410495918,-8.64921299259734,-8.63852319805704,-8.62764088540846,-8.61657221872187,-8.60532336206745,-8.59390047951537,-8.58230973513592,-8.57055752823796,-8.55865119908519,-8.54659832318008,-8.53440647602503,-8.52208323312241,-8.50963616997472,-8.49707286208433,-8.48440088495364,-8.47162781408512,-8.45876122498117,-8.44580869314417,-8.4327777940766,-8.41967582391555,-8.40650896133698,-8.39328310565162,-8.38000415617013,-8.36667801220314,-8.35331057306142,-8.33990773805561,-8.32647540649635,-8.3130194776944,-8.2995458509604,-8.28606042560501,-8.27256910093897
"46",-9.26781488172377,-9.26085469010039,-9.25381618847594,-9.24670246374232,-9.23951660279138,-9.23226169251496,-9.22494081980498,-9.2175570715533,-9.21011353465175,-9.20261329599225,-9.19505944246665,-9.1874550609668,-9.17980323838461,-9.17210735971094,-9.16437200233269,-9.15660204173583,-9.14880235340628,-9.14097781282994,-9.1331332954928,-9.12527367688076,-9.11740383247973,-9.10952863777569,-9.10165296825456,-9.09378169940222,-9.08591970670468,-9.0780719870413,-9.07024402286532,-9.0624414180235,-9.05466977636255,-9.04693470172917,-9.03924179797013,-9.03159666893212,-9.02400491846186,-9.0164721504061,-9.00900396861156,-9.00160597692493,-8.99428377919298,-8.98704288561949,-8.97988843183656,-8.97282545983344,-8.9658590115993,-8.95899412912332,-8.95223585439475,-8.94558922940277,-8.93905929613655,-8.93265109658534,-8.92636967273832,-8.92022006658468,-8.91420732011363,-8.90833617330335,-8.90261015808782,-8.89703250439008,-8.89160644213308,-8.88633520123981,-8.88122201163327,-8.87627010323645,-8.87148270597231,-8.86686304976386,-8.86241436453409,-8.85813988020596,-8.85404282670248,-8.85012597434237,-8.84639025502723,-8.84283614105444,-8.83946410472136,-8.83627461832532,-8.83326815416372,-8.83044518453388,-8.82780618173317,-8.82535161805895,-8.82308196580859,-8.82099769727941,-8.81909928476881,-8.81738667031308,-8.8158576749044,-8.8145095892739,-8.81333970415272,-8.81234531027197,-8.8115236983628,-8.81087215915633,-8.81038798338369,-8.81006846177602,-8.80991088506445,-8.8099125439801,-8.81007072925411,-8.81038223882381,-8.81084189945128,-8.81144404510481,-8.81218300975269,-8.81305312736321,-8.81404873190464,-8.81516415734529,-8.81639373765344,-8.81773180679736,-8.81917269874535,-8.82071074746571,-8.8223402869267,-8.82405530466271,-8.8258484024725,-8.82771183572089,-8.82963785977274,-8.83161872999288,-8.83364670174614,-8.83571403039738,-8.83781297131144,-8.83993577985314,-8.84207471138734,-8.84422202127887,-8.84636996489258,-8.84851068444568,-8.85063586956486,-8.85273709672918,-8.85480594241772,-8.85683398310955,-8.85881279528372,-8.8607339554193,-8.86258903999538,-8.86436962549099,-8.86606728838522,-8.86767360515714,-8.8691801522858,-8.87057867048564,-8.8718615574125,-8.8730213749576,-8.87405068501215,-8.87494204946737,-8.87568803021446,-8.87628118914463,-8.87671408814911,-8.87697928911909,-8.8770693539458,-8.87697684452043,-8.87669432273422,-8.8762147787021,-8.87553291543402,-8.87464386416364,-8.87354275612463,-8.87222472255066,-8.87068489467541,-8.86891840373256,-8.86692038095577,-8.86468595757871,-8.86221026483506,-8.85948843395848,-8.85651559618266,-8.85328749893758,-8.84980235443848,-8.84605899109692,-8.84205623732447,-8.83779292153268,-8.83326787213311,-8.82847991753734,-8.82342788615688,-8.81811060640335,-8.81252690668828,-8.80667561542322,-8.80055556101976,-8.79416624310038,-8.7875098461314,-8.7805892257901,-8.77340723775373,-8.76596673769953,-8.7582705813048,-8.75032162424679,-8.74212272220273,-8.73367673084993,-8.72498650586563,-8.71605490292707,-8.70688477771155,-8.69747953729514,-8.6878447943492,-8.677986712944,-8.6679114571497,-8.6576251910365,-8.64713407867466,-8.63644428413436,-8.62556197148578,-8.61449330479919,-8.60324444814477,-8.59182156559269,-8.58023082121324,-8.56847861431528,-8.55657228516251,-8.5445194092574,-8.53232756210235,-8.52000431919973,-8.50755725605203,-8.49499394816165,-8.48232197103096,-8.46954890016244,-8.45668231105849,-8.44372977922148,-8.43069888015391,-8.41759690999287,-8.40443004741429,-8.39120419172894,-8.37792524224744,-8.36459909828045,-8.35123165913873,-8.33782882413293,-8.32439649257367,-8.31094056377172,-8.29746693703772,-8.28398151168233,-8.27049018701629
"47",-9.27015168517586,-9.26319149355249,-9.25615299192803,-9.24903926719441,-9.24185340624347,-9.23459849596705,-9.22727762325708,-9.21989387500539,-9.21245033810384,-9.20495009944434,-9.19739624591875,-9.1897918644189,-9.1821400418367,-9.17444416316303,-9.16670880578478,-9.15893884518792,-9.15113915685837,-9.14331461628204,-9.13547009894489,-9.12761048033285,-9.11974063593183,-9.11186544122778,-9.10398977170665,-9.09611850285432,-9.08825651015677,-9.08040879049339,-9.07258082631741,-9.06477822147559,-9.05700657981464,-9.04927150518126,-9.04157860142222,-9.03393347238421,-9.02634172191395,-9.0188089538582,-9.01134077206365,-9.00394278037702,-8.99662058264507,-8.98937968907158,-8.98222523528866,-8.97516226328553,-8.96819581505139,-8.96133093257542,-8.95457265784684,-8.94792603285486,-8.94139609958865,-8.93498790003744,-8.92870647619042,-8.92255687003677,-8.91654412356573,-8.91067297675544,-8.90494696153992,-8.89936930784217,-8.89394324558517,-8.8886720046919,-8.88355881508537,-8.87860690668854,-8.8738195094244,-8.86919985321595,-8.86475116798618,-8.86047668365805,-8.85637963015458,-8.85246277779446,-8.84872705847932,-8.84517294450653,-8.84180090817345,-8.83861142177741,-8.83560495761581,-8.83278198798597,-8.83014298518526,-8.82768842151105,-8.82541876926068,-8.8233345007315,-8.8214360882209,-8.81972347376517,-8.81819447835649,-8.81684639272599,-8.81567650760481,-8.81468211372406,-8.81386050181489,-8.81320896260842,-8.81272478683578,-8.81240526522811,-8.81224768851654,-8.8122493474322,-8.8124075327062,-8.8127190422759,-8.81317870290337,-8.8137808485569,-8.81451981320478,-8.8153899308153,-8.81638553535674,-8.81750096079739,-8.81873054110553,-8.82006861024945,-8.82150950219745,-8.8230475509178,-8.82467709037879,-8.8263921081148,-8.82818520592459,-8.83004863917299,-8.83197466322483,-8.83395553344497,-8.83598350519824,-8.83805083384947,-8.84014977476353,-8.84227258330523,-8.84441151483943,-8.84655882473097,-8.84870676834467,-8.85084748789777,-8.85297267301695,-8.85507390018127,-8.85714274586981,-8.85917078656164,-8.86114959873581,-8.86307075887139,-8.86492584344747,-8.86670642894308,-8.86840409183731,-8.87001040860923,-8.87151695573789,-8.87291547393773,-8.87419836086459,-8.87535817840969,-8.87638748846424,-8.87727885291946,-8.87802483366655,-8.87861799259673,-8.8790508916012,-8.87931609257118,-8.87940615739789,-8.87931364797253,-8.87903112618631,-8.8785515821542,-8.87786971888611,-8.87698066761573,-8.87587955957672,-8.87456152600275,-8.87302169812751,-8.87125520718465,-8.86925718440786,-8.8670227610308,-8.86454706828715,-8.86182523741057,-8.85885239963476,-8.85562430238968,-8.85213915789057,-8.84839579454901,-8.84439304077657,-8.84012972498477,-8.8356046755852,-8.83081672098943,-8.82576468960898,-8.82044740985544,-8.81486371014037,-8.80901241887531,-8.80289236447185,-8.79650304655248,-8.7898466495835,-8.78292602924219,-8.77574404120583,-8.76830354115163,-8.7606073847569,-8.75265842769888,-8.74445952565482,-8.73601353430202,-8.72732330931772,-8.71839170637916,-8.70922158116364,-8.69981634074724,-8.69018159780129,-8.68032351639609,-8.67024826060179,-8.65996199448859,-8.64947088212675,-8.63878108758645,-8.62789877493787,-8.61683010825128,-8.60558125159686,-8.59415836904478,-8.58256762466533,-8.57081541776737,-8.5589090886146,-8.54685621270949,-8.53466436555444,-8.52234112265182,-8.50989405950413,-8.49733075161374,-8.48465877448305,-8.47188570361453,-8.45901911451058,-8.44606658267358,-8.43303568360601,-8.41993371344496,-8.40676685086639,-8.39354099518103,-8.38026204569953,-8.36693590173255,-8.35356846259083,-8.34016562758502,-8.32673329602576,-8.31327736722381,-8.29980374048981,-8.28631831513442,-8.27282699046838
"48",-9.27693386931443,-9.26997367769106,-9.2629351760666,-9.25582145133298,-9.24863559038204,-9.24138068010563,-9.23405980739565,-9.22667605914396,-9.21923252224242,-9.21173228358292,-9.20417843005732,-9.19657404855747,-9.18892222597528,-9.1812263473016,-9.17349098992335,-9.1657210293265,-9.15792134099694,-9.15009680042061,-9.14225228308347,-9.13439266447142,-9.1265228200704,-9.11864762536636,-9.11077195584522,-9.10290068699289,-9.09503869429535,-9.08719097463196,-9.07936301045598,-9.07156040561416,-9.06378876395321,-9.05605368931984,-9.04836078556079,-9.04071565652279,-9.03312390605253,-9.02559113799677,-9.01812295620223,-9.0107249645156,-9.00340276678365,-8.99616187321016,-8.98900741942723,-8.9819444474241,-8.97497799918996,-8.96811311671399,-8.96135484198542,-8.95470821699343,-8.94817828372722,-8.94177008417601,-8.93548866032899,-8.92933905417534,-8.9233263077043,-8.91745516089401,-8.91172914567849,-8.90615149198074,-8.90072542972374,-8.89545418883047,-8.89034099922394,-8.88538909082711,-8.88060169356297,-8.87598203735453,-8.87153335212475,-8.86725886779662,-8.86316181429315,-8.85924496193303,-8.85550924261789,-8.8519551286451,-8.84858309231202,-8.84539360591599,-8.84238714175438,-8.83956417212455,-8.83692516932383,-8.83447060564962,-8.83220095339925,-8.83011668487008,-8.82821827235947,-8.82650565790375,-8.82497666249507,-8.82362857686457,-8.82245869174338,-8.82146429786263,-8.82064268595346,-8.81999114674699,-8.81950697097436,-8.81918744936669,-8.81902987265511,-8.81903153157077,-8.81918971684478,-8.81950122641447,-8.81996088704194,-8.82056303269547,-8.82130199734335,-8.82217211495387,-8.82316771949531,-8.82428314493596,-8.8255127252441,-8.82685079438803,-8.82829168633602,-8.82982973505637,-8.83145927451736,-8.83317429225338,-8.83496739006316,-8.83683082331156,-8.8387568473634,-8.84073771758354,-8.84276568933681,-8.84483301798804,-8.8469319589021,-8.8490547674438,-8.851193698978,-8.85334100886954,-8.85548895248325,-8.85762967203634,-8.85975485715552,-8.86185608431984,-8.86392493000838,-8.86595297070021,-8.86793178287438,-8.86985294300997,-8.87170802758604,-8.87348861308165,-8.87518627597589,-8.8767925927478,-8.87829913987646,-8.8796976580763,-8.88098054500316,-8.88214036254826,-8.88316967260282,-8.88406103705804,-8.88480701780512,-8.8854001767353,-8.88583307573977,-8.88609827670976,-8.88618834153646,-8.8860958321111,-8.88581331032488,-8.88533376629277,-8.88465190302468,-8.8837628517543,-8.88266174371529,-8.88134371014132,-8.87980388226608,-8.87803739132323,-8.87603936854643,-8.87380494516937,-8.87132925242573,-8.86860742154914,-8.86563458377333,-8.86240648652825,-8.85892134202914,-8.85517797868759,-8.85117522491514,-8.84691190912334,-8.84238685972378,-8.837598905128,-8.83254687374755,-8.82722959399402,-8.82164589427895,-8.81579460301388,-8.80967454861042,-8.80328523069105,-8.79662883372207,-8.78970821338077,-8.7825262253444,-8.7750857252902,-8.76738956889547,-8.75944061183746,-8.7512417097934,-8.7427957184406,-8.7341054934563,-8.72517389051773,-8.71600376530222,-8.70659852488581,-8.69696378193987,-8.68710570053466,-8.67703044474036,-8.66674417862716,-8.65625306626532,-8.64556327172502,-8.63468095907644,-8.62361229238985,-8.61236343573543,-8.60094055318336,-8.5893498088039,-8.57759760190594,-8.56569127275317,-8.55363839684806,-8.54144654969301,-8.52912330679039,-8.5166762436427,-8.50411293575231,-8.49144095862162,-8.47866788775311,-8.46580129864915,-8.45284876681215,-8.43981786774458,-8.42671589758354,-8.41354903500496,-8.4003231793196,-8.38704422983811,-8.37371808587112,-8.3603506467294,-8.34694781172359,-8.33351548016433,-8.32005955136238,-8.30658592462838,-8.293100499273,-8.27960917460695
"49",-9.28788399125936,-9.28092379963599,-9.27388529801154,-9.26677157327791,-9.25958571232697,-9.25233080205056,-9.24500992934058,-9.23762618108889,-9.23018264418735,-9.22268240552785,-9.21512855200225,-9.2075241705024,-9.19987234792021,-9.19217646924653,-9.18444111186828,-9.17667115127142,-9.16887146294187,-9.16104692236554,-9.1532024050284,-9.14534278641635,-9.13747294201533,-9.12959774731129,-9.12172207779015,-9.11385080893782,-9.10598881624028,-9.09814109657689,-9.09031313240091,-9.08251052755909,-9.07473888589814,-9.06700381126477,-9.05931090750572,-9.05166577846772,-9.04407402799746,-9.0365412599417,-9.02907307814716,-9.02167508646053,-9.01435288872858,-9.00711199515509,-8.99995754137216,-8.99289456936903,-8.98592812113489,-8.97906323865892,-8.97230496393035,-8.96565833893836,-8.95912840567215,-8.95272020612094,-8.94643878227392,-8.94028917612027,-8.93427642964923,-8.92840528283894,-8.92267926762342,-8.91710161392567,-8.91167555166867,-8.9064043107754,-8.90129112116887,-8.89633921277204,-8.8915518155079,-8.88693215929946,-8.88248347406968,-8.87820898974155,-8.87411193623808,-8.87019508387796,-8.86645936456282,-8.86290525059003,-8.85953321425695,-8.85634372786092,-8.85333726369931,-8.85051429406947,-8.84787529126876,-8.84542072759455,-8.84315107534418,-8.84106680681501,-8.8391683943044,-8.83745577984868,-8.83592678444,-8.8345786988095,-8.83340881368831,-8.83241441980756,-8.83159280789839,-8.83094126869192,-8.83045709291929,-8.83013757131162,-8.82997999460004,-8.8299816535157,-8.83013983878971,-8.8304513483594,-8.83091100898687,-8.8315131546404,-8.83225211928828,-8.8331222368988,-8.83411784144024,-8.83523326688089,-8.83646284718903,-8.83780091633296,-8.83924180828095,-8.8407798570013,-8.84240939646229,-8.84412441419831,-8.8459175120081,-8.84778094525649,-8.84970696930833,-8.85168783952847,-8.85371581128174,-8.85578313993297,-8.85788208084703,-8.86000488938874,-8.86214382092293,-8.86429113081447,-8.86643907442818,-8.86857979398127,-8.87070497910045,-8.87280620626477,-8.87487505195331,-8.87690309264514,-8.87888190481931,-8.8808030649549,-8.88265814953097,-8.88443873502658,-8.88613639792081,-8.88774271469273,-8.88924926182139,-8.89064778002123,-8.89193066694809,-8.8930904844932,-8.89411979454775,-8.89501115900297,-8.89575713975005,-8.89635029868023,-8.8967831976847,-8.89704839865469,-8.89713846348139,-8.89704595405603,-8.89676343226981,-8.8962838882377,-8.89560202496961,-8.89471297369923,-8.89361186566022,-8.89229383208625,-8.89075400421101,-8.88898751326816,-8.88698949049136,-8.8847550671143,-8.88227937437066,-8.87955754349407,-8.87658470571826,-8.87335660847318,-8.86987146397407,-8.86612810063252,-8.86212534686007,-8.85786203106827,-8.85333698166871,-8.84854902707293,-8.84349699569248,-8.83817971593895,-8.83259601622388,-8.82674472495881,-8.82062467055535,-8.81423535263598,-8.807578955667,-8.8006583353257,-8.79347634728933,-8.78603584723513,-8.7783396908404,-8.77039073378239,-8.76219183173833,-8.75374584038553,-8.74505561540123,-8.73612401246266,-8.72695388724715,-8.71754864683074,-8.7079139038848,-8.69805582247959,-8.68798056668529,-8.67769430057209,-8.66720318821025,-8.65651339366995,-8.64563108102137,-8.63456241433478,-8.62331355768036,-8.61189067512829,-8.60029993074883,-8.58854772385087,-8.5766413946981,-8.56458851879299,-8.55239667163794,-8.54007342873532,-8.52762636558763,-8.51506305769724,-8.50239108056655,-8.48961800969804,-8.47675142059408,-8.46379888875708,-8.45076798968951,-8.43766601952847,-8.42449915694989,-8.41127330126453,-8.39799435178304,-8.38466820781605,-8.37130076867433,-8.35789793366852,-8.34446560210926,-8.33100967330731,-8.31753604657331,-8.30405062121793,-8.29055929655188
"50",-9.30264783158257,-9.2956876399592,-9.28864913833475,-9.28153541360112,-9.27434955265018,-9.26709464237377,-9.25977376966379,-9.2523900214121,-9.24494648451056,-9.23744624585106,-9.22989239232546,-9.22228801082561,-9.21463618824342,-9.20694030956975,-9.19920495219149,-9.19143499159463,-9.18363530326508,-9.17581076268875,-9.1679662453516,-9.16010662673956,-9.15223678233854,-9.1443615876345,-9.13648591811336,-9.12861464926103,-9.12075265656349,-9.1129049369001,-9.10507697272412,-9.0972743678823,-9.08950272622135,-9.08176765158798,-9.07407474782893,-9.06642961879093,-9.05883786832067,-9.05130510026491,-9.04383691847037,-9.03643892678374,-9.02911672905179,-9.0218758354783,-9.01472138169537,-9.00765840969224,-9.0006919614581,-8.99382707898213,-8.98706880425356,-8.98042217926157,-8.97389224599536,-8.96748404644415,-8.96120262259713,-8.95505301644348,-8.94904026997244,-8.94316912316215,-8.93744310794663,-8.93186545424888,-8.92643939199188,-8.92116815109861,-8.91605496149208,-8.91110305309525,-8.90631565583111,-8.90169599962267,-8.89724731439289,-8.89297283006476,-8.88887577656129,-8.88495892420117,-8.88122320488603,-8.87766909091324,-8.87429705458016,-8.87110756818413,-8.86810110402252,-8.86527813439269,-8.86263913159197,-8.86018456791776,-8.85791491566739,-8.85583064713822,-8.85393223462761,-8.85221962017189,-8.85069062476321,-8.84934253913271,-8.84817265401152,-8.84717826013077,-8.8463566482216,-8.84570510901513,-8.8452209332425,-8.84490141163483,-8.84474383492325,-8.84474549383891,-8.84490367911292,-8.84521518868261,-8.84567484931008,-8.84627699496361,-8.84701595961149,-8.84788607722201,-8.84888168176345,-8.8499971072041,-8.85122668751224,-8.85256475665617,-8.85400564860416,-8.85554369732451,-8.8571732367855,-8.85888825452152,-8.8606813523313,-8.8625447855797,-8.86447080963154,-8.86645167985168,-8.86847965160495,-8.87054698025618,-8.87264592117024,-8.87476872971195,-8.87690766124614,-8.87905497113768,-8.88120291475139,-8.88334363430448,-8.88546881942366,-8.88757004658799,-8.88963889227652,-8.89166693296835,-8.89364574514252,-8.8955669052781,-8.89742198985418,-8.8992025753498,-8.90090023824403,-8.90250655501594,-8.9040131021446,-8.90541162034444,-8.9066945072713,-8.9078543248164,-8.90888363487096,-8.90977499932618,-8.91052098007326,-8.91111413900344,-8.91154703800791,-8.9118122389779,-8.9119023038046,-8.91180979437924,-8.91152727259302,-8.91104772856091,-8.91036586529282,-8.90947681402244,-8.90837570598343,-8.90705767240946,-8.90551784453422,-8.90375135359137,-8.90175333081457,-8.89951890743751,-8.89704321469387,-8.89432138381729,-8.89134854604147,-8.88812044879639,-8.88463530429728,-8.88089194095573,-8.87688918718328,-8.87262587139148,-8.86810082199192,-8.86331286739614,-8.85826083601569,-8.85294355626216,-8.84735985654709,-8.84150856528202,-8.83538851087856,-8.82899919295919,-8.82234279599021,-8.81542217564891,-8.80824018761254,-8.80079968755834,-8.79310353116361,-8.7851545741056,-8.77695567206154,-8.76850968070874,-8.75981945572444,-8.75088785278587,-8.74171772757036,-8.73231248715395,-8.72267774420801,-8.7128196628028,-8.7027444070085,-8.6924581408953,-8.68196702853346,-8.67127723399316,-8.66039492134458,-8.64932625465799,-8.63807739800357,-8.6266545154515,-8.61506377107204,-8.60331156417408,-8.59140523502131,-8.5793523591162,-8.56716051196115,-8.55483726905853,-8.54239020591084,-8.52982689802045,-8.51715492088976,-8.50438185002125,-8.49151526091729,-8.47856272908029,-8.46553183001272,-8.45242985985168,-8.4392629972731,-8.42603714158774,-8.41275819210625,-8.39943204813926,-8.38606460899754,-8.37266177399173,-8.35922944243247,-8.34577351363052,-8.33229988689653,-8.31881446154114,-8.30532313687509
"51",-9.32087117085599,-9.31391097923261,-9.30687247760816,-9.29975875287454,-9.2925728919236,-9.28531798164718,-9.2779971089372,-9.27061336068552,-9.26316982378397,-9.25566958512447,-9.24811573159887,-9.24051135009903,-9.23285952751683,-9.22516364884316,-9.21742829146491,-9.20965833086805,-9.2018586425385,-9.19403410196216,-9.18618958462502,-9.17832996601298,-9.17046012161195,-9.16258492690791,-9.15470925738678,-9.14683798853445,-9.1389759958369,-9.13112827617352,-9.12330031199754,-9.11549770715572,-9.10772606549477,-9.09999099086139,-9.09229808710235,-9.08465295806434,-9.07706120759408,-9.06952843953833,-9.06206025774378,-9.05466226605715,-9.0473400683252,-9.04009917475171,-9.03294472096878,-9.02588174896566,-9.01891530073152,-9.01205041825554,-9.00529214352697,-8.99864551853499,-8.99211558526877,-8.98570738571756,-8.97942596187054,-8.9732763557169,-8.96726360924585,-8.96139246243557,-8.95566644722004,-8.9500887935223,-8.9446627312653,-8.93939149037203,-8.93427830076549,-8.92932639236867,-8.92453899510453,-8.91991933889608,-8.91547065366631,-8.91119616933818,-8.9070991158347,-8.90318226347459,-8.89944654415945,-8.89589243018666,-8.89252039385358,-8.88933090745754,-8.88632444329594,-8.8835014736661,-8.88086247086539,-8.87840790719117,-8.87613825494081,-8.87405398641163,-8.87215557390103,-8.8704429594453,-8.86891396403662,-8.86756587840612,-8.86639599328494,-8.86540159940419,-8.86457998749502,-8.86392844828855,-8.86344427251591,-8.86312475090824,-8.86296717419667,-8.86296883311232,-8.86312701838633,-8.86343852795603,-8.8638981885835,-8.86450033423703,-8.86523929888491,-8.86610941649543,-8.86710502103687,-8.86822044647751,-8.86945002678566,-8.87078809592958,-8.87222898787758,-8.87376703659793,-8.87539657605892,-8.87711159379493,-8.87890469160472,-8.88076812485311,-8.88269414890496,-8.8846750191251,-8.88670299087836,-8.8887703195296,-8.89086926044366,-8.89299206898536,-8.89513100051956,-8.89727831041109,-8.8994262540248,-8.9015669735779,-8.90369215869708,-8.9057933858614,-8.90786223154994,-8.90989027224177,-8.91186908441594,-8.91379024455152,-8.9156453291276,-8.91742591462321,-8.91912357751744,-8.92072989428936,-8.92223644141802,-8.92363495961786,-8.92491784654472,-8.92607766408982,-8.92710697414437,-8.92799833859959,-8.92874431934668,-8.92933747827685,-8.92977037728133,-8.93003557825131,-8.93012564307802,-8.93003313365265,-8.92975061186644,-8.92927106783432,-8.92858920456624,-8.92770015329586,-8.92659904525685,-8.92528101168288,-8.92374118380763,-8.92197469286478,-8.91997667008799,-8.91774224671093,-8.91526655396728,-8.9125447230907,-8.90957188531488,-8.9063437880698,-8.9028586435707,-8.89911528022914,-8.89511252645669,-8.8908492106649,-8.88632416126533,-8.88153620666956,-8.8764841752891,-8.87116689553557,-8.8655831958205,-8.85973190455544,-8.85361185015198,-8.8472225322326,-8.84056613526362,-8.83364551492232,-8.82646352688595,-8.81902302683175,-8.81132687043702,-8.80337791337901,-8.79517901133495,-8.78673301998215,-8.77804279499785,-8.76911119205929,-8.75994106684377,-8.75053582642736,-8.74090108348142,-8.73104300207622,-8.72096774628192,-8.71068148016872,-8.70019036780688,-8.68950057326658,-8.678618260618,-8.66754959393141,-8.65630073727699,-8.64487785472491,-8.63328711034546,-8.6215349034475,-8.60962857429473,-8.59757569838962,-8.58538385123457,-8.57306060833195,-8.56061354518425,-8.54805023729387,-8.53537826016318,-8.52260518929466,-8.50973860019071,-8.4967860683537,-8.48375516928613,-8.47065319912509,-8.45748633654651,-8.44426048086116,-8.43098153137966,-8.41765538741267,-8.40428794827096,-8.39088511326515,-8.37745278170589,-8.36399685290394,-8.35052322616994,-8.33703780081455,-8.32354647614851
"52",-9.34219978965153,-9.33523959802816,-9.3282010964037,-9.32108737167008,-9.31390151071914,-9.30664660044273,-9.29932572773275,-9.29194197948106,-9.28449844257952,-9.27699820392002,-9.26944435039442,-9.26183996889457,-9.25418814631238,-9.2464922676387,-9.23875691026045,-9.23098694966359,-9.22318726133404,-9.21536272075771,-9.20751820342056,-9.19965858480852,-9.1917887404075,-9.18391354570345,-9.17603787618232,-9.16816660732999,-9.16030461463244,-9.15245689496906,-9.14462893079308,-9.13682632595126,-9.12905468429031,-9.12131960965693,-9.11362670589789,-9.10598157685988,-9.09838982638962,-9.09085705833387,-9.08338887653933,-9.0759908848527,-9.06866868712074,-9.06142779354725,-9.05427333976433,-9.0472103677612,-9.04024391952706,-9.03337903705109,-9.02662076232252,-9.01997413733053,-9.01344420406432,-9.00703600451311,-9.00075458066609,-8.99460497451244,-8.9885922280414,-8.98272108123111,-8.97699506601559,-8.97141741231784,-8.96599135006084,-8.96072010916757,-8.95560691956104,-8.95065501116421,-8.94586761390007,-8.94124795769163,-8.93679927246185,-8.93252478813372,-8.92842773463025,-8.92451088227013,-8.92077516295499,-8.9172210489822,-8.91384901264912,-8.91065952625309,-8.90765306209148,-8.90483009246164,-8.90219108966093,-8.89973652598672,-8.89746687373635,-8.89538260520718,-8.89348419269657,-8.89177157824085,-8.89024258283217,-8.88889449720167,-8.88772461208048,-8.88673021819973,-8.88590860629056,-8.88525706708409,-8.88477289131145,-8.88445336970378,-8.88429579299221,-8.88429745190787,-8.88445563718188,-8.88476714675157,-8.88522680737904,-8.88582895303257,-8.88656791768045,-8.88743803529097,-8.88843363983241,-8.88954906527306,-8.8907786455812,-8.89211671472512,-8.89355760667312,-8.89509565539347,-8.89672519485446,-8.89844021259048,-8.90023331040026,-8.90209674364866,-8.9040227677005,-8.90600363792064,-8.90803160967391,-8.91009893832514,-8.9121978792392,-8.9143206877809,-8.9164596193151,-8.91860692920664,-8.92075487282034,-8.92289559237344,-8.92502077749262,-8.92712200465694,-8.92919085034548,-8.93121889103731,-8.93319770321148,-8.93511886334706,-8.93697394792314,-8.93875453341875,-8.94045219631298,-8.9420585130849,-8.94356506021356,-8.9449635784134,-8.94624646534026,-8.94740628288536,-8.94843559293992,-8.94932695739513,-8.95007293814222,-8.9506660970724,-8.95109899607687,-8.95136419704686,-8.95145426187356,-8.9513617524482,-8.95107923066198,-8.95059968662987,-8.94991782336178,-8.9490287720914,-8.94792766405239,-8.94660963047842,-8.94506980260318,-8.94330331166032,-8.94130528888353,-8.93907086550647,-8.93659517276283,-8.93387334188624,-8.93090050411043,-8.92767240686535,-8.92418726236624,-8.92044389902468,-8.91644114525224,-8.91217782946044,-8.90765278006088,-8.9028648254651,-8.89781279408465,-8.89249551433111,-8.88691181461605,-8.88106052335098,-8.87494046894752,-8.86855115102815,-8.86189475405917,-8.85497413371787,-8.8477921456815,-8.8403516456273,-8.83265548923257,-8.82470653217456,-8.8165076301305,-8.80806163877769,-8.7993714137934,-8.79043981085483,-8.78126968563932,-8.77186444522291,-8.76222970227697,-8.75237162087176,-8.74229636507746,-8.73201009896426,-8.72151898660242,-8.71082919206212,-8.69994687941354,-8.68887821272695,-8.67762935607253,-8.66620647352046,-8.654615729141,-8.64286352224304,-8.63095719309027,-8.61890431718516,-8.60671247003011,-8.59438922712749,-8.5819421639798,-8.56937885608941,-8.55670687895872,-8.5439338080902,-8.53106721898625,-8.51811468714925,-8.50508378808168,-8.49198181792064,-8.47881495534206,-8.4655890996567,-8.45231015017521,-8.43898400620822,-8.4256165670665,-8.41221373206069,-8.39878140050143,-8.38532547169948,-8.37185184496548,-8.3583664196101,-8.34487509494405
"53",-9.36624680310934,-9.35928661148596,-9.35224810986151,-9.34513438512789,-9.33794852417695,-9.33069361390053,-9.32337274119056,-9.31598899293887,-9.30854545603732,-9.30104521737782,-9.29349136385222,-9.28588698235238,-9.27823515977018,-9.27053928109651,-9.26280392371826,-9.2550339631214,-9.24723427479185,-9.23940973421551,-9.23156521687837,-9.22370559826633,-9.2158357538653,-9.20796055916126,-9.20008488964013,-9.1922136207878,-9.18435162809025,-9.17650390842687,-9.16867594425089,-9.16087333940907,-9.15310169774812,-9.14536662311474,-9.1376737193557,-9.13002859031769,-9.12243683984743,-9.11490407179168,-9.10743588999713,-9.1000378983105,-9.09271570057855,-9.08547480700506,-9.07832035322213,-9.07125738121901,-9.06429093298487,-9.0574260505089,-9.05066777578032,-9.04402115078834,-9.03749121752212,-9.03108301797091,-9.02480159412389,-9.01865198797025,-9.0126392414992,-9.00676809468892,-9.00104207947339,-8.99546442577565,-8.99003836351865,-8.98476712262538,-8.97965393301884,-8.97470202462202,-8.96991462735788,-8.96529497114943,-8.96084628591966,-8.95657180159153,-8.95247474808805,-8.94855789572794,-8.9448221764128,-8.94126806244001,-8.93789602610693,-8.93470653971089,-8.93170007554929,-8.92887710591945,-8.92623810311874,-8.92378353944452,-8.92151388719416,-8.91942961866498,-8.91753120615438,-8.91581859169865,-8.91428959628997,-8.91294151065947,-8.91177162553829,-8.91077723165754,-8.90995561974837,-8.9093040805419,-8.90881990476926,-8.90850038316159,-8.90834280645002,-8.90834446536567,-8.90850265063968,-8.90881416020938,-8.90927382083685,-8.90987596649038,-8.91061493113826,-8.91148504874878,-8.91248065329022,-8.91359607873086,-8.91482565903901,-8.91616372818293,-8.91760462013093,-8.91914266885128,-8.92077220831227,-8.92248722604828,-8.92428032385807,-8.92614375710646,-8.92806978115831,-8.93005065137845,-8.93207862313171,-8.93414595178295,-8.93624489269701,-8.93836770123871,-8.94050663277291,-8.94265394266444,-8.94480188627815,-8.94694260583125,-8.94906779095043,-8.95116901811475,-8.95323786380329,-8.95526590449512,-8.95724471666929,-8.95916587680487,-8.96102096138095,-8.96280154687656,-8.96449920977079,-8.96610552654271,-8.96761207367137,-8.9690105918712,-8.97029347879807,-8.97145329634317,-8.97248260639772,-8.97337397085294,-8.97411995160003,-8.9747131105302,-8.97514600953468,-8.97541121050466,-8.97550127533137,-8.975408765906,-8.97512624411979,-8.97464670008767,-8.97396483681959,-8.97307578554921,-8.9719746775102,-8.97065664393623,-8.96911681606098,-8.96735032511813,-8.96535230234134,-8.96311787896428,-8.96064218622063,-8.95792035534405,-8.95494751756823,-8.95171942032315,-8.94823427582405,-8.94449091248249,-8.94048815871004,-8.93622484291825,-8.93169979351868,-8.92691183892291,-8.92185980754245,-8.91654252778892,-8.91095882807385,-8.90510753680879,-8.89898748240533,-8.89259816448596,-8.88594176751697,-8.87902114717567,-8.8718391591393,-8.8643986590851,-8.85670250269037,-8.84875354563236,-8.8405546435883,-8.8321086522355,-8.8234184272512,-8.81448682431264,-8.80531669909712,-8.79591145868071,-8.78627671573477,-8.77641863432957,-8.76634337853527,-8.75605711242207,-8.74556600006023,-8.73487620551993,-8.72399389287135,-8.71292522618476,-8.70167636953034,-8.69025348697826,-8.67866274259881,-8.66691053570085,-8.65500420654808,-8.64295133064297,-8.63075948348792,-8.6184362405853,-8.6059891774376,-8.59342586954722,-8.58075389241653,-8.56798082154801,-8.55511423244406,-8.54216170060705,-8.52913080153948,-8.51602883137844,-8.50286196879986,-8.48963611311451,-8.47635716363301,-8.46303101966602,-8.4496635805243,-8.4362607455185,-8.42282841395924,-8.40937248515729,-8.39589885842329,-8.3824134330679,-8.36892210840186
"54",-9.39249466464239,-9.38553447301901,-9.37849597139456,-9.37138224666094,-9.36419638571,-9.35694147543358,-9.3496206027236,-9.34223685447192,-9.33479331757037,-9.32729307891087,-9.31973922538527,-9.31213484388542,-9.30448302130323,-9.29678714262956,-9.28905178525131,-9.28128182465445,-9.2734821363249,-9.26565759574856,-9.25781307841142,-9.24995345979938,-9.24208361539835,-9.23420842069431,-9.22633275117317,-9.21846148232084,-9.2105994896233,-9.20275176995992,-9.19492380578393,-9.18712120094212,-9.17934955928117,-9.17161448464779,-9.16392158088875,-9.15627645185074,-9.14868470138048,-9.14115193332472,-9.13368375153018,-9.12628575984355,-9.1189635621116,-9.11172266853811,-9.10456821475518,-9.09750524275206,-9.09053879451792,-9.08367391204194,-9.07691563731337,-9.07026901232139,-9.06373907905517,-9.05733087950396,-9.05104945565694,-9.0448998495033,-9.03888710303225,-9.03301595622197,-9.02728994100644,-9.0217122873087,-9.0162862250517,-9.01101498415843,-9.00590179455189,-9.00094988615507,-8.99616248889093,-8.99154283268248,-8.98709414745271,-8.98281966312458,-8.9787226096211,-8.97480575726099,-8.97107003794585,-8.96751592397306,-8.96414388763998,-8.96095440124394,-8.95794793708233,-8.9551249674525,-8.95248596465179,-8.95003140097757,-8.94776174872721,-8.94567748019803,-8.94377906768743,-8.9420664532317,-8.94053745782302,-8.93918937219252,-8.93801948707134,-8.93702509319059,-8.93620348128142,-8.93555194207495,-8.93506776630231,-8.93474824469464,-8.93459066798307,-8.93459232689872,-8.93475051217273,-8.93506202174243,-8.9355216823699,-8.93612382802343,-8.93686279267131,-8.93773291028183,-8.93872851482326,-8.93984394026391,-8.94107352057206,-8.94241158971598,-8.94385248166397,-8.94539053038433,-8.94702006984532,-8.94873508758133,-8.95052818539112,-8.95239161863951,-8.95431764269136,-8.9562985129115,-8.95832648466476,-8.960393813316,-8.96249275423006,-8.96461556277176,-8.96675449430596,-8.96890180419749,-8.9710497478112,-8.9731904673643,-8.97531565248348,-8.9774168796478,-8.97948572533634,-8.98151376602817,-8.98349257820234,-8.98541373833792,-8.987268822914,-8.98904940840961,-8.99074707130384,-8.99235338807576,-8.99385993520442,-8.99525845340425,-8.99654134033112,-8.99770115787622,-8.99873046793077,-8.99962183238599,-9.00036781313308,-9.00096097206325,-9.00139387106773,-9.00165907203771,-9.00174913686442,-9.00165662743905,-9.00137410565284,-9.00089456162072,-9.00021269835264,-8.99932364708225,-8.99822253904325,-8.99690450546928,-8.99536467759403,-8.99359818665118,-8.99160016387438,-8.98936574049733,-8.98689004775368,-8.9841682168771,-8.98119537910128,-8.9779672818562,-8.9744821373571,-8.97073877401554,-8.96673602024309,-8.9624727044513,-8.95794765505173,-8.95315970045596,-8.9481076690755,-8.94279038932197,-8.9372066896069,-8.93135539834184,-8.92523534393838,-8.918846026019,-8.91218962905002,-8.90526900870872,-8.89808702067235,-8.89064652061815,-8.88295036422342,-8.87500140716541,-8.86680250512135,-8.85835651376855,-8.84966628878425,-8.84073468584569,-8.83156456063017,-8.82215932021376,-8.81252457726782,-8.80266649586262,-8.79259124006832,-8.78230497395512,-8.77181386159328,-8.76112406705298,-8.7502417544044,-8.7391730877178,-8.72792423106339,-8.71650134851131,-8.70491060413186,-8.6931583972339,-8.68125206808113,-8.66919919217602,-8.65700734502096,-8.64468410211835,-8.63223703897065,-8.61967373108027,-8.60700175394958,-8.59422868308106,-8.58136209397711,-8.5684095621401,-8.55537866307253,-8.54227669291149,-8.52910983033291,-8.51588397464756,-8.50260502516606,-8.48927888119907,-8.47591144205735,-8.46250860705154,-8.44907627549228,-8.43562034669034,-8.42214671995634,-8.40866129460095,-8.39516996993491
"55",-9.42039316223187,-9.41343297060849,-9.40639446898404,-9.39928074425042,-9.39209488329947,-9.38483997302306,-9.37751910031308,-9.3701353520614,-9.36269181515985,-9.35519157650035,-9.34763772297475,-9.3400333414749,-9.33238151889271,-9.32468564021904,-9.31695028284079,-9.30918032224393,-9.30138063391438,-9.29355609333804,-9.2857115760009,-9.27785195738886,-9.26998211298783,-9.26210691828379,-9.25423124876265,-9.24635997991032,-9.23849798721278,-9.2306502675494,-9.22282230337341,-9.2150196985316,-9.20724805687065,-9.19951298223727,-9.19182007847822,-9.18417494944022,-9.17658319896996,-9.1690504309142,-9.16158224911966,-9.15418425743303,-9.14686205970108,-9.13962116612759,-9.13246671234466,-9.12540374034154,-9.1184372921074,-9.11157240963142,-9.10481413490285,-9.09816750991087,-9.09163757664465,-9.08522937709344,-9.07894795324642,-9.07279834709277,-9.06678560062173,-9.06091445381145,-9.05518843859592,-9.04961078489817,-9.04418472264118,-9.03891348174791,-9.03380029214137,-9.02884838374455,-9.02406098648041,-9.01944133027196,-9.01499264504219,-9.01071816071406,-9.00662110721058,-9.00270425485047,-8.99896853553533,-8.99541442156254,-8.99204238522946,-8.98885289883342,-8.98584643467181,-8.98302346504198,-8.98038446224127,-8.97792989856705,-8.97566024631669,-8.97357597778751,-8.97167756527691,-8.96996495082118,-8.9684359554125,-8.967087869782,-8.96591798466082,-8.96492359078007,-8.9641019788709,-8.96345043966443,-8.96296626389179,-8.96264674228412,-8.96248916557255,-8.9624908244882,-8.96264900976221,-8.96296051933191,-8.96342017995937,-8.9640223256129,-8.96476129026079,-8.9656314078713,-8.96662701241274,-8.96774243785339,-8.96897201816154,-8.97031008730546,-8.97175097925345,-8.97328902797381,-8.9749185674348,-8.97663358517081,-8.9784266829806,-8.98029011622899,-8.98221614028084,-8.98419701050098,-8.98622498225424,-8.98829231090548,-8.99039125181954,-8.99251406036124,-8.99465299189544,-8.99680030178697,-8.99894824540068,-9.00108896495378,-9.00321415007296,-9.00531537723728,-9.00738422292582,-9.00941226361765,-9.01139107579182,-9.0133122359274,-9.01516732050347,-9.01694790599909,-9.01864556889332,-9.02025188566524,-9.0217584327939,-9.02315695099373,-9.0244398379206,-9.0255996554657,-9.02662896552025,-9.02752032997547,-9.02826631072256,-9.02885946965273,-9.02929236865721,-9.02955756962719,-9.0296476344539,-9.02955512502853,-9.02927260324232,-9.0287930592102,-9.02811119594211,-9.02722214467173,-9.02612103663273,-9.02480300305876,-9.02326317518351,-9.02149668424066,-9.01949866146386,-9.01726423808681,-9.01478854534316,-9.01206671446658,-9.00909387669076,-9.00586577944568,-9.00238063494658,-8.99863727160502,-8.99463451783257,-8.99037120204078,-8.98584615264121,-8.98105819804544,-8.97600616666498,-8.97068888691145,-8.96510518719638,-8.95925389593132,-8.95313384152785,-8.94674452360848,-8.9400881266395,-8.9331675062982,-8.92598551826183,-8.91854501820763,-8.9108488618129,-8.90289990475489,-8.89470100271083,-8.88625501135803,-8.87756478637373,-8.86863318343516,-8.85946305821965,-8.85005781780324,-8.8404230748573,-8.8305649934521,-8.8204897376578,-8.8102034715446,-8.79971235918276,-8.78902256464246,-8.77814025199388,-8.76707158530728,-8.75582272865286,-8.74439984610079,-8.73280910172133,-8.72105689482338,-8.7091505656706,-8.6970976897655,-8.68490584261044,-8.67258259970782,-8.66013553656013,-8.64757222866975,-8.63490025153905,-8.62212718067054,-8.60926059156659,-8.59630805972958,-8.58327716066201,-8.57017519050097,-8.55700832792239,-8.54378247223704,-8.53050352275554,-8.51717737878855,-8.50380993964683,-8.49040710464102,-8.47697477308176,-8.46351884427982,-8.45004521754582,-8.43655979219043,-8.42306846752439
"56",-9.44939208385897,-9.44243189223559,-9.43539339061114,-9.42827966587752,-9.42109380492657,-9.41383889465016,-9.40651802194018,-9.3991342736885,-9.39169073678695,-9.38419049812745,-9.37663664460185,-9.369032263102,-9.36138044051981,-9.35368456184614,-9.34594920446789,-9.33817924387103,-9.33037955554148,-9.32255501496514,-9.314710497628,-9.30685087901596,-9.29898103461493,-9.29110583991089,-9.28323017038975,-9.27535890153742,-9.26749690883988,-9.2596491891765,-9.25182122500051,-9.2440186201587,-9.23624697849775,-9.22851190386437,-9.22081900010532,-9.21317387106732,-9.20558212059706,-9.1980493525413,-9.19058117074676,-9.18318317906013,-9.17586098132818,-9.16862008775469,-9.16146563397176,-9.15440266196864,-9.14743621373449,-9.14057133125852,-9.13381305652995,-9.12716643153797,-9.12063649827175,-9.11422829872054,-9.10794687487352,-9.10179726871987,-9.09578452224883,-9.08991337543855,-9.08418736022302,-9.07860970652527,-9.07318364426828,-9.06791240337501,-9.06279921376847,-9.05784730537165,-9.05305990810751,-9.04844025189906,-9.04399156666929,-9.03971708234116,-9.03562002883768,-9.03170317647757,-9.02796745716243,-9.02441334318964,-9.02104130685655,-9.01785182046052,-9.01484535629891,-9.01202238666908,-9.00938338386837,-9.00692882019415,-9.00465916794379,-9.00257489941461,-9.00067648690401,-8.99896387244828,-8.9974348770396,-8.9960867914091,-8.99491690628792,-8.99392251240717,-8.993100900498,-8.99244936129153,-8.99196518551889,-8.99164566391122,-8.99148808719965,-8.9914897461153,-8.99164793138931,-8.99195944095901,-8.99241910158647,-8.99302124724,-8.99376021188789,-8.9946303294984,-8.99562593403984,-8.99674135948049,-8.99797093978864,-8.99930900893256,-9.00074990088055,-9.00228794960091,-9.0039174890619,-9.00563250679791,-9.0074256046077,-9.00928903785609,-9.01121506190793,-9.01319593212808,-9.01522390388134,-9.01729123253258,-9.01939017344664,-9.02151298198834,-9.02365191352254,-9.02579922341407,-9.02794716702778,-9.03008788658088,-9.03221307170006,-9.03431429886438,-9.03638314455292,-9.03841118524475,-9.04038999741891,-9.0423111575545,-9.04416624213057,-9.04594682762619,-9.04764449052042,-9.04925080729233,-9.050757354421,-9.05215587262083,-9.0534387595477,-9.0545985770928,-9.05562788714735,-9.05651925160257,-9.05726523234966,-9.05785839127983,-9.0582912902843,-9.05855649125429,-9.05864655608099,-9.05855404665563,-9.05827152486942,-9.0577919808373,-9.05711011756921,-9.05622106629883,-9.05511995825982,-9.05380192468586,-9.05226209681061,-9.05049560586776,-9.04849758309096,-9.04626315971391,-9.04378746697026,-9.04106563609368,-9.03809279831786,-9.03486470107278,-9.03137955657368,-9.02763619323212,-9.02363343945967,-9.01937012366788,-9.01484507426831,-9.01005711967253,-9.00500508829208,-8.99968780853855,-8.99410410882348,-8.98825281755842,-8.98213276315495,-8.97574344523558,-8.9690870482666,-8.9621664279253,-8.95498443988893,-8.94754393983473,-8.93984778344,-8.93189882638199,-8.92369992433793,-8.91525393298513,-8.90656370800083,-8.89763210506226,-8.88846197984675,-8.87905673943034,-8.8694219964844,-8.85956391507919,-8.8494886592849,-8.8392023931717,-8.82871128080986,-8.81802148626956,-8.80713917362097,-8.79607050693438,-8.78482165027996,-8.77339876772789,-8.76180802334843,-8.75005581645048,-8.7381494872977,-8.7260966113926,-8.71390476423754,-8.70158152133492,-8.68913445818723,-8.67657115029685,-8.66389917316615,-8.65112610229764,-8.63825951319369,-8.62530698135668,-8.61227608228911,-8.59917411212807,-8.58600724954949,-8.57278139386414,-8.55950244438264,-8.54617630041565,-8.53280886127393,-8.51940602626812,-8.50597369470886,-8.49251776590692,-8.47904413917292,-8.46555871381753,-8.45206738915149
"57",-9.47894121750488,-9.4719810258815,-9.46494252425705,-9.45782879952343,-9.45064293857249,-9.44338802829607,-9.4360671555861,-9.42868340733441,-9.42123987043286,-9.41373963177336,-9.40618577824776,-9.39858139674791,-9.39092957416572,-9.38323369549205,-9.3754983381138,-9.36772837751694,-9.35992868918739,-9.35210414861105,-9.34425963127391,-9.33640001266187,-9.32853016826084,-9.3206549735568,-9.31277930403567,-9.30490803518333,-9.29704604248579,-9.28919832282241,-9.28137035864643,-9.27356775380461,-9.26579611214366,-9.25806103751028,-9.25036813375124,-9.24272300471323,-9.23513125424297,-9.22759848618722,-9.22013030439267,-9.21273231270604,-9.20541011497409,-9.1981692214006,-9.19101476761767,-9.18395179561455,-9.1769853473804,-9.17012046490443,-9.16336219017586,-9.15671556518388,-9.15018563191766,-9.14377743236645,-9.13749600851943,-9.13134640236579,-9.12533365589474,-9.11946250908446,-9.11373649386893,-9.10815884017119,-9.10273277791419,-9.09746153702092,-9.09234834741438,-9.08739643901756,-9.08260904175342,-9.07798938554497,-9.0735407003152,-9.06926621598707,-9.06516916248359,-9.06125231012348,-9.05751659080834,-9.05396247683555,-9.05059044050247,-9.04740095410643,-9.04439448994482,-9.04157152031499,-9.03893251751428,-9.03647795384006,-9.0342083015897,-9.03212403306052,-9.03022562054992,-9.02851300609419,-9.02698401068551,-9.02563592505501,-9.02446603993383,-9.02347164605308,-9.02265003414391,-9.02199849493744,-9.0215143191648,-9.02119479755713,-9.02103722084556,-9.02103887976121,-9.02119706503522,-9.02150857460492,-9.02196823523239,-9.02257038088592,-9.0233093455338,-9.02417946314432,-9.02517506768575,-9.0262904931264,-9.02752007343455,-9.02885814257847,-9.03029903452646,-9.03183708324682,-9.03346662270781,-9.03518164044382,-9.03697473825361,-9.038838171502,-9.04076419555385,-9.04274506577399,-9.04477303752725,-9.04684036617849,-9.04893930709255,-9.05106211563425,-9.05320104716845,-9.05534835705998,-9.05749630067369,-9.05963702022679,-9.06176220534597,-9.06386343251029,-9.06593227819883,-9.06796031889066,-9.06993913106483,-9.07186029120041,-9.07371537577649,-9.0754959612721,-9.07719362416633,-9.07879994093825,-9.08030648806691,-9.08170500626674,-9.08298789319361,-9.08414771073871,-9.08517702079326,-9.08606838524848,-9.08681436599557,-9.08740752492574,-9.08784042393022,-9.0881056249002,-9.0881956897269,-9.08810318030154,-9.08782065851533,-9.08734111448321,-9.08665925121513,-9.08577019994475,-9.08466909190574,-9.08335105833177,-9.08181123045652,-9.08004473951367,-9.07804671673687,-9.07581229335982,-9.07333660061617,-9.07061476973959,-9.06764193196377,-9.06441383471869,-9.06092869021959,-9.05718532687803,-9.05318257310558,-9.04891925731379,-9.04439420791422,-9.03960625331845,-9.03455422193799,-9.02923694218446,-9.02365324246939,-9.01780195120433,-9.01168189680087,-9.0052925788815,-8.99863618191251,-8.99171556157121,-8.98453357353484,-8.97709307348064,-8.96939691708591,-8.9614479600279,-8.95324905798384,-8.94480306663104,-8.93611284164674,-8.92718123870818,-8.91801111349266,-8.90860587307625,-8.89897113013031,-8.88911304872511,-8.87903779293081,-8.86875152681761,-8.85826041445577,-8.84757061991547,-8.83668830726689,-8.8256196405803,-8.81437078392588,-8.8029479013738,-8.79135715699435,-8.77960495009639,-8.76769862094362,-8.75564574503851,-8.74345389788346,-8.73113065498084,-8.71868359183314,-8.70612028394276,-8.69344830681207,-8.68067523594355,-8.6678086468396,-8.65485611500259,-8.64182521593502,-8.62872324577398,-8.6155563831954,-8.60233052751005,-8.58905157802855,-8.57572543406156,-8.56235799491984,-8.54895515991404,-8.53552282835478,-8.52206689955283,-8.50859327281883,-8.49510784746344,-8.4816165227974
"58",-9.50858205315392,-9.50162186153055,-9.4945833599061,-9.48746963517247,-9.48028377422153,-9.47302886394512,-9.46570799123514,-9.45832424298345,-9.4508807060819,-9.44338046742241,-9.43582661389681,-9.42822223239696,-9.42057040981477,-9.41287453114109,-9.40513917376284,-9.39736921316598,-9.38956952483643,-9.3817449842601,-9.37390046692295,-9.36604084831091,-9.35817100390989,-9.35029580920584,-9.34242013968471,-9.33454887083238,-9.32668687813483,-9.31883915847145,-9.31101119429547,-9.30320858945365,-9.2954369477927,-9.28770187315932,-9.28000896940028,-9.27236384036227,-9.26477208989201,-9.25723932183626,-9.24977114004172,-9.24237314835509,-9.23505095062314,-9.22781005704964,-9.22065560326672,-9.21359263126359,-9.20662618302945,-9.19976130055348,-9.19300302582491,-9.18635640083292,-9.17982646756671,-9.1734182680155,-9.16713684416848,-9.16098723801483,-9.15497449154379,-9.1491033447335,-9.14337732951798,-9.13779967582023,-9.13237361356323,-9.12710237266996,-9.12198918306343,-9.1170372746666,-9.11224987740246,-9.10763022119402,-9.10318153596424,-9.09890705163611,-9.09480999813264,-9.09089314577252,-9.08715742645738,-9.08360331248459,-9.08023127615151,-9.07704178975548,-9.07403532559387,-9.07121235596403,-9.06857335316332,-9.06611878948911,-9.06384913723874,-9.06176486870957,-9.05986645619896,-9.05815384174324,-9.05662484633456,-9.05527676070406,-9.05410687558287,-9.05311248170212,-9.05229086979295,-9.05163933058648,-9.05115515481384,-9.05083563320617,-9.0506780564946,-9.05067971541026,-9.05083790068427,-9.05114941025396,-9.05160907088143,-9.05221121653496,-9.05295018118284,-9.05382029879336,-9.0548159033348,-9.05593132877545,-9.05716090908359,-9.05849897822752,-9.05993987017551,-9.06147791889586,-9.06310745835685,-9.06482247609287,-9.06661557390265,-9.06847900715105,-9.07040503120289,-9.07238590142303,-9.0744138731763,-9.07648120182753,-9.07858014274159,-9.0807029512833,-9.08284188281749,-9.08498919270903,-9.08713713632273,-9.08927785587583,-9.09140304099501,-9.09350426815933,-9.09557311384787,-9.0976011545397,-9.09957996671387,-9.10150112684945,-9.10335621142553,-9.10513679692114,-9.10683445981537,-9.10844077658729,-9.10994732371595,-9.11134584191579,-9.11262872884265,-9.11378854638775,-9.11481785644231,-9.11570922089753,-9.11645520164461,-9.11704836057479,-9.11748125957926,-9.11774646054925,-9.11783652537595,-9.11774401595059,-9.11746149416437,-9.11698195013226,-9.11630008686417,-9.11541103559379,-9.11430992755478,-9.11299189398081,-9.11145206610557,-9.10968557516271,-9.10768755238592,-9.10545312900886,-9.10297743626522,-9.10025560538863,-9.09728276761282,-9.09405467036774,-9.09056952586863,-9.08682616252707,-9.08282340875463,-9.07856009296283,-9.07403504356327,-9.06924708896749,-9.06419505758704,-9.0588777778335,-9.05329407811844,-9.04744278685337,-9.04132273244991,-9.03493341453054,-9.02827701756156,-9.02135639722026,-9.01417440918389,-9.00673390912969,-8.99903775273496,-8.99108879567695,-8.98288989363289,-8.97444390228008,-8.96575367729579,-8.95682207435722,-8.94765194914171,-8.9382467087253,-8.92861196577936,-8.91875388437415,-8.90867862857985,-8.89839236246665,-8.88790125010481,-8.87721145556451,-8.86632914291593,-8.85526047622934,-8.84401161957492,-8.83258873702285,-8.82099799264339,-8.80924578574543,-8.79733945659266,-8.78528658068755,-8.7730947335325,-8.76077149062988,-8.74832442748219,-8.7357611195918,-8.72308914246111,-8.7103160715926,-8.69744948248864,-8.68449695065164,-8.67146605158407,-8.65836408142303,-8.64519721884445,-8.63197136315909,-8.6186924136776,-8.60536626971061,-8.59199883056889,-8.57859599556308,-8.56516366400382,-8.55170773520187,-8.53823410846787,-8.52474868311248,-8.51125735844644
"59",-9.53822288880297,-9.53126269717959,-9.52422419555514,-9.51711047082152,-9.50992460987058,-9.50266969959416,-9.49534882688418,-9.4879650786325,-9.48052154173095,-9.47302130307145,-9.46546744954585,-9.457863068046,-9.45021124546381,-9.44251536679014,-9.43478000941189,-9.42701004881503,-9.41921036048548,-9.41138581990914,-9.403541302572,-9.39568168395996,-9.38781183955893,-9.37993664485489,-9.37206097533375,-9.36418970648142,-9.35632771378388,-9.3484799941205,-9.34065202994451,-9.3328494251027,-9.32507778344175,-9.31734270880837,-9.30964980504933,-9.30200467601132,-9.29441292554106,-9.2868801574853,-9.27941197569076,-9.27201398400413,-9.26469178627218,-9.25745089269869,-9.25029643891576,-9.24323346691264,-9.2362670186785,-9.22940213620252,-9.22264386147395,-9.21599723648197,-9.20946730321575,-9.20305910366454,-9.19677767981752,-9.19062807366388,-9.18461532719283,-9.17874418038255,-9.17301816516702,-9.16744051146927,-9.16201444921228,-9.15674320831901,-9.15163001871247,-9.14667811031565,-9.14189071305151,-9.13727105684306,-9.13282237161329,-9.12854788728516,-9.12445083378168,-9.12053398142157,-9.11679826210643,-9.11324414813364,-9.10987211180056,-9.10668262540452,-9.10367616124291,-9.10085319161308,-9.09821418881237,-9.09575962513815,-9.09348997288779,-9.09140570435861,-9.08950729184801,-9.08779467739228,-9.0862656819836,-9.0849175963531,-9.08374771123192,-9.08275331735117,-9.081931705442,-9.08128016623553,-9.08079599046289,-9.08047646885522,-9.08031889214365,-9.0803205510593,-9.08047873633331,-9.08079024590301,-9.08124990653048,-9.08185205218401,-9.08259101683189,-9.0834611344424,-9.08445673898384,-9.08557216442449,-9.08680174473264,-9.08813981387656,-9.08958070582455,-9.09111875454491,-9.0927482940059,-9.09446331174191,-9.0962564095517,-9.09811984280009,-9.10004586685194,-9.10202673707208,-9.10405470882534,-9.10612203747658,-9.10822097839064,-9.11034378693234,-9.11248271846654,-9.11463002835807,-9.11677797197178,-9.11891869152488,-9.12104387664406,-9.12314510380838,-9.12521394949692,-9.12724199018875,-9.12922080236292,-9.1311419624985,-9.13299704707457,-9.13477763257019,-9.13647529546442,-9.13808161223634,-9.139588159365,-9.14098667756483,-9.1422695644917,-9.1434293820368,-9.14445869209135,-9.14535005654657,-9.14609603729366,-9.14668919622383,-9.14712209522831,-9.14738729619829,-9.147477361025,-9.14738485159963,-9.14710232981342,-9.1466227857813,-9.14594092251322,-9.14505187124283,-9.14395076320383,-9.14263272962986,-9.14109290175461,-9.13932641081176,-9.13732838803496,-9.13509396465791,-9.13261827191426,-9.12989644103768,-9.12692360326186,-9.12369550601678,-9.12021036151768,-9.11646699817612,-9.11246424440367,-9.10820092861188,-9.10367587921231,-9.09888792461654,-9.09383589323608,-9.08851861348255,-9.08293491376748,-9.07708362250242,-9.07096356809896,-9.06457425017958,-9.0579178532106,-9.0509972328693,-9.04381524483293,-9.03637474477873,-9.028678588384,-9.02072963132599,-9.01253072928193,-9.00408473792913,-8.99539451294483,-8.98646291000627,-8.97729278479075,-8.96788754437434,-8.9582528014284,-8.9483947200232,-8.9383194642289,-8.9280331981157,-8.91754208575386,-8.90685229121356,-8.89596997856498,-8.88490131187839,-8.87365245522397,-8.86222957267189,-8.85063882829244,-8.83888662139448,-8.8269802922417,-8.8149274163366,-8.80273556918154,-8.79041232627893,-8.77796526313123,-8.76540195524085,-8.75272997811016,-8.73995690724164,-8.72709031813769,-8.71413778630068,-8.70110688723311,-8.68800491707207,-8.67483805449349,-8.66161219880814,-8.64833324932664,-8.63500710535965,-8.62163966621793,-8.60823683121212,-8.59480449965286,-8.58134857085092,-8.56787494411692,-8.55438951876153,-8.54089819409549
"60",-9.56786372445201,-9.56090353282864,-9.55386503120419,-9.54675130647056,-9.53956544551962,-9.53231053524321,-9.52498966253323,-9.51760591428154,-9.51016237738,-9.5026621387205,-9.4951082851949,-9.48750390369505,-9.47985208111286,-9.47215620243919,-9.46442084506093,-9.45665088446408,-9.44885119613452,-9.44102665555819,-9.43318213822105,-9.425322519609,-9.41745267520798,-9.40957748050394,-9.4017018109828,-9.39383054213047,-9.38596854943293,-9.37812082976954,-9.37029286559356,-9.36249026075174,-9.3547186190908,-9.34698354445742,-9.33929064069837,-9.33164551166037,-9.32405376119011,-9.31652099313435,-9.30905281133981,-9.30165481965318,-9.29433262192123,-9.28709172834774,-9.27993727456481,-9.27287430256168,-9.26590785432754,-9.25904297185157,-9.252284697123,-9.24563807213101,-9.2391081388648,-9.23269993931359,-9.22641851546657,-9.22026890931292,-9.21425616284188,-9.20838501603159,-9.20265900081607,-9.19708134711832,-9.19165528486132,-9.18638404396805,-9.18127085436152,-9.17631894596469,-9.17153154870055,-9.16691189249211,-9.16246320726233,-9.1581887229342,-9.15409166943073,-9.15017481707061,-9.14643909775547,-9.14288498378268,-9.1395129474496,-9.13632346105357,-9.13331699689196,-9.13049402726213,-9.12785502446141,-9.1254004607872,-9.12313080853683,-9.12104654000766,-9.11914812749705,-9.11743551304133,-9.11590651763265,-9.11455843200215,-9.11338854688096,-9.11239415300021,-9.11157254109104,-9.11092100188457,-9.11043682611194,-9.11011730450427,-9.10995972779269,-9.10996138670835,-9.11011957198236,-9.11043108155205,-9.11089074217952,-9.11149288783305,-9.11223185248093,-9.11310197009145,-9.11409757463289,-9.11521300007354,-9.11644258038168,-9.11778064952561,-9.1192215414736,-9.12075959019395,-9.12238912965494,-9.12410414739096,-9.12589724520075,-9.12776067844914,-9.12968670250098,-9.13166757272112,-9.13369554447439,-9.13576287312562,-9.13786181403968,-9.13998462258139,-9.14212355411558,-9.14427086400712,-9.14641880762083,-9.14855952717392,-9.1506847122931,-9.15278593945743,-9.15485478514596,-9.15688282583779,-9.15886163801196,-9.16078279814755,-9.16263788272362,-9.16441846821924,-9.16611613111347,-9.16772244788538,-9.16922899501404,-9.17062751321388,-9.17191040014074,-9.17307021768585,-9.1740995277404,-9.17499089219562,-9.1757368729427,-9.17633003187288,-9.17676293087735,-9.17702813184734,-9.17711819667404,-9.17702568724868,-9.17674316546246,-9.17626362143035,-9.17558175816226,-9.17469270689188,-9.17359159885287,-9.1722735652789,-9.17073373740366,-9.16896724646081,-9.16696922368401,-9.16473480030695,-9.16225910756331,-9.15953727668673,-9.15656443891091,-9.15333634166583,-9.14985119716672,-9.14610783382517,-9.14210508005272,-9.13784176426092,-9.13331671486136,-9.12852876026558,-9.12347672888513,-9.1181594491316,-9.11257574941653,-9.10672445815146,-9.100604403748,-9.09421508582863,-9.08755868885965,-9.08063806851835,-9.07345608048198,-9.06601558042778,-9.05831942403305,-9.05037046697504,-9.04217156493098,-9.03372557357818,-9.02503534859388,-9.01610374565531,-9.0069336204398,-8.99752838002339,-8.98789363707745,-8.97803555567224,-8.96796029987794,-8.95767403376474,-8.9471829214029,-8.9364931268626,-8.92561081421402,-8.91454214752743,-8.90329329087301,-8.89187040832094,-8.88027966394148,-8.86852745704352,-8.85662112789075,-8.84456825198564,-8.83237640483059,-8.82005316192797,-8.80760609878028,-8.7950427908899,-8.7823708137592,-8.76959774289069,-8.75673115378673,-8.74377862194973,-8.73074772288216,-8.71764575272112,-8.70447889014254,-8.69125303445718,-8.67797408497569,-8.6646479410087,-8.65128050186698,-8.63787766686117,-8.62444533530191,-8.61098940649996,-8.59751577976597,-8.58403035441058,-8.57053902974453
"61",-9.59750456010106,-9.59054436847769,-9.58350586685323,-9.57639214211961,-9.56920628116867,-9.56195137089225,-9.55463049818228,-9.54724674993059,-9.53980321302904,-9.53230297436954,-9.52474912084395,-9.5171447393441,-9.5094929167619,-9.50179703808823,-9.49406168070998,-9.48629172011312,-9.47849203178357,-9.47066749120724,-9.46282297387009,-9.45496335525805,-9.44709351085703,-9.43921831615298,-9.43134264663185,-9.42347137777952,-9.41560938508197,-9.40776166541859,-9.39993370124261,-9.39213109640079,-9.38435945473984,-9.37662438010646,-9.36893147634742,-9.36128634730941,-9.35369459683915,-9.3461618287834,-9.33869364698885,-9.33129565530222,-9.32397345757027,-9.31673256399678,-9.30957811021386,-9.30251513821073,-9.29554868997659,-9.28868380750062,-9.28192553277204,-9.27527890778006,-9.26874897451385,-9.26234077496264,-9.25605935111562,-9.24990974496197,-9.24389699849093,-9.23802585168064,-9.23229983646512,-9.22672218276737,-9.22129612051037,-9.2160248796171,-9.21091169001057,-9.20595978161374,-9.2011723843496,-9.19655272814115,-9.19210404291138,-9.18782955858325,-9.18373250507978,-9.17981565271966,-9.17607993340452,-9.17252581943173,-9.16915378309865,-9.16596429670262,-9.16295783254101,-9.16013486291117,-9.15749586011046,-9.15504129643625,-9.15277164418588,-9.1506873756567,-9.1487889631461,-9.14707634869037,-9.14554735328169,-9.14419926765119,-9.14302938253001,-9.14203498864926,-9.14121337674009,-9.14056183753362,-9.14007766176098,-9.13975814015331,-9.13960056344174,-9.1396022223574,-9.1397604076314,-9.1400719172011,-9.14053157782857,-9.1411337234821,-9.14187268812998,-9.1427428057405,-9.14373841028194,-9.14485383572259,-9.14608341603073,-9.14742148517465,-9.14886237712265,-9.150400425843,-9.15202996530399,-9.15374498304,-9.15553808084979,-9.15740151409819,-9.15932753815003,-9.16130840837017,-9.16333638012344,-9.16540370877467,-9.16750264968873,-9.16962545823043,-9.17176438976463,-9.17391169965617,-9.17605964326987,-9.17820036282297,-9.18032554794215,-9.18242677510647,-9.18449562079501,-9.18652366148684,-9.18850247366101,-9.19042363379659,-9.19227871837267,-9.19405930386828,-9.19575696676251,-9.19736328353443,-9.19886983066309,-9.20026834886293,-9.20155123578979,-9.20271105333489,-9.20374036338944,-9.20463172784466,-9.20537770859175,-9.20597086752193,-9.2064037665264,-9.20666896749638,-9.20675903232309,-9.20666652289773,-9.20638400111151,-9.2059044570794,-9.20522259381131,-9.20433354254093,-9.20323243450192,-9.20191440092795,-9.20037457305271,-9.19860808210985,-9.19661005933306,-9.194375635956,-9.19189994321235,-9.18917811233577,-9.18620527455996,-9.18297717731488,-9.17949203281577,-9.17574866947421,-9.17174591570177,-9.16748259990997,-9.1629575505104,-9.15816959591463,-9.15311756453418,-9.14780028478064,-9.14221658506557,-9.13636529380051,-9.13024523939705,-9.12385592147768,-9.1171995245087,-9.1102789041674,-9.10309691613103,-9.09565641607683,-9.0879602596821,-9.08001130262408,-9.07181240058002,-9.06336640922722,-9.05467618424292,-9.04574458130436,-9.03657445608884,-9.02716921567244,-9.01753447272649,-9.00767639132129,-8.99760113552699,-8.98731486941379,-8.97682375705195,-8.96613396251165,-8.95525164986307,-8.94418298317648,-8.93293412652206,-8.92151124396998,-8.90992049959053,-8.89816829269257,-8.8862619635398,-8.87420908763469,-8.86201724047964,-8.84969399757702,-8.83724693442933,-8.82468362653894,-8.81201164940825,-8.79923857853973,-8.78637198943578,-8.77341945759878,-8.76038855853121,-8.74728658837016,-8.73411972579159,-8.72089387010623,-8.70761492062474,-8.69428877665775,-8.68092133751603,-8.66751850251022,-8.65408617095096,-8.64063024214901,-8.62715661541501,-8.61367119005962,-8.60017986539358
"62",-9.6271453957501,-9.62018520412673,-9.61314670250228,-9.60603297776866,-9.59884711681771,-9.5915922065413,-9.58427133383132,-9.57688758557964,-9.56944404867809,-9.56194381001859,-9.55438995649299,-9.54678557499314,-9.53913375241095,-9.53143787373728,-9.52370251635903,-9.51593255576217,-9.50813286743262,-9.50030832685628,-9.49246380951914,-9.4846041909071,-9.47673434650607,-9.46885915180203,-9.46098348228089,-9.45311221342856,-9.44525022073102,-9.43740250106764,-9.42957453689165,-9.42177193204984,-9.41400029038889,-9.40626521575551,-9.39857231199646,-9.39092718295846,-9.3833354324882,-9.37580266443244,-9.3683344826379,-9.36093649095127,-9.35361429321932,-9.34637339964583,-9.3392189458629,-9.33215597385978,-9.32518952562563,-9.31832464314966,-9.31156636842109,-9.30491974342911,-9.29838981016289,-9.29198161061168,-9.28570018676466,-9.27955058061101,-9.27353783413997,-9.26766668732969,-9.26194067211416,-9.25636301841641,-9.25093695615942,-9.24566571526615,-9.24055252565961,-9.23560061726279,-9.23081321999865,-9.2261935637902,-9.22174487856043,-9.2174703942323,-9.21337334072882,-9.2094564883687,-9.20572076905357,-9.20216665508078,-9.19879461874769,-9.19560513235166,-9.19259866819005,-9.18977569856022,-9.18713669575951,-9.18468213208529,-9.18241247983492,-9.18032821130575,-9.17842979879515,-9.17671718433942,-9.17518818893074,-9.17384010330024,-9.17267021817906,-9.17167582429831,-9.17085421238913,-9.17020267318267,-9.16971849741003,-9.16939897580236,-9.16924139909079,-9.16924305800644,-9.16940124328045,-9.16971275285015,-9.17017241347761,-9.17077455913114,-9.17151352377903,-9.17238364138954,-9.17337924593098,-9.17449467137163,-9.17572425167978,-9.1770623208237,-9.17850321277169,-9.18004126149205,-9.18167080095304,-9.18338581868905,-9.18517891649884,-9.18704234974723,-9.18896837379907,-9.19094924401922,-9.19297721577248,-9.19504454442372,-9.19714348533778,-9.19926629387948,-9.20140522541367,-9.20355253530521,-9.20570047891892,-9.20784119847202,-9.2099663835912,-9.21206761075552,-9.21413645644406,-9.21616449713589,-9.21814330931005,-9.22006446944564,-9.22191955402171,-9.22370013951733,-9.22539780241156,-9.22700411918347,-9.22851066631214,-9.22990918451197,-9.23119207143884,-9.23235188898394,-9.23338119903849,-9.23427256349371,-9.2350185442408,-9.23561170317097,-9.23604460217545,-9.23630980314543,-9.23639986797213,-9.23630735854677,-9.23602483676056,-9.23554529272844,-9.23486342946035,-9.23397437818997,-9.23287327015096,-9.231555236577,-9.23001540870175,-9.2282489177589,-9.2262508949821,-9.22401647160505,-9.2215407788614,-9.21881894798482,-9.215846110209,-9.21261801296392,-9.20913286846482,-9.20538950512326,-9.20138675135081,-9.19712343555902,-9.19259838615945,-9.18781043156367,-9.18275840018322,-9.17744112042969,-9.17185742071462,-9.16600612944956,-9.15988607504609,-9.15349675712672,-9.14684036015774,-9.13991973981644,-9.13273775178007,-9.12529725172587,-9.11760109533114,-9.10965213827313,-9.10145323622907,-9.09300724487627,-9.08431701989197,-9.0753854169534,-9.06621529173789,-9.05681005132148,-9.04717530837554,-9.03731722697033,-9.02724197117604,-9.01695570506283,-9.006464592701,-8.9957747981607,-8.98489248551211,-8.97382381882552,-8.9625749621711,-8.95115207961903,-8.93956133523957,-8.92780912834162,-8.91590279918884,-8.90384992328373,-8.89165807612868,-8.87933483322606,-8.86688777007837,-8.85432446218799,-8.84165248505729,-8.82887941418878,-8.81601282508483,-8.80306029324782,-8.79002939418025,-8.77692742401921,-8.76376056144063,-8.75053470575528,-8.73725575627378,-8.72392961230679,-8.71056217316507,-8.69715933815926,-8.6837270066,-8.67027107779806,-8.65679745106406,-8.64331202570867,-8.62982070104263
"63",-9.65678623139915,-9.64982603977578,-9.64278753815132,-9.6356738134177,-9.62848795246676,-9.62123304219035,-9.61391216948037,-9.60652842122868,-9.59908488432714,-9.59158464566764,-9.58403079214204,-9.57642641064219,-9.56877458806,-9.56107870938632,-9.55334335200807,-9.54557339141121,-9.53777370308166,-9.52994916250533,-9.52210464516818,-9.51424502655614,-9.50637518215512,-9.49849998745107,-9.49062431792994,-9.48275304907761,-9.47489105638006,-9.46704333671668,-9.4592153725407,-9.45141276769888,-9.44364112603793,-9.43590605140455,-9.42821314764551,-9.4205680186075,-9.41297626813724,-9.40544350008149,-9.39797531828695,-9.39057732660032,-9.38325512886836,-9.37601423529487,-9.36885978151195,-9.36179680950882,-9.35483036127468,-9.34796547879871,-9.34120720407014,-9.33456057907815,-9.32803064581194,-9.32162244626073,-9.31534102241371,-9.30919141626006,-9.30317866978902,-9.29730752297873,-9.29158150776321,-9.28600385406546,-9.28057779180846,-9.27530655091519,-9.27019336130866,-9.26524145291183,-9.26045405564769,-9.25583439943925,-9.25138571420947,-9.24711122988134,-9.24301417637787,-9.23909732401775,-9.23536160470261,-9.23180749072982,-9.22843545439674,-9.22524596800071,-9.2222395038391,-9.21941653420926,-9.21677753140855,-9.21432296773434,-9.21205331548397,-9.2099690469548,-9.20807063444419,-9.20635801998847,-9.20482902457979,-9.20348093894929,-9.2023110538281,-9.20131665994735,-9.20049504803818,-9.19984350883171,-9.19935933305907,-9.1990398114514,-9.19888223473983,-9.19888389365549,-9.1990420789295,-9.19935358849919,-9.19981324912666,-9.20041539478019,-9.20115435942807,-9.20202447703859,-9.20302008158003,-9.20413550702068,-9.20536508732882,-9.20670315647275,-9.20814404842074,-9.20968209714109,-9.21131163660208,-9.2130266543381,-9.21481975214788,-9.21668318539628,-9.21860920944812,-9.22059007966826,-9.22261805142153,-9.22468538007276,-9.22678432098682,-9.22890712952852,-9.23104606106272,-9.23319337095426,-9.23534131456796,-9.23748203412106,-9.23960721924024,-9.24170844640456,-9.2437772920931,-9.24580533278493,-9.2477841449591,-9.24970530509468,-9.25156038967076,-9.25334097516637,-9.2550386380606,-9.25664495483252,-9.25815150196118,-9.25955002016102,-9.26083290708788,-9.26199272463298,-9.26302203468754,-9.26391339914275,-9.26465937988984,-9.26525253882002,-9.26568543782449,-9.26595063879448,-9.26604070362118,-9.26594819419582,-9.2656656724096,-9.26518612837749,-9.2645042651094,-9.26361521383902,-9.26251410580001,-9.26119607222604,-9.2596562443508,-9.25788975340794,-9.25589173063115,-9.25365730725409,-9.25118161451045,-9.24845978363386,-9.24548694585805,-9.24225884861297,-9.23877370411386,-9.2350303407723,-9.23102758699986,-9.22676427120806,-9.2222392218085,-9.21745126721272,-9.21239923583227,-9.20708195607873,-9.20149825636367,-9.1956469650986,-9.18952691069514,-9.18313759277577,-9.17648119580679,-9.16956057546549,-9.16237858742912,-9.15493808737492,-9.14724193098019,-9.13929297392218,-9.13109407187812,-9.12264808052531,-9.11395785554102,-9.10502625260245,-9.09585612738694,-9.08645088697053,-9.07681614402459,-9.06695806261938,-9.05688280682508,-9.04659654071188,-9.03610542835004,-9.02541563380974,-9.01453332116116,-9.00346465447457,-8.99221579782015,-8.98079291526808,-8.96920217088862,-8.95744996399066,-8.94554363483789,-8.93349075893278,-8.92129891177773,-8.90897566887511,-8.89652860572742,-8.88396529783703,-8.87129332070634,-8.85852024983783,-8.84565366073387,-8.83270112889687,-8.8196702298293,-8.80656825966826,-8.79340139708968,-8.78017554140432,-8.76689659192283,-8.75357044795584,-8.74020300881412,-8.72680017380831,-8.71336784224905,-8.6999119134471,-8.6864382867131,-8.67295286135771,-8.65946153669167
"64",-9.6864270670482,-9.67946687542482,-9.67242837380037,-9.66531464906675,-9.65812878811581,-9.65087387783939,-9.64355300512942,-9.63616925687773,-9.62872571997618,-9.62122548131668,-9.61367162779108,-9.60606724629124,-9.59841542370904,-9.59071954503537,-9.58298418765712,-9.57521422706026,-9.56741453873071,-9.55958999815437,-9.55174548081723,-9.54388586220519,-9.53601601780417,-9.52814082310012,-9.52026515357899,-9.51239388472666,-9.50453189202911,-9.49668417236573,-9.48885620818975,-9.48105360334793,-9.47328196168698,-9.4655468870536,-9.45785398329456,-9.45020885425655,-9.44261710378629,-9.43508433573054,-9.42761615393599,-9.42021816224936,-9.41289596451741,-9.40565507094392,-9.398500617161,-9.39143764515787,-9.38447119692373,-9.37760631444776,-9.37084803971918,-9.3642014147272,-9.35767148146098,-9.35126328190977,-9.34498185806275,-9.33883225190911,-9.33281950543807,-9.32694835862778,-9.32122234341225,-9.31564468971451,-9.31021862745751,-9.30494738656424,-9.2998341969577,-9.29488228856088,-9.29009489129674,-9.28547523508829,-9.28102654985852,-9.27675206553039,-9.27265501202691,-9.2687381596668,-9.26500244035166,-9.26144832637887,-9.25807629004579,-9.25488680364975,-9.25188033948815,-9.24905736985831,-9.2464183670576,-9.24396380338339,-9.24169415113302,-9.23960988260384,-9.23771147009324,-9.23599885563751,-9.23446986022883,-9.23312177459833,-9.23195188947715,-9.2309574955964,-9.23013588368723,-9.22948434448076,-9.22900016870812,-9.22868064710045,-9.22852307038888,-9.22852472930453,-9.22868291457854,-9.22899442414824,-9.22945408477571,-9.23005623042924,-9.23079519507712,-9.23166531268764,-9.23266091722908,-9.23377634266972,-9.23500592297787,-9.23634399212179,-9.23778488406979,-9.23932293279014,-9.24095247225113,-9.24266748998714,-9.24446058779693,-9.24632402104533,-9.24825004509717,-9.25023091531731,-9.25225888707057,-9.25432621572181,-9.25642515663587,-9.25854796517757,-9.26068689671177,-9.2628342066033,-9.26498215021701,-9.26712286977011,-9.26924805488929,-9.27134928205361,-9.27341812774215,-9.27544616843398,-9.27742498060815,-9.27934614074373,-9.28120122531981,-9.28298181081542,-9.28467947370965,-9.28628579048157,-9.28779233761023,-9.28919085581007,-9.29047374273693,-9.29163356028203,-9.29266287033658,-9.2935542347918,-9.29430021553889,-9.29489337446906,-9.29532627347354,-9.29559147444352,-9.29568153927023,-9.29558902984486,-9.29530650805865,-9.29482696402654,-9.29414510075845,-9.29325604948807,-9.29215494144906,-9.29083690787509,-9.28929707999984,-9.28753058905699,-9.2855325662802,-9.28329814290314,-9.28082245015949,-9.27810061928291,-9.2751277815071,-9.27189968426202,-9.26841453976291,-9.26467117642135,-9.2606684226489,-9.25640510685711,-9.25188005745754,-9.24709210286177,-9.24204007148131,-9.23672279172778,-9.23113909201271,-9.22528780074765,-9.21916774634419,-9.21277842842482,-9.20612203145583,-9.19920141111453,-9.19201942307816,-9.18457892302396,-9.17688276662924,-9.16893380957122,-9.16073490752716,-9.15228891617436,-9.14359869119006,-9.1346670882515,-9.12549696303598,-9.11609172261957,-9.10645697967363,-9.09659889826843,-9.08652364247413,-9.07623737636093,-9.06574626399909,-9.05505646945879,-9.04417415681021,-9.03310549012362,-9.0218566334692,-9.01043375091712,-8.99884300653767,-8.98709079963971,-8.97518447048694,-8.96313159458183,-8.95093974742678,-8.93861650452416,-8.92616944137646,-8.91360613348608,-8.90093415635539,-8.88816108548687,-8.87529449638292,-8.86234196454591,-8.84931106547834,-8.8362090953173,-8.82304223273873,-8.80981637705337,-8.79653742757187,-8.78321128360489,-8.76984384446317,-8.75644100945736,-8.7430086778981,-8.72955274909615,-8.71607912236215,-8.70259369700676,-8.68910237234072
"65",-9.71606790269724,-9.70910771107387,-9.70206920944942,-9.6949554847158,-9.68776962376485,-9.68051471348844,-9.67319384077846,-9.66581009252677,-9.65836655562523,-9.65086631696573,-9.64331246344013,-9.63570808194028,-9.62805625935809,-9.62036038068442,-9.61262502330617,-9.60485506270931,-9.59705537437976,-9.58923083380342,-9.58138631646628,-9.57352669785424,-9.56565685345321,-9.55778165874917,-9.54990598922803,-9.5420347203757,-9.53417272767816,-9.52632500801477,-9.51849704383879,-9.51069443899698,-9.50292279733603,-9.49518772270265,-9.4874948189436,-9.4798496899056,-9.47225793943534,-9.46472517137958,-9.45725698958504,-9.44985899789841,-9.44253680016646,-9.43529590659297,-9.42814145281004,-9.42107848080691,-9.41411203257277,-9.4072471500968,-9.40048887536823,-9.39384225037625,-9.38731231711003,-9.38090411755882,-9.3746226937118,-9.36847308755815,-9.36246034108711,-9.35658919427683,-9.3508631790613,-9.34528552536355,-9.33985946310656,-9.33458822221328,-9.32947503260675,-9.32452312420993,-9.31973572694579,-9.31511607073734,-9.31066738550757,-9.30639290117944,-9.30229584767596,-9.29837899531584,-9.2946432760007,-9.29108916202792,-9.28771712569483,-9.2845276392988,-9.28152117513719,-9.27869820550736,-9.27605920270665,-9.27360463903243,-9.27133498678206,-9.26925071825289,-9.26735230574229,-9.26563969128656,-9.26411069587788,-9.26276261024738,-9.26159272512619,-9.26059833124545,-9.25977671933627,-9.2591251801298,-9.25864100435717,-9.2583214827495,-9.25816390603793,-9.25816556495358,-9.25832375022759,-9.25863525979728,-9.25909492042475,-9.25969706607828,-9.26043603072617,-9.26130614833668,-9.26230175287812,-9.26341717831877,-9.26464675862692,-9.26598482777084,-9.26742571971883,-9.26896376843919,-9.27059330790018,-9.27230832563619,-9.27410142344598,-9.27596485669437,-9.27789088074621,-9.27987175096635,-9.28189972271962,-9.28396705137086,-9.28606599228491,-9.28818880082662,-9.29032773236081,-9.29247504225235,-9.29462298586606,-9.29676370541915,-9.29888889053833,-9.30099011770266,-9.3030589633912,-9.30508700408302,-9.30706581625719,-9.30898697639278,-9.31084206096885,-9.31262264646447,-9.3143203093587,-9.31592662613061,-9.31743317325927,-9.31883169145911,-9.32011457838598,-9.32127439593108,-9.32230370598563,-9.32319507044085,-9.32394105118794,-9.32453421011811,-9.32496710912258,-9.32523231009257,-9.32532237491927,-9.32522986549391,-9.3249473437077,-9.32446779967558,-9.32378593640749,-9.32289688513711,-9.3217957770981,-9.32047774352414,-9.31893791564889,-9.31717142470604,-9.31517340192924,-9.31293897855218,-9.31046328580854,-9.30774145493196,-9.30476861715614,-9.30154051991106,-9.29805537541195,-9.2943120120704,-9.29030925829795,-9.28604594250615,-9.28152089310659,-9.27673293851081,-9.27168090713036,-9.26636362737683,-9.26077992766176,-9.2549286363967,-9.24880858199323,-9.24241926407386,-9.23576286710488,-9.22884224676358,-9.22166025872721,-9.21421975867301,-9.20652360227828,-9.19857464522027,-9.19037574317621,-9.18192975182341,-9.17323952683911,-9.16430792390054,-9.15513779868503,-9.14573255826862,-9.13609781532268,-9.12623973391747,-9.11616447812317,-9.10587821200997,-9.09538709964813,-9.08469730510783,-9.07381499245925,-9.06274632577266,-9.05149746911824,-9.04007458656617,-9.02848384218671,-9.01673163528875,-9.00482530613598,-8.99277243023087,-8.98058058307582,-8.9682573401732,-8.95581027702551,-8.94324696913513,-8.93057499200443,-8.91780192113592,-8.90493533203196,-8.89198280019496,-8.87895190112739,-8.86584993096635,-8.85268306838777,-8.83945721270242,-8.82617826322092,-8.81285211925393,-8.79948468011221,-8.7860818451064,-8.77264951354714,-8.7591935847452,-8.7457199580112,-8.73223453265581,-8.71874320798977
